date,ozone,ws,wd,sig,tempamb,pm25
2020-01-01 00:00,0.009,1,98,75,0,18.1
2020-01-01 01:00,0.007,0.9,106,65,-0.3,15.1
2020-01-01 02:00,0.006,1,227,86,-0.3,15.3
2020-01-01 03:00,0.005,1.1,50,79,-0.1,9.4
2020-01-01 04:00,0.002,1.2,50,60,0.2,12.1
2020-01-01 05:00,0.002,0.9,111,62,0.4,13.6
2020-01-01 06:00,0.012,1,152,41,0.9,9.7
2020-01-01 07:00,0.029,2.4,266,35,2,3.9
2020-01-01 08:00,0.027,1.3,44,57,2.4,0
2020-01-01 09:00,0.017,0.9,303,57,1.8,-0.2
2020-01-01 10:00,0.025,1.6,42,48,2.2,2.7
2020-01-01 11:00,0.02,1.1,254,61,2.8,3.9
2020-01-01 12:00,0.023,1.8,214,38,3.9,3.4
2020-01-01 13:00,0.022,1.3,289,37,4.6,4.6
2020-01-01 14:00,0.017,1.5,283,37,4.3,5.2
2020-01-01 15:00,0.013,0.9,208,37,3.4,7
2020-01-01 16:00,0.011,0.8,225,60,3.2,8.6
2020-01-01 17:00,0.007,0.8,75,54,2.6,6.8
2020-01-01 18:00,0.008,0.7,40,72,2.3,15.6
2020-01-01 19:00,0.016,1,263,48,2.6,4.9
2020-01-01 20:00,0.02,1.2,269,53,2.2,4.2
2020-01-01 21:00,0.024,1,284,59,2,4.2
2020-01-01 22:00,0.034,1.6,230,34,2.6,3.2
2020-01-01 23:00,0.027,0.6,195,63,1.6,2.9
2020-01-02 00:00,0.013,0.6,188,65,-0.2,2.9
2020-01-02 01:00,0.008,0.6,154,75,-1,1.4
2020-01-02 02:00,0.007,0.8,170,69,-0.8,2.5
2020-01-02 03:00,0.011,1,127,43,-0.3,2.4
2020-01-02 04:00,0.017,0.9,74,63,0.2,1.9
2020-01-02 05:00,0.026,1.6,200,53,1.3,1.5
2020-01-02 06:00,0.039,3.3,221,26,2.3,1
2020-01-02 07:00,0.038,3,223,25,2.1,1.2
2020-01-02 08:00,0.033,1.8,240,61,1.5,0.5
2020-01-02 09:00,0.03,1.4,326,60,0.7,1
2020-01-02 10:00,0.03,1.2,168,44,-0.1,1.9
2020-01-02 11:00,0.033,2,191,47,0.2,-0.2
2020-01-02 12:00,0.037,1.9,275,49,-0.2,0.7
2020-01-02 13:00,0.037,2.6,253,28,0.2,3.2
2020-01-02 14:00,0.034,1.6,255,35,0.8,1.9
2020-01-02 15:00,0.038,2.8,259,24,1.5,0.2
2020-01-02 16:00,0.037,2.1,255,25,1,-1.1
2020-01-02 17:00,0.023,1.2,247,32,0.6,-0.7
2020-01-02 18:00,0.024,1.3,217,31,0.5,1.2
2020-01-02 19:00,0.03,0.8,248,49,0.7,2.9
2020-01-02 20:00,0.028,0.8,250,58,0.7,3.4
2020-01-02 21:00,0.019,1.1,11,45,0.4,4.4
2020-01-02 22:00,0.034,1.3,287,49,0.5,5.1
2020-01-02 23:00,0.035,0.9,80,49,-1,2.9
2020-01-03 00:00,0.031,0.7,174,55,-1.4,1
2020-01-03 01:00,0.027,0.6,253,75,-1.6,1
2020-01-03 02:00,0.024,0.8,211,66,-1.7,1.2
2020-01-03 03:00,0.023,0.6,109,76,-1.7,1.2
2020-01-03 04:00,0.018,0.6,178,79,-1.7,2.2
2020-01-03 05:00,0.012,0.9,204,72,-1.8,5.1
2020-01-03 06:00,0.009,1,185,85,-1.7,5.6
2020-01-03 07:00,0.007,0.8,238,83,-1.6,3.7
2020-01-03 08:00,0.004,0.9,205,82,-1.5,4.6
2020-01-03 09:00,0.02,0.9,300,71,-1,4.7
2020-01-03 10:00,0.02,0.9,170,90,-0.3,5.6
2020-01-03 11:00,0.022,1,87,79,1,8.3
2020-01-03 12:00,0.017,1.5,60,77,1.5,8.3
2020-01-03 13:00,0.012,0.9,95,79,2.5,NA
2020-01-03 14:00,0.014,0.7,285,84,4.2,9.9
2020-01-03 15:00,0.015,0.9,80,38,4.6,6.3
2020-01-03 16:00,0.017,1,109,66,4.8,1
2020-01-03 17:00,0.004,0.9,201,64,3.1,2.7
2020-01-03 18:00,0.003,1,177,78,1.3,7.1
2020-01-03 19:00,0.002,0.8,140,61,0,9.4
2020-01-03 20:00,0.002,0.7,110,71,-1.1,15.3
2020-01-03 21:00,0.002,0.7,129,78,-2.1,10.2
2020-01-03 22:00,0.002,0.7,185,78,-2.9,11.4
2020-01-03 23:00,0.002,0.6,151,79,-3.6,16.9
2020-01-04 00:00,0.002,0.9,205,63,-4.2,13.6
2020-01-04 01:00,0.002,0.9,166,81,-4.6,15.6
2020-01-04 02:00,0.002,0.9,143,85,-4.9,10.2
2020-01-04 03:00,0.002,1.1,219,71,-5.2,9.2
2020-01-04 04:00,0.002,1.1,234,75,-5,6.8
2020-01-04 05:00,0.003,1.1,209,66,-4.7,4.9
2020-01-04 06:00,0.004,1.1,263,79,-4,3.4
2020-01-04 07:00,0.002,1.6,94,82,-3.6,3.9
2020-01-04 08:00,0.008,1.8,151,83,-1.4,4.6
2020-01-04 09:00,0.023,1.3,203,71,2.4,4.6
2020-01-04 10:00,0.033,2.6,250,27,3.8,2.2
2020-01-04 11:00,0.035,3.2,239,25,3,-1.9
2020-01-04 12:00,0.041,5.1,255,22,3.5,-5.5
2020-01-04 13:00,0.043,3.4,291,33,3.4,-4.3
2020-01-04 14:00,0.042,3.2,271,26,3.2,-0.7
2020-01-04 15:00,0.04,3.4,251,23,1.7,0
2020-01-04 16:00,0.039,3.4,267,28,0.9,2.9
2020-01-04 17:00,0.04,4.2,247,28,0.6,3.4
2020-01-04 18:00,0.038,1.9,230,56,-0.5,2.9
2020-01-04 19:00,0.035,1.2,154,65,-0.5,3.7
2020-01-04 20:00,0.028,1.1,233,60,-1,4.4
2020-01-04 21:00,0.039,3.9,245,27,0.4,2.7
2020-01-04 22:00,0.038,1.4,258,50,0.2,-0.2
2020-01-04 23:00,0.029,1.2,89,74,-0.7,2.7
2020-01-05 00:00,0.035,1.3,269,66,0.1,6.3
2020-01-05 01:00,0.03,0.8,146,74,-0.3,5.6
2020-01-05 02:00,0.027,1,124,71,-0.4,4.9
2020-01-05 03:00,0.022,1,207,43,-1.3,2.9
2020-01-05 04:00,0.028,1.5,259,54,-1.7,1.2
2020-01-05 05:00,0.03,1.6,292,59,-1.7,4.4
2020-01-05 06:00,0.03,1.7,283,51,-1.4,6.1
2020-01-05 07:00,0.031,1.7,267,54,-1.8,2.7
2020-01-05 08:00,0.026,1,74,69,-2.2,2.2
2020-01-05 09:00,0.013,0.9,83,48,-1.9,3.4
2020-01-05 10:00,0.024,1.1,37,55,-0.8,4.6
2020-01-05 11:00,0.029,0.9,355,59,0.9,3.2
2020-01-05 12:00,0.039,2.8,209,30,2.4,1.2
2020-01-05 13:00,0.042,2.4,196,34,3.6,-0.9
2020-01-05 14:00,0.041,1.4,247,38,2.5,-0.2
2020-01-05 15:00,0.039,1.4,253,46,2.6,2.4
2020-01-05 16:00,0.036,1.2,326,61,2.2,1.2
2020-01-05 17:00,0.031,1.1,272,46,1.6,-1.4
2020-01-05 18:00,0.019,0.8,98,62,0.5,0.7
2020-01-05 19:00,0.008,0.6,114,63,-0.1,6.8
2020-01-05 20:00,0.017,1.6,203,62,0.5,10.4
2020-01-05 21:00,0.04,3,234,32,1.4,7.6
2020-01-05 22:00,0.04,2.6,260,34,0.7,2.2
2020-01-05 23:00,0.04,2.4,216,44,-0.1,-0.2
2020-01-06 00:00,0.041,3.3,197,27,0.1,-1.9
2020-01-06 01:00,0.04,3.2,214,31,-0.2,0
2020-01-06 02:00,0.04,3.2,219,31,-0.6,-0.9
2020-01-06 03:00,0.037,1.4,247,38,-1.2,-1.6
2020-01-06 04:00,0.033,1.1,240,53,-1.9,-0.4
2020-01-06 05:00,0.026,0.9,216,41,-2.5,0.2
2020-01-06 06:00,0.011,0.8,57,70,-2.7,2.7
2020-01-06 07:00,0.003,0.8,94,54,-2.3,3.2
2020-01-06 08:00,0.005,0.9,129,74,-2,2.4
2020-01-06 09:00,0.01,1,109,64,-1.1,2.4
2020-01-06 10:00,BF,2.5,196,43,0.5,2.2
2020-01-06 11:00,0.039,2,240,42,1.2,3.2
2020-01-06 12:00,0.038,2,255,36,1.8,4.4
2020-01-06 13:00,0.04,2.1,217,56,2.7,3.6
2020-01-06 14:00,0.031,1.6,101,50,2.4,3.2
2020-01-06 15:00,0.029,1.6,154,67,2.7,3.9
2020-01-06 16:00,0.039,3.1,255,24,2.9,4.2
2020-01-06 17:00,0.038,3.4,247,32,2.4,2.7
2020-01-06 18:00,0.039,3.9,213,28,2.6,1.7
2020-01-06 19:00,0.037,2.3,239,32,2.7,1
2020-01-06 20:00,0.029,1.6,284,39,1.8,-1.1
2020-01-06 21:00,0.023,0.9,140,73,0.6,0
2020-01-06 22:00,0.017,0.8,183,78,0.5,4.1
2020-01-06 23:00,0.017,0.9,109,61,0.5,7
2020-01-07 00:00,0.012,1,28,78,0.6,6.6
2020-01-07 01:00,0.009,0.9,219,79,0.4,4.6
2020-01-07 02:00,0.009,0.8,151,77,0.3,4.7
2020-01-07 03:00,0.008,0.9,74,88,0.5,4.9
2020-01-07 04:00,0.007,0.7,154,78,0.5,6.1
2020-01-07 05:00,0.003,1,105,80,0.4,8
2020-01-07 06:00,0.003,1,191,79,0.6,10.4
2020-01-07 07:00,0.002,1.1,75,81,0.6,9.7
2020-01-07 08:00,0.002,1.1,211,74,0.6,7.3
2020-01-07 09:00,0.002,1,177,72,1,8
2020-01-07 10:00,0.003,0.9,252,73,1.2,8
2020-01-07 11:00,0.003,0.9,245,85,1.7,7.5
2020-01-07 12:00,0.003,1,75,85,2.4,7.8
2020-01-07 13:00,0.003,0.9,202,84,3.5,8.5
2020-01-07 14:00,0.003,0.8,219,68,4,10.2
2020-01-07 15:00,0.003,0.8,151,81,4.6,9.3
2020-01-07 16:00,0.002,0.9,158,78,4.9,7.5
2020-01-07 17:00,0.007,1.2,168,79,4.6,6.6
2020-01-07 18:00,0.006,1,277,68,3.7,5.4
2020-01-07 19:00,0.002,0.7,221,75,1.5,9.4
2020-01-07 20:00,0.002,0.8,170,60,0.7,17.9
2020-01-07 21:00,0.002,0.9,264,52,0.5,12.6
2020-01-07 22:00,0.002,0.7,195,74,0.5,11.4
2020-01-07 23:00,0.002,0.9,298,73,0.4,12.6
2020-01-08 00:00,0.003,1.4,130,68,-0.6,10.4
2020-01-08 01:00,0.006,1.7,333,57,-0.9,8
2020-01-08 02:00,0.007,1.9,220,63,-1.1,8.5
2020-01-08 03:00,0.027,2.4,104,49,1.7,4.4
2020-01-08 04:00,0.02,1.4,226,62,1.2,4.4
2020-01-08 05:00,0.015,1.5,123,67,0.5,5.9
2020-01-08 06:00,0.009,1.2,263,64,0.7,4.9
2020-01-08 07:00,0.031,2,255,57,2.5,3.7
2020-01-08 08:00,0.024,1.1,156,66,2.8,1
2020-01-08 09:00,0.015,1,203,65,2.4,1
2020-01-08 10:00,0.021,1.3,273,39,2.8,3.2
2020-01-08 11:00,0.027,1.5,286,39,4.2,3.9
2020-01-08 12:00,0.037,2.6,252,25,4.4,1.9
2020-01-08 13:00,0.039,3.1,217,35,3.8,1.2
2020-01-08 14:00,0.039,3.2,280,21,4.6,-0.2
2020-01-08 15:00,0.035,2.4,298,27,3,-0.9
2020-01-08 16:00,0.035,2.2,274,29,2.2,0
2020-01-08 17:00,0.039,3.7,240,20,2,-0.9
2020-01-08 18:00,0.039,3.1,250,22,1.6,0.2
2020-01-08 19:00,0.04,2.1,242,31,1.1,1.2
2020-01-08 20:00,0.042,3.3,226,22,0.7,2.9
2020-01-08 21:00,0.039,1.9,155,58,-0.1,2.4
2020-01-08 22:00,0.039,1.1,241,72,0,-0.9
2020-01-08 23:00,0.041,1.9,252,38,0.3,0
2020-01-09 00:00,0.038,1.1,334,50,-0.2,2.2
2020-01-09 01:00,0.025,0.7,135,50,-1.2,2.9
2020-01-09 02:00,0.023,0.8,156,54,-1.4,2.4
2020-01-09 03:00,0.026,0.8,13,59,-1.2,2.4
2020-01-09 04:00,0.025,0.8,218,48,-1.4,2.2
2020-01-09 05:00,0.026,0.9,257,52,-1.9,2.9
2020-01-09 06:00,0.028,1,201,54,-2.2,2.9
2020-01-09 07:00,0.022,1.4,310,48,-2.2,0
2020-01-09 08:00,0.02,0.9,174,48,-2.8,NA
2020-01-09 09:00,0.018,0.8,8,69,-2.2,NA
2020-01-09 10:00,0.016,0.7,231,66,-1.6,2.4
2020-01-09 11:00,0.025,1.1,35,54,-0.6,2.4
2020-01-09 12:00,0.032,2.6,325,36,-1.1,3.9
2020-01-09 13:00,0.038,2.6,243,38,-2.7,3.4
2020-01-09 14:00,0.04,3.2,235,37,-0.8,1.5
2020-01-09 15:00,0.04,3.4,269,29,-0.8,-0.4
2020-01-09 16:00,0.039,3.2,248,27,-2.6,-0.7
2020-01-09 17:00,0.037,2.3,224,29,-3.3,-3.1
2020-01-09 18:00,0.035,2.1,225,29,-3.6,-1.9
2020-01-09 19:00,0.035,2.6,227,29,-3.8,2.7
2020-01-09 20:00,0.036,1.4,261,43,-4.3,1
2020-01-09 21:00,0.035,1.4,283,49,-4,-0.7
2020-01-09 22:00,0.037,1.1,243,58,-4.2,-2.4
2020-01-09 23:00,0.042,2.5,267,36,-4.2,0.2
2020-01-10 00:00,0.039,0.9,276,68,-5.2,2.7
2020-01-10 01:00,0.027,0.9,164,70,-7,1.2
2020-01-10 02:00,0.023,0.8,153,68,-8.1,4.7
2020-01-10 03:00,0.024,1,100,68,-8.8,4.7
2020-01-10 04:00,0.016,0.7,111,72,-10,3.4
2020-01-10 05:00,0.009,0.6,160,73,-10.9,7.8
2020-01-10 06:00,0.004,0.6,214,73,-11.3,7.3
2020-01-10 07:00,0.002,0.8,183,69,-11.4,5.2
2020-01-10 08:00,0.007,0.9,96,71,-10.2,5.6
2020-01-10 09:00,0.012,1.3,221,46,-9.1,3.4
2020-01-10 10:00,0.025,1.6,268,47,-7,2.9
2020-01-10 11:00,0.027,1.5,287,54,-6.1,4.1
2020-01-10 12:00,0.027,1.3,185,51,-5.1,4.4
2020-01-10 13:00,0.024,1.4,283,56,-4.5,5.6
2020-01-10 14:00,0.025,1.4,289,57,-3.9,6.6
2020-01-10 15:00,0.024,1.1,177,75,-3.4,3.9
2020-01-10 16:00,0.036,1.9,174,66,-2,2.2
2020-01-10 17:00,0.042,2.7,171,49,-1.6,-0.9
2020-01-10 18:00,0.038,2.2,81,71,-2.6,1.2
2020-01-10 19:00,0.035,2.3,30,62,-4.4,5.1
2020-01-10 20:00,0.034,2.2,68,54,-4.9,1.4
2020-01-10 21:00,0.035,1.5,49,59,-4.5,0
2020-01-10 22:00,0.036,2,35,54,-3.9,1
2020-01-10 23:00,0.034,2.1,43,46,-3.9,1.5
2020-01-11 00:00,0.033,1.9,48,65,-3.5,1.9
2020-01-11 01:00,0.039,2.4,116,64,-1.8,1.9
2020-01-11 02:00,0.035,1.9,31,61,-2.6,0
2020-01-11 03:00,0.034,1.5,43,62,-2.9,-0.2
2020-01-11 04:00,0.029,1.2,56,76,-3,1.4
2020-01-11 05:00,0.026,0.9,26,77,-3.2,1.7
2020-01-11 06:00,0.017,1.1,213,74,-3.6,1
2020-01-11 07:00,0.009,1.1,113,75,-4.1,2.2
2020-01-11 08:00,0.015,1.4,5,68,-3.6,4.4
2020-01-11 09:00,0.023,1.3,357,70,-2.2,2.7
2020-01-11 10:00,0.028,1.6,46,48,-1.3,1.2
2020-01-11 11:00,0.029,1.4,41,54,-0.3,2.7
2020-01-11 12:00,0.029,1.6,57,52,0,2.2
2020-01-11 13:00,0.031,1.9,17,48,0.6,1
2020-01-11 14:00,0.027,1.4,28,60,1.1,0
2020-01-11 15:00,0.029,1.5,47,55,1,0.5
2020-01-11 16:00,0.029,1.5,90,64,0.7,-0.9
2020-01-11 17:00,0.038,2.8,190,34,1.3,0.2
2020-01-11 18:00,0.037,3.1,224,33,1.3,2.9
2020-01-11 19:00,0.035,2.7,243,30,1.2,0.5
2020-01-11 20:00,0.035,3.2,211,27,1.2,1.2
2020-01-11 21:00,0.033,1.8,262,37,1.1,2.2
2020-01-11 22:00,0.035,2.5,243,34,1.4,2.5
2020-01-11 23:00,0.036,2.8,234,24,1.2,2
2020-01-12 00:00,0.037,2.1,260,36,0.9,0
2020-01-12 01:00,0.041,3,255,25,0.8,0
2020-01-12 02:00,0.041,2,274,34,0.3,-0.1
2020-01-12 03:00,0.042,2.2,279,39,-0.1,-0.6
2020-01-12 04:00,0.042,1.8,227,46,0.1,0.2
2020-01-12 05:00,0.04,1.3,238,56,-0.3,-1.7
2020-01-12 06:00,0.036,1,270,71,-0.9,-0.7
2020-01-12 07:00,0.042,2.6,207,46,-0.6,2
2020-01-12 08:00,0.044,3.8,180,26,-0.6,2.7
2020-01-12 09:00,0.043,3.2,177,32,-0.5,3
2020-01-12 10:00,0.042,3.4,185,30,0.3,0.5
2020-01-12 11:00,0.042,3.1,194,26,1.2,2.2
2020-01-12 12:00,0.041,3.2,208,31,2,1.5
2020-01-12 13:00,0.042,4.1,191,24,2.2,1.5
2020-01-12 14:00,0.042,3.4,191,22,2.9,0.8
2020-01-12 15:00,0.042,3.4,179,26,2.9,-0.9
2020-01-12 16:00,0.042,4.5,177,24,2.2,-0.6
2020-01-12 17:00,0.041,5.5,177,21,1.6,0
2020-01-12 18:00,0.041,5.1,172,23,0.7,1.5
2020-01-12 19:00,0.041,3.7,186,35,0.6,1.2
2020-01-12 20:00,0.041,3.3,167,32,0,1.5
2020-01-12 21:00,0.041,3.7,164,32,0.1,0
2020-01-12 22:00,0.041,2.9,194,35,-0.4,-0.1
2020-01-12 23:00,0.041,1.6,254,43,-0.4,2.3
2020-01-13 00:00,0.04,2.3,245,41,-1,1.7
2020-01-13 01:00,0.043,3.5,224,52,-0.9,1
2020-01-13 02:00,0.044,3,268,54,-2.8,2.3
2020-01-13 03:00,0.039,1.3,56,70,-3.3,0.8
2020-01-13 04:00,0.035,1.5,73,66,-4.1,0.2
2020-01-13 05:00,0.039,1.9,219,46,-3.2,2.7
2020-01-13 06:00,0.033,1.3,274,74,-3.6,2
2020-01-13 07:00,0.031,2,196,40,-4.2,0.5
2020-01-13 08:00,0.041,2.9,192,34,-3.6,2.3
2020-01-13 09:00,0.042,3.5,191,34,-3.6,2.5
2020-01-13 10:00,0.041,3,218,31,-3.6,1.7
2020-01-13 11:00,0.039,1.4,272,51,-2.8,2.4
2020-01-13 12:00,0.041,2.5,274,34,-2.4,1.7
2020-01-13 13:00,0.042,2.5,285,38,-2.6,NA
2020-01-13 14:00,0.042,1.8,255,51,-2.6,0.7
2020-01-13 15:00,0.042,1.8,283,44,-2.4,-0.2
2020-01-13 16:00,0.039,1.3,280,52,-2.9,0.2
2020-01-13 17:00,0.035,0.7,202,45,-3.4,2.9
2020-01-13 18:00,0.029,0.6,227,74,-3.7,2.9
2020-01-13 19:00,0.035,1.9,141,46,-4.2,2
2020-01-13 20:00,0.04,2.7,104,38,-4.9,1.5
2020-01-13 21:00,0.039,2.6,87,47,-5,0.7
2020-01-13 22:00,0.037,1.5,43,53,-5.4,0.6
2020-01-13 23:00,0.038,1.6,32,46,-5.5,2.5
2020-01-14 00:00,0.033,0.9,122,62,-6.1,2.5
2020-01-14 01:00,0.029,0.9,200,59,-6.6,1.5
2020-01-14 02:00,0.023,0.9,197,70,-7.4,2.5
2020-01-14 03:00,0.026,0.9,251,48,-7.2,2.3
2020-01-14 04:00,0.031,0.9,155,70,-6.8,2.8
2020-01-14 05:00,0.026,1.3,226,54,-6.9,1.8
2020-01-14 06:00,0.026,1.1,215,46,-7,1
2020-01-14 07:00,0.025,0.5,228,56,-7,3
2020-01-14 08:00,0.025,0.9,36,81,-6.7,2.5
2020-01-14 09:00,0.018,1.1,196,71,-6.5,4
2020-01-14 10:00,0.019,1.3,297,59,-6.1,7.9
2020-01-14 11:00,0.025,1.2,211,72,-4.2,8
2020-01-14 12:00,0.026,1,69,58,-1.7,6.1
2020-01-14 13:00,0.027,1.2,319,60,-1.4,4.2
2020-01-14 14:00,0.03,1.2,38,56,-1.5,3.4
2020-01-14 15:00,0.033,1.8,286,41,-2.5,3.7
2020-01-14 16:00,0.027,1.3,45,42,-3.5,3.4
2020-01-14 17:00,0.029,1.5,131,61,-3.8,2.9
2020-01-14 18:00,0.028,1.4,119,73,-4.9,3.7
2020-01-14 19:00,0.029,2,235,45,-4.8,5.7
2020-01-14 20:00,0.042,3.8,236,26,-4.2,4.9
2020-01-14 21:00,0.044,4.6,238,17,-4.7,2.3
2020-01-14 22:00,0.042,3,272,37,-6,0.3
2020-01-14 23:00,0.042,2.2,257,42,-6.9,-2.3
2020-01-15 00:00,0.042,2.1,270,49,-6.9,-3.5
2020-01-15 01:00,0.042,2.8,255,35,-6.8,-5.9
2020-01-15 02:00,0.034,1.7,328,74,-7.9,-3.8
2020-01-15 03:00,0.026,1.1,207,76,-9.2,1.1
2020-01-15 04:00,0.018,0.9,127,80,-11.1,4
2020-01-15 05:00,0.015,1,60,63,-12.2,4.7
2020-01-15 06:00,0.014,0.9,77,87,-12.4,4.5
2020-01-15 07:00,0.006,1.2,204,85,-12.8,5.4
2020-01-15 08:00,0.004,1,233,80,-13.5,4
2020-01-15 09:00,0.011,0.7,114,71,-11.3,5
2020-01-15 10:00,0.027,0.8,93,65,-6.8,5.8
2020-01-15 11:00,0.037,1,274,74,-5.7,4.4
2020-01-15 12:00,0.035,1.3,76,66,-3.6,5.1
2020-01-15 13:00,0.043,2.2,181,63,-0.7,4.2
2020-01-15 14:00,0.045,3.2,159,52,-0.3,1.5
2020-01-15 15:00,0.043,1.8,141,78,-0.4,1.5
2020-01-15 16:00,0.042,2,137,48,-1.3,3.2
2020-01-15 17:00,0.037,2.4,72,31,-3,2.7
2020-01-15 18:00,0.041,3.5,107,24,-3.6,0.2
2020-01-15 19:00,0.041,4.2,100,18,-3.8,1.5
2020-01-15 20:00,0.042,3.5,104,22,-3,2.7
2020-01-15 21:00,0.043,3.9,97,20,-2.4,2.9
2020-01-15 22:00,0.042,3.1,81,23,-2.5,3.2
2020-01-15 23:00,0.041,2.3,66,31,-2.3,2.9
2020-01-16 00:00,0.041,2,47,37,-2.4,0.7
2020-01-16 01:00,0.041,1.9,52,36,-2.4,-0.4
2020-01-16 02:00,0.042,2.9,62,27,-2.5,0.9
2020-01-16 03:00,0.043,3.9,98,21,-2,0.5
2020-01-16 04:00,0.041,2.4,140,49,-2.2,1.4
2020-01-16 05:00,0.038,2,163,46,-2.7,2.3
2020-01-16 06:00,0.036,2.4,171,55,-2.5,1.7
2020-01-16 07:00,0.028,1.4,209,70,-2.8,1.9
2020-01-16 08:00,0.016,1.4,237,47,-3,0.5
2020-01-16 09:00,0.024,1.3,230,53,-1.9,3.4
2020-01-16 10:00,0.021,1.3,226,48,-0.6,6.1
2020-01-16 11:00,0.021,1.5,202,68,0.6,5.4
2020-01-16 12:00,0.036,1.8,174,67,2.9,5.4
2020-01-16 13:00,0.034,1.4,213,56,3.7,4.6
2020-01-16 14:00,0.026,0.8,211,67,3.8,5.4
2020-01-16 15:00,0.024,1.5,142,65,3.5,5.1
2020-01-16 16:00,0.025,1.5,219,34,0.4,4.2
2020-01-16 17:00,0.019,1.1,221,44,-0.4,5.4
2020-01-16 18:00,0.015,0.8,188,71,-1.2,5.8
2020-01-16 19:00,0.006,0.8,166,75,-2.3,5.4
2020-01-16 20:00,0.003,0.9,156,68,-3,6.2
2020-01-16 21:00,0.005,0.8,243,84,-3,8.1
2020-01-16 22:00,0.007,1.2,217,55,-3.2,8.6
2020-01-16 23:00,0.018,1.1,225,33,-3.4,7.1
2020-01-17 00:00,0.023,1.3,227,36,-3.2,5
2020-01-17 01:00,0.022,0.8,299,61,-3.2,4.2
2020-01-17 02:00,0.019,0.8,261,78,-3.3,6.8
2020-01-17 03:00,0.02,1.2,154,75,-2.8,8
2020-01-17 04:00,0.025,1,169,70,-1.8,4.2
2020-01-17 05:00,0.032,1.7,187,48,-1.1,4.6
2020-01-17 06:00,0.036,1.4,212,61,-1,6.1
2020-01-17 07:00,0.034,2.6,241,28,-0.9,1.5
2020-01-17 08:00,0.036,2.8,239,29,-1.6,-1.4
2020-01-17 09:00,0.037,4,242,22,-1.6,NA
2020-01-17 10:00,0.038,4.2,241,21,-1.8,-1.4
2020-01-17 11:00,0.039,3.3,250,26,-0.1,-0.9
2020-01-17 12:00,0.039,3.5,249,27,-0.3,0.5
2020-01-17 13:00,0.04,2.5,270,32,0,2.7
2020-01-17 14:00,0.04,2.6,301,30,0.2,3.4
2020-01-17 15:00,0.04,3,307,31,0.5,4.1
2020-01-17 16:00,0.037,2.2,313,33,-0.8,4.1
2020-01-17 17:00,0.034,1.1,297,46,-1.8,1
2020-01-17 18:00,0.03,1.1,215,43,-2.6,0.7
2020-01-17 19:00,0.023,1.1,193,40,-3.5,2.5
2020-01-17 20:00,0.013,0.6,100,63,-4.3,2.8
2020-01-17 21:00,0.018,0.9,77,64,-4.7,3.9
2020-01-17 22:00,0.025,0.8,134,47,-4.4,5.1
2020-01-17 23:00,0.012,0.9,216,59,-4.6,9
2020-01-18 00:00,0.009,0.7,21,62,-5.2,10.9
2020-01-18 01:00,0.009,0.6,189,69,-6.1,8.8
2020-01-18 02:00,0.011,0.9,353,64,-5.1,6.4
2020-01-18 03:00,0.009,0.6,251,54,-4.9,4.5
2020-01-18 04:00,0.007,0.6,239,75,-5.1,7.8
2020-01-18 05:00,0.009,0.7,205,45,-5.2,11.4
2020-01-18 06:00,0.005,0.6,242,64,-5.6,10.2
2020-01-18 07:00,0.006,0.8,207,50,-5.8,9.4
2020-01-18 08:00,0.01,0.7,218,39,-5.6,8.6
2020-01-18 09:00,0.011,0.9,238,44,-4.8,8.5
2020-01-18 10:00,0.016,1.1,258,52,-3.6,9.9
2020-01-18 11:00,0.02,0.6,183,72,-2.1,8
2020-01-18 12:00,0.021,0.6,210,74,-0.9,8.8
2020-01-18 13:00,0.02,0.9,226,68,-0.3,9.4
2020-01-18 14:00,0.021,0.8,355,66,0.4,7.8
2020-01-18 15:00,0.02,1.2,260,44,0.2,7.5
2020-01-18 16:00,0.015,0.8,323,58,-0.4,8.5
2020-01-18 17:00,0.018,1,320,64,-1.2,8.3
2020-01-18 18:00,0.01,0.6,176,75,-1.6,10.7
2020-01-18 19:00,0.004,0.7,156,61,-1.5,15.8
2020-01-18 20:00,0.02,0.7,263,59,-1.6,5.4
2020-01-18 21:00,0.021,0.6,219,76,-1.8,5.1
2020-01-18 22:00,0.026,0.7,239,57,-2,7.8
2020-01-18 23:00,0.024,0.8,233,64,-2.2,10.4
2020-01-19 00:00,0.019,0.8,220,58,-2.3,9.7
2020-01-19 01:00,0.017,0.8,216,49,-2.2,9.7
2020-01-19 02:00,0.018,0.8,257,51,-2.4,8
2020-01-19 03:00,0.017,0.9,212,52,-2.3,8
2020-01-19 04:00,0.014,1,251,47,-2.2,8.8
2020-01-19 05:00,0.016,1.1,215,39,-2.2,9.4
2020-01-19 06:00,0.015,0.8,239,60,-2.2,10.4
2020-01-19 07:00,0.011,0.8,41,66,-2.4,6.6
2020-01-19 08:00,0.011,1,238,48,-2.5,5.4
2020-01-19 09:00,0.014,0.8,215,49,-1.8,9
2020-01-19 10:00,0.019,0.9,8,61,0.3,9.7
2020-01-19 11:00,0.023,0.7,138,67,2.7,7.6
2020-01-19 12:00,0.028,0.9,294,73,3.8,8.8
2020-01-19 13:00,0.031,0.8,117,62,5,11.1
2020-01-19 14:00,0.033,0.7,352,63,6.5,11
2020-01-19 15:00,0.034,0.8,250,42,6.7,9.1
2020-01-19 16:00,0.031,1.1,269,27,5.3,8.1
2020-01-19 17:00,0.01,0.5,170,44,1.8,5.9
2020-01-19 18:00,0.003,0.5,100,62,-1.2,4.9
2020-01-19 19:00,0.002,0.6,141,50,-2.7,9.2
2020-01-19 20:00,0.002,0.5,168,74,-3.6,13.1
2020-01-19 21:00,0.002,0.5,136,71,-4.4,11.6
2020-01-19 22:00,0.004,0.6,177,66,-4.8,17.9
2020-01-19 23:00,0.003,0.6,206,67,-5.5,18.4
2020-01-20 00:00,0.003,1,228,57,-5.9,18.9
2020-01-20 01:00,0.005,0.7,209,73,-6.4,10.2
2020-01-20 02:00,0.004,0.7,154,72,-6.8,9.7
2020-01-20 03:00,0.003,1,241,69,-7.1,8.9
2020-01-20 04:00,0.005,0.7,187,71,-7.3,9.1
2020-01-20 05:00,0.002,0.8,241,67,-7.4,8.6
2020-01-20 06:00,0.002,1,185,73,-7.2,6.8
2020-01-20 07:00,0.002,0.8,184,55,-7.4,8.6
2020-01-20 08:00,0.003,1.3,220,60,-7.4,10.5
2020-01-20 09:00,0.007,1,241,60,-5.8,8.5
2020-01-20 10:00,0.014,1,229,53,-3.8,8
2020-01-20 11:00,0.018,0.9,236,50,-3.2,8.1
2020-01-20 12:00,0.019,1,231,50,-1.7,8
2020-01-20 13:00,0.022,0.8,216,74,0.1,9.2
2020-01-20 14:00,0.027,0.7,144,74,0.8,9.7
2020-01-20 15:00,0.022,0.8,233,75,1,9
2020-01-20 16:00,0.016,0.9,143,45,0.7,6.3
2020-01-20 17:00,0.008,1.6,245,40,0.4,5.6
2020-01-20 18:00,0.008,0.9,210,69,0.1,9
2020-01-20 19:00,0.003,0.6,140,69,-0.1,10.9
2020-01-20 20:00,0.002,0.8,204,59,-0.6,11.1
2020-01-20 21:00,0.002,0.9,159,64,-1.2,11.4
2020-01-20 22:00,0.003,0.6,184,71,-1.4,13.3
2020-01-20 23:00,0.003,0.8,183,65,-1.5,17.1
2020-01-21 00:00,0.002,0.9,59,76,-1.4,15.6
2020-01-21 01:00,0.003,1.3,225,44,-1.4,11.1
2020-01-21 02:00,0.005,1,224,46,-1.8,11.9
2020-01-21 03:00,0.003,0.8,217,68,-2.8,10.9
2020-01-21 04:00,0.003,0.7,153,60,-3.5,8.5
2020-01-21 05:00,0.002,0.6,223,63,-3.7,8.3
2020-01-21 06:00,0.002,0.9,191,68,-3.8,8.5
2020-01-21 07:00,0.002,0.8,269,69,-3.3,9
2020-01-21 08:00,0.003,0.8,208,68,-3.3,12.2
2020-01-21 09:00,0.004,0.9,203,59,-2.5,12.6
2020-01-21 10:00,0.007,0.8,238,60,-1.6,9.2
2020-01-21 11:00,0.008,0.9,257,56,-0.8,10.4
2020-01-21 12:00,0.008,0.8,190,59,-0.3,12.6
2020-01-21 13:00,0.009,0.9,121,58,0.7,13.8
2020-01-21 14:00,0.014,1,202,46,1.9,10.9
2020-01-21 15:00,0.014,0.7,168,56,2,8.8
2020-01-21 16:00,0.008,0.7,196,68,2.1,10.7
2020-01-21 17:00,0.003,0.6,182,48,1.4,10.2
2020-01-21 18:00,0.002,0.7,235,71,0.7,9.2
2020-01-21 19:00,0.003,1.7,146,61,0.3,10.6
2020-01-21 20:00,0.008,1.3,108,49,0.1,11.6
2020-01-21 21:00,0.005,0.9,210,68,0,11.4
2020-01-21 22:00,0.004,1.1,97,73,0.1,10.2
2020-01-21 23:00,0.017,1.3,184,56,0.5,8
2020-01-22 00:00,0.04,1.8,238,24,1.9,5.1
2020-01-22 01:00,0.038,1.5,235,50,1.6,2.4
2020-01-22 02:00,0.035,1.2,206,44,1.3,4.9
2020-01-22 03:00,0.035,1.9,256,28,0.9,5.8
2020-01-22 04:00,0.038,1.4,255,45,0.8,4.1
2020-01-22 05:00,0.04,2.3,239,42,1.9,3.2
2020-01-22 06:00,0.039,2,240,30,1.7,1.2
2020-01-22 07:00,0.035,2.1,244,24,1.6,0.5
2020-01-22 08:00,0.037,2,227,42,2.1,-1.4
2020-01-22 09:00,0.038,2.5,238,23,2.4,-2.9
2020-01-22 10:00,0.039,2.5,217,27,2.4,-0.2
2020-01-22 11:00,0.041,3.3,210,24,3.5,0.2
2020-01-22 12:00,0.041,2.2,215,26,4.5,4.7
2020-01-22 13:00,0.041,2.8,238,21,4.9,4.1
2020-01-22 14:00,0.041,2.5,224,33,4.8,0.3
2020-01-22 15:00,0.04,1.8,266,48,4.9,2.7
2020-01-22 16:00,0.039,1.3,164,58,3.7,-2.6
2020-01-22 17:00,0.017,0.6,126,72,3,-1.9
2020-01-22 18:00,0.02,1,59,60,2.7,1.9
2020-01-22 19:00,0.023,1,132,59,2.4,-0.2
2020-01-22 20:00,0.015,0.7,150,69,1.5,2.5
2020-01-22 21:00,0.016,0.9,119,45,1.2,5.6
2020-01-22 22:00,0.016,0.6,210,75,1.2,5.6
2020-01-22 23:00,0.029,1,79,37,0.9,4.6
2020-01-23 00:00,0.031,1.1,131,46,0.6,1.7
2020-01-23 01:00,0.022,0.8,137,46,0,2.4
2020-01-23 02:00,0.017,0.7,158,54,-0.1,4.7
2020-01-23 03:00,0.016,0.8,200,51,-0.2,3.4
2020-01-23 04:00,0.018,0.6,195,52,-0.1,3.2
2020-01-23 05:00,0.014,0.7,180,56,-0.3,3.9
2020-01-23 06:00,0.008,0.5,189,64,-0.4,6.3
2020-01-23 07:00,0.005,0.7,191,41,-0.4,9.2
2020-01-23 08:00,0.004,0.6,184,52,-0.3,9.2
2020-01-23 09:00,0.005,0.6,197,63,-0.1,8.6
2020-01-23 10:00,0.009,0.6,138,69,0.6,10.6
2020-01-23 11:00,0.01,0.7,159,61,0.9,9.7
2020-01-23 12:00,0.008,0.6,162,71,1.4,9.9
2020-01-23 13:00,0.009,0.7,131,60,2.2,11.6
2020-01-23 14:00,0.006,0.7,301,61,2.6,18.6
2020-01-23 15:00,0.007,0.8,21,65,3.1,13.6
2020-01-23 16:00,0.005,0.8,357,60,3.2,19.4
2020-01-23 17:00,0.003,0.6,348,58,2.7,8
2020-01-23 18:00,0.002,0.7,160,73,2.3,10.9
2020-01-23 19:00,0.002,0.7,298,68,2.1,14.1
2020-01-23 20:00,0.002,0.8,174,63,1.7,17.6
2020-01-23 21:00,0.002,0.7,177,77,1.6,19.3
2020-01-23 22:00,0.002,0.6,75,67,1.1,17.4
2020-01-23 23:00,0.003,0.6,145,70,0.5,18.4
2020-01-24 00:00,0.002,0.6,113,68,-0.5,15.3
2020-01-24 01:00,0.003,0.6,124,67,-1.5,17.6
2020-01-24 02:00,0.002,0.6,131,68,-2.4,9.4
2020-01-24 03:00,0.002,0.6,196,76,-2.9,9
2020-01-24 04:00,0.002,0.5,129,75,-3.1,9.9
2020-01-24 05:00,0.002,0.7,143,53,-3.3,9.9
2020-01-24 06:00,0.002,0.8,205,55,-3.2,8.5
2020-01-24 07:00,0.002,0.9,131,70,-2.5,8
2020-01-24 08:00,0.002,1.3,246,46,-1.8,9
2020-01-24 09:00,0.003,0.5,207,73,-1.5,9.4
2020-01-24 10:00,0.003,0.9,223,46,-0.7,11.1
2020-01-24 11:00,0.004,0.9,216,54,-0.2,11.6
2020-01-24 12:00,0.005,0.9,210,44,0.1,7.8
2020-01-24 13:00,0.008,0.6,95,70,1.9,6.4
2020-01-24 14:00,0.009,0.8,59,74,3,7.3
2020-01-24 15:00,0.015,0.7,108,54,5.2,7.4
2020-01-24 16:00,0.009,1.2,274,35,4.4,8.1
2020-01-24 17:00,0.003,1,283,62,2.7,9.4
2020-01-24 18:00,0.002,1.2,97,59,1.4,16.3
2020-01-24 19:00,0.002,1.3,192,52,0.5,11.9
2020-01-24 20:00,0.002,1.5,78,38,0.8,11.9
2020-01-24 21:00,0.003,1.3,222,48,1.2,8.8
2020-01-24 22:00,0.002,0.8,88,62,0.7,8.5
2020-01-24 23:00,0.002,1.1,122,65,0.3,12.1
2020-01-25 00:00,0.002,0.9,223,73,-0.3,12.3
2020-01-25 01:00,0.011,1.7,226,29,0.2,8.8
2020-01-25 02:00,0.03,2,205,42,1.9,3.2
2020-01-25 03:00,0.021,1.3,340,57,1.1,0.7
2020-01-25 04:00,0.011,0.9,141,70,0.3,2.9
2020-01-25 05:00,0.007,0.9,217,62,-0.2,3.4
2020-01-25 06:00,0.005,0.8,78,53,-0.6,6.6
2020-01-25 07:00,0.002,0.9,130,58,-1.8,7.8
2020-01-25 08:00,0.003,1,267,67,-2,4.7
2020-01-25 09:00,0.006,0.8,91,67,-1.5,2.9
2020-01-25 10:00,0.009,0.7,22,49,-0.6,5.6
2020-01-25 11:00,0.008,0.7,30,74,0.7,10.9
2020-01-25 12:00,0.011,1.1,277,61,1.2,11.1
2020-01-25 13:00,0.012,1,332,65,1.1,11.4
2020-01-25 14:00,0.017,0.7,180,47,1.5,11.9
2020-01-25 15:00,0.013,0.6,59,64,1.6,8.3
2020-01-25 16:00,0.013,0.6,83,46,1.6,7.3
2020-01-25 17:00,0.008,0.6,211,54,1.3,7.6
2020-01-25 18:00,0.012,0.8,332,53,0.9,6.3
2020-01-25 19:00,0.013,0.4,183,79,0.8,9
2020-01-25 20:00,0.008,0.7,75,66,0.8,9.9
2020-01-25 21:00,0.005,0.6,208,57,0.6,11.1
2020-01-25 22:00,0.008,0.6,173,76,0.4,9.7
2020-01-25 23:00,0.006,0.6,219,60,0.3,9.4
2020-01-26 00:00,0.005,0.7,173,46,0.2,13.3
2020-01-26 01:00,0.004,0.8,158,51,-0.2,13.3
2020-01-26 02:00,0.006,1.3,165,37,-1,10.4
2020-01-26 03:00,0.01,1.1,176,38,-1.2,7.1
2020-01-26 04:00,0.01,0.8,186,43,-1.1,6.6
2020-01-26 05:00,0.012,0.7,235,47,-1.3,5.4
2020-01-26 06:00,0.016,1.1,225,44,-1.4,4.2
2020-01-26 07:00,0.018,1.2,213,45,-1.8,4.1
2020-01-26 08:00,0.016,1.1,212,52,-1.9,5.4
2020-01-26 09:00,0.016,1.3,224,43,-1.9,5.1
2020-01-26 10:00,0.016,1.1,222,69,-1.1,3.4
2020-01-26 11:00,0.015,0.7,185,65,-0.2,4.7
2020-01-26 12:00,0.017,0.9,237,70,1.1,5.6
2020-01-26 13:00,0.019,0.9,263,46,1.5,6.3
2020-01-26 14:00,0.02,0.6,194,57,1.5,3.7
2020-01-26 15:00,0.018,1,115,57,1.4,1.7
2020-01-26 16:00,0.014,1,76,48,1.1,3.7
2020-01-26 17:00,0.012,0.8,335,50,0.5,4.9
2020-01-26 18:00,0.01,0.8,344,48,0.4,7.1
2020-01-26 19:00,0.01,0.6,290,71,0.4,7.8
2020-01-26 20:00,0.009,0.9,100,56,0.4,9.9
2020-01-26 21:00,0.007,0.6,183,57,0.3,10.9
2020-01-26 22:00,0.006,0.7,186,60,0.1,7.8
2020-01-26 23:00,0.005,0.7,349,52,0,8.1
2020-01-27 00:00,0.005,0.7,213,61,-0.4,10.4
2020-01-27 01:00,0.011,0.8,215,54,-0.6,9.7
2020-01-27 02:00,0.012,0.6,162,72,-0.6,5.1
2020-01-27 03:00,0.01,0.8,26,72,-0.6,1.9
2020-01-27 04:00,0.009,0.9,201,57,-0.6,4.6
2020-01-27 05:00,0.008,0.8,58,64,-0.6,5.6
2020-01-27 06:00,0.005,0.9,146,57,-0.7,4.6
2020-01-27 07:00,0.003,0.7,101,64,-0.7,5.1
2020-01-27 08:00,0.004,1,221,49,-0.8,5.8
2020-01-27 09:00,0.006,0.8,121,53,-0.6,8.5
2020-01-27 10:00,0.007,1.1,23,54,0,8.3
2020-01-27 11:00,0.008,1.2,232,43,0.5,9
2020-01-27 12:00,0.013,1.5,63,33,1.9,9.3
2020-01-27 13:00,0.022,1.3,83,41,4.1,8.6
2020-01-27 14:00,0.03,1.2,229,48,5.2,7.6
2020-01-27 15:00,0.04,2.9,257,20,5.6,5
2020-01-27 16:00,0.039,2.5,242,22,4.6,0
2020-01-27 17:00,0.035,1.6,222,30,2.9,-2.9
2020-01-27 18:00,0.021,1.2,257,33,1.2,1.7
2020-01-27 19:00,0.022,1,96,48,0.7,6.8
2020-01-27 20:00,0.014,0.8,96,67,-1.4,7.5
2020-01-27 21:00,0.01,0.8,203,56,-2.7,6.1
2020-01-27 22:00,0.007,0.8,65,64,-2.6,7.3
2020-01-27 23:00,0.004,0.8,200,55,-2.5,11.4
2020-01-28 00:00,0.006,0.8,78,51,-2.8,10.2
2020-01-28 01:00,0.017,0.9,84,73,-2,5.4
2020-01-28 02:00,0.016,0.8,150,83,-1.8,4.4
2020-01-28 03:00,0.01,0.7,167,59,-2,6.3
2020-01-28 04:00,0.012,0.8,129,61,-1.5,3.9
2020-01-28 05:00,0.011,0.8,235,58,-1.5,3.9
2020-01-28 06:00,0.01,0.9,209,58,-1.6,5.1
2020-01-28 07:00,0.01,1,202,48,-1.7,2.4
2020-01-28 08:00,0.012,1,206,56,-1.9,1.7
2020-01-28 09:00,0.015,1.2,237,47,-1.5,3.9
2020-01-28 10:00,0.017,1.4,254,52,-0.6,4.7
2020-01-28 11:00,0.02,1.3,227,43,0.2,3.7
2020-01-28 12:00,0.022,1.4,211,57,0.9,5.4
2020-01-28 13:00,0.022,1.3,252,51,1.9,5.6
2020-01-28 14:00,0.026,0.8,319,72,3.5,1
2020-01-28 15:00,0.02,1.2,8,38,3.1,0
2020-01-28 16:00,0.015,0.7,322,50,2.8,4.7
2020-01-28 17:00,0.013,0.9,172,46,1.7,2.7
2020-01-28 18:00,0.025,2.1,93,37,1,-0.6
2020-01-28 19:00,0.023,0.9,54,58,1.5,0
2020-01-28 20:00,0.012,0.8,157,55,0.8,2.9
2020-01-28 21:00,0.007,0.7,221,69,0.4,6.1
2020-01-28 22:00,0.003,0.7,49,71,0.2,7.3
2020-01-28 23:00,0.003,0.7,335,55,0.2,7.8
2020-01-29 00:00,0.003,0.6,158,60,0,9.9
2020-01-29 01:00,0.002,0.5,72,63,0.1,10.9
2020-01-29 02:00,0.002,0.7,234,65,0.2,8.8
2020-01-29 03:00,0.003,0.5,153,71,0.2,9.7
2020-01-29 04:00,0.006,0.7,297,57,0.3,10.2
2020-01-29 05:00,0.012,0.6,187,54,0.2,9.7
2020-01-29 06:00,0.012,0.5,255,71,0.2,10.4
2020-01-29 07:00,0.012,0.8,303,53,0.1,9.4
2020-01-29 08:00,0.011,0.9,292,51,0.1,7.3
2020-01-29 09:00,0.014,0.9,160,54,0.2,5.6
2020-01-29 10:00,0.015,0.7,353,85,0.7,3.7
2020-01-29 11:00,0.017,0.9,247,58,1.3,6.1
2020-01-29 12:00,0.019,1.1,103,48,2.4,8.3
2020-01-29 13:00,0.021,1,59,67,5.3,8
2020-01-29 14:00,0.023,0.9,338,64,6.4,10
2020-01-29 15:00,0.023,1.1,313,36,5.7,9.6
2020-01-29 16:00,0.021,0.9,312,55,4.2,3.8
2020-01-29 17:00,0.011,0.8,319,66,3.8,3.2
2020-01-29 18:00,0.004,0.7,102,82,3.4,7.6
2020-01-29 19:00,0.014,1.2,133,54,3.8,7.1
2020-01-29 20:00,0.031,1.2,271,39,4.3,2.7
2020-01-29 21:00,0.019,0.9,246,64,3,-0.4
2020-01-29 22:00,0.019,0.7,224,54,2.5,0.2
2020-01-29 23:00,0.021,1.2,217,40,2,4.4
2020-01-30 00:00,0.029,1.6,221,27,1.7,3.7
2020-01-30 01:00,0.028,1.5,39,61,1,-1.4
2020-01-30 02:00,0.025,1.4,114,53,0.4,-2.1
2020-01-30 03:00,0.028,1.6,243,48,1.2,-0.2
2020-01-30 04:00,0.022,1.4,111,54,-0.2,1.9
2020-01-30 05:00,0.022,1.3,94,50,-0.3,0
2020-01-30 06:00,0.016,1.1,118,62,-0.8,-2.1
2020-01-30 07:00,0.005,0.7,137,72,-1.9,1.9
2020-01-30 08:00,0.004,0.7,123,74,-2.5,7.8
2020-01-30 09:00,0.01,0.7,147,55,1,9
2020-01-30 10:00,0.028,0.8,109,43,3.2,9
2020-01-30 11:00,0.03,0.8,147,81,3.7,6.3
2020-01-30 12:00,0.033,0.9,295,57,5.5,4
2020-01-30 13:00,0.037,1.6,290,36,6.2,4.8
2020-01-30 14:00,0.041,2,221,26,6.4,1.1
2020-01-30 15:00,0.038,1.7,289,34,6.6,1.8
2020-01-30 16:00,0.035,1.3,306,41,5.7,5
2020-01-30 17:00,0.013,0.8,144,33,3.1,3.4
2020-01-30 18:00,0.011,0.8,104,56,0.4,6.1
2020-01-30 19:00,0.008,0.7,113,55,-1.4,10.4
2020-01-30 20:00,0.003,0.7,144,67,-2.8,10.9
2020-01-30 21:00,0.002,0.6,123,55,-3.7,9.7
2020-01-30 22:00,0.003,0.9,208,54,-4.1,9.7
2020-01-30 23:00,0.003,0.8,204,62,-4.1,11.6
2020-01-31 00:00,0.006,0.9,260,81,-3.4,9.9
2020-01-31 01:00,0.006,1,52,80,-2.8,6.8
2020-01-31 02:00,0.007,1.1,166,79,-2.2,4.1
2020-01-31 03:00,0.006,0.9,248,65,-2.1,4.2
2020-01-31 04:00,0.006,0.7,284,86,-2,8.3
2020-01-31 05:00,0.002,1,213,84,-2.7,10.4
2020-01-31 06:00,0.002,0.9,197,63,-2.7,10.4
2020-01-31 07:00,0.002,0.8,233,76,-2.1,9
2020-01-31 08:00,0.003,0.9,167,76,-2.2,10.6
2020-01-31 09:00,0.004,0.9,130,82,-1.5,NA
2020-01-31 10:00,0.014,1.1,84,72,1.7,11.1
2020-01-31 11:00,0.019,0.9,283,63,5.3,8.5
2020-01-31 12:00,0.015,1.2,273,55,5.6,16.3
2020-01-31 13:00,0.016,1,286,63,5.9,9.9
2020-01-31 14:00,0.018,1.5,241,48,7.7,9.8
2020-01-31 15:00,0.033,2.2,244,33,10.5,5.9
2020-01-31 16:00,0.034,3.3,259,27,11,1.8
2020-01-31 17:00,0.034,2,284,38,10.3,1.1
2020-01-31 18:00,0.032,1.3,328,53,10.1,-0.3
2020-01-31 19:00,0.026,1,47,51,9.7,0
2020-01-31 20:00,0.024,1.1,57,76,9.4,2.6
2020-01-31 21:00,0.033,1.5,308,54,10.5,4
2020-01-31 22:00,0.036,1.8,276,51,10.9,0.9
2020-01-31 23:00,0.038,2.5,289,49,10.9,-1.8
2020-02-01 00:00,0.037,1.1,226,67,10.1,-0.5
2020-02-01 01:00,0.032,0.9,89,68,8.4,0.3
2020-02-01 02:00,0.025,1.2,79,50,6.3,0.6
2020-02-01 03:00,0.023,1.5,48,69,5,0.7
2020-02-01 04:00,0.027,1.7,79,68,4.9,-1.1
2020-02-01 05:00,0.035,1.9,82,81,7.5,-0.4
2020-02-01 06:00,0.043,1.9,80,80,11,1.4
2020-02-01 07:00,0.049,3.6,262,41,13.2,1.8
2020-02-01 08:00,0.049,5.8,259,22,13.8,2.8
2020-02-01 09:00,0.048,6.7,264,18,14,2.1
2020-02-01 10:00,0.048,6.4,265,19,14.1,2.5
2020-02-01 11:00,0.048,6.6,264,18,15,3.1
2020-02-01 12:00,0.048,7.2,265,18,15.5,1.6
2020-02-01 13:00,0.048,8.5,253,18,15.1,1.3
2020-02-01 14:00,0.047,7.4,249,18,14,3.8
2020-02-01 15:00,0.045,5.7,252,18,13,3.3
2020-02-01 16:00,0.044,5.6,263,16,12,2.5
2020-02-01 17:00,0.041,4.5,265,16,9.4,4.5
2020-02-01 18:00,0.039,3.1,259,20,6.6,2.1
2020-02-01 19:00,0.039,2.5,266,19,5.4,0.3
2020-02-01 20:00,0.041,2.8,273,19,4.4,0.7
2020-02-01 21:00,0.042,3.3,287,23,3.8,0.7
2020-02-01 22:00,0.046,3.9,271,25,3.2,-1.4
2020-02-01 23:00,0.044,2.4,293,36,2.9,-1.4
2020-02-02 00:00,0.041,0.6,34,57,1.6,0.7
2020-02-02 01:00,0.04,0.6,357,36,0.9,1.2
2020-02-02 02:00,0.043,0.6,331,34,-0.7,2.2
2020-02-02 03:00,0.045,0.6,332,39,-1.7,-0.7
2020-02-02 04:00,0.044,0.6,336,67,-1.8,-1.6
2020-02-02 05:00,0.042,0.7,110,45,-1.6,-0.6
2020-02-02 06:00,0.042,0.7,137,62,-1.2,-0.4
2020-02-02 07:00,0.04,0.5,6,73,-1.2,1
2020-02-02 08:00,0.038,0.6,46,72,-1.2,1.9
2020-02-02 09:00,0.036,1.1,58,57,-0.9,0.7
2020-02-02 10:00,0.034,1.2,34,42,-0.6,1.9
2020-02-02 11:00,0.039,1.3,323,30,-0.4,3.4
2020-02-02 12:00,0.039,1.5,330,34,-0.3,2.4
2020-02-02 13:00,0.039,1.3,331,32,-0.4,2.2
2020-02-02 14:00,0.039,1.3,343,40,-0.3,3.2
2020-02-02 15:00,0.039,1.3,3,39,-0.3,3.4
2020-02-02 16:00,0.041,1.1,349,34,-0.3,1.9
2020-02-02 17:00,0.036,1,288,43,-1.8,3.9
2020-02-02 18:00,0.023,1.5,129,60,-3.3,6.8
2020-02-02 19:00,0.031,1.2,325,62,-4.1,3.9
2020-02-02 20:00,0.033,0.9,317,64,-5.5,-0.1
2020-02-02 21:00,0.024,0.8,233,38,-6.6,-0.3
2020-02-02 22:00,0.02,0.8,228,52,-7.8,4
2020-02-02 23:00,0.017,0.8,201,43,-9,5.2
2020-02-03 00:00,0.015,1.1,180,63,-9.7,1
2020-02-03 01:00,0.013,1,193,54,-10.4,1.1
2020-02-03 02:00,0.011,2.2,176,57,-10.8,-0.1
2020-02-03 03:00,0.007,1,190,74,-11.6,-0.6
2020-02-03 04:00,0.015,0.9,47,67,-11.6,2.5
2020-02-03 05:00,0.006,0.7,225,52,-12.2,5.9
2020-02-03 06:00,0.004,0.7,206,54,-12.4,6.6
2020-02-03 07:00,0.002,0.7,225,35,-12.6,5.9
2020-02-03 08:00,0.005,0.7,205,47,-12.5,8.6
2020-02-03 09:00,0.015,0.9,173,62,-9.9,8.5
2020-02-03 10:00,0.023,1.3,232,72,-7.8,5.1
2020-02-03 11:00,0.026,1.3,270,77,-6.4,3.2
2020-02-03 12:00,0.032,2.2,312,72,-4.5,2.4
2020-02-03 13:00,0.034,2.7,336,74,-3.1,3.2
2020-02-03 14:00,0.036,2.7,44,68,-1.9,5.6
2020-02-03 15:00,0.037,3.1,3,53,-2,2.7
2020-02-03 16:00,0.035,2.6,43,56,-2.2,-1.4
2020-02-03 17:00,0.031,2.3,93,44,-2.8,0.7
2020-02-03 18:00,0.036,1.6,258,57,-2.9,3.2
2020-02-03 19:00,0.039,1.6,275,54,-3.2,3.7
2020-02-03 20:00,0.038,0.9,301,70,-3.4,1.9
2020-02-03 21:00,0.037,1.1,270,60,-3.6,2
2020-02-03 22:00,0.03,1.2,286,52,-4.1,4.2
2020-02-03 23:00,0.025,1.2,227,49,-4.6,16.9
2020-02-04 00:00,0.03,1.1,252,51,-5.1,7.5
2020-02-04 01:00,0.033,1,285,59,-5.8,5.6
2020-02-04 02:00,0.031,0.9,291,48,-6.4,2.3
2020-02-04 03:00,0.025,1,9,67,-7.1,3.8
2020-02-04 04:00,0.021,0.8,28,65,-7,5.4
2020-02-04 05:00,0.017,0.4,224,65,-7.5,2.7
2020-02-04 06:00,0.006,0.6,239,45,-8.9,1.8
2020-02-04 07:00,0.003,0.7,207,48,-9.8,5.4
2020-02-04 08:00,0.006,0.5,196,57,-9.5,8.4
2020-02-04 09:00,0.018,0.6,248,57,-6,8.8
2020-02-04 10:00,0.025,0.7,295,59,-4.1,7.5
2020-02-04 11:00,0.035,0.8,19,62,-2.4,4.9
2020-02-04 12:00,0.038,0.7,313,47,-1.1,3.7
2020-02-04 13:00,NA,0.7,338,36,-0.8,2.9
2020-02-04 14:00,NA,0.6,306,36,-0.9,2.2
2020-02-04 15:00,0.04,0.5,291,28,-1.3,1.9
2020-02-04 16:00,0.037,0.5,271,31,-2,1.2
2020-02-04 17:00,0.035,0.6,292,51,-4.1,1.3
2020-02-04 18:00,0.032,0.6,346,60,-5.3,4
2020-02-04 19:00,0.034,0.6,304,56,-5.5,5.2
2020-02-04 20:00,0.035,0.6,253,69,-5.6,4.7
2020-02-04 21:00,0.032,0.6,226,62,-5.4,2.9
2020-02-04 22:00,0.03,0.4,61,66,-5.2,0
2020-02-04 23:00,0.026,0.7,21,52,-4.9,2.2
2020-02-05 00:00,0.025,0.6,352,57,-5.1,4.4
2020-02-05 01:00,0.022,0.6,62,51,-5,7.1
2020-02-05 02:00,0.022,0.7,259,48,-5.1,6.1
2020-02-05 03:00,0.028,0.5,224,48,-5.4,1
2020-02-05 04:00,0.026,0.8,103,56,-5.4,3.4
2020-02-05 05:00,0.021,0.5,208,64,-5.3,3.4
2020-02-05 06:00,0.016,0.8,242,43,-5.3,2.7
2020-02-05 07:00,0.014,1,104,63,-5.3,5.4
2020-02-05 08:00,0.015,0.9,2,73,-4.8,4.7
2020-02-05 09:00,0.016,0.8,105,59,-3.6,6.1
2020-02-05 10:00,0.017,1,111,72,-2.5,8.3
2020-02-05 11:00,0.02,1,129,72,-2.5,8.8
2020-02-05 12:00,0.024,0.7,356,67,-2.2,7.1
2020-02-05 13:00,0.023,1,91,58,-1.6,6.4
2020-02-05 14:00,0.024,0.8,284,70,-1.7,6.6
2020-02-05 15:00,0.025,0.9,234,74,-1.8,3.4
2020-02-05 16:00,0.021,1.9,230,73,-2.1,4.4
2020-02-05 17:00,0.018,2.1,332,54,-2.5,7.1
2020-02-05 18:00,0.02,1.1,315,67,-2.6,6.6
2020-02-05 19:00,0.025,1.2,233,65,-2.5,5.2
2020-02-05 20:00,0.025,1.2,268,72,-2.5,3.7
2020-02-05 21:00,0.027,0.6,258,62,-2.6,4.4
2020-02-05 22:00,0.022,0.7,253,78,-2.5,3.9
2020-02-05 23:00,0.018,0.5,275,75,-2.5,4.4
2020-02-06 00:00,0.026,0.3,224,63,-2.7,4.6
2020-02-06 01:00,0.025,0.5,251,54,-2.7,4.7
2020-02-06 02:00,0.022,0.4,295,53,-2.7,5.6
2020-02-06 03:00,0.015,0.6,236,72,-2.5,6.6
2020-02-06 04:00,0.013,0.6,231,57,-2.6,6.8
2020-02-06 05:00,0.012,0.5,144,74,-2.6,7.1
2020-02-06 06:00,0.007,0.4,95,51,-2.4,9.9
2020-02-06 07:00,0.003,0.5,227,64,-2,12.6
2020-02-06 08:00,0.003,0.5,107,68,-1.8,13.3
2020-02-06 09:00,0.006,0.6,23,76,-0.9,10.7
2020-02-06 10:00,0.008,0.8,85,74,0.2,9
2020-02-06 11:00,0.008,0.9,300,55,1.6,11.1
2020-02-06 12:00,0.008,0.7,223,43,2.2,18.4
2020-02-06 13:00,0.011,1,50,48,3,10.7
2020-02-06 14:00,0.016,0.8,95,42,3.5,9.2
2020-02-06 15:00,0.021,1.2,218,37,3.5,5.4
2020-02-06 16:00,0.031,0.5,244,25,2.6,2.7
2020-02-06 17:00,0.03,0.6,245,22,1.9,2.2
2020-02-06 18:00,0.021,0.6,264,44,1.3,3.7
2020-02-06 19:00,0.017,1.1,155,64,1.1,4.7
2020-02-06 20:00,0.032,1.1,281,45,1,2.4
2020-02-06 21:00,0.025,0.9,181,44,-0.6,3.4
2020-02-06 22:00,0.022,0.9,224,48,-0.7,4.7
2020-02-06 23:00,0.027,1.4,39,66,-0.7,3.9
2020-02-07 00:00,0.026,1.2,25,65,-0.7,3.4
2020-02-07 01:00,0.025,1.5,146,55,-0.7,4.2
2020-02-07 02:00,0.016,1.5,215,77,-0.8,4.9
2020-02-07 03:00,0.028,1.4,239,65,-0.8,3.9
2020-02-07 04:00,0.03,2.2,250,55,-0.9,3.9
2020-02-07 05:00,0.025,1.4,162,55,-0.9,2.7
2020-02-07 06:00,0.016,1.2,191,77,-1,3.2
2020-02-07 07:00,0.005,1.1,186,62,-1.1,6.6
2020-02-07 08:00,0.005,0.9,175,57,-0.8,7.1
2020-02-07 09:00,0.013,1.9,227,64,-0.3,6.1
2020-02-07 10:00,0.025,0.9,257,54,0.6,5.6
2020-02-07 11:00,0.031,1.5,198,55,1.7,3.4
2020-02-07 12:00,0.027,1.2,111,49,1.9,4.2
2020-02-07 13:00,0.031,1.9,240,66,1.5,5.6
2020-02-07 14:00,0.027,1.5,15,65,1.8,3.9
2020-02-07 15:00,0.028,1.4,250,39,1.2,4.2
2020-02-07 16:00,0.025,1.1,243,61,0.8,4.9
2020-02-07 17:00,0.013,0.8,293,53,0.5,5.1
2020-02-07 18:00,0.007,2.9,205,79,0.2,8.1
2020-02-07 19:00,0.004,2.7,96,65,0.2,9.4
2020-02-07 20:00,0.003,2,288,60,0.2,9.4
2020-02-07 21:00,0.003,2.4,169,67,0,10.7
2020-02-07 22:00,0.002,3.1,180,77,-0.1,11.1
2020-02-07 23:00,0.004,2,255,55,-0.5,10.7
2020-02-08 00:00,0.013,1.3,229,82,-0.8,9.4
2020-02-08 01:00,0.01,1.3,128,77,-0.4,7.3
2020-02-08 02:00,0.022,1.1,31,67,0.9,5.1
2020-02-08 03:00,0.024,0.8,278,63,0.9,4.2
2020-02-08 04:00,0.031,0.9,332,55,0.8,4.2
2020-02-08 05:00,0.032,1.3,151,42,0.4,3.4
2020-02-08 06:00,0.026,0.6,125,61,-0.1,2.7
2020-02-08 07:00,0.037,0.6,201,48,0.6,4.4
2020-02-08 08:00,0.029,0.7,171,50,0.9,3.2
2020-02-08 09:00,0.037,1.1,241,22,2.2,2.7
2020-02-08 10:00,0.037,1.1,191,37,2.8,3.9
2020-02-08 11:00,0.036,1.3,307,39,3,1.9
2020-02-08 12:00,0.038,1.1,352,58,3.1,1.5
2020-02-08 13:00,0.037,1.2,348,33,3,1.7
2020-02-08 14:00,0.034,1,99,47,0.3,0.7
2020-02-08 15:00,0.035,0.6,58,44,1.1,1.9
2020-02-08 16:00,0.034,0.9,176,39,0.4,2.2
2020-02-08 17:00,0.029,0.9,189,45,0.4,0.7
2020-02-08 18:00,0.034,2.5,84,33,-0.2,-1.4
2020-02-08 19:00,0.04,2.1,47,40,-0.5,-2.9
2020-02-08 20:00,0.038,1.5,46,49,-0.2,-0.9
2020-02-08 21:00,0.04,1.8,103,37,-0.4,0.7
2020-02-08 22:00,0.041,2.4,88,29,-1.1,1.9
2020-02-08 23:00,0.042,2.5,50,39,-2,2.5
2020-02-09 00:00,0.042,2.2,21,68,-2.4,-0.9
2020-02-09 01:00,0.038,1.6,111,67,-3.3,-0.2
2020-02-09 02:00,0.034,1.7,149,51,-4.5,4.1
2020-02-09 03:00,0.03,1,247,62,-5.7,4.9
2020-02-09 04:00,0.028,1.2,128,62,-5.7,4.6
2020-02-09 05:00,0.031,0.8,121,65,-6.7,4.2
2020-02-09 06:00,0.02,0.5,147,82,-8.4,6.1
2020-02-09 07:00,0.009,0.5,198,57,-9.1,6.1
2020-02-09 08:00,0.016,0.7,209,61,-7.9,9.4
2020-02-09 09:00,0.029,0.7,229,62,-5.6,8
2020-02-09 10:00,0.032,0.8,88,62,-4.7,3.2
2020-02-09 11:00,0.032,0.7,109,56,-3.5,3.9
2020-02-09 12:00,0.033,1.2,332,73,-2.7,3.9
2020-02-09 13:00,0.033,1,131,59,-2.1,4.4
2020-02-09 14:00,0.033,1,237,58,-2.3,4.9
2020-02-09 15:00,0.03,1.4,192,67,-2.1,5.6
2020-02-09 16:00,0.027,1.1,42,70,-1.8,5.6
2020-02-09 17:00,0.027,1.2,263,59,-2,5.1
2020-02-09 18:00,0.03,0.8,274,30,-0.9,4.4
2020-02-09 19:00,0.034,0.7,306,33,-0.2,1.2
2020-02-09 20:00,0.032,0.8,330,59,-0.5,1.2
2020-02-09 21:00,0.036,0.7,299,53,0,3.9
2020-02-09 22:00,0.038,0.6,326,46,0,4.4
2020-02-09 23:00,0.037,0.6,340,40,-0.4,2.4
2020-02-10 00:00,0.034,0.9,79,44,-1.5,1.4
2020-02-10 01:00,0.034,1.7,90,36,-1.8,3.4
2020-02-10 02:00,0.035,1.5,108,30,-2.4,3.2
2020-02-10 03:00,0.034,2.7,116,37,-2.7,2.9
2020-02-10 04:00,0.032,2.3,111,36,-2.8,1.9
2020-02-10 05:00,0.03,2.4,80,50,-2.8,0
2020-02-10 06:00,0.024,2.4,58,64,-2.9,2.2
2020-02-10 07:00,0.009,2.3,203,55,-3.1,3.4
2020-02-10 08:00,0.007,2.2,103,45,-3,5.1
2020-02-10 09:00,0.013,2.8,223,37,-2,6.8
2020-02-10 10:00,0.02,1.7,167,52,0.9,7
2020-02-10 11:00,0.031,1.9,353,77,1.8,5.9
2020-02-10 12:00,0.032,1.6,178,46,2.2,3.9
2020-02-10 13:00,0.036,1.5,253,59,2.3,3.4
2020-02-10 14:00,0.039,1.2,231,74,2.9,1
2020-02-10 15:00,0.041,1.2,215,51,2.1,0.5
2020-02-10 16:00,0.037,1.1,191,42,0.9,1.9
2020-02-10 17:00,0.033,1.2,122,41,0.4,3.2
2020-02-10 18:00,0.017,0.6,125,37,-1.3,5.1
2020-02-10 19:00,0.021,1.1,70,70,-2.4,4.2
2020-02-10 20:00,0.022,0.9,61,58,-2.5,2.7
2020-02-10 21:00,0.016,0.7,115,65,-2.6,4.9
2020-02-10 22:00,0.007,1.2,127,59,-2.8,8.3
2020-02-10 23:00,0.006,1.1,196,72,-2.8,9.9
2020-02-11 00:00,0.025,0.9,289,67,-2.6,7.5
2020-02-11 01:00,0.034,1.3,267,36,-2.1,4.6
2020-02-11 02:00,0.035,0.9,256,46,-1.6,5.1
2020-02-11 03:00,0.036,0.7,249,28,-2.4,5.9
2020-02-11 04:00,0.038,0.8,242,33,-1.9,4.6
2020-02-11 05:00,0.04,0.6,225,41,-1.5,3.2
2020-02-11 06:00,0.037,0.9,251,33,-1.6,2.7
2020-02-11 07:00,0.036,1.4,245,31,-1.5,4.9
2020-02-11 08:00,0.038,1.3,229,41,-1.4,4.2
2020-02-11 09:00,0.04,2.6,231,41,0.2,3.7
2020-02-11 10:00,0.038,2.3,273,42,1,6.8
2020-02-11 11:00,0.039,4.2,274,38,1.7,5.8
2020-02-11 12:00,0.033,3.1,39,39,2,4.4
2020-02-11 13:00,0.032,3.4,65,47,2.4,3.9
2020-02-11 14:00,0.025,1.5,311,43,2.5,NA
2020-02-11 15:00,0.025,1.3,67,51,1.3,3.9
2020-02-11 16:00,0.03,1.2,77,43,0.4,5.1
2020-02-11 17:00,0.023,0.8,294,45,-0.4,3.9
2020-02-11 18:00,0.024,0.9,184,65,-0.8,3.2
2020-02-11 19:00,0.017,0.6,55,58,-0.8,5.1
2020-02-11 20:00,0.013,0.7,225,44,-0.7,5.1
2020-02-11 21:00,0.013,0.6,243,76,-1.3,6.1
2020-02-11 22:00,0.013,0.8,256,72,-1.2,6.6
2020-02-11 23:00,0.01,0.5,73,60,-1.2,7.8
2020-02-12 00:00,0.005,0.6,163,71,-1.4,10.9
2020-02-12 01:00,0.015,0.5,277,51,-1.7,7.8
2020-02-12 02:00,0.012,0.5,130,60,-1.5,4.6
2020-02-12 03:00,0.012,0.7,31,42,-1.1,4.9
2020-02-12 04:00,0.01,0.8,219,51,-1.2,5.4
2020-02-12 05:00,0.013,0.6,216,59,-1.2,3.9
2020-02-12 06:00,0.007,0.8,35,47,-1,4.9
2020-02-12 07:00,0.01,1,61,39,-0.8,6.6
2020-02-12 08:00,0.023,0.6,25,68,-0.6,NA
2020-02-12 09:00,0.034,1,61,40,-0.9,NA
2020-02-12 10:00,0.035,1.4,86,40,-0.4,1.4
2020-02-12 11:00,0.037,1,98,28,0.6,1.4
2020-02-12 12:00,0.037,1.1,102,29,0.2,5.1
2020-02-12 13:00,0.037,1.1,96,26,1.6,3.9
2020-02-12 14:00,0.037,0.7,41,44,2.8,6.9
2020-02-12 15:00,0.034,0.9,23,52,2.4,7.8
2020-02-12 16:00,0.03,0.7,52,36,1.5,1.2
2020-02-12 17:00,0.031,0.8,64,40,1,-0.9
2020-02-12 18:00,0.019,1.1,59,39,0.5,1.5
2020-02-12 19:00,0.015,1.1,40,77,-0.1,4.7
2020-02-12 20:00,0.005,1.1,95,57,-0.5,9.4
2020-02-12 21:00,0.002,1.1,77,67,-0.6,8.6
2020-02-12 22:00,0.004,1.5,224,63,-0.8,7.6
2020-02-12 23:00,0.008,1.6,83,58,-1.1,9.7
2020-02-13 00:00,0.003,1.2,143,48,-1.3,8.3
2020-02-13 01:00,0.003,1.4,147,65,-1.6,20.3
2020-02-13 02:00,0.003,1.2,146,65,-1.9,11.1
2020-02-13 03:00,0.006,1.1,252,63,-2.5,10.7
2020-02-13 04:00,0.019,2.4,231,59,-3.4,7.1
2020-02-13 05:00,0.016,5.2,129,70,-4.8,3.7
2020-02-13 06:00,0.003,1.9,278,72,-5.3,3.7
2020-02-13 07:00,0.003,1.1,143,60,-6,6.1
2020-02-13 08:00,0.007,1,200,62,-5.3,8.1
2020-02-13 09:00,0.017,1.1,92,52,-2.7,9.9
2020-02-13 10:00,0.033,0.8,159,52,-1.5,8.3
2020-02-13 11:00,0.029,2.2,44,53,0.4,5.4
2020-02-13 12:00,0.034,1.2,2,66,2.2,8
2020-02-13 13:00,0.037,1.9,330,60,4,5.9
2020-02-13 14:00,0.043,1.2,193,81,5.7,3.3
2020-02-13 15:00,0.044,3.9,115,60,5.5,5.2
2020-02-13 16:00,0.041,1.4,262,59,6.2,7.7
2020-02-13 17:00,0.031,1.9,142,52,3.6,7.7
2020-02-13 18:00,0.033,1.8,234,73,1.8,7.9
2020-02-13 19:00,0.021,1.5,122,79,0.8,8
2020-02-13 20:00,0.016,1.7,139,73,0.1,10.4
2020-02-13 21:00,0.01,1.1,133,77,-0.1,13.1
2020-02-13 22:00,0.018,0.9,157,61,0.7,9.9
2020-02-13 23:00,0.027,0.8,154,54,1.1,8
2020-02-14 00:00,0.028,0.8,80,43,1.4,9.4
2020-02-14 01:00,0.031,0.8,53,38,1.1,7.6
2020-02-14 02:00,0.03,2.6,240,53,0.8,4.6
2020-02-14 03:00,0.025,2.6,165,74,0.2,3.4
2020-02-14 04:00,0.035,1.5,308,31,0.3,1.9
2020-02-14 05:00,0.043,1.9,276,29,1.7,2.5
2020-02-14 06:00,0.034,1.3,88,44,0.4,3.4
2020-02-14 07:00,0.029,1.3,339,64,0,2.7
2020-02-14 08:00,0.019,0.8,101,51,0.3,1.9
2020-02-14 09:00,0.027,0.8,265,49,0.8,2.4
2020-02-14 10:00,0.033,1.3,348,74,2.2,2.2
2020-02-14 11:00,0.038,1.4,253,37,2.3,2.7
2020-02-14 12:00,0.038,1.5,287,74,2.9,2.2
2020-02-14 13:00,0.038,1.5,256,38,2.8,0.1
2020-02-14 14:00,0.038,3.5,26,54,3.9,2.2
2020-02-14 15:00,0.036,2.4,340,25,2.4,4.7
2020-02-14 16:00,0.036,1.4,317,57,2.6,1.9
2020-02-14 17:00,0.035,2.8,307,48,0.8,0.7
2020-02-14 18:00,0.036,2.9,284,41,-0.4,2.2
2020-02-14 19:00,0.032,1.4,237,47,-0.9,2.9
2020-02-14 20:00,0.034,1,239,47,-0.8,2.7
2020-02-14 21:00,0.028,0.9,213,60,-1.5,3.7
2020-02-14 22:00,0.014,0.9,182,60,-2.3,4.6
2020-02-14 23:00,0.01,1,136,65,-2.6,3.9
2020-02-15 00:00,0.018,1.3,213,71,-2.4,4.2
2020-02-15 01:00,0.017,2.4,195,72,-2.3,1.9
2020-02-15 02:00,0.032,2.5,253,51,-0.9,-0.7
2020-02-15 03:00,0.041,2.1,246,30,0.3,-0.4
2020-02-15 04:00,0.039,1.9,263,44,0,-0.9
2020-02-15 05:00,0.037,1,276,42,0,-1.9
2020-02-15 06:00,0.028,0.9,258,42,-1.3,1.2
2020-02-15 07:00,0.019,0.9,79,59,-1.8,3.4
2020-02-15 08:00,0.018,0.9,310,71,-1.4,2.9
2020-02-15 09:00,0.024,0.7,19,63,-0.7,1.9
2020-02-15 10:00,0.034,1.1,263,53,0.9,3.7
2020-02-15 11:00,0.036,1.5,28,80,2.4,3.9
2020-02-15 12:00,0.037,1.5,23,46,2.6,1.5
2020-02-15 13:00,0.038,2.5,40,44,4.8,0.2
2020-02-15 14:00,0.042,3.6,267,22,4.1,-0.8
2020-02-15 15:00,0.042,2.7,264,21,3.4,-0.7
2020-02-15 16:00,0.04,3.2,272,32,3,1.7
2020-02-15 17:00,0.039,2.3,293,54,2.4,3.4
2020-02-15 18:00,0.042,1.9,259,30,2.7,2.2
2020-02-15 19:00,0.036,1.3,82,59,1.4,1.2
2020-02-15 20:00,0.028,1.3,41,64,0.7,2.2
2020-02-15 21:00,0.029,0.7,108,52,0.7,4.4
2020-02-15 22:00,0.034,1,94,61,1,2.9
2020-02-15 23:00,0.033,0.9,293,69,0.7,1.9
2020-02-16 00:00,0.039,1.2,237,45,0.6,1.4
2020-02-16 01:00,0.042,1.7,220,44,0.8,1.4
2020-02-16 02:00,0.043,1,233,44,0.9,3.7
2020-02-16 03:00,0.041,0.9,249,37,0.7,2.5
2020-02-16 04:00,0.04,0.9,271,46,0.5,1.2
2020-02-16 05:00,0.033,2.4,47,68,0.2,1.4
2020-02-16 06:00,0.027,2,230,59,-0.2,3.9
2020-02-16 07:00,0.028,1.4,210,70,-0.8,4.4
2020-02-16 08:00,0.02,0.4,332,59,-0.4,2.7
2020-02-16 09:00,0.02,0.9,45,61,0.4,5.1
2020-02-16 10:00,0.023,1,262,62,0.6,5.6
2020-02-16 11:00,0.026,1,153,63,1.3,3.2
2020-02-16 12:00,0.036,1.4,70,39,2.7,2.7
2020-02-16 13:00,0.039,1.3,243,54,3.7,3.3
2020-02-16 14:00,0.042,2.1,279,28,5,2.7
2020-02-16 15:00,0.04,1.8,324,32,4,1.1
2020-02-16 16:00,0.04,1.1,331,27,1.7,0.8
2020-02-16 17:00,0.04,1.3,306,53,0.6,2.2
2020-02-16 18:00,0.039,0.9,289,45,-0.3,1.5
2020-02-16 19:00,0.039,1,47,69,-1.5,0.5
2020-02-16 20:00,0.039,1.2,53,60,-1.8,0.2
2020-02-16 21:00,0.038,1,147,64,-2.1,-0.9
2020-02-16 22:00,0.037,1,149,38,-2.3,-0.7
2020-02-16 23:00,0.03,0.7,259,72,-2.9,-0.2
2020-02-17 00:00,0.034,1.4,200,64,-2.8,-2.1
2020-02-17 01:00,0.039,1.3,250,45,-2.7,-1.9
2020-02-17 02:00,0.034,1.1,199,52,-3.3,1.2
2020-02-17 03:00,0.03,1.2,156,60,-3.2,1.2
2020-02-17 04:00,0.029,1,169,58,-3,0
2020-02-17 05:00,0.039,0.9,190,39,-2.9,-0.7
2020-02-17 06:00,0.039,0.7,238,43,-3,-0.7
2020-02-17 07:00,0.04,0.7,191,53,-3.1,0.2
2020-02-17 08:00,0.032,0.9,341,71,-2.7,1.7
2020-02-17 09:00,0.033,1.1,267,53,-1.5,-0.7
2020-02-17 10:00,0.036,0.9,269,49,0.4,-1.4
2020-02-17 11:00,0.037,1.1,297,54,0.8,1.9
2020-02-17 12:00,0.036,1.3,13,48,1,6.1
2020-02-17 13:00,0.039,1.3,77,49,2.2,3.9
2020-02-17 14:00,0.041,1.3,308,48,1.5,-0.4
2020-02-17 15:00,0.039,2.1,91,43,-0.4,2.2
2020-02-17 16:00,0.038,1,102,38,0.2,4.2
2020-02-17 17:00,0.036,1.7,195,47,-0.1,2.9
2020-02-17 18:00,0.018,1.2,231,68,-1.9,3.2
2020-02-17 19:00,0.018,1.4,123,55,-2.4,5.9
2020-02-17 20:00,0.023,1.3,246,64,-2.6,6.3
2020-02-17 21:00,0.016,0.8,139,52,-3,6.6
2020-02-17 22:00,0.018,0.9,239,61,-3.6,6.6
2020-02-17 23:00,0.018,0.5,77,69,-4.7,3.9
2020-02-18 00:00,0.027,0.5,229,59,-4.9,3.4
2020-02-18 01:00,0.024,0.8,70,62,-5.4,4.2
2020-02-18 02:00,0.02,1.1,56,62,-6.2,0.7
2020-02-18 03:00,0.023,0.9,95,77,-6.2,1
2020-02-18 04:00,0.015,0.6,79,82,-6.8,2.9
2020-02-18 05:00,0.004,1.5,69,58,-6.5,4.1
2020-02-18 06:00,0.004,0.8,225,69,-6.4,6.4
2020-02-18 07:00,0.006,1.2,306,68,-6.4,6.1
2020-02-18 08:00,0.01,1.7,9,68,-5.8,6.6
2020-02-18 09:00,0.021,1.3,327,54,-4.5,6.8
2020-02-18 10:00,0.025,1,40,67,-2.9,5.8
2020-02-18 11:00,0.027,1.1,76,50,-1.8,6.3
2020-02-18 12:00,0.029,1.2,86,46,-0.7,6.3
2020-02-18 13:00,0.036,1.1,355,58,-0.1,7.5
2020-02-18 14:00,0.04,1.3,256,53,-0.5,4.4
2020-02-18 15:00,0.041,1.1,207,32,-1,1.2
2020-02-18 16:00,0.041,0.7,306,55,-0.7,1.9
2020-02-18 17:00,0.038,0.7,236,46,-2.4,1
2020-02-18 18:00,0.036,0.7,235,44,-3.2,3.4
2020-02-18 19:00,0.027,0.9,147,52,-4.5,5.1
2020-02-18 20:00,0.025,0.8,88,53,-5.7,2.8
2020-02-18 21:00,0.017,0.6,133,72,-7.2,2
2020-02-18 22:00,0.025,0.6,122,58,-8.3,3.8
2020-02-18 23:00,0.011,0.7,179,75,-9.1,8.3
2020-02-19 00:00,0.014,0.6,231,67,-9.6,10.5
2020-02-19 01:00,0.02,0.7,125,62,-9.4,5.7
2020-02-19 02:00,0.022,0.7,241,37,-8.7,4.5
2020-02-19 03:00,0.031,0.6,255,41,-8.7,4.2
2020-02-19 04:00,0.027,0.7,249,60,-8.3,2.7
2020-02-19 05:00,0.024,0.7,239,46,-8.2,3.4
2020-02-19 06:00,0.026,0.7,152,58,-8.2,3.4
2020-02-19 07:00,0.026,0.8,70,60,-8.2,3.7
2020-02-19 08:00,0.026,0.8,96,43,-7.9,4.2
2020-02-19 09:00,NA,1.3,31,60,-7,5.2
2020-02-19 10:00,NA,1.1,220,61,-5.2,7.1
2020-02-19 11:00,0.033,1.1,347,67,-3.5,7.1
2020-02-19 12:00,0.035,1.4,51,75,-2,4.7
2020-02-19 13:00,0.036,1.4,81,81,-0.8,4.4
2020-02-19 14:00,0.039,1.4,299,69,-0.5,6.1
2020-02-19 15:00,0.038,1,348,71,-0.1,7.3
2020-02-19 16:00,0.037,0.8,299,72,0.5,7.8
2020-02-19 17:00,0.034,0.8,123,44,-1.2,7.8
2020-02-19 18:00,0.021,0.7,162,58,-4.1,9
2020-02-19 19:00,0.026,0.6,83,51,-5.6,9
2020-02-19 20:00,0.017,0.6,200,52,-7.1,7.1
2020-02-19 21:00,0.012,0.8,168,67,-8.3,9.4
2020-02-19 22:00,0.018,0.8,75,68,-9.2,9.1
2020-02-19 23:00,0.007,0.7,192,52,-10.2,18.9
2020-02-20 00:00,0.008,0.5,261,74,-11,10.5
2020-02-20 01:00,0.007,0.6,223,62,-11.5,16.4
2020-02-20 02:00,0.009,0.9,194,50,-12.2,10
2020-02-20 03:00,0.007,0.6,185,65,-12.7,6.9
2020-02-20 04:00,0.011,0.8,207,38,-13.2,5.2
2020-02-20 05:00,0.011,0.7,223,50,-13.4,6.2
2020-02-20 06:00,0.004,0.8,202,45,-13.9,9.5
2020-02-20 07:00,0.005,0.7,211,45,-14.2,13.2
2020-02-20 08:00,NA,1,192,55,-12.5,13.4
2020-02-20 09:00,0.023,0.8,229,50,-10,9.4
2020-02-20 10:00,0.027,1.3,152,51,-7.2,6.6
2020-02-20 11:00,0.03,1,63,62,-4.6,9.4
2020-02-20 12:00,0.034,1.3,98,55,-2.8,10.2
2020-02-20 13:00,0.035,1.1,183,58,-1.4,7.5
2020-02-20 14:00,0.036,1.1,99,54,-0.3,9
2020-02-20 15:00,0.037,1,79,59,0.3,10.2
2020-02-20 16:00,0.035,0.8,323,57,1,8.8
2020-02-20 17:00,0.03,0.6,267,58,0,8.6
2020-02-20 18:00,0.011,0.7,179,41,-3.5,9.7
2020-02-20 19:00,0.004,0.6,204,77,-5.6,12.4
2020-02-20 20:00,0.003,0.6,169,80,-6.9,13.6
2020-02-20 21:00,0.003,0.7,163,81,-8.1,12.4
2020-02-20 22:00,0.006,0.7,250,68,-8.7,22.5
2020-02-20 23:00,0.004,0.9,212,67,-9.3,11.2
2020-02-21 00:00,0.004,0.9,184,58,-10.4,20.6
2020-02-21 01:00,0.005,1.9,129,75,-10.9,12.7
2020-02-21 02:00,0.005,1,222,70,-11.3,11.7
2020-02-21 03:00,0.004,1.1,208,79,-11.8,8.9
2020-02-21 04:00,0.003,1.1,197,62,-12.2,7.1
2020-02-21 05:00,0.003,1.3,193,61,-12.8,8.8
2020-02-21 06:00,0.002,1.1,223,56,-13,8.6
2020-02-21 07:00,0.003,0.8,217,43,-13.2,8.4
2020-02-21 08:00,0.011,1.2,220,69,-11.5,10.7
2020-02-21 09:00,0.019,1,166,83,-7.9,17.4
2020-02-21 10:00,0.027,0.9,300,51,-6,13.3
2020-02-21 11:00,0.03,1.2,66,63,-3.2,12.8
2020-02-21 12:00,0.034,1,70,61,-1.3,12.4
2020-02-21 13:00,0.037,1.1,96,75,0.8,12.1
2020-02-21 14:00,0.041,1.2,71,46,2.3,10.9
2020-02-21 15:00,0.043,1.8,88,50,3.9,10.9
2020-02-21 16:00,0.042,1.8,78,38,4.3,10.7
2020-02-21 17:00,0.032,1.2,290,61,3.3,8.6
2020-02-21 18:00,0.01,0.8,170,50,-0.7,6.3
2020-02-21 19:00,0.004,0.7,120,71,-3,8.1
2020-02-21 20:00,0.003,0.8,195,58,-3.9,11.5
2020-02-21 21:00,0.004,0.8,212,62,-4.1,17.2
2020-02-21 22:00,0.004,1.1,187,55,-4.3,15.9
2020-02-21 23:00,0.003,0.9,153,78,-5.4,14.6
2020-02-22 00:00,0.003,0.7,190,72,-6.6,14.2
2020-02-22 01:00,0.006,0.6,187,89,-7.1,10.3
2020-02-22 02:00,0.006,0.6,212,80,-7.9,8.1
2020-02-22 03:00,0.005,0.8,183,70,-8.3,10
2020-02-22 04:00,0.003,0.8,222,78,-8.5,10.3
2020-02-22 05:00,0.003,0.7,179,91,-8.9,8.1
2020-02-22 06:00,0.002,0.9,207,77,-9.3,5.2
2020-02-22 07:00,0.003,0.7,159,75,-9.5,6.9
2020-02-22 08:00,0.01,1.2,252,50,-7.9,9.8
2020-02-22 09:00,0.018,1.1,141,60,-4.4,16.9
2020-02-22 10:00,0.026,1.2,297,66,-2,19.6
2020-02-22 11:00,0.02,1.1,279,49,-2.1,18.1
2020-02-22 12:00,0.02,0.9,319,81,-0.1,21.8
2020-02-22 13:00,0.031,1.1,96,49,4.1,16.6
2020-02-22 14:00,0.026,0.9,25,45,7.4,21.6
2020-02-22 15:00,0.029,1.1,38,32,9.5,15.9
2020-02-22 16:00,0.037,3.8,82,16,10,8.8
2020-02-22 17:00,0.033,3.2,83,42,8.4,6.9
2020-02-22 18:00,0.031,2,91,68,7.2,5.7
2020-02-22 19:00,0.028,1.3,312,60,6,6.4
2020-02-22 20:00,0.012,3.3,66,51,3.8,10.4
2020-02-22 21:00,0.005,1.9,137,63,1.7,12.6
2020-02-22 22:00,0.01,1.1,64,60,0.4,10.2
2020-02-22 23:00,0.005,1.9,140,75,-0.7,10.9
2020-02-23 00:00,0.007,1.5,106,71,-2.1,11.7
2020-02-23 01:00,0.006,2.6,230,73,-3.1,8.6
2020-02-23 02:00,0.004,1.6,166,57,-3.7,9.8
2020-02-23 03:00,0.004,1.3,83,67,-3.7,8.9
2020-02-23 04:00,0.003,1,191,72,-3.4,8.4
2020-02-23 05:00,0.007,1.3,128,81,-3.3,9.1
2020-02-23 06:00,0.003,1.7,193,80,-4,8.9
2020-02-23 07:00,0.003,1.6,230,77,-4.2,10
2020-02-23 08:00,0.011,1.6,188,73,-2.8,7.7
2020-02-23 09:00,0.025,1.6,131,61,-1,6.6
2020-02-23 10:00,0.03,1.7,347,80,0.5,5.9
2020-02-23 11:00,0.03,1.3,245,55,1.9,4.2
2020-02-23 12:00,0.029,1.8,109,52,2.8,4.5
2020-02-23 13:00,0.03,4.3,31,54,3.9,3.9
2020-02-23 14:00,0.028,5.1,234,72,5.4,7.3
2020-02-23 15:00,0.031,3.8,339,61,7.3,9
2020-02-23 16:00,0.034,3,246,19,4.8,4.2
2020-02-23 17:00,0.044,2.7,321,46,2.4,2.7
2020-02-23 18:00,0.048,2.9,55,63,2.4,2.7
2020-02-23 19:00,0.043,2.2,309,66,2.1,2.4
2020-02-23 20:00,0.043,1.2,192,31,0.1,1.5
2020-02-23 21:00,0.042,0.8,187,32,0.3,2.9
2020-02-23 22:00,0.039,0.5,171,64,0.4,2.4
2020-02-23 23:00,0.041,0.5,229,32,0.6,1.9
2020-02-24 00:00,0.038,0.9,232,71,0.1,6.2
2020-02-24 01:00,0.04,1.1,237,52,0.9,4.7
2020-02-24 02:00,0.04,0.5,302,58,0.7,2.2
2020-02-24 03:00,0.038,0.8,225,68,0.6,1.7
2020-02-24 04:00,0.033,0.5,60,70,0.2,-0.2
2020-02-24 05:00,0.033,0.7,201,46,0.1,-1.7
2020-02-24 06:00,0.038,0.6,281,35,0.6,-2.1
2020-02-24 07:00,0.034,0.7,320,52,0.3,0.2
2020-02-24 08:00,0.031,0.7,337,51,0.1,4.2
2020-02-24 09:00,0.031,0.9,352,47,0.2,5.4
2020-02-24 10:00,0.034,1.3,340,47,0.5,4.2
2020-02-24 11:00,0.035,1.5,6,52,1.1,2.7
2020-02-24 12:00,0.037,1.5,291,56,2,1.9
2020-02-24 13:00,0.041,1.4,257,22,2.4,2.5
2020-02-24 14:00,0.042,1.4,248,19,2.7,3.4
2020-02-24 15:00,0.042,1.5,263,22,2.6,4.7
2020-02-24 16:00,0.042,1.6,267,27,2.1,3.2
2020-02-24 17:00,0.041,1.4,253,26,1.2,1
2020-02-24 18:00,0.041,1.6,209,26,0.5,1.2
2020-02-24 19:00,0.038,0.8,234,23,0.1,3.2
2020-02-24 20:00,0.036,1.1,209,46,-0.5,3.9
2020-02-24 21:00,0.033,0.7,240,71,-1.2,2.2
2020-02-24 22:00,0.021,0.8,151,71,-1.3,2.9
2020-02-24 23:00,0.016,0.6,146,47,-1.4,9.2
2020-02-25 00:00,0.018,1.2,81,40,-1.3,9.7
2020-02-25 01:00,0.028,0.7,77,47,-1.4,4.7
2020-02-25 02:00,0.033,0.7,344,58,-1.8,2.7
2020-02-25 03:00,0.03,0.9,259,39,-2.1,1.2
2020-02-25 04:00,0.031,0.9,144,54,-2.3,2.7
2020-02-25 05:00,0.027,0.6,225,42,-2.5,2.7
2020-02-25 06:00,0.024,0.4,151,48,-2.5,3.7
2020-02-25 07:00,0.015,0.7,103,66,-2.4,6.3
2020-02-25 08:00,0.014,1.1,245,50,-1.8,4.9
2020-02-25 09:00,0.022,0.5,353,73,-0.7,4.9
2020-02-25 10:00,0.028,0.8,7,52,0.3,7.5
2020-02-25 11:00,0.038,0.7,342,65,2.3,6.1
2020-02-25 12:00,0.043,0.8,275,60,3.7,3.7
2020-02-25 13:00,0.042,1,354,42,3.6,4.7
2020-02-25 14:00,0.043,1,70,58,4.4,3.8
2020-02-25 15:00,0.044,0.8,1,56,4.6,3.8
2020-02-25 16:00,0.044,0.8,320,34,4.1,4.3
2020-02-25 17:00,0.043,1.7,306,24,4.2,3.5
2020-02-25 18:00,0.037,2.2,242,26,2.5,2.7
2020-02-25 19:00,0.03,2.4,167,52,0.9,4.1
2020-02-25 20:00,0.022,1.7,100,40,-0.1,4.9
2020-02-25 21:00,0.021,0.8,168,57,-0.6,6.3
2020-02-25 22:00,0.022,1.6,132,40,-0.6,8.1
2020-02-25 23:00,0.023,1.9,181,77,-0.5,5.9
2020-02-26 00:00,0.023,0.7,82,40,-0.5,5.4
2020-02-26 01:00,0.02,0.6,318,55,-0.5,7.6
2020-02-26 02:00,0.014,0.9,234,73,-0.8,9.2
2020-02-26 03:00,0.021,0.9,267,63,-0.9,7.8
2020-02-26 04:00,0.022,0.8,113,45,-0.9,5.4
2020-02-26 05:00,0.019,0.6,241,72,-0.9,6.1
2020-02-26 06:00,0.017,0.7,92,69,-1,7.6
2020-02-26 07:00,0.011,0.5,83,49,-0.8,4.7
2020-02-26 08:00,0.006,0.9,222,43,-0.4,3.9
2020-02-26 09:00,0.013,1,167,70,0.1,6.3
2020-02-26 10:00,0.023,1.2,337,70,1.5,8.8
2020-02-26 11:00,NA,0.8,117,73,2.5,7.6
2020-02-26 12:00,NA,1,123,82,3.6,6.9
2020-02-26 13:00,NA,1.1,98,55,4,10
2020-02-26 14:00,NA,1.3,313,54,4.5,11.3
2020-02-26 15:00,NA,0.6,221,56,4.9,NA
2020-02-26 16:00,0.026,0.6,334,59,4.9,6.4
2020-02-26 17:00,0.027,0.6,219,50,4.9,3.1
2020-02-26 18:00,0.033,0.7,259,22,4.9,2.3
2020-02-26 19:00,0.036,0.6,257,19,4.6,-1.5
2020-02-26 20:00,0.036,1,241,27,3.9,-0.8
2020-02-26 21:00,0.034,0.8,235,47,3.6,2.6
2020-02-26 22:00,0.035,1,251,40,3.7,3.1
2020-02-26 23:00,0.038,0.5,257,29,3.4,2.1
2020-02-27 00:00,0.032,0.7,176,74,2.1,2.6
2020-02-27 01:00,0.02,0.6,130,54,-0.4,5.2
2020-02-27 02:00,0.014,0.8,87,54,-1.7,5.4
2020-02-27 03:00,0.008,0.9,98,66,-2.6,4.2
2020-02-27 04:00,0.011,0.6,71,86,-2.9,5.1
2020-02-27 05:00,0.006,0.5,172,80,-3.5,8.5
2020-02-27 06:00,0.001,0.6,125,64,-4.1,9.4
2020-02-27 07:00,0.001,0.8,167,55,-4.2,8
2020-02-27 08:00,0.005,0.9,241,65,-1.5,9
2020-02-27 09:00,0.017,0.7,80,59,0.7,8.4
2020-02-27 10:00,0.026,0.9,273,52,1.8,5.9
2020-02-27 11:00,0.027,0.7,229,45,2.2,4
2020-02-27 12:00,0.025,1.2,75,55,3.8,5.2
2020-02-27 13:00,0.029,1.8,276,31,5.5,4.8
2020-02-27 14:00,0.036,1.7,260,22,6.1,4.3
2020-02-27 15:00,0.035,2.4,149,35,6.3,6.7
2020-02-27 16:00,0.032,2,120,47,6.5,5.3
2020-02-27 17:00,0.028,1.2,90,50,6.7,2.6
2020-02-27 18:00,0.014,1,182,79,4.8,3.8
2020-02-27 19:00,0.002,0.8,102,60,2.6,6
2020-02-27 20:00,0,1,96,71,1.1,6
2020-02-27 21:00,0,2.7,204,72,-0.1,9
2020-02-27 22:00,0,2.5,113,63,-1.2,12.4
2020-02-27 23:00,0.001,1.5,244,62,-2.3,12.7
2020-02-28 00:00,0.001,1.3,144,59,-2.8,20.9
2020-02-28 01:00,0,1.2,228,74,-3.4,7.8
2020-02-28 02:00,0.001,1.2,139,83,-3.9,10.2
2020-02-28 03:00,0,1.8,167,56,-4.4,13.6
2020-02-28 04:00,0,1.7,200,82,-4.9,11.4
2020-02-28 05:00,0,1.7,139,73,-5.5,8.9
2020-02-28 06:00,0,1.9,184,78,-5.8,8.6
2020-02-28 07:00,0.001,2.4,207,71,-5.9,7.8
2020-02-28 08:00,0.006,1.8,264,60,-4.2,7
2020-02-28 09:00,0.015,1.4,252,67,-1.1,8.8
2020-02-28 10:00,0.019,1.9,232,66,1.7,10.5
2020-02-28 11:00,0.022,1.3,118,58,5,27.3
2020-02-28 12:00,0.028,2.2,43,61,8.4,9.3
2020-02-28 13:00,0.035,3.2,85,26,11.5,8.8
2020-02-28 14:00,0.036,4.4,85,22,14,7.7
2020-02-28 15:00,0.042,4.5,195,30,15.4,3.8
2020-02-28 16:00,0.041,3.2,220,27,15.5,2.3
2020-02-28 17:00,0.039,1.9,185,31,14.7,3.1
2020-02-28 18:00,0.023,1.5,122,30,11,1.8
2020-02-28 19:00,0.008,1.7,82,54,7.2,5
2020-02-28 20:00,0.005,2,65,68,5.1,9.1
2020-02-28 21:00,0.03,1.4,155,37,7.7,6.2
2020-02-28 22:00,0.039,1.4,192,48,8.7,1.1
2020-02-28 23:00,0.029,1.6,350,55,5.2,0.6
2020-02-29 00:00,0.026,1.8,29,54,3.9,3.5
2020-02-29 01:00,0.027,0.8,54,52,3.2,5.7
2020-02-29 02:00,0.024,0.9,247,75,2.6,4.8
2020-02-29 03:00,0.028,0.7,1,48,3.5,6.2
2020-02-29 04:00,0.038,1.1,19,51,4.8,6.2
2020-02-29 05:00,0.038,0.9,72,58,3.7,2.5
2020-02-29 06:00,0.039,1.4,312,62,3.7,1.3
2020-02-29 07:00,0.041,1.3,338,33,3.2,0
2020-02-29 08:00,0.042,1.6,332,41,2.9,-1.5
2020-02-29 09:00,0.043,1.1,326,68,3,0.1
2020-02-29 10:00,0.042,1.1,321,35,2.9,2.1
2020-02-29 11:00,0.042,1.1,284,67,2.8,0.3
2020-02-29 12:00,0.043,2,240,39,3.2,-0.3
2020-02-29 13:00,0.044,1.5,264,57,4.7,3
2020-02-29 14:00,0.043,1.3,231,23,4.8,3.3
2020-02-29 15:00,0.043,3.2,243,19,4.9,2.8
2020-02-29 16:00,0.042,2.9,296,26,3.1,4
2020-02-29 17:00,0.041,3.8,216,43,2.7,2.3
2020-02-29 18:00,0.04,4,184,34,2.1,0.9
2020-02-29 19:00,0.039,2.5,263,35,1.9,0.3
2020-02-29 20:00,0.036,2.4,49,34,0.4,-0.8
2020-02-29 21:00,0.035,2.4,95,35,0.5,1.3
2020-02-29 22:00,0.032,2.6,216,38,0,4.1
2020-02-29 23:00,0.038,2.5,218,42,-0.2,2.2
2020-03-01 00:00,0.036,2.7,316,54,-1.2,2
2020-03-01 01:00,0.032,3.8,101,53,-2.2,2.4
2020-03-01 02:00,0.027,4.1,243,65,-2.2,1.9
2020-03-01 03:00,0.031,3,304,64,-2.2,4.2
2020-03-01 04:00,0.03,3.4,292,39,-2.3,1.4
2020-03-01 05:00,0.03,2.9,302,60,-2.6,0.7
2020-03-01 06:00,0.028,3.6,306,42,-3.4,1.3
2020-03-01 07:00,0.026,3.9,316,39,-3.9,1.3
2020-03-01 08:00,0.027,4,318,40,-4.3,1.5
2020-03-01 09:00,0.03,4.4,245,67,-3.7,2.2
2020-03-01 10:00,0.032,2.3,5,54,-0.8,6.7
2020-03-01 11:00,0.033,2.1,327,70,1.6,9.1
2020-03-01 12:00,0.036,2.2,343,50,2.2,6.9
2020-03-01 13:00,0.039,3.8,112,66,3.2,3.8
2020-03-01 14:00,0.04,2.2,311,61,3.7,3.8
2020-03-01 15:00,0.041,3.7,296,23,4,2.3
2020-03-01 16:00,0.04,4.2,279,23,3.9,1.6
2020-03-01 17:00,0.04,2.7,284,22,3.2,3.1
2020-03-01 18:00,0.041,1.9,265,24,1.7,1.6
2020-03-01 19:00,0.039,1.3,246,25,1.2,-0.1
2020-03-01 20:00,0.039,1.4,254,28,0.7,0.6
2020-03-01 21:00,0.039,1,268,31,0.6,-0.6
2020-03-01 22:00,0.038,1.2,253,29,-0.1,-3.4
2020-03-01 23:00,0.039,1.3,262,31,0,0.2
2020-03-02 00:00,0.039,0.9,249,30,0.1,6.7
2020-03-02 01:00,0.04,1.3,237,25,0.1,6.1
2020-03-02 02:00,0.04,1.2,231,23,0.2,4
2020-03-02 03:00,0.04,1.3,226,28,0.1,2.9
2020-03-02 04:00,0.04,1.1,225,28,0.2,2.5
2020-03-02 05:00,0.04,2.3,231,26,0.3,4.6
2020-03-02 06:00,0.039,1.3,233,25,0.3,5.2
2020-03-02 07:00,0.038,1,255,30,0.4,3.2
2020-03-02 08:00,0.037,1.2,246,28,0.4,3.8
2020-03-02 09:00,0.038,0.6,259,25,1.1,3.2
2020-03-02 10:00,0.036,1.9,259,30,1.4,-0.6
2020-03-02 11:00,0.035,5,272,37,1.7,0.5
2020-03-02 12:00,0.035,5,275,31,2.3,3.5
2020-03-02 13:00,0.037,5,259,25,2.6,3.3
2020-03-02 14:00,0.036,5,327,33,3.1,4
2020-03-02 15:00,0.037,3.6,253,23,3.8,4.3
2020-03-02 16:00,0.038,1.9,265,20,4,4.3
2020-03-02 17:00,0.035,2.2,276,25,3.6,2.1
2020-03-02 18:00,0.035,1.9,275,31,3.2,2.3
2020-03-02 19:00,0.03,1.1,15,48,2.5,3.5
2020-03-02 20:00,0.029,0.9,339,33,2.4,2.8
2020-03-02 21:00,0.03,1.1,346,64,2.7,2.8
2020-03-02 22:00,0.029,1.1,107,53,2.6,3
2020-03-02 23:00,0.032,0.8,100,44,2.9,3.5
2020-03-03 00:00,0.029,0.9,181,62,2.6,3
2020-03-03 01:00,0.028,1.3,81,55,2.5,2.8
2020-03-03 02:00,0.025,1.2,310,73,2.4,3
2020-03-03 03:00,0.025,1.3,55,63,3,3.1
2020-03-03 04:00,0.023,1.1,91,60,3.3,3
2020-03-03 05:00,0.028,2.3,191,34,5.1,2.3
2020-03-03 06:00,0.023,1.3,16,53,5.5,4.5
2020-03-03 07:00,0.016,1,315,60,5,3.5
2020-03-03 08:00,0.021,1.2,258,37,5.3,0.6
2020-03-03 09:00,0.02,0.6,113,48,6,0.3
2020-03-03 10:00,0.03,1.9,267,47,7.6,1.6
2020-03-03 11:00,0.039,5,254,17,9.2,0.4
2020-03-03 12:00,0.039,5,253,17,9.8,-1
2020-03-03 13:00,0.039,5,240,19,9.8,1.1
2020-03-03 14:00,0.04,5,251,19,10.2,3.3
2020-03-03 15:00,0.04,3.6,283,22,9.2,2.8
2020-03-03 16:00,0.04,1.9,298,30,9,2.6
2020-03-03 17:00,0.037,2.2,295,38,8.3,4
2020-03-03 18:00,0.036,1.9,310,29,7.4,3.8
2020-03-03 19:00,0.024,1.1,106,37,5.9,4.3
2020-03-03 20:00,0.015,0.9,61,71,4.5,3.8
2020-03-03 21:00,0.016,1.1,134,78,3.2,2.3
2020-03-03 22:00,0.009,1.1,57,67,2.8,6.9
2020-03-03 23:00,0.01,0.8,102,85,3.1,8.1
2020-03-04 00:00,0.022,1.2,29,75,4.3,4.7
2020-03-04 01:00,0.039,2.7,256,50,7,4.3
2020-03-04 02:00,0.041,4.2,263,25,6.7,0.8
2020-03-04 03:00,0.039,3.9,257,22,5.7,-1.3
2020-03-04 04:00,0.038,4.5,258,18,4.8,-0.3
2020-03-04 05:00,0.036,3.2,257,33,3.3,0.6
2020-03-04 06:00,0.037,4.2,245,21,3.8,1.3
2020-03-04 07:00,0.038,4.4,255,20,4.7,2.5
2020-03-04 08:00,0.037,3.9,245,16,5.1,3.1
2020-03-04 09:00,0.041,5.8,248,13,5.8,5
2020-03-04 10:00,0.04,4.8,282,19,5,7.7
2020-03-04 11:00,0.041,6,281,20,3.5,5
2020-03-04 12:00,BF,4.6,285,20,6.2,2.6
2020-03-04 13:00,AT,5.5,266,21,6.5,3.1
2020-03-04 14:00,0.044,6,252,17,6.6,1.8
2020-03-04 15:00,0.044,5.3,257,21,7.2,2.8
2020-03-04 16:00,0.044,4.3,264,21,7.1,2.6
2020-03-04 17:00,0.043,2.8,275,24,6.6,2.3
2020-03-04 18:00,0.041,3.2,249,20,4.8,3.1
2020-03-04 19:00,0.041,2,267,30,4,2.5
2020-03-04 20:00,0.023,1,160,57,1.5,1.3
2020-03-04 21:00,0.011,1,102,60,-0.1,-0.8
2020-03-04 22:00,0.02,1.3,88,38,-1.1,0.7
2020-03-04 23:00,0.017,1,195,56,-2.1,4.6
2020-03-05 00:00,0.018,1,80,60,-2.9,6.8
2020-03-05 01:00,0.008,0.9,223,62,-4,6.3
2020-03-05 02:00,0.01,0.7,121,63,-4.5,4.7
2020-03-05 03:00,0.005,0.7,172,56,-5.1,3.4
2020-03-05 04:00,0.012,0.8,175,65,-4.8,4.1
2020-03-05 05:00,0.003,0.9,207,68,-5.7,6.7
2020-03-05 06:00,0.001,1,253,59,-6,8.4
2020-03-05 07:00,0.003,1.1,242,60,-5.6,5.9
2020-03-05 08:00,0.008,1.2,220,58,-3.7,5.9
2020-03-05 09:00,0.017,1,248,52,-1.1,10.3
2020-03-05 10:00,0.027,1.2,262,53,1.6,11.5
2020-03-05 11:00,0.034,0.9,259,61,4.6,12.5
2020-03-05 12:00,0.036,0.9,243,65,7.6,9.5
2020-03-05 13:00,0.039,1.1,87,72,10.3,3.5
2020-03-05 14:00,0.04,1.6,90,50,12.3,2.6
2020-03-05 15:00,0.041,1.3,78,53,13.8,4
2020-03-05 16:00,0.041,1.4,75,37,14.9,4.8
2020-03-05 17:00,0.039,1.2,98,19,14.7,3.3
2020-03-05 18:00,0.026,1.3,90,24,10.6,6.7
2020-03-05 19:00,0.025,0.9,117,43,7.5,10.5
2020-03-05 20:00,0.006,0.7,207,68,4.1,10
2020-03-05 21:00,0.002,0.7,201,70,2.3,9.3
2020-03-05 22:00,0.001,0.9,155,63,0.9,9.1
2020-03-05 23:00,0.001,0.9,107,62,-0.3,9.1
2020-03-06 00:00,0.001,0.9,204,75,-0.7,6.1
2020-03-06 01:00,0.005,0.8,178,70,-0.5,5.5
2020-03-06 02:00,0.009,1.3,232,67,-0.8,8.6
2020-03-06 03:00,0.014,1.1,229,67,-1.3,9.1
2020-03-06 04:00,0.017,1.1,227,59,-1.2,7.8
2020-03-06 05:00,0.017,0.7,253,70,-1.2,5.2
2020-03-06 06:00,0.008,0.9,196,54,-1.6,4.9
2020-03-06 07:00,0.003,0.7,191,73,-1.8,8.5
2020-03-06 08:00,0.009,0.6,217,68,-0.4,9.5
2020-03-06 09:00,0.012,0.8,235,69,2.1,8.8
2020-03-06 10:00,0.022,0.8,270,67,5.2,10.3
2020-03-06 11:00,0.025,0.9,150,75,9.1,11
2020-03-06 12:00,0.03,1.2,104,57,11.7,9.3
2020-03-06 13:00,0.031,1.7,74,32,14.6,8.3
2020-03-06 14:00,0.037,1.4,3,42,17,7.7
2020-03-06 15:00,0.044,1.4,285,63,18.3,8.3
2020-03-06 16:00,0.046,2.5,259,18,18.2,7.9
2020-03-06 17:00,0.042,1.1,271,22,17,5.3
2020-03-06 18:00,0.031,0.8,165,66,14.3,7.7
2020-03-06 19:00,0.023,0.9,94,52,11.4,9.3
2020-03-06 20:00,0.018,0.8,77,54,8.8,8.6
2020-03-06 21:00,0.011,0.6,150,66,6.7,10.8
2020-03-06 22:00,0.005,0.6,91,67,5.4,11.3
2020-03-06 23:00,0.006,0.9,187,69,3.5,11.5
2020-03-07 00:00,0.008,0.9,172,78,2.9,9.8
2020-03-07 01:00,0.006,1,227,62,2.5,7.4
2020-03-07 02:00,0.009,0.8,260,67,1.8,6.7
2020-03-07 03:00,0.011,0.8,170,71,1.1,5
2020-03-07 04:00,0.009,0.8,164,66,0.5,5.5
2020-03-07 05:00,0.004,0.7,95,81,0.3,7.6
2020-03-07 06:00,0.002,0.6,168,73,0.8,7
2020-03-07 07:00,0.001,0.6,190,75,0.8,5.4
2020-03-07 08:00,0.006,1,103,61,1.8,7.8
2020-03-07 09:00,0.012,1,279,67,3.3,9
2020-03-07 10:00,0.019,0.9,258,61,5.8,7.7
2020-03-07 11:00,0.02,1,161,54,7.9,7.2
2020-03-07 12:00,0.033,2.1,200,41,11.2,6.5
2020-03-07 13:00,0.045,2.7,171,21,13.2,5.5
2020-03-07 14:00,0.045,1.8,225,31,13.1,5.7
2020-03-07 15:00,0.044,2.6,267,41,10.7,6
2020-03-07 16:00,0.042,2,86,39,8.8,3.8
2020-03-07 17:00,0.041,1.3,349,54,8.7,2.8
2020-03-07 18:00,0.038,1.7,238,26,8.1,5.5
2020-03-07 19:00,0.036,3.3,287,22,6.5,5.5
2020-03-07 20:00,0.035,3.2,310,24,4.9,4
2020-03-07 21:00,0.034,1.4,322,29,4.2,4.1
2020-03-07 22:00,0.028,0.9,225,35,3.2,4.3
2020-03-07 23:00,0.033,2.3,244,19,3.4,4.8
2020-03-08 00:00,0.039,1.7,243,23,3.5,2.1
2020-03-08 01:00,0.039,1.7,259,23,3,0.8
2020-03-08 02:00,0.042,2.9,265,20,2.8,2.8
2020-03-08 03:00,0.041,1,304,41,1.6,2.3
2020-03-08 04:00,0.037,1.2,337,57,0.5,0.1
2020-03-08 05:00,0.024,1.3,100,41,-1.7,0.7
2020-03-08 06:00,0.025,1.2,88,38,-2.2,4.4
2020-03-08 07:00,0.029,1.3,100,42,-1.3,4.2
2020-03-08 08:00,0.037,1.5,82,26,1.6,2.4
2020-03-08 09:00,0.04,0.9,56,67,3.6,4.3
2020-03-08 10:00,0.042,1.3,68,48,4.7,4.5
2020-03-08 11:00,0.043,1.8,188,53,6.2,1.3
2020-03-08 12:00,0.043,3,189,28,7.1,0.6
2020-03-08 13:00,0.043,3.1,211,27,6.9,0.9
2020-03-08 14:00,0.043,1.7,279,56,7.1,0.1
2020-03-08 15:00,0.043,2.5,232,34,7.2,1.3
2020-03-08 16:00,0.043,1.5,299,31,7.2,2.8
2020-03-08 17:00,0.043,1.6,267,24,6.9,1.8
2020-03-08 18:00,0.04,1.5,308,33,5.6,2.1
2020-03-08 19:00,0.031,0.7,123,50,4.2,4.5
2020-03-08 20:00,0.019,0.5,138,54,2.5,5.7
2020-03-08 21:00,0.014,0.7,203,60,1.8,6.5
2020-03-08 22:00,0.029,0.9,200,46,1.9,5.3
2020-03-08 23:00,0.031,0.7,185,44,1.7,4.3
2020-03-09 00:00,0.029,0.8,75,39,1.5,2.8
2020-03-09 01:00,0.033,0.5,230,82,1.3,2.1
2020-03-09 02:00,0.025,0.7,163,53,0.8,2.5
2020-03-09 03:00,0.022,0.9,285,35,0.6,3.5
2020-03-09 04:00,0.022,1.4,270,41,0.4,4.8
2020-03-09 05:00,0.023,1.1,203,44,-0.4,3.7
2020-03-09 06:00,0.013,0.6,222,62,-0.7,0.5
2020-03-09 07:00,0.003,0.9,217,49,-1.1,4.3
2020-03-09 08:00,0.016,0.6,137,57,0.3,4.4
2020-03-09 09:00,0.032,1.2,122,52,2.2,3.5
2020-03-09 10:00,0.037,1.3,112,67,4.1,7.2
2020-03-09 11:00,0.039,1.4,146,58,5.4,5
2020-03-09 12:00,0.041,1.4,179,37,5.3,1.8
2020-03-09 13:00,0.042,1.2,292,59,5.7,2.3
2020-03-09 14:00,0.043,1.4,194,47,6.4,2.3
2020-03-09 15:00,0.042,1.9,318,45,7.1,0.9
2020-03-09 16:00,0.041,2.3,293,23,6.4,1.6
2020-03-09 17:00,0.041,2.4,289,22,6.2,1.8
2020-03-09 18:00,0.038,1.5,286,27,4.8,5.3
2020-03-09 19:00,0.027,0.7,211,54,2.5,7.9
2020-03-09 20:00,0.015,0.7,112,46,0.8,6.7
2020-03-09 21:00,0.019,0.8,121,48,0.3,3.3
2020-03-09 22:00,0.016,0.6,185,71,-1,5.4
2020-03-09 23:00,0.016,0.9,233,66,-2.3,8.6
2020-03-10 00:00,0.009,0.8,96,75,-3.2,5.2
2020-03-10 01:00,0.007,0.9,206,64,-3.7,4.6
2020-03-10 02:00,0.008,0.9,96,54,-4,5.4
2020-03-10 03:00,0.004,0.5,163,74,-5.1,5.1
2020-03-10 04:00,0,0.7,241,53,-5.7,7.1
2020-03-10 05:00,0,0.6,107,69,-6.2,5.2
2020-03-10 06:00,0.001,0.6,155,71,-6.7,7.4
2020-03-10 07:00,0.002,0.5,146,68,-6.2,NA
2020-03-10 08:00,0.005,0.7,227,61,-3.1,NA
2020-03-10 09:00,0.014,1,218,76,-0.8,18.4
2020-03-10 10:00,0.027,1.2,10,50,2,12.9
2020-03-10 11:00,0.032,1.5,352,48,6,22.1
2020-03-10 12:00,0.039,2.2,294,35,7.6,6.2
2020-03-10 13:00,0.039,2.4,318,37,7.7,5.5
2020-03-10 14:00,0.043,4.4,239,25,9.4,4.5
2020-03-10 15:00,0.044,5.2,237,20,10.3,3.8
2020-03-10 16:00,0.044,4,241,24,9.7,3.6
2020-03-10 17:00,0.045,3.9,230,20,9.4,3.3
2020-03-10 18:00,0.045,4,258,19,8.7,2.1
2020-03-10 19:00,0.044,1.8,244,30,8.2,0.9
2020-03-10 20:00,0.043,1.1,286,37,7.9,1.8
2020-03-10 21:00,0.041,0.8,19,48,7.6,1.6
2020-03-10 22:00,0.034,0.7,138,57,6.4,0.8
2020-03-10 23:00,0.028,0.8,93,73,5.7,2.8
2020-03-11 00:00,0.029,1.1,130,80,5.3,2.6
2020-03-11 01:00,0.032,1.1,107,71,5.5,0.3
2020-03-11 02:00,0.024,0.6,110,73,3.9,-0.8
2020-03-11 03:00,0.03,0.9,257,72,5.2,0.1
2020-03-11 04:00,0.04,1.6,243,34,8.1,1.8
2020-03-11 05:00,0.041,2.5,235,33,8.9,1.8
2020-03-11 06:00,0.039,3.1,246,20,9.1,2.8
2020-03-11 07:00,0.04,3.6,238,20,9,3.5
2020-03-11 08:00,0.041,2.9,222,25,9,1.8
2020-03-11 09:00,0.042,3,226,24,9,0.3
2020-03-11 10:00,0.041,3.7,248,22,9.1,0.9
2020-03-11 11:00,0.04,3.3,272,27,9.1,2.8
2020-03-11 12:00,0.04,2.5,303,23,9.1,3.3
2020-03-11 13:00,0.041,3.7,316,23,9.1,3.8
2020-03-11 14:00,0.041,4.3,312,22,8,5.3
2020-03-11 15:00,0.041,2.4,262,51,8,4.3
2020-03-11 16:00,0.042,3.8,261,44,8.3,2.6
2020-03-11 17:00,0.042,4.4,260,19,8.2,3.8
2020-03-11 18:00,0.041,3.2,327,22,5.5,5
2020-03-11 19:00,0.04,3.6,326,44,0.7,5
2020-03-11 20:00,0.039,1.6,166,34,0,3.5
2020-03-11 21:00,0.033,1.2,127,51,-0.1,3.3
2020-03-11 22:00,0.033,1.1,104,54,-0.6,2.7
2020-03-11 23:00,0.024,0.8,176,57,-1.2,2.3
2020-03-12 00:00,0.017,0.9,239,63,-2,-0.4
2020-03-12 01:00,0.019,0.6,78,50,-2.9,-1.1
2020-03-12 02:00,0.006,0.7,201,69,-3.9,1.2
2020-03-12 03:00,0.01,0.6,62,62,-4.4,-0.9
2020-03-12 04:00,0.003,0.6,198,51,-5.3,5.7
2020-03-12 05:00,0.002,0.7,157,73,-5.8,12.5
2020-03-12 06:00,0.001,0.6,113,72,-6.4,7.2
2020-03-12 07:00,0.002,0.8,219,57,-6,4
2020-03-12 08:00,0.011,0.8,207,58,-3,6.4
2020-03-12 09:00,0.023,1,351,57,-0.5,7.9
2020-03-12 10:00,0.036,1,298,77,1.6,7.9
2020-03-12 11:00,0.034,1.3,103,55,1.9,8.6
2020-03-12 12:00,0.039,1.6,166,54,4.1,6.7
2020-03-12 13:00,0.045,2.5,328,30,4.9,4.8
2020-03-12 14:00,0.046,2.9,321,26,6,2.1
2020-03-12 15:00,0.046,3,321,22,6.2,1.6
2020-03-12 16:00,0.045,2.8,319,24,5.9,3.8
2020-03-12 17:00,0.044,2.3,322,21,5.4,1.8
2020-03-12 18:00,0.04,1.4,303,29,3.8,1.1
2020-03-12 19:00,0.025,0.9,117,56,1.6,3.8
2020-03-12 20:00,0.021,1,95,62,-0.3,5.9
2020-03-12 21:00,0.018,1,94,74,-1.4,4.1
2020-03-12 22:00,0.013,0.8,200,62,-2.6,4.2
2020-03-12 23:00,0.014,0.7,165,52,-3.7,6.8
2020-03-13 00:00,0.014,0.6,189,70,-4.3,4.4
2020-03-13 01:00,0.011,0.8,202,61,-5.4,0.8
2020-03-13 02:00,0.012,0.6,220,58,-5.9,2.3
2020-03-13 03:00,0.006,0.9,215,37,-6,4
2020-03-13 04:00,0.009,0.6,224,51,-5.7,2.5
2020-03-13 05:00,0.007,0.6,214,69,-5.5,3
2020-03-13 06:00,0.003,1.2,229,60,-5.2,7.4
2020-03-13 07:00,0.005,1.3,217,54,-4.8,6.7
2020-03-13 08:00,0.019,1.5,193,71,-3.4,4.9
2020-03-13 09:00,0.042,5.8,93,29,0.2,5.6
2020-03-13 10:00,0.043,6.8,89,20,1.2,5.2
2020-03-13 11:00,0.043,7.6,92,18,1.9,4.4
2020-03-13 12:00,0.042,6.1,85,19,2.5,2.8
2020-03-13 13:00,0.041,6.1,76,18,1.6,5.2
2020-03-13 14:00,0.04,6.7,81,15,0.3,7.4
2020-03-13 15:00,0.037,6,91,15,-0.6,6.7
2020-03-13 16:00,0.037,6.2,94,15,-1,6.1
2020-03-13 17:00,0.036,7.1,99,12,-1.6,3.2
2020-03-13 18:00,0.036,7.9,98,10,-2.4,1
2020-03-13 19:00,0.037,9.6,95,10,-3,3.4
2020-03-13 20:00,0.037,9.7,95,10,-3.5,5.4
2020-03-13 21:00,0.037,10,99,9,-4,2.9
2020-03-13 22:00,0.037,11.3,96,9,-4.4,4
2020-03-13 23:00,0.036,11.3,96,9,-5,7.4
2020-03-14 00:00,0.036,10.6,95,9,-5.6,5.9
2020-03-14 01:00,0.036,11.4,95,9,-5.9,3.5
2020-03-14 02:00,0.036,11.7,92,10,-6.4,0.8
2020-03-14 03:00,0.035,11.6,95,9,-6.7,0.6
2020-03-14 04:00,0.035,11.6,97,9,-7.2,1.5
2020-03-14 05:00,0.034,10.5,97,10,-8.1,3.3
2020-03-14 06:00,0.033,8.9,101,11,-8.7,4.3
2020-03-14 07:00,0.033,7.6,103,12,-8.8,2.5
2020-03-14 08:00,0.032,8.5,101,12,-8.5,3.3
2020-03-14 09:00,0.032,7.3,101,15,-8.3,0.8
2020-03-14 10:00,0.031,4.9,79,24,-7.3,-0.3
2020-03-14 11:00,0.032,7.4,96,13,-5.7,2.9
2020-03-14 12:00,0.032,6.8,91,13,-5.4,2.2
2020-03-14 13:00,0.032,6.8,90,14,-4.6,1.4
2020-03-14 14:00,0.032,7.1,86,12,-4.2,2.9
2020-03-14 15:00,0.032,6.6,83,12,-4.5,1
2020-03-14 16:00,0.031,5.4,82,14,-4.6,1.3
2020-03-14 17:00,0.031,5.7,81,16,-4.8,3.9
2020-03-14 18:00,0.03,5.6,86,16,-5.8,5
2020-03-14 19:00,0.03,4.3,69,25,-7,5.5
2020-03-14 20:00,0.029,4.5,71,21,-7.7,4
2020-03-14 21:00,0.03,5.1,76,17,-8.5,2.5
2020-03-14 22:00,0.03,5.4,84,17,-9.4,4
2020-03-14 23:00,0.031,5.1,86,21,-10,4.7
2020-03-15 00:00,0.03,4.5,75,29,-10.2,2.8
2020-03-15 01:00,0.031,5.4,72,27,-10.1,5.5
2020-03-15 02:00,0.031,2.8,53,42,-10.5,6.4
2020-03-15 03:00,0.03,2.1,42,58,-10.4,5.2
2020-03-15 04:00,0.03,1.9,31,60,-10.4,5.2
2020-03-15 05:00,0.029,2,41,60,-10.5,3.8
2020-03-15 06:00,0.029,2,36,53,-10.7,3.5
2020-03-15 07:00,0.028,1.9,25,56,-10.5,3.7
2020-03-15 08:00,0.028,2.2,37,44,-10.2,3.8
2020-03-15 09:00,0.029,2.6,36,29,-9,5.2
2020-03-15 10:00,0.029,2.6,32,33,-6.8,6.6
2020-03-15 11:00,0.03,3.4,44,26,-4.7,8.3
2020-03-15 12:00,0.03,3,31,36,-3,7.1
2020-03-15 13:00,0.031,2.4,42,49,-1.3,7.9
2020-03-15 14:00,0.032,2.7,331,41,-0.3,11.7
2020-03-15 15:00,0.032,2.9,301,29,-0.6,9.8
2020-03-15 16:00,0.031,2.3,297,34,-1.2,5.7
2020-03-15 17:00,0.031,2.4,300,34,-2,3.8
2020-03-15 18:00,0.029,1.9,298,36,-2.9,-1
2020-03-15 19:00,0.028,2,223,36,-4.1,-0.8
2020-03-15 20:00,0.028,1.1,240,46,-4.7,4.7
2020-03-15 21:00,0.025,0.7,221,52,-5.5,8.4
2020-03-15 22:00,0.018,0.9,213,48,-6.5,9.3
2020-03-15 23:00,0.019,0.6,191,49,-7,10.3
2020-03-16 00:00,0.01,0.8,265,67,-7.7,15.7
2020-03-16 01:00,0.008,0.6,218,50,-8.6,10.5
2020-03-16 02:00,0.004,0.8,222,62,-9.2,10.3
2020-03-16 03:00,0.002,0.6,220,66,-9.6,9.3
2020-03-16 04:00,0.001,0.6,211,47,-10.2,8.4
2020-03-16 05:00,0.001,0.5,232,57,-10.7,7.9
2020-03-16 06:00,0.001,0.5,250,61,-10.8,10.5
2020-03-16 07:00,0.003,0.8,227,46,-9.6,15.9
2020-03-16 08:00,0.012,1,249,60,-6.6,8.4
2020-03-16 09:00,0.022,1.2,224,82,-4.2,8.6
2020-03-16 10:00,0.025,1.2,291,71,-2,8.8
2020-03-16 11:00,0.029,1.6,266,75,0.2,8.1
2020-03-16 12:00,0.031,1.6,358,55,2.7,11.3
2020-03-16 13:00,0.034,1.3,170,52,5,11.5
2020-03-16 14:00,0.036,1.9,256,38,6.1,9.1
2020-03-16 15:00,0.036,1.9,313,50,7.4,8.8
2020-03-16 16:00,0.037,2.3,320,22,7.6,5
2020-03-16 17:00,0.037,2,313,20,7.1,2.8
2020-03-16 18:00,0.033,1.6,268,30,4.9,3.6
2020-03-16 19:00,0.03,1.1,184,32,2.1,3.8
2020-03-16 20:00,0.018,0.8,143,36,-0.3,4.3
2020-03-16 21:00,0.021,0.7,173,54,-1.5,5.1
2020-03-16 22:00,0.014,0.7,134,53,-2.7,6.9
2020-03-16 23:00,0.008,0.6,146,66,-3.7,6.9
2020-03-17 00:00,0.003,0.5,177,62,-4.9,5.7
2020-03-17 01:00,0.002,0.4,93,78,-5.6,5.9
2020-03-17 02:00,0.001,0.5,177,52,-6.2,7.1
2020-03-17 03:00,0.003,0.5,213,52,-6.9,9.8
2020-03-17 04:00,0.001,0.5,203,50,-7.5,11.5
2020-03-17 05:00,0,0.5,190,60,-8,8.8
2020-03-17 06:00,0.001,0.6,173,64,-8.3,8.1
2020-03-17 07:00,0.003,0.8,236,59,-6.7,10.7
2020-03-17 08:00,0.01,1.2,239,59,-4,11.7
2020-03-17 09:00,0.018,0.8,66,81,-0.7,12.2
2020-03-17 10:00,0.022,1.1,310,71,1.8,8.6
2020-03-17 11:00,0.029,1.2,311,76,4.2,7.7
2020-03-17 12:00,0.033,1.1,330,62,7,8.3
2020-03-17 13:00,0.037,1.6,325,69,9.2,6
2020-03-17 14:00,0.039,2.2,334,35,10.9,4.5
2020-03-17 15:00,0.042,2.5,344,33,11.8,2.3
2020-03-17 16:00,0.044,3.2,48,27,12.8,1.3
2020-03-17 17:00,0.05,3.7,69,13,11.5,2.1
2020-03-17 18:00,0.052,5.2,78,11,9,2.6
2020-03-17 19:00,0.052,5.5,84,11,7.1,4.8
2020-03-17 20:00,0.052,5.7,95,18,5.5,4
2020-03-17 21:00,0.052,7.1,87,17,4.2,3.3
2020-03-17 22:00,0.054,6.8,92,19,3.3,3.1
2020-03-17 23:00,0.055,6.8,85,21,2.7,2.1
2020-03-18 00:00,0.055,7.7,98,16,2.2,2.8
2020-03-18 01:00,0.054,7.8,99,18,1.7,3.4
2020-03-18 02:00,0.053,6.4,100,20,1.4,5.2
2020-03-18 03:00,0.053,4.7,86,35,0.9,4.2
2020-03-18 04:00,0.052,4.9,88,26,0.9,3
2020-03-18 05:00,0.051,3.6,93,26,0.9,4.2
2020-03-18 06:00,0.049,2.7,82,33,0.8,6.2
2020-03-18 07:00,0.046,1.5,48,55,0.6,4.9
2020-03-18 08:00,0.048,1.4,50,47,2.1,6.4
2020-03-18 09:00,BF,1.7,18,36,2.6,10.3
2020-03-18 10:00,0.046,2.4,299,27,2,7.2
2020-03-18 11:00,0.047,2.7,324,26,2.8,4.3
2020-03-18 12:00,0.049,1.4,325,56,4.2,5
2020-03-18 13:00,0.049,1.2,312,66,4.9,6.2
2020-03-18 14:00,0.05,1.1,264,61,5.7,5.5
2020-03-18 15:00,0.051,1.2,115,56,7.9,6
2020-03-18 16:00,0.049,1.4,79,71,9.1,6.2
2020-03-18 17:00,0.046,1.1,324,58,9.6,3.8
2020-03-18 18:00,0.042,0.9,224,28,7.3,4.8
2020-03-18 19:00,0.024,0.6,171,55,4.3,7.2
2020-03-18 20:00,0.032,1,61,50,3.7,6.7
2020-03-18 21:00,0.015,0.6,187,46,1.5,9.3
2020-03-18 22:00,0.012,0.6,154,57,0.8,19.4
2020-03-18 23:00,0.011,0.8,268,59,-0.2,9
2020-03-19 00:00,0.006,0.7,237,73,-0.9,8.3
2020-03-19 01:00,0.004,0.8,191,51,-1.9,8.3
2020-03-19 02:00,0.004,0.6,108,69,-1.7,9.4
2020-03-19 03:00,0.001,0.9,198,52,-2.5,9.5
2020-03-19 04:00,0.005,1.2,235,52,-2.5,8.9
2020-03-19 05:00,0.004,0.7,225,76,-3.3,9.5
2020-03-19 06:00,0.001,0.7,203,62,-4,7.1
2020-03-19 07:00,0.008,1.2,243,59,-2.3,5.6
2020-03-19 08:00,0.04,3,74,28,1.7,8.4
2020-03-19 09:00,0.043,5.8,84,18,3.1,5.7
2020-03-19 10:00,0.044,7.3,91,12,3.5,3.8
2020-03-19 11:00,0.045,8.8,95,13,4,5.7
2020-03-19 12:00,0.045,8.4,100,10,5.1,5.5
2020-03-19 13:00,0.045,5.4,88,18,6.8,6
2020-03-19 14:00,0.046,4.9,84,19,7.4,4
2020-03-19 15:00,0.047,6.1,92,14,7.2,2.8
2020-03-19 16:00,0.046,6,97,10,6.6,5.5
2020-03-19 17:00,0.046,5.9,98,12,5.4,6.5
2020-03-19 18:00,0.046,7,99,12,3.6,5
2020-03-19 19:00,0.045,5.9,88,18,2.2,1.8
2020-03-19 20:00,0.045,5.9,88,21,1.2,-1.8
2020-03-19 21:00,0.044,6.2,85,22,0.4,-3.3
2020-03-19 22:00,0.044,5.5,89,23,-0.1,0
2020-03-19 23:00,0.043,2.9,82,31,-0.9,4.2
2020-03-20 00:00,0.042,2.8,72,30,-1.7,4.4
2020-03-20 01:00,0.042,2.5,57,33,-1.7,3.9
2020-03-20 02:00,0.04,1.2,209,66,-2.1,5.1
2020-03-20 03:00,0.035,1.2,233,61,-3,5.6
2020-03-20 04:00,0.038,1.6,84,45,-3,4.4
2020-03-20 05:00,0.037,2.7,95,28,-3.5,5.1
2020-03-20 06:00,0.035,2.9,103,33,-3.9,6.2
2020-03-20 07:00,0.026,1.2,159,52,-3.8,6.8
2020-03-20 08:00,0.031,1.1,230,59,-1.9,7.8
2020-03-20 09:00,0.035,1.2,60,56,-0.3,7.4
2020-03-20 10:00,0.037,1.2,3,65,1.4,7.4
2020-03-20 11:00,0.039,1.2,69,70,3.5,11.2
2020-03-20 12:00,0.039,1,75,68,5.9,14.9
2020-03-20 13:00,0.042,1.2,51,63,7.7,10.5
2020-03-20 14:00,0.044,1.4,139,67,9.7,7.4
2020-03-20 15:00,0.048,1.2,11,63,11,6.9
2020-03-20 16:00,0.049,1.8,156,35,11.8,6.5
2020-03-20 17:00,0.048,1.7,210,26,10.5,6.5
2020-03-20 18:00,0.044,2.1,228,19,9.3,3.5
2020-03-20 19:00,0.041,1.6,260,30,8.3,3.1
2020-03-20 20:00,0.042,1.2,223,46,8.3,3.5
2020-03-20 21:00,0.027,1.2,75,27,4.9,6.5
2020-03-20 22:00,0.028,1.2,66,26,2.6,9.6
2020-03-20 23:00,0.022,0.8,85,39,1.4,6.9
2020-03-21 00:00,0.015,0.6,119,54,-0.4,3
2020-03-21 01:00,0.007,0.6,112,50,-0.9,1.9
2020-03-21 02:00,0.003,0.6,215,66,-1.3,6.7
2020-03-21 03:00,0.008,0.6,109,60,-0.9,7.3
2020-03-21 04:00,0.003,0.5,140,68,-2.2,7.1
2020-03-21 05:00,0,0.5,132,68,-3.2,12.2
2020-03-21 06:00,0.001,0.5,117,58,-3.6,13.6
2020-03-21 07:00,0.01,0.7,53,71,-2.1,11.1
2020-03-21 08:00,0.018,0.5,156,62,1.3,10
2020-03-21 09:00,0.028,0.7,41,66,4.2,11
2020-03-21 10:00,0.031,1,44,61,6.8,17
2020-03-21 11:00,0.039,1.4,35,64,9.1,10.3
2020-03-21 12:00,0.043,0.8,302,67,9.5,9.8
2020-03-21 13:00,0.048,1.1,121,45,11.1,8.6
2020-03-21 14:00,0.051,1.2,359,46,11.5,4.5
2020-03-21 15:00,0.051,2,309,36,11.7,3.6
2020-03-21 16:00,0.05,2.9,256,30,12.1,3.8
2020-03-21 17:00,0.049,2.8,221,23,11.2,2.6
2020-03-21 18:00,0.047,1.7,235,22,10,5.7
2020-03-21 19:00,0.046,1.4,220,23,8.4,6.2
2020-03-21 20:00,0.047,1,203,34,8.2,6
2020-03-21 21:00,0.048,1.3,247,41,8.1,5.7
2020-03-21 22:00,0.046,1.1,343,37,7.6,4
2020-03-21 23:00,0.04,1.1,219,43,5.8,4.5
2020-03-22 00:00,0.043,2.2,334,50,5.3,5.7
2020-03-22 01:00,0.046,2.7,6,39,3.7,6.2
2020-03-22 02:00,0.042,1.2,173,42,3,7.7
2020-03-22 03:00,0.034,0.8,180,54,1.1,7.4
2020-03-22 04:00,0.024,0.9,179,60,-0.9,3.5
2020-03-22 05:00,0.019,0.7,124,64,-1.9,-0.4
2020-03-22 06:00,0.007,0.6,150,74,-2.7,-1.9
2020-03-22 07:00,0.009,0.6,183,60,-1.2,0.7
2020-03-22 08:00,0.027,0.7,48,57,2.4,18.5
2020-03-22 09:00,0.036,0.8,24,55,4.6,7.7
2020-03-22 10:00,0.044,1,50,59,7.1,7.4
2020-03-22 11:00,0.048,1.7,352,57,8.5,7.2
2020-03-22 12:00,0.051,2.1,19,43,9.7,8.6
2020-03-22 13:00,0.054,1.7,50,57,11.1,6.2
2020-03-22 14:00,0.055,2.6,236,50,12.3,3.3
2020-03-22 15:00,0.056,3.1,297,27,13,2.3
2020-03-22 16:00,0.056,3,290,30,13.1,5.3
2020-03-22 17:00,0.055,2.6,304,26,12.1,5.5
2020-03-22 18:00,0.052,1,313,44,10.5,1.8
2020-03-22 19:00,0.04,1.1,97,33,6.9,6.2
2020-03-22 20:00,0.036,1.4,80,49,5.5,8.6
2020-03-22 21:00,0.034,0.8,76,78,4.3,16.8
2020-03-22 22:00,0.034,0.9,86,70,3.1,0.3
2020-03-22 23:00,0.02,0.7,155,64,1.3,4
2020-03-23 00:00,0.016,0.7,131,60,0,8.4
2020-03-23 01:00,0.016,0.7,167,70,-0.4,8.6
2020-03-23 02:00,0.018,0.7,99,62,-0.6,5.1
2020-03-23 03:00,0.015,0.7,200,78,-0.7,3
2020-03-23 04:00,0.011,0.8,148,65,-0.6,5.6
2020-03-23 05:00,0.005,0.6,191,58,-1,6.9
2020-03-23 06:00,0.001,0.8,187,60,-1.3,6.3
2020-03-23 07:00,0.003,0.7,197,53,-0.6,8.4
2020-03-23 08:00,0.009,0.8,219,56,1.1,10.2
2020-03-23 09:00,0.024,0.8,61,76,4.4,11.2
2020-03-23 10:00,0.034,1,288,55,6.9,11
2020-03-23 11:00,0.04,1.4,314,69,9.8,8.3
2020-03-23 12:00,0.047,3.4,253,21,10.9,3.8
2020-03-23 13:00,0.048,3.6,250,24,12.1,0.9
2020-03-23 14:00,0.048,3.8,212,34,12.6,1.8
2020-03-23 15:00,0.046,3.7,261,26,10.9,2.3
2020-03-23 16:00,0.044,3.1,259,25,6.7,1.8
2020-03-23 17:00,0.044,2.2,201,31,6.7,3.5
2020-03-23 18:00,0.044,3.3,228,14,6.3,5.5
2020-03-23 19:00,0.044,2.9,217,21,5.6,5.7
2020-03-23 20:00,0.042,2.1,245,46,4.2,5
2020-03-23 21:00,0.043,1.9,233,39,4.2,4
2020-03-23 22:00,0.045,1.5,231,37,4.3,2.1
2020-03-23 23:00,0.041,1.1,204,33,3.2,3.8
2020-03-24 00:00,0.037,1.1,259,41,2.4,5.2
2020-03-24 01:00,0.027,0.9,184,62,-0.1,2.6
2020-03-24 02:00,0.018,0.8,131,65,-1.4,1.5
2020-03-24 03:00,0.012,0.9,122,61,-1.6,1.7
2020-03-24 04:00,0.01,0.8,187,57,-0.8,3.9
2020-03-24 05:00,0.008,0.6,138,60,-1,3.7
2020-03-24 06:00,0.002,0.9,174,75,-2,4.9
2020-03-24 07:00,0.008,0.8,232,63,-0.4,6.1
2020-03-24 08:00,0.017,1,60,62,2.3,4.2
2020-03-24 09:00,0.037,1,339,65,4.4,4
2020-03-24 10:00,0.038,1.7,15,43,3.8,16.2
2020-03-24 11:00,0.036,1.8,110,31,4.1,6
2020-03-24 12:00,0.042,1.7,292,56,4.5,3.6
2020-03-24 13:00,0.043,3.4,222,34,4.4,0.8
2020-03-24 14:00,0.041,3.8,35,33,0.9,1.1
2020-03-24 15:00,0.041,2.5,107,44,2.3,1.1
2020-03-24 16:00,0.045,3.2,201,23,5.7,2.1
2020-03-24 17:00,0.045,2.6,189,23,5.5,2.1
2020-03-24 18:00,0.043,1.8,194,26,4.7,-0.5
2020-03-24 19:00,0.039,2,245,21,3.9,0.6
2020-03-24 20:00,0.032,1.3,112,45,2.2,3.1
2020-03-24 21:00,0.027,1.1,80,46,0.9,3.1
2020-03-24 22:00,0.021,0.7,125,49,-0.1,8.8
2020-03-24 23:00,0.02,1.1,96,52,-0.8,9.2
2020-03-25 00:00,0.015,0.7,148,71,-1.5,7.4
2020-03-25 01:00,0.02,0.6,63,69,-1,5.8
2020-03-25 02:00,0.008,0.6,191,66,-2,2.3
2020-03-25 03:00,0.006,0.6,107,72,-2.3,2.3
2020-03-25 04:00,0.009,1.2,204,52,-1.9,2.4
2020-03-25 05:00,0.008,1.1,320,62,-1.6,5.6
2020-03-25 06:00,0.004,0.8,219,43,-2.3,6.7
2020-03-25 07:00,0.008,1.2,312,47,-0.5,5
2020-03-25 08:00,0.022,0.8,154,80,0.8,4.7
2020-03-25 09:00,0.028,1,7,63,2.7,5.2
2020-03-25 10:00,0.035,1.3,352,62,4.8,6.2
2020-03-25 11:00,0.04,1.5,339,46,4.9,5
2020-03-25 12:00,0.042,2.2,288,30,5.5,5
2020-03-25 13:00,0.044,1.6,271,56,5.7,6
2020-03-25 14:00,0.039,3.4,299,33,0.9,4.8
2020-03-25 15:00,0.038,2.5,92,39,0.1,2.1
2020-03-25 16:00,0.038,2,102,25,1.6,0.6
2020-03-25 17:00,0.038,1.8,109,31,2.8,4.3
2020-03-25 18:00,0.036,1.1,216,54,2.1,4
2020-03-25 19:00,0.032,1.5,95,30,1.3,1.3
2020-03-25 20:00,0.029,1,136,70,0.7,1.6
2020-03-25 21:00,0.023,0.9,218,55,-0.3,2.8
2020-03-25 22:00,0.018,0.9,178,54,-0.6,4.7
2020-03-25 23:00,0.021,0.7,256,80,-0.8,5.7
2020-03-26 00:00,0.031,1.2,220,43,-0.4,4.2
2020-03-26 01:00,0.038,2.1,233,25,0.4,2
2020-03-26 02:00,0.037,1.6,229,45,0.1,3.2
2020-03-26 03:00,0.03,0.7,37,54,-0.3,2.8
2020-03-26 04:00,0.024,0.9,232,46,-0.7,2.2
2020-03-26 05:00,0.028,0.7,29,76,-1.1,4
2020-03-26 06:00,0.015,0.9,242,49,-1.4,3.2
2020-03-26 07:00,0.031,2.2,237,30,-0.3,2.4
2020-03-26 08:00,0.034,2.1,230,31,0.7,3.5
2020-03-26 09:00,0.038,2.3,240,49,2,3
2020-03-26 10:00,0.04,1.9,304,37,2.9,2
2020-03-26 11:00,0.042,3.2,265,24,3.6,3.8
2020-03-26 12:00,0.043,2.9,280,26,4.3,3.3
2020-03-26 13:00,0.043,3.4,272,22,4.7,1.8
2020-03-26 14:00,0.044,3.3,270,22,5.3,0.8
2020-03-26 15:00,0.044,3.7,274,20,5.9,0.3
2020-03-26 16:00,0.045,4,273,20,5.4,2.1
2020-03-26 17:00,0.043,2.9,268,23,3.6,3.8
2020-03-26 18:00,0.043,2.8,256,21,3.1,2.6
2020-03-26 19:00,0.042,1.8,265,25,2.7,0.1
2020-03-26 20:00,0.041,1.9,245,23,2.3,0.8
2020-03-26 21:00,0.042,2.3,232,21,1.9,2.5
2020-03-26 22:00,0.041,1.5,262,30,1.8,4
2020-03-26 23:00,0.04,1.1,266,33,1.7,3.7
2020-03-27 00:00,0.04,1.1,268,35,1.6,2.8
2020-03-27 01:00,0.037,0.9,330,51,0.8,1.8
2020-03-27 02:00,0.032,0.9,125,39,0.5,1.7
2020-03-27 03:00,0.032,0.7,160,48,0.4,4.1
2020-03-27 04:00,0.032,1,85,32,0.5,5.4
2020-03-27 05:00,0.033,1.7,104,26,0.4,3.9
2020-03-27 06:00,0.033,1.4,109,28,0.5,2.8
2020-03-27 07:00,0.029,1.1,113,39,1,3.7
2020-03-27 08:00,0.037,0.8,113,63,2.2,4.3
2020-03-27 09:00,0.037,1.3,48,62,3.4,3.3
2020-03-27 10:00,0.039,1.3,328,56,4.1,4.5
2020-03-27 11:00,0.042,1.5,305,36,5.2,6.7
2020-03-27 12:00,0.043,1.9,339,35,5.5,NA
2020-03-27 13:00,0.044,1.9,319,41,6,6.9
2020-03-27 14:00,0.043,1.9,329,38,5.9,5
2020-03-27 15:00,0.041,2.3,321,23,5.9,2.3
2020-03-27 16:00,0.042,2,290,31,6.8,0.1
2020-03-27 17:00,0.043,3.6,261,17,6.6,0.1
2020-03-27 18:00,0.04,2.6,271,21,5.4,0.9
2020-03-27 19:00,0.039,1.7,274,30,4.7,2.3
2020-03-27 20:00,0.044,2.6,260,20,4.1,3.8
2020-03-27 21:00,0.044,1.7,242,29,3.7,3.1
2020-03-27 22:00,0.042,1.3,302,49,3,2.3
2020-03-27 23:00,0.038,1.1,75,40,2.5,1.3
2020-03-28 00:00,0.036,1.1,60,53,2.6,2.5
2020-03-28 01:00,0.035,0.7,267,42,2.7,4
2020-03-28 02:00,0.036,1.3,311,45,2.2,4.7
2020-03-28 03:00,0.038,0.9,348,58,1.5,3.3
2020-03-28 04:00,0.035,0.9,150,54,1.3,2.1
2020-03-28 05:00,0.035,1,97,59,1.4,2.5
2020-03-28 06:00,0.036,1.3,251,51,1.9,2
2020-03-28 07:00,0.032,0.9,311,41,1.8,4.2
2020-03-28 08:00,0.033,1,8,49,3,5.3
2020-03-28 09:00,0.035,1,340,52,4.4,4.3
2020-03-28 10:00,0.041,1.5,195,61,6.5,5
2020-03-28 11:00,0.044,1.9,290,61,8,3.8
2020-03-28 12:00,0.044,2.1,266,61,8.9,3.3
2020-03-28 13:00,0.044,1.3,96,69,9.7,5
2020-03-28 14:00,0.043,1.3,25,80,9.9,4.5
2020-03-28 15:00,0.042,2.5,275,36,10.2,3.5
2020-03-28 16:00,0.043,3,271,27,10.3,0.8
2020-03-28 17:00,0.042,3.2,263,22,10.7,-1.3
2020-03-28 18:00,0.041,2.1,240,22,9,1.3
2020-03-28 19:00,0.04,1.3,299,38,8.2,3.5
2020-03-28 20:00,0.038,0.6,172,48,7.6,3.5
2020-03-28 21:00,0.035,0.4,169,49,6.9,4
2020-03-28 22:00,0.031,0.6,105,58,6.4,3.5
2020-03-28 23:00,0.027,0.6,68,52,5.7,3.5
2020-03-29 00:00,0.023,0.6,270,55,5.3,3.8
2020-03-29 01:00,0.025,0.6,85,76,4.8,1.3
2020-03-29 02:00,0.029,0.8,195,46,4.5,2.8
2020-03-29 03:00,0.018,0.5,173,67,3.2,5.5
2020-03-29 04:00,0.014,0.8,92,61,1.8,2.6
2020-03-29 05:00,0.018,0.8,347,58,1.8,1.6
2020-03-29 06:00,0.021,0.8,260,60,1.8,3.5
2020-03-29 07:00,0.028,0.9,323,70,3.5,2.3
2020-03-29 08:00,0.03,1.5,321,36,4.8,2.8
2020-03-29 09:00,0.037,1.7,275,46,7.2,2.3
2020-03-29 10:00,0.038,2.1,151,42,9.4,2.6
2020-03-29 11:00,0.041,2,241,32,9.9,3.5
2020-03-29 12:00,0.043,2.3,191,41,10.5,2.6
2020-03-29 13:00,0.042,2.2,243,42,10.9,3.3
2020-03-29 14:00,0.041,3.6,263,23,11.4,1.3
2020-03-29 15:00,0.041,2.9,260,32,11.3,-0.8
2020-03-29 16:00,0.04,3.4,261,29,10.3,-1
2020-03-29 17:00,0.039,2.7,249,42,7.5,0.1
2020-03-29 18:00,0.038,0.8,255,69,7.3,2.6
2020-03-29 19:00,0.038,1.4,206,25,6.9,4.8
2020-03-29 20:00,0.038,1.1,207,50,6.6,4.3
2020-03-29 21:00,0.034,0.9,263,55,5.6,2.1
2020-03-29 22:00,0.032,0.9,1,65,5,0.6
2020-03-29 23:00,0.035,1.1,257,38,4.9,2.1
2020-03-30 00:00,0.033,1,226,55,4.3,3.3
2020-03-30 01:00,0.031,0.9,351,59,4,2.8
2020-03-30 02:00,0.026,1.1,285,64,3.2,3.3
2020-03-30 03:00,0.017,0.7,187,70,1.7,4.3
2020-03-30 04:00,0.017,0.9,78,58,0.6,4.5
2020-03-30 05:00,0.009,0.9,134,72,-0.5,3.3
2020-03-30 06:00,0.008,1,92,63,0.3,2.2
2020-03-30 07:00,0.02,0.8,90,62,2.3,2.3
2020-03-30 08:00,0.026,1.3,292,47,4.3,2.3
2020-03-30 09:00,0.031,2.5,342,25,6.9,0.6
2020-03-30 10:00,0.034,1.8,43,56,8.5,0
2020-03-30 11:00,0.041,2,189,52,10.2,0.9
2020-03-30 12:00,0.045,3.5,184,28,10.7,0.8
2020-03-30 13:00,0.045,4,181,23,10.7,0.6
2020-03-30 14:00,0.044,4.2,182,24,11.2,0.1
2020-03-30 15:00,0.044,4.9,174,24,12,0.1
2020-03-30 16:00,0.044,5.9,192,32,11,0.6
2020-03-30 17:00,0.037,2.7,237,48,4.6,-0.3
2020-03-30 18:00,0.038,1.5,227,31,4,0
2020-03-30 19:00,0.039,0.9,272,47,4,1.3
2020-03-30 20:00,0.041,2.3,7,36,2.2,3.3
2020-03-30 21:00,0.04,1.4,99,23,1.9,3.8
2020-03-30 22:00,0.038,1.2,137,36,2.1,1.1
2020-03-30 23:00,0.042,1.2,215,36,2.3,0
2020-03-31 00:00,0.039,1,259,56,1.9,0.3
2020-03-31 01:00,0.035,1.3,306,44,1.6,1.1
2020-03-31 02:00,0.035,1,123,59,1.5,1.5
2020-03-31 03:00,0.023,0.5,333,85,0.7,2
2020-03-31 04:00,0.023,0.9,329,54,0.7,2.2
2020-03-31 05:00,0.021,1.1,70,66,0.4,1.2
2020-03-31 06:00,0.01,1,214,61,-0.1,1.4
2020-03-31 07:00,0.02,1.1,342,50,0.9,4.5
2020-03-31 08:00,0.029,1.4,268,37,1.7,5.5
2020-03-31 09:00,0.031,1.2,290,63,2.3,4
2020-03-31 10:00,0.032,1,307,50,2.6,1.6
2020-03-31 11:00,0.035,1.2,345,50,3.3,0.8
2020-03-31 12:00,0.04,3.2,35,35,1.5,3.1
2020-03-31 13:00,0.042,3.1,97,18,3.2,2.6
2020-03-31 14:00,0.044,1.7,224,58,4.6,0.3
2020-03-31 15:00,0.041,2.6,2,33,2.6,0
2020-03-31 16:00,0.04,2.2,21,32,2.4,2.1
2020-03-31 17:00,0.043,2.2,94,32,2.8,2.1
2020-03-31 18:00,0.043,2.8,314,36,2.2,0.3
2020-03-31 19:00,0.038,1.5,138,57,0.9,2.3
2020-03-31 20:00,0.039,1.2,70,76,0.7,1.8
2020-03-31 21:00,0.034,1.3,236,47,0.4,1.8
2020-03-31 22:00,0.04,2.1,218,25,0.4,2.4
2020-03-31 23:00,0.04,1.6,267,36,0,1.2
2020-04-01 00:00,0.037,1.2,253,47,-0.4,1.3
2020-04-01 01:00,0.038,1.6,196,51,-0.5,0.5
2020-04-01 02:00,0.04,1.8,205,35,-0.4,-0.6
2020-04-01 03:00,0.037,1.1,336,57,-0.8,-0.6
2020-04-01 04:00,0.028,0.8,287,58,-1.2,0.1
2020-04-01 05:00,0.02,0.9,212,64,-2.1,1.7
2020-04-01 06:00,0.024,1.2,202,56,-2.1,2.5
2020-04-01 07:00,0.03,1.2,166,62,-2.1,2.7
2020-04-01 08:00,0.03,1.4,270,54,-1.6,ZZ
2020-04-01 09:00,0.037,1.1,259,62,0,3.2
2020-04-01 10:00,0.032,2.4,45,38,0.5,3
2020-04-01 11:00,0.037,3,99,25,0.1,2.1
2020-04-01 12:00,BF,3.1,140,39,0.1,1.6
2020-04-01 13:00,BF,2.9,354,34,-1.1,2.3
2020-04-01 14:00,0.031,1.6,316,40,-2.3,4.8
2020-04-01 15:00,0.03,2.2,301,31,-1.9,3.7
2020-04-01 16:00,0.031,1.6,257,43,-2.5,3.7
2020-04-01 17:00,0.03,1.2,214,40,-2.5,4.9
2020-04-01 18:00,0.03,1.3,230,47,-2.7,5.2
2020-04-01 19:00,0.029,1.1,226,37,-3.6,5.9
2020-04-01 20:00,0.022,0.8,182,42,-4.2,6.6
2020-04-01 21:00,0.021,0.9,201,43,-4.8,7.5
2020-04-01 22:00,0.018,0.5,149,63,-5.2,4.1
2020-04-01 23:00,0.023,1,51,55,-5,1.1
2020-04-02 00:00,0.033,2.3,50,41,-4.6,2.9
2020-04-02 01:00,0.033,2.9,62,32,-5.3,1.5
2020-04-02 02:00,0.034,2.9,63,31,-5.8,-1.1
2020-04-02 03:00,0.034,2.6,52,34,-6.3,1.2
2020-04-02 04:00,0.034,2.4,58,41,-6.4,2.4
2020-04-02 05:00,0.033,2.6,73,35,-6.4,1
2020-04-02 06:00,0.032,2.3,66,42,-6.6,3.5
2020-04-02 07:00,0.032,2.3,67,45,-6.1,6.2
2020-04-02 08:00,0.033,2.8,74,34,-5.2,6.1
2020-04-02 09:00,0.034,2.4,53,44,-3.3,7.5
2020-04-02 10:00,0.034,2.1,36,36,-1.8,7.4
2020-04-02 11:00,0.036,1.6,14,60,-0.2,9.5
2020-04-02 12:00,0.037,1.9,268,51,0.9,13.2
2020-04-02 13:00,0.038,1.7,321,54,1.2,13.7
2020-04-02 14:00,0.041,2.5,225,61,2.9,9.3
2020-04-02 15:00,0.041,3,269,28,1.9,5.2
2020-04-02 16:00,0.042,1.7,33,45,2.4,3.5
2020-04-02 17:00,0.042,1.9,14,30,2.8,4.3
2020-04-02 18:00,0.038,1.3,323,56,1.8,5
2020-04-02 19:00,0.035,1,215,55,0,4.3
2020-04-02 20:00,0.03,0.7,240,68,-0.6,2.8
2020-04-02 21:00,0.028,0.9,177,49,-1.1,-2.6
2020-04-02 22:00,0.028,1,189,53,-1.3,-0.6
2020-04-02 23:00,0.025,0.9,81,69,-1.4,1.7
2020-04-03 00:00,0.026,0.8,240,56,-1.7,2.4
2020-04-03 01:00,0.028,1,186,68,-1.9,4.2
2020-04-03 02:00,0.027,0.9,302,51,-2.5,2
2020-04-03 03:00,0.02,0.9,205,56,-3.6,0.5
2020-04-03 04:00,0.017,0.8,284,67,-3.7,-0.9
2020-04-03 05:00,0.008,0.9,242,50,-3.9,2.2
2020-04-03 06:00,0.006,0.8,172,63,-4.5,4.9
2020-04-03 07:00,0.019,1.2,345,65,-2.4,7.3
2020-04-03 08:00,0.029,1.5,66,51,-1.9,10.5
2020-04-03 09:00,0.034,1.5,339,61,1.3,5.5
2020-04-03 10:00,0.037,2.2,234,40,2.3,1.3
2020-04-03 11:00,0.041,3.2,206,34,4.2,0
2020-04-03 12:00,0.04,3.2,309,38,2.5,0.6
2020-04-03 13:00,0.041,2.7,202,60,3.9,1.1
2020-04-03 14:00,0.043,3.8,285,33,6.1,-1
2020-04-03 15:00,0.041,4.4,319,24,3.9,2.1
2020-04-03 16:00,0.042,2.7,171,46,2.9,2.6
2020-04-03 17:00,0.041,3.4,207,37,2.3,2.1
2020-04-03 18:00,0.038,1.3,11,40,2,2.8
2020-04-03 19:00,0.039,1.9,264,51,1.2,0.6
2020-04-03 20:00,0.037,1.6,340,55,0.3,-0.1
2020-04-03 21:00,0.037,1.1,226,44,-0.2,3
2020-04-03 22:00,0.031,0.9,120,55,-0.5,6.8
2020-04-03 23:00,0.027,1,210,57,-1.3,5.8
2020-04-04 00:00,0.028,0.9,9,72,-1.8,4.5
2020-04-04 01:00,0.028,1.4,253,63,-2.2,5.9
2020-04-04 02:00,0.027,1.1,181,47,-2.4,3.5
2020-04-04 03:00,0.028,1.2,214,45,-1.9,2.2
2020-04-04 04:00,0.03,0.8,28,60,-2,2.7
2020-04-04 05:00,0.024,0.7,64,70,-2.4,2.5
2020-04-04 06:00,0.015,0.8,247,59,-2.4,4
2020-04-04 07:00,0.018,1,287,46,-1.9,3.3
2020-04-04 08:00,0.021,1.1,232,43,-1.2,4.1
2020-04-04 09:00,0.031,1.1,48,63,1.6,6.2
2020-04-04 10:00,0.039,1.5,49,66,3.3,4.3
2020-04-04 11:00,0.041,1.5,281,66,4.1,2.1
2020-04-04 12:00,0.042,1.5,59,59,5.4,0.4
2020-04-04 13:00,0.044,1.9,59,42,6.9,0
2020-04-04 14:00,0.044,1.9,319,55,7.8,1.1
2020-04-04 15:00,0.045,2,328,55,8.8,3.3
2020-04-04 16:00,0.045,2.5,320,36,9,3.6
2020-04-04 17:00,0.045,2.7,292,26,8.6,3.3
2020-04-04 18:00,0.043,1.3,339,36,7.3,4
2020-04-04 19:00,0.04,1,120,23,6.3,4.8
2020-04-04 20:00,0.04,1.7,237,33,5.4,5.7
2020-04-04 21:00,0.034,1.3,232,37,4,6.7
2020-04-04 22:00,0.034,0.9,246,56,3.2,8.8
2020-04-04 23:00,0.033,0.9,239,47,2.5,7.2
2020-04-05 00:00,0.033,0.8,246,44,2.2,4.3
2020-04-05 01:00,0.032,0.8,293,55,1.9,4
2020-04-05 02:00,0.032,1.1,340,43,1.8,1.3
2020-04-05 03:00,0.03,1.4,292,46,0.7,0.6
2020-04-05 04:00,0.026,1.1,161,56,0,4.3
2020-04-05 05:00,0.025,1.4,282,46,-0.1,5.5
2020-04-05 06:00,0.025,1,186,71,-0.3,5.1
2020-04-05 07:00,0.026,0.8,129,56,0.6,4.6
2020-04-05 08:00,0.025,0.7,287,63,1.9,4.9
2020-04-05 09:00,0.033,0.9,308,60,4.2,5.2
2020-04-05 10:00,0.038,1.4,1,50,7.5,4
2020-04-05 11:00,0.04,1.6,342,63,9.5,2.1
2020-04-05 12:00,0.039,1.9,330,37,10.3,1.1
2020-04-05 13:00,0.041,1.6,311,47,10.8,1.8
2020-04-05 14:00,0.043,1.6,32,54,12.3,2.8
2020-04-05 15:00,0.044,1.8,312,57,12.7,0.1
2020-04-05 16:00,0.042,2.2,326,36,12,1.1
2020-04-05 17:00,0.039,2.2,311,27,10.4,4.8
2020-04-05 18:00,0.037,0.9,120,77,9.2,4
2020-04-05 19:00,0.036,0.8,183,63,8.6,3.8
2020-04-05 20:00,0.032,1,202,42,7.3,4
2020-04-05 21:00,0.031,1,228,29,6.6,3.3
2020-04-05 22:00,0.031,1.3,238,17,5.9,3.3
2020-04-05 23:00,0.027,1.2,220,27,5.4,3.3
2020-04-06 00:00,0.025,0.8,275,53,5,1.8
2020-04-06 01:00,0.023,1,241,42,4.5,1.6
2020-04-06 02:00,0.022,0.6,290,60,4.3,0.8
2020-04-06 03:00,0.02,1,235,61,3.5,1.1
2020-04-06 04:00,0.012,1,244,87,2.9,2.8
2020-04-06 05:00,0.005,0.6,170,71,1.8,3.3
2020-04-06 06:00,0.005,0.7,223,73,1.7,2.8
2020-04-06 07:00,0.016,0.6,110,77,3.2,2.8
2020-04-06 08:00,0.018,0.9,3,64,5.5,5
2020-04-06 09:00,0.014,1.2,288,45,5.1,6
2020-04-06 10:00,0.024,1.7,107,64,6.4,4.5
2020-04-06 11:00,0.033,1.7,125,40,8.5,2.5
2020-04-06 12:00,0.035,1.6,207,58,9.9,1.1
2020-04-06 13:00,0.037,2.7,275,38,11.9,0.1
2020-04-06 14:00,0.038,3.9,279,25,12.5,-0.3
2020-04-06 15:00,0.038,3.8,272,23,12.8,1.1
2020-04-06 16:00,0.038,3.3,293,25,13,1.6
2020-04-06 17:00,0.037,3.1,297,24,12.3,2.6
2020-04-06 18:00,0.035,2.7,328,20,10.3,3.3
2020-04-06 19:00,0.035,1.9,333,19,8.8,1.6
2020-04-06 20:00,0.029,1.1,15,50,7.9,1.8
2020-04-06 21:00,0.022,0.8,98,58,6.6,2.3
2020-04-06 22:00,0.022,1,166,73,5.6,3.5
2020-04-06 23:00,0.024,1.4,240,61,5.3,5.7
2020-04-07 00:00,0.028,1,228,56,5.5,4.8
2020-04-07 01:00,0.031,0.7,216,62,6.2,1.8
2020-04-07 02:00,0.028,0.8,294,74,5.4,1.6
2020-04-07 03:00,0.03,1,220,45,5.7,2.6
2020-04-07 04:00,0.035,0.9,257,66,6.4,3.1
2020-04-07 05:00,0.033,0.7,169,64,6.6,3.8
2020-04-07 06:00,0.031,0.8,117,52,6.7,5.5
2020-04-07 07:00,0.033,1.7,256,54,8.4,6.2
2020-04-07 08:00,0.038,4.3,246,18,9.2,5.5
2020-04-07 09:00,0.038,2.3,264,34,10.2,5.3
2020-04-07 10:00,0.04,2.2,292,37,10.9,4
2020-04-07 11:00,0.042,3.1,278,28,12.3,5.3
2020-04-07 12:00,0.044,3.5,290,32,14.1,5.3
2020-04-07 13:00,0.045,3.8,318,25,14.4,4.8
2020-04-07 14:00,0.046,3.8,327,21,13.9,5
2020-04-07 15:00,0.047,4.2,267,26,15.5,4
2020-04-07 16:00,0.049,3.1,291,29,15.8,3.8
2020-04-07 17:00,0.047,2.8,281,31,14.5,6.2
2020-04-07 18:00,0.046,1.8,263,42,13.4,6
2020-04-07 19:00,0.047,2,288,37,11.5,3.8
2020-04-07 20:00,0.045,1.3,291,40,10.2,4.3
2020-04-07 21:00,0.04,1,244,28,8.1,4.3
2020-04-07 22:00,0.03,0.8,125,47,5.5,7.2
2020-04-07 23:00,0.024,0.7,181,38,3.3,7.4
2020-04-08 00:00,0.026,0.8,120,43,2.1,1.8
2020-04-08 01:00,0.021,0.6,145,62,1.3,0.6
2020-04-08 02:00,0.02,0.8,151,70,0.6,0.6
2020-04-08 03:00,0.014,0.9,151,90,-0.6,-2.1
2020-04-08 04:00,0.009,0.8,103,73,-1.4,2.8
2020-04-08 05:00,0.004,0.7,153,69,-2,5.7
2020-04-08 06:00,0.004,0.7,96,56,-1.8,5.7
2020-04-08 07:00,0.014,0.5,171,53,1.1,7.6
2020-04-08 08:00,0.027,0.7,319,48,4.5,7.1
2020-04-08 09:00,0.03,1,317,52,7,17.5
2020-04-08 10:00,0.037,1.4,63,49,9.9,15.9
2020-04-08 11:00,0.049,1.3,11,69,12.3,6.9
2020-04-08 12:00,0.052,2.2,79,36,14.1,6.4
2020-04-08 13:00,0.054,1.7,34,53,15.3,ZZ
2020-04-08 14:00,0.056,1.9,121,37,16.6,6.2
2020-04-08 15:00,0.056,1.6,171,62,17.6,4.8
2020-04-08 16:00,0.054,2.7,238,37,17.7,3.1
2020-04-08 17:00,0.053,2.9,269,20,17.4,4.8
2020-04-08 18:00,0.05,2.2,221,15,15.1,3.8
2020-04-08 19:00,0.041,1.1,128,34,12.8,3.3
2020-04-08 20:00,0.035,1.2,103,37,9.8,5.7
2020-04-08 21:00,0.035,0.8,102,67,8.2,5.9
2020-04-08 22:00,0.033,0.7,92,65,6,3.3
2020-04-08 23:00,0.025,0.8,150,77,4.6,3.3
2020-04-09 00:00,0.025,0.7,64,66,3.6,6.4
2020-04-09 01:00,0.023,0.5,145,78,2.1,4.3
2020-04-09 02:00,0.013,0.7,116,63,1.1,1.6
2020-04-09 03:00,0.019,0.9,91,55,0.3,-0.1
2020-04-09 04:00,0.009,0.7,181,62,-0.8,1.4
2020-04-09 05:00,0.004,0.8,100,64,-1.1,3.4
2020-04-09 06:00,0.004,1,209,33,-1.3,3
2020-04-09 07:00,0.018,0.8,229,60,2.1,4.3
2020-04-09 08:00,0.021,0.6,43,76,5.2,9.8
2020-04-09 09:00,0.028,1,54,83,7.7,14.4
2020-04-09 10:00,0.036,1.4,62,46,10.1,10.5
2020-04-09 11:00,0.041,1.6,89,47,12.7,6.7
2020-04-09 12:00,0.048,1.8,21,55,15.3,4.3
2020-04-09 13:00,0.051,1.5,34,59,16.9,1.1
2020-04-09 14:00,0.051,1.6,334,72,18.6,0
2020-04-09 15:00,0.051,1.6,324,59,19.5,0.9
2020-04-09 16:00,0.051,1.2,194,58,20.1,1.3
2020-04-09 17:00,0.051,1,121,63,20.1,2.8
2020-04-09 18:00,0.051,0.6,161,52,19.1,2.8
2020-04-09 19:00,0.039,0.7,141,44,14.9,3.3
2020-04-09 20:00,0.036,1.5,86,11,11.1,5.7
2020-04-09 21:00,0.034,0.7,103,53,9,6.2
2020-04-09 22:00,0.031,0.8,93,40,7.2,6.2
2020-04-09 23:00,0.023,0.8,79,61,5.6,6
2020-04-10 00:00,0.024,0.8,80,67,4.5,6.4
2020-04-10 01:00,0.021,0.7,105,60,3.5,6.9
2020-04-10 02:00,0.013,0.5,109,66,2.3,7.1
2020-04-10 03:00,0.013,0.5,99,70,1.5,7.9
2020-04-10 04:00,0.006,0.5,145,73,0.4,5
2020-04-10 05:00,0.004,0.6,126,57,-0.2,2.7
2020-04-10 06:00,0.003,0.8,127,62,-0.2,3.9
2020-04-10 07:00,0.011,0.6,121,40,3.4,7.4
2020-04-10 08:00,0.017,0.6,51,56,6.6,9.5
2020-04-10 09:00,0.025,1.2,62,47,8.6,9.8
2020-04-10 10:00,0.031,1.6,84,34,11.7,9.3
2020-04-10 11:00,0.032,1.7,49,38,14.8,7.4
2020-04-10 12:00,0.042,1.5,38,54,17.4,7.9
2020-04-10 13:00,0.049,2.2,300,38,18.9,7.9
2020-04-10 14:00,0.047,4,257,18,18.7,5.5
2020-04-10 15:00,0.047,5,253,21,20,3
2020-04-10 16:00,0.049,5.3,245,15,18.9,3.5
2020-04-10 17:00,0.049,4.4,262,16,18.3,4
2020-04-10 18:00,0.048,3.7,257,16,16.5,3.3
2020-04-10 19:00,0.047,2.7,255,22,15.2,1.8
2020-04-10 20:00,0.046,2,232,31,14.2,3.8
2020-04-10 21:00,0.047,2,247,41,13.9,5.5
2020-04-10 22:00,0.043,1,75,40,12.6,4
2020-04-10 23:00,0.037,1.2,87,31,11.3,5.3
2020-04-11 00:00,0.044,2.2,4,27,10.1,6
2020-04-11 01:00,0.042,1,40,58,7.7,5.3
2020-04-11 02:00,0.037,1.3,60,20,6.9,4.5
2020-04-11 03:00,0.038,1.6,60,20,6.6,2.8
2020-04-11 04:00,0.038,1.3,68,24,6.5,2.3
2020-04-11 05:00,0.037,1.7,96,15,6.2,5
2020-04-11 06:00,0.036,2.9,105,10,5.8,4.5
2020-04-11 07:00,0.037,5.6,75,17,3.3,1.3
2020-04-11 08:00,0.038,4.6,62,20,0.6,0.3
2020-04-11 09:00,0.041,4.7,83,28,0.2,-0.3
2020-04-11 10:00,0.042,3.7,64,30,1.2,0.6
2020-04-11 11:00,0.043,3.8,63,27,-0.4,2.3
2020-04-11 12:00,0.045,4.1,51,22,-1.6,1.9
2020-04-11 13:00,0.045,3.6,54,28,-0.2,1.2
2020-04-11 14:00,0.046,4,76,27,1.3,0.2
2020-04-11 15:00,0.045,3.9,69,34,1.2,-1.4
2020-04-11 16:00,0.046,3.5,81,30,1.1,-1.9
2020-04-11 17:00,0.045,2.8,78,30,1.4,-0.2
2020-04-11 18:00,0.044,3,67,32,0.7,1.3
2020-04-11 19:00,0.043,3.2,74,31,-0.5,-1.4
2020-04-11 20:00,0.043,3,70,31,-1.3,-1.4
2020-04-11 21:00,0.042,2.8,89,29,-2.1,2.9
2020-04-11 22:00,0.043,3.1,86,25,-2.8,2.9
2020-04-11 23:00,0.043,3.7,88,21,-3.4,3.2
2020-04-12 00:00,0.042,3.6,84,28,-4.1,3.2
2020-04-12 01:00,0.043,3.7,84,25,-4.6,2.7
2020-04-12 02:00,0.044,3.2,95,40,-5,2.2
2020-04-12 03:00,0.043,2.1,94,74,-5.5,1.5
2020-04-12 04:00,0.041,2.3,91,49,-6,2.2
2020-04-12 05:00,0.037,1.4,75,49,-7.1,1.8
2020-04-12 06:00,0.034,1.3,77,61,-7.8,3.3
2020-04-12 07:00,0.037,1.4,81,47,-5.6,3.7
2020-04-12 08:00,0.04,1.1,76,75,-3.6,1
2020-04-12 09:00,0.043,1.6,328,63,-2.6,2.8
2020-04-12 10:00,0.043,1.8,295,66,-1.2,4.2
2020-04-12 11:00,0.045,2.6,313,38,-0.6,5
2020-04-12 12:00,0.047,2.8,320,43,0.5,5.9
2020-04-12 13:00,0.048,2.2,343,66,1.5,7.1
2020-04-12 14:00,0.049,2.5,269,57,2,7.7
2020-04-12 15:00,0.049,2.4,343,60,2.7,4.5
2020-04-12 16:00,0.049,1.9,5,50,3,3.5
2020-04-12 17:00,0.049,2,299,45,2.6,3.3
2020-04-12 18:00,0.048,2,317,34,1.6,4.3
2020-04-12 19:00,0.045,1.6,331,47,-0.1,-0.8
2020-04-12 20:00,0.042,1.4,100,45,-1.5,-5.6
2020-04-12 21:00,0.037,1.3,192,52,-3.1,1
2020-04-12 22:00,0.032,0.9,217,50,-4.1,6.1
2020-04-12 23:00,0.034,1,153,52,-4.7,6.1
2020-04-13 00:00,0.044,2.6,87,39,-3.8,4.4
2020-04-13 01:00,0.042,1.7,48,63,-4.4,3.2
2020-04-13 02:00,0.045,3,67,33,-4.6,4.6
2020-04-13 03:00,0.045,2.7,61,36,-5.3,3.2
2020-04-13 04:00,0.045,2,70,55,-5.6,2.5
2020-04-13 05:00,0.041,1.2,80,63,-6.2,4.5
2020-04-13 06:00,0.041,1.7,88,56,-6.1,6.9
2020-04-13 07:00,0.043,2,60,42,-4.4,4.4
2020-04-13 08:00,0.044,1.4,27,64,-2.9,2.3
2020-04-13 09:00,0.045,1.2,32,74,-1.2,4.5
2020-04-13 10:00,0.045,1.4,139,67,0.4,6.4
2020-04-13 11:00,0.046,1.7,8,73,1.9,6.7
2020-04-13 12:00,0.048,2.6,310,45,3.4,7.2
2020-04-13 13:00,0.05,3.2,334,35,4.3,6.9
2020-04-13 14:00,0.05,2.6,4,44,5,6.7
2020-04-13 15:00,0.05,1.9,25,56,5.6,6.7
2020-04-13 16:00,0.05,1.7,0,58,6,6.2
2020-04-13 17:00,0.05,1.3,353,41,6.4,8.1
2020-04-13 18:00,0.049,1.4,297,48,5.4,6.4
2020-04-13 19:00,0.044,1.3,229,28,3.2,2.3
2020-04-13 20:00,0.039,0.7,118,59,1,-1.5
2020-04-13 21:00,0.034,0.9,84,52,-0.5,-2.1
2020-04-13 22:00,0.02,0.7,147,63,-2,1.9
2020-04-13 23:00,0.025,0.7,106,52,-2.6,5.1
2020-04-14 00:00,0.016,0.8,196,63,-3.2,4.4
2020-04-14 01:00,0.018,0.6,167,56,-3.2,5.6
2020-04-14 02:00,0.021,0.7,205,56,-3.2,6.6
2020-04-14 03:00,0.021,1,214,63,-2.9,5.8
2020-04-14 04:00,0.022,1.3,234,76,-2.4,5.1
2020-04-14 05:00,0.012,1.1,206,62,-2.2,6.1
2020-04-14 06:00,0.011,1.1,158,74,-1.8,9.3
2020-04-14 07:00,0.014,1.2,130,75,-0.7,10
2020-04-14 08:00,0.035,1.7,125,50,3,6.9
2020-04-14 09:00,0.047,3.2,222,20,5.4,7.4
2020-04-14 10:00,0.049,3.3,204,20,5.9,11
2020-04-14 11:00,0.05,2.9,197,24,7,7.7
2020-04-14 12:00,0.049,3.5,199,27,7.7,4.3
2020-04-14 13:00,0.049,4,245,22,8.8,4.5
2020-04-14 14:00,0.049,3.9,251,19,9.1,3.5
2020-04-14 15:00,0.048,4.7,248,17,8.6,3.5
2020-04-14 16:00,0.047,5.5,243,19,8,5
2020-04-14 17:00,0.046,3.9,235,19,7.1,5.7
2020-04-14 18:00,0.046,2.8,222,15,6.5,4.5
2020-04-14 19:00,0.047,3.3,239,21,5.9,1.8
2020-04-14 20:00,0.046,1.3,165,48,3.9,2.3
2020-04-14 21:00,0.043,1.8,95,20,2.9,3.8
2020-04-14 22:00,0.041,0.9,133,45,2,5.5
2020-04-14 23:00,0.037,0.8,65,55,1.8,4.5
2020-04-15 00:00,0.039,1.9,68,28,1.3,0.3
2020-04-15 01:00,0.033,1.5,67,32,1,0.1
2020-04-15 02:00,0.032,1.6,86,38,0.2,2.8
2020-04-15 03:00,0.026,0.5,97,66,-0.7,2.5
2020-04-15 04:00,0.021,0.6,144,47,-0.7,1.4
2020-04-15 05:00,0.012,0.5,51,63,-0.6,2.5
2020-04-15 06:00,0.012,0.9,304,59,-0.5,2.7
2020-04-15 07:00,0.013,1.4,104,32,-0.2,4.2
2020-04-15 08:00,0.024,0.6,133,69,1.1,2.7
2020-04-15 09:00,0.031,2.1,27,41,1.1,1.9
2020-04-15 10:00,0.045,3.2,79,23,3.7,4.6
2020-04-15 11:00,0.049,3.7,66,18,4.3,4.5
2020-04-15 12:00,ZZ,2.6,55,17,5.7,6.2
2020-04-15 13:00,ZZ,2.6,55,20,5.6,6.4
2020-04-15 14:00,0.048,2.8,60,20,6.2,5.7
2020-04-15 15:00,0.048,2.1,47,35,7.3,3.8
2020-04-15 16:00,0.048,2.6,77,26,6.1,2.8
2020-04-15 17:00,0.048,3.1,66,24,4.3,4
2020-04-15 18:00,0.046,1.4,6,29,4.5,2.3
2020-04-15 19:00,0.041,1.2,104,42,3.2,-1
2020-04-15 20:00,0.048,3.7,65,20,2.5,-0.8
2020-04-15 21:00,0.048,2.1,97,43,2.1,1.8
2020-04-15 22:00,0.046,1.5,63,37,1.5,1.9
2020-04-15 23:00,0.037,0.8,101,49,-0.6,1.2
2020-04-16 00:00,0.035,1,84,45,-1.9,2.9
2020-04-16 01:00,0.037,1.4,96,34,-2.5,3.9
2020-04-16 02:00,0.039,1.6,128,35,-2.6,3.9
2020-04-16 03:00,0.026,1.2,227,50,-3.8,2.7
2020-04-16 04:00,0.029,1,188,60,-4,5.4
2020-04-16 05:00,0.014,1,223,51,-5.1,5.8
2020-04-16 06:00,0.018,0.8,122,61,-4.8,5.1
2020-04-16 07:00,0.031,1,295,67,-1.6,7
2020-04-16 08:00,0.038,1,5,70,0.2,5.5
2020-04-16 09:00,0.043,1.4,319,65,1.6,5.9
2020-04-16 10:00,0.048,1.4,267,77,3.2,6.4
2020-04-16 11:00,0.05,1.9,247,64,4.3,6.2
2020-04-16 12:00,0.052,2.2,303,40,4.9,5.5
2020-04-16 13:00,0.052,2.2,310,47,5.8,5.3
2020-04-16 14:00,0.052,1.9,19,58,6.8,6.7
2020-04-16 15:00,0.052,1.8,8,58,7.6,5.7
2020-04-16 16:00,0.052,2.3,349,44,8.1,3.8
2020-04-16 17:00,0.052,2,313,47,8.2,3
2020-04-16 18:00,0.052,1.1,356,49,7.6,3.5
2020-04-16 19:00,0.047,1.1,142,40,5.5,4.3
2020-04-16 20:00,0.041,1.4,96,36,2.9,4.5
2020-04-16 21:00,0.035,0.8,68,56,1.1,3.3
2020-04-16 22:00,0.035,1.1,74,53,0,-1.1
2020-04-16 23:00,0.034,1.3,25,53,0,-4.5
2020-04-17 00:00,0.028,0.8,109,61,-2.1,0
2020-04-17 01:00,0.017,0.7,163,53,-2.6,8.8
2020-04-17 02:00,0.011,0.5,159,76,-3.6,9.4
2020-04-17 03:00,0.01,0.7,190,76,-4.1,6.1
2020-04-17 04:00,0.007,0.6,203,65,-4.6,8.8
2020-04-17 05:00,0.005,0.6,145,60,-5.1,9.8
2020-04-17 06:00,0.011,0.7,166,50,-4.1,7.1
2020-04-17 07:00,0.016,0.8,48,65,-0.7,7.3
2020-04-17 08:00,0.025,0.9,120,59,1.5,19.2
2020-04-17 09:00,0.032,1.2,54,40,3.8,9.8
2020-04-17 10:00,0.037,1.2,10,50,6.7,7.7
2020-04-17 11:00,0.044,1.6,357,58,9.4,6.2
2020-04-17 12:00,0.048,1.6,19,55,11.5,7.9
2020-04-17 13:00,0.052,1.5,51,63,13.8,5.9
2020-04-17 14:00,0.054,1.4,109,56,15.5,3.3
2020-04-17 15:00,0.057,1.9,187,60,16.5,4.5
2020-04-17 16:00,0.059,3.2,277,33,17.5,4.8
2020-04-17 17:00,0.061,3.6,286,18,16.9,5.2
2020-04-17 18:00,0.061,3,299,19,15.6,6.7
2020-04-17 19:00,0.056,1.2,292,49,13.3,7.4
2020-04-17 20:00,0.039,1.1,115,33,9.9,9.1
2020-04-17 21:00,0.033,0.5,110,61,7.8,15.9
2020-04-17 22:00,0.03,0.7,127,71,6.1,15.2
2020-04-17 23:00,0.023,0.6,172,59,4.2,18.7
2020-04-18 00:00,0.02,0.6,134,60,2.7,11.5
2020-04-18 01:00,0.02,0.7,155,56,1.3,10.3
2020-04-18 02:00,0.023,0.8,110,71,0.9,7.6
2020-04-18 03:00,0.017,0.7,115,61,0.7,6.6
2020-04-18 04:00,0.015,0.5,156,64,0.3,7
2020-04-18 05:00,0.014,0.6,173,52,0.5,5.3
2020-04-18 06:00,0.013,0.7,170,48,1,4.4
2020-04-18 07:00,0.022,0.9,218,52,2.6,7.5
2020-04-18 08:00,0.032,1.1,241,45,5.4,8.4
2020-04-18 09:00,0.038,1.3,14,63,8,6.7
2020-04-18 10:00,0.047,1,81,76,10.8,5.5
2020-04-18 11:00,0.051,1.2,93,78,12.2,4
2020-04-18 12:00,0.05,1.1,355,71,12.7,5.5
2020-04-18 13:00,0.052,1.9,50,57,13.9,8.8
2020-04-18 14:00,0.057,2.2,41,63,14.3,8.8
2020-04-18 15:00,0.057,3.2,348,26,13.3,6
2020-04-18 16:00,0.057,2,25,45,12.3,4.5
2020-04-18 17:00,0.057,2.7,359,28,11.1,4
2020-04-18 18:00,0.058,2.1,338,50,9.9,2.8
2020-04-18 19:00,0.054,1.9,64,41,9.1,3.8
2020-04-18 20:00,0.05,1,96,21,8.5,3.8
2020-04-18 21:00,0.045,0.6,293,48,7.9,3.8
2020-04-18 22:00,0.042,1.2,77,16,7.4,6
2020-04-18 23:00,0.036,0.9,62,22,6.6,7.2
2020-04-19 00:00,0.03,0.4,12,36,6,8.8
2020-04-19 01:00,0.029,0.7,318,42,5.5,8.6
2020-04-19 02:00,0.029,0.9,237,35,4.9,8.3
2020-04-19 03:00,0.029,0.7,215,38,4.5,4.8
2020-04-19 04:00,0.027,0.5,261,47,3.8,3.5
2020-04-19 05:00,0.02,0.5,178,57,3.6,5.5
2020-04-19 06:00,0.013,0.7,221,33,3.2,4.8
2020-04-19 07:00,0.019,0.5,254,47,4.3,7.2
2020-04-19 08:00,0.024,0.8,222,52,6.1,10.5
2020-04-19 09:00,0.032,1.5,49,47,9.3,12
2020-04-19 10:00,0.041,1.9,96,26,11.8,10
2020-04-19 11:00,0.043,1.7,30,56,12.4,8.1
2020-04-19 12:00,0.044,1.5,13,68,13.3,5.5
2020-04-19 13:00,0.045,1.9,207,62,13.1,4.5
2020-04-19 14:00,0.043,1.5,59,61,13.1,5.5
2020-04-19 15:00,0.043,1.2,125,58,14.4,4.5
2020-04-19 16:00,0.043,1.2,353,63,14.3,5.5
2020-04-19 17:00,0.043,2.1,302,48,15.7,4
2020-04-19 18:00,0.042,2,259,24,14.5,3.3
2020-04-19 19:00,0.04,1.3,238,30,13,3.3
2020-04-19 20:00,0.037,0.9,16,52,11.9,2.8
2020-04-19 21:00,0.032,0.7,130,53,10.6,6.7
2020-04-19 22:00,0.026,1,87,21,7.9,5.9
2020-04-19 23:00,0.027,1.2,81,17,6.7,3.8
2020-04-20 00:00,0.026,0.6,107,57,6.1,3.8
2020-04-20 01:00,0.022,0.6,58,59,4.6,4.5
2020-04-20 02:00,0.021,0.7,77,44,3.5,4.3
2020-04-20 03:00,0.013,0.6,113,52,2.1,0.6
2020-04-20 04:00,0.012,0.6,85,61,1.2,0.3
2020-04-20 05:00,0.005,0.6,142,59,0.3,3.3
2020-04-20 06:00,0.005,0.5,140,52,1.5,1.4
2020-04-20 07:00,0.015,0.6,65,55,5.5,3.3
2020-04-20 08:00,0.023,0.9,87,59,7.8,6.4
2020-04-20 09:00,0.029,1.3,78,45,10,5.9
2020-04-20 10:00,0.034,1.5,80,45,12.4,4.3
2020-04-20 11:00,0.039,1.7,78,57,14.5,3
2020-04-20 12:00,0.042,1.4,189,71,15.3,3.8
2020-04-20 13:00,0.044,1.4,164,77,16,3.1
2020-04-20 14:00,0.045,1.6,322,51,17.3,3.5
2020-04-20 15:00,0.047,3.2,322,27,17.8,4
2020-04-20 16:00,0.047,3.4,332,23,18.1,2.6
2020-04-20 17:00,0.047,3,326,24,17.8,1.8
2020-04-20 18:00,0.046,2.5,333,24,16.8,2.6
2020-04-20 19:00,0.042,1.6,342,41,14.7,3.3
2020-04-20 20:00,0.033,0.9,133,41,11.7,4.5
2020-04-20 21:00,0.021,0.8,158,43,9.4,6.2
2020-04-20 22:00,0.023,0.5,170,50,7.6,7.8
2020-04-20 23:00,0.028,0.9,59,26,6.6,6.7
2020-04-21 00:00,0.017,0.7,204,47,4.5,4.8
2020-04-21 01:00,0.022,0.7,61,47,4.1,6
2020-04-21 02:00,0.014,0.5,179,56,2.6,5.5
2020-04-21 03:00,0.015,0.7,105,61,1.9,5.9
2020-04-21 04:00,0.009,0.6,145,73,1.2,6
2020-04-21 05:00,0.005,0.6,144,50,0.5,2.5
2020-04-21 06:00,0.007,0.6,113,42,1.8,0.5
2020-04-21 07:00,0.013,0.6,172,45,5.6,7.4
2020-04-21 08:00,0.022,1.2,56,71,8.2,13.9
2020-04-21 09:00,0.028,1.1,80,66,10.7,10.5
2020-04-21 10:00,0.031,1.4,76,46,13.5,6.7
2020-04-21 11:00,0.043,1.5,61,50,16.5,5.9
2020-04-21 12:00,0.05,1.7,300,63,18.1,4.3
2020-04-21 13:00,0.05,3.1,257,37,19,3.1
2020-04-21 14:00,0.054,4.4,287,20,19.3,3.8
2020-04-21 15:00,0.052,4.1,288,22,19.7,2.8
2020-04-21 16:00,0.051,4.1,290,17,19.1,3.8
2020-04-21 17:00,0.052,3.8,285,18,18.2,4.8
2020-04-21 18:00,0.052,3.1,274,18,16.8,1.6
2020-04-21 19:00,0.051,3.1,250,18,14.8,1.8
2020-04-21 20:00,0.052,1.4,271,37,13.3,4
2020-04-21 21:00,0.044,0.7,178,37,10.9,2.6
2020-04-21 22:00,0.038,0.8,145,35,9.4,1.6
2020-04-21 23:00,0.036,1,234,38,8,3.8
2020-04-22 00:00,0.031,0.8,125,26,6.9,5.7
2020-04-22 01:00,0.029,0.7,98,33,5.8,5
2020-04-22 02:00,0.023,0.8,199,58,4.1,4.5
2020-04-22 03:00,0.023,0.7,69,53,3.6,4.5
2020-04-22 04:00,0.015,0.7,178,65,2.4,3.8
2020-04-22 05:00,0.01,0.7,160,77,1.4,3.8
2020-04-22 06:00,0.013,0.9,175,61,2.2,2.8
2020-04-22 07:00,0.023,0.6,288,74,4.7,2.3
2020-04-22 08:00,0.03,1.4,2,55,8,6.9
2020-04-22 09:00,0.039,0.9,97,73,11.2,7.2
2020-04-22 10:00,0.043,1.5,254,68,13.2,5.7
2020-04-22 11:00,0.045,2.7,265,41,14.8,5.5
2020-04-22 12:00,0.045,3.3,210,27,15.6,4.3
2020-04-22 13:00,0.044,3.1,246,26,15.8,3.6
2020-04-22 14:00,0.044,2.8,260,26,15.6,3.3
2020-04-22 15:00,0.044,2.3,279,34,15.6,4.5
2020-04-22 16:00,0.045,2.9,246,30,14.9,2.6
2020-04-22 17:00,0.047,2.8,254,25,13.9,-0.8
2020-04-22 18:00,0.048,2.8,270,28,13,-0.8
2020-04-22 19:00,0.046,1.9,280,29,10.9,1.1
2020-04-22 20:00,0.041,1.1,318,48,9,2.3
2020-04-22 21:00,0.039,1,8,36,8.1,1.1
2020-04-22 22:00,0.035,0.6,71,56,8,2.8
2020-04-22 23:00,0.032,0.6,173,76,7.5,3.8
2020-04-23 00:00,0.031,0.7,142,55,6.9,3.1
2020-04-23 01:00,0.03,0.5,111,41,6.7,2.1
2020-04-23 02:00,0.027,0.6,321,54,6.5,2.3
2020-04-23 03:00,0.026,1.1,227,52,5.6,3.1
2020-04-23 04:00,0.029,1.1,314,48,5.3,3.3
2020-04-23 05:00,0.033,0.7,253,71,4.6,2.6
2020-04-23 06:00,0.031,0.9,195,51,4.8,0.1
2020-04-23 07:00,0.031,0.7,317,48,5.3,0.3
2020-04-23 08:00,0.03,0.6,152,59,5.7,1.5
2020-04-23 09:00,0.03,0.8,310,54,6.5,1.1
2020-04-23 10:00,0.033,1.2,343,60,8,0.8
2020-04-23 11:00,0.034,1.5,62,43,9.3,4.5
2020-04-23 12:00,0.033,1.6,335,39,9.6,5.7
2020-04-23 13:00,0.034,1.5,252,67,10.7,3.3
2020-04-23 14:00,0.035,3.1,289,34,10.8,4.5
2020-04-23 15:00,0.036,3.8,252,25,10.2,3.3
2020-04-23 16:00,0.036,1.2,271,51,9.5,1.6
2020-04-23 17:00,0.036,2.5,233,25,11.6,0.8
2020-04-23 18:00,0.036,3,251,25,10.8,1.8
2020-04-23 19:00,0.036,2.3,206,24,9.3,2.1
2020-04-23 20:00,0.036,2.2,217,17,8.9,2.3
2020-04-23 21:00,0.036,1.6,238,57,8.8,2.3
2020-04-23 22:00,0.036,1.7,353,37,7.7,1.6
2020-04-23 23:00,0.035,0.9,138,53,6.9,3.8
2020-04-24 00:00,0.032,1.1,331,46,6.3,3.5
2020-04-24 01:00,0.028,0.8,238,43,5.6,1.5
2020-04-24 02:00,0.024,1,324,55,4.6,2.1
2020-04-24 03:00,0.019,1.2,185,45,3.6,2.8
2020-04-24 04:00,0.02,1.1,139,48,3.3,1.8
2020-04-24 05:00,0.012,0.9,262,61,2.4,-3
2020-04-24 06:00,0.006,0.6,225,51,2.6,-2.5
2020-04-24 07:00,0.012,0.6,222,78,4.5,4.5
2020-04-24 08:00,0.018,1,12,55,7,9.8
2020-04-24 09:00,0.026,1.5,71,40,10.1,11
2020-04-24 10:00,0.034,1.2,308,67,11.5,ZZ
2020-04-24 11:00,0.04,1.4,344,74,12.3,6.4
2020-04-24 12:00,0.043,1.7,239,71,14.5,3.3
2020-04-24 13:00,0.045,2.8,224,59,14.2,3.5
2020-04-24 14:00,0.046,2,271,54,14.1,4.8
2020-04-24 15:00,0.046,2.1,290,38,14.6,3.5
2020-04-24 16:00,0.044,1.9,269,32,14.2,1.1
2020-04-24 17:00,0.044,1.5,289,45,14.4,2.1
2020-04-24 18:00,0.043,1.8,5,26,13.9,3.3
2020-04-24 19:00,0.038,1,29,34,12.5,4.8
2020-04-24 20:00,0.031,0.7,104,50,10.5,4.5
2020-04-24 21:00,0.028,1,112,34,9.1,5.7
2020-04-24 22:00,0.027,1.6,74,14,8.6,6.4
2020-04-24 23:00,0.028,1.6,65,36,8,5
2020-04-25 00:00,0.023,0.9,78,37,7.8,4.8
2020-04-25 01:00,0.023,0.9,64,16,7.6,5
2020-04-25 02:00,0.021,0.9,78,15,7.3,7.2
2020-04-25 03:00,0.018,0.8,54,20,7.1,6.2
2020-04-25 04:00,0.019,1.3,68,11,7,4.8
2020-04-25 05:00,0.014,0.5,142,49,6.7,3.3
2020-04-25 06:00,0.015,0.7,191,40,6.7,3.5
2020-04-25 07:00,0.023,0.7,78,59,7.9,2.5
2020-04-25 08:00,0.032,1,48,67,10.7,2.3
2020-04-25 09:00,0.036,1.5,151,52,12.6,5
2020-04-25 10:00,0.044,2.3,191,29,13.9,4
2020-04-25 11:00,0.046,2.8,190,26,15,2.1
2020-04-25 12:00,0.05,3.2,197,26,16.1,2.8
2020-04-25 13:00,0.05,2.9,199,24,16.4,1.8
2020-04-25 14:00,0.047,4,248,24,16.5,1.8
2020-04-25 15:00,0.047,2.7,239,28,16.5,3.1
2020-04-25 16:00,0.048,2.4,202,21,16.7,5.5
2020-04-25 17:00,0.048,2.9,215,19,16.8,4
2020-04-25 18:00,0.046,3.7,261,21,14.7,1.8
2020-04-25 19:00,0.043,1.5,216,54,11.4,3.1
2020-04-25 20:00,0.047,2.2,207,30,11,3.3
2020-04-25 21:00,0.049,1.5,223,29,10.5,3.3
2020-04-25 22:00,0.046,1.3,203,23,9.6,1.6
2020-04-25 23:00,0.046,1.6,232,33,9.7,1.8
2020-04-26 00:00,0.042,1.1,251,46,8.3,2.1
2020-04-26 01:00,0.042,1.7,239,29,8.4,2.1
2020-04-26 02:00,0.039,0.9,292,62,7.7,2.3
2020-04-26 03:00,0.035,0.7,191,45,7.3,2.8
2020-04-26 04:00,0.04,2.2,241,20,9.1,4
2020-04-26 05:00,0.043,1.3,253,59,8.9,4.5
2020-04-26 06:00,0.037,0.8,152,57,9.1,4
2020-04-26 07:00,0.044,1,273,60,11.1,4.5
2020-04-26 08:00,0.047,2.8,253,41,11.9,6.4
2020-04-26 09:00,0.049,3.1,267,31,13.1,7.7
2020-04-26 10:00,0.049,2.6,259,38,14.1,6
2020-04-26 11:00,0.05,2.4,320,47,14.8,4.3
2020-04-26 12:00,0.053,2.7,157,55,15.8,6
2020-04-26 13:00,0.055,3.6,227,27,16.8,9.8
2020-04-26 14:00,0.055,3.8,233,19,17.5,6.9
2020-04-26 15:00,0.056,4.7,231,18,17.8,3.5
2020-04-26 16:00,0.056,3.4,246,20,18.2,5.7
2020-04-26 17:00,0.057,4,235,17,17.9,6.4
2020-04-26 18:00,0.056,2.5,240,19,16.5,7.7
2020-04-26 19:00,0.05,1,282,50,14.5,7.4
2020-04-26 20:00,0.045,1,49,47,12.6,5.5
2020-04-26 21:00,0.041,0.9,120,30,11.4,5.2
2020-04-26 22:00,0.035,1,102,22,10.6,5.7
2020-04-26 23:00,0.033,0.7,156,33,8.8,5.9
2020-04-27 00:00,0.023,0.4,127,77,7.6,7.2
2020-04-27 01:00,0.031,0.9,127,25,7.2,5.7
2020-04-27 02:00,0.028,0.5,109,48,7.1,5
2020-04-27 03:00,0.024,0.6,157,48,6.4,4.3
2020-04-27 04:00,0.025,0.7,195,45,6.2,4.3
2020-04-27 05:00,0.025,0.8,326,47,6.3,6.4
2020-04-27 06:00,0.022,0.6,165,54,6.6,8.3
2020-04-27 07:00,0.016,0.6,36,66,7.3,10.5
2020-04-27 08:00,0.02,1.4,101,40,8.4,8.8
2020-04-27 09:00,0.035,1.4,93,24,9.9,5
2020-04-27 10:00,0.044,1.3,132,47,11.6,3.8
2020-04-27 11:00,0.044,2.8,199,30,11.9,3.5
2020-04-27 12:00,0.044,2.7,237,33,12.7,1.1
2020-04-27 13:00,0.043,2.2,214,51,14,1.3
2020-04-27 14:00,0.042,5.2,232,21,15.5,4
2020-04-27 15:00,0.044,5.2,245,24,14.9,2.5
2020-04-27 16:00,0.044,3.4,284,28,14.8,0.6
2020-04-27 17:00,0.043,2.8,348,32,13.6,1.8
2020-04-27 18:00,0.043,1.4,296,45,13.3,0.3
2020-04-27 19:00,0.039,1.3,98,51,12.6,-0.3
2020-04-27 20:00,0.047,2.9,264,46,13.6,0.8
2020-04-27 21:00,0.052,3.6,252,25,13.5,2.1
2020-04-27 22:00,0.053,3.3,250,23,12.9,4.5
2020-04-27 23:00,0.054,3,249,28,12.3,4.5
2020-04-28 00:00,0.055,2.6,244,20,11.6,4.3
2020-04-28 01:00,0.054,2.2,239,21,10.8,4.3
2020-04-28 02:00,0.048,0.8,255,71,9.5,4
2020-04-28 03:00,0.045,0.8,228,53,8.6,4.7
2020-04-28 04:00,0.046,1,223,67,8.4,4.8
2020-04-28 05:00,0.042,0.7,150,45,7.3,3.3
2020-04-28 06:00,0.025,0.8,102,28,8,4.5
2020-04-28 07:00,0.046,1,35,57,11.2,6.7
2020-04-28 08:00,0.051,1.4,303,57,12.3,6.2
2020-04-28 09:00,0.054,1.5,6,64,13.6,6.2
2020-04-28 10:00,0.055,2.1,46,42,14.5,5.5
2020-04-28 11:00,0.056,1.7,42,62,15.8,4
2020-04-28 12:00,0.058,1.5,159,73,17.1,3.3
2020-04-28 13:00,0.058,2.6,324,54,18.4,3.3
2020-04-28 14:00,0.059,3,290,32,19.7,3.5
2020-04-28 15:00,0.058,3.3,310,22,20.1,3.8
2020-04-28 16:00,0.058,2.7,294,31,20.5,4
2020-04-28 17:00,0.057,2.4,257,30,20.3,3.5
2020-04-28 18:00,0.056,2.2,248,19,19,2.6
2020-04-28 19:00,0.053,1.2,240,24,17.1,3.8
2020-04-28 20:00,0.041,0.8,104,27,13.6,6.9
2020-04-28 21:00,0.038,1.5,83,9,11.7,6.9
2020-04-28 22:00,0.035,1.1,108,30,10.3,5.5
2020-04-28 23:00,0.035,0.5,82,47,8.9,5.5
2020-04-29 00:00,0.033,0.6,129,47,7.4,4.3
2020-04-29 01:00,0.029,0.9,107,54,6.5,2.8
2020-04-29 02:00,0.024,0.8,169,70,5.4,2.8
2020-04-29 03:00,0.022,0.8,180,75,4.7,3
2020-04-29 04:00,0.022,0.7,166,77,4,2.1
2020-04-29 05:00,ZZ,0.7,204,65,3,2.3
2020-04-29 06:00,ZZ,0.7,219,51,5,5.5
2020-04-29 07:00,0.027,1.3,238,58,8,7.2
2020-04-29 08:00,0.031,1,125,52,10.8,5
2020-04-29 09:00,0.039,1,163,66,13.6,2.3
2020-04-29 10:00,0.041,1.2,28,80,16.4,2.8
2020-04-29 11:00,0.044,1.1,242,57,18.8,4.5
2020-04-29 12:00,0.047,1.5,237,41,21,4
2020-04-29 13:00,0.049,1,253,63,23.9,3.3
2020-04-29 14:00,0.048,1.7,250,47,26.2,2.5
2020-04-29 15:00,0.044,2.4,200,20,26.5,2.8
2020-04-29 16:00,0.04,2.1,274,23,25.1,2
2020-04-29 17:00,0.035,1.3,237,53,22.5,4
2020-04-29 18:00,0.036,1.2,21,65,21.1,5.5
2020-04-29 19:00,0.03,0.9,70,57,19,4.5
2020-04-29 20:00,0.026,1.2,73,52,16.7,4.8
2020-04-29 21:00,0.027,1.2,101,58,16.1,3
2020-04-29 22:00,0.023,1.3,337,40,15.2,5
2020-04-29 23:00,0.033,1.8,67,45,14.5,5.9
2020-04-30 00:00,0.031,2,98,45,13.2,4
2020-04-30 01:00,0.029,1.4,104,57,12.3,1.3
2020-04-30 02:00,0.025,1.1,107,54,11.6,0.3
2020-04-30 03:00,0.023,1.1,85,43,11,2.3
2020-04-30 04:00,0.018,0.9,100,38,10.4,5
2020-04-30 05:00,0.014,0.6,143,38,10,5
2020-04-30 06:00,0.015,1,90,19,10.5,3.1
2020-04-30 07:00,0.021,0.9,129,33,11.3,2.5
2020-04-30 08:00,0.02,0.7,140,59,12,ZZ
2020-04-30 09:00,0.021,1.1,8,40,12.2,ZZ
2020-04-30 10:00,0.023,1.7,4,35,13.5,ZZ
2020-04-30 11:00,0.025,2.5,2,25,14.4,2.3
2020-04-30 12:00,0.026,2,352,32,13.7,2.8
2020-04-30 13:00,0.026,1.2,319,53,14.7,1.8
2020-04-30 14:00,0.025,1.3,297,65,15.7,0.8
2020-04-30 15:00,0.03,3.7,336,22,12.2,2.5
2020-04-30 16:00,0.028,1.3,311,57,12.4,3.8
2020-04-30 17:00,0.036,2.3,269,38,11.9,2.3
2020-04-30 18:00,0.04,1.8,215,36,10.6,1.6
2020-04-30 19:00,0.047,1.6,167,31,9.8,0.3
2020-04-30 20:00,0.052,2.2,230,28,9.7,-0.3
2020-04-30 21:00,0.051,1.8,217,28,9,1.3
2020-04-30 22:00,0.047,0.8,138,73,8.2,1.3
2020-04-30 23:00,0.047,1,299,49,8.3,-0.8
2020-05-01 00:00,0.04,0.8,119,46,7.1,2.8
2020-05-01 01:00,0.036,0.5,101,74,6,4.7
2020-05-01 02:00,0.034,1.2,214,50,5,1.8
2020-05-01 03:00,0.023,0.9,72,52,5.1,2.5
2020-05-01 04:00,0.019,0.8,356,54,4.6,3.5
2020-05-01 05:00,0.01,0.5,142,61,2.9,5
2020-05-01 06:00,0.01,0.5,118,46,4.4,5.7
2020-05-01 07:00,0.02,0.8,104,51,7.2,7.1
2020-05-01 08:00,0.035,1.4,219,69,9,6.9
2020-05-01 09:00,0.042,2.2,163,56,11.2,3.5
2020-05-01 10:00,0.047,2.5,196,35,12.4,1.8
2020-05-01 11:00,0.047,2.2,187,53,13.9,0.8
2020-05-01 12:00,0.047,2.4,354,49,14,2.5
2020-05-01 13:00,0.048,2.1,349,50,15.4,3.8
2020-05-01 14:00,0.048,1.7,336,57,15.4,0.6
2020-05-01 15:00,0.049,1.8,358,48,15.6,1.5
2020-05-01 16:00,0.05,1.6,336,50,16.3,4
2020-05-01 17:00,0.05,1,171,68,16.3,1.3
2020-05-01 18:00,0.05,2.1,329,33,15.8,0.6
2020-05-01 19:00,0.047,1.6,352,37,14,3.3
2020-05-01 20:00,0.041,1.1,87,39,11.4,2.5
2020-05-01 21:00,0.035,0.9,56,58,8.9,4.5
2020-05-01 22:00,0.03,0.7,94,46,6.2,9.3
2020-05-01 23:00,0.029,0.7,34,56,4.8,5.7
2020-05-02 00:00,0.018,0.5,149,56,3.3,6.2
2020-05-02 01:00,0.021,0.5,55,58,2.6,9.5
2020-05-02 02:00,0.013,0.6,117,50,1.6,9.1
2020-05-02 03:00,0.011,0.5,190,58,0.6,6.4
2020-05-02 04:00,0.012,0.5,150,60,0.3,1
2020-05-02 05:00,0.008,0.7,180,60,0,0.7
2020-05-02 06:00,0.015,0.7,205,53,1.8,3.7
2020-05-02 07:00,0.024,0.9,269,45,4.6,5.5
2020-05-02 08:00,0.03,0.9,330,68,7.8,17.5
2020-05-02 09:00,0.034,1.4,71,47,10.4,6.4
2020-05-02 10:00,0.037,1.4,105,62,13,7.2
2020-05-02 11:00,0.04,1.2,39,62,16.1,7.9
2020-05-02 12:00,0.048,1.4,231,68,18.6,5.9
2020-05-02 13:00,0.052,1.7,75,70,20.7,3.5
2020-05-02 14:00,0.053,1.9,170,38,22.1,2.1
2020-05-02 15:00,0.054,2.2,195,40,22.7,2.6
2020-05-02 16:00,0.055,1.9,195,39,23.1,3.3
2020-05-02 17:00,0.054,1.8,242,22,21.6,2.6
2020-05-02 18:00,0.051,1.8,241,56,19.9,2.3
2020-05-02 19:00,0.049,1.3,103,31,17.7,4
2020-05-02 20:00,0.046,1.4,85,33,16,5.7
2020-05-02 21:00,0.047,2.4,15,51,14.5,8.6
2020-05-02 22:00,0.049,1.7,150,60,12.9,9
2020-05-02 23:00,0.049,4.4,86,10,11,4.5
2020-05-03 00:00,0.047,1.2,138,70,10.8,3
2020-05-03 01:00,0.042,2,74,12,9.7,4.5
2020-05-03 02:00,0.036,1,135,44,9,4.3
2020-05-03 03:00,0.032,0.6,188,69,8.9,5.7
2020-05-03 04:00,0.042,2.4,265,28,8.2,5.2
2020-05-03 05:00,0.048,2.1,304,34,6.1,2.5
2020-05-03 06:00,0.041,1,349,44,5.9,1.8
2020-05-03 07:00,0.046,1.7,261,39,6.8,0.1
2020-05-03 08:00,0.045,3.4,251,27,8.1,0.1
2020-05-03 09:00,0.045,4,254,24,8.8,2.8
2020-05-03 10:00,0.046,2.5,285,37,9.6,2
2020-05-03 11:00,0.045,2.6,277,34,10.4,0.3
2020-05-03 12:00,0.044,3.2,255,28,10.3,0.1
2020-05-03 13:00,0.043,4,209,25,9.4,1.1
2020-05-03 14:00,0.043,2.5,247,32,9.4,1.6
2020-05-03 15:00,0.045,3.1,210,28,10.7,1.6
2020-05-03 16:00,0.045,3.5,236,26,7.5,2.8
2020-05-03 17:00,0.046,3.1,208,24,8.2,4.5
2020-05-03 18:00,0.047,4.1,220,18,6.2,2.8
2020-05-03 19:00,0.047,2.1,216,16,6.1,0.8
2020-05-03 20:00,0.042,1.4,233,23,5.4,0.1
2020-05-03 21:00,0.045,2.7,242,26,5.1,-0.3
2020-05-03 22:00,0.042,1.7,244,40,3.8,-1.8
2020-05-03 23:00,0.031,0.7,98,58,2.4,-2.3
2020-05-04 00:00,0.024,0.7,140,67,0.7,-2
2020-05-04 01:00,0.019,0.9,153,67,0.1,-2.6
2020-05-04 02:00,0.016,0.8,98,64,-0.7,-1.9
2020-05-04 03:00,0.011,0.6,160,84,-1.6,1.9
2020-05-04 04:00,0.008,0.7,109,63,-2,3.4
2020-05-04 05:00,0.006,0.6,159,68,-2.2,0.9
2020-05-04 06:00,0.012,0.6,177,64,0.6,2.7
2020-05-04 07:00,0.02,1,122,55,3.2,4.7
2020-05-04 08:00,0.024,1,53,57,6,7.1
2020-05-04 09:00,0.038,1.5,349,58,9,10.8
2020-05-04 10:00,0.045,2.6,239,43,10.4,10.3
2020-05-04 11:00,0.046,2.5,283,50,11.2,5.7
2020-05-04 12:00,0.048,3,232,45,12.5,4.3
2020-05-04 13:00,0.049,4,243,24,13.6,4
2020-05-04 14:00,0.049,3.9,243,27,14,2.1
2020-05-04 15:00,0.048,2.1,249,50,13.8,1.1
2020-05-04 16:00,0.052,3,298,34,15,2.3
2020-05-04 17:00,0.051,2.4,315,39,15.4,3.8
2020-05-04 18:00,0.052,2,334,31,14.3,3
2020-05-04 19:00,0.05,1.4,356,36,12.6,2.6
2020-05-04 20:00,0.039,0.5,163,59,9.7,4.3
2020-05-04 21:00,0.03,0.5,116,56,6.9,5
2020-05-04 22:00,0.025,0.8,91,63,5,3.3
2020-05-04 23:00,0.019,0.5,189,54,3.5,0.8
2020-05-05 00:00,0.02,0.6,93,41,2.7,2.3
2020-05-05 01:00,0.026,0.7,95,51,2.1,1.1
2020-05-05 02:00,0.018,0.5,145,57,0.7,1.1
2020-05-05 03:00,0.018,0.5,144,71,0,3.3
2020-05-05 04:00,0.012,0.6,158,54,-0.9,1.9
2020-05-05 05:00,0.008,0.5,167,52,-0.9,4.4
2020-05-05 06:00,0.016,0.5,196,57,1.6,6.2
2020-05-05 07:00,0.024,0.6,187,63,4.8,7.1
2020-05-05 08:00,0.028,1,215,75,6.9,8.6
2020-05-05 09:00,0.035,1.1,58,78,9.9,11
2020-05-05 10:00,0.039,1.2,102,64,12.8,11
2020-05-05 11:00,0.043,1.7,72,59,15.3,6.2
2020-05-05 12:00,0.048,1.3,49,66,18.2,4
2020-05-05 13:00,0.051,1.3,322,62,20,4
2020-05-05 14:00,0.052,1.4,298,42,21.1,4.3
2020-05-05 15:00,0.054,1.4,23,62,22,3.3
2020-05-05 16:00,0.053,1.5,83,36,22.3,2.3
2020-05-05 17:00,0.054,1.3,268,46,22,3.3
2020-05-05 18:00,0.052,0.9,284,57,20.5,3.1
2020-05-05 19:00,0.044,0.7,221,49,18.4,4.1
2020-05-05 20:00,0.034,0.7,97,48,14.7,4.3
2020-05-05 21:00,0.024,1,114,29,11.4,7.9
2020-05-05 22:00,0.018,0.7,134,50,9.3,11.5
2020-05-05 23:00,0.018,0.4,152,80,8,8.6
2020-05-06 00:00,0.018,0.5,109,73,7.5,7.9
2020-05-06 01:00,0.021,0.6,117,49,7,6.2
2020-05-06 02:00,0.021,0.7,143,59,6.9,4
2020-05-06 03:00,0.018,0.5,115,85,6.4,5.5
2020-05-06 04:00,0.016,0.5,198,52,6.2,5.9
2020-05-06 05:00,0.013,0.5,105,66,6.1,6.4
2020-05-06 06:00,0.011,0.6,89,54,6.9,5
2020-05-06 07:00,0.019,2,268,67,7.8,5.2
2020-05-06 08:00,0.022,1,196,53,9.8,7.9
2020-05-06 09:00,0.028,1.4,351,73,12,6.4
2020-05-06 10:00,0.032,1.8,18,44,14.5,5.2
2020-05-06 11:00,0.044,3.1,288,34,13.1,7.2
2020-05-06 12:00,0.054,2.8,303,36,12.2,4.7
2020-05-06 13:00,0.051,3.4,270,30,10.5,1.3
2020-05-06 14:00,0.046,2.2,257,36,9.2,3.3
2020-05-06 15:00,0.043,4.1,239,20,7.9,2.5
2020-05-06 16:00,0.046,2.3,298,30,8.5,0.1
2020-05-06 17:00,0.046,2,293,37,8.8,2.3
2020-05-06 18:00,0.046,2.8,226,23,7,2
2020-05-06 19:00,0.046,2.1,231,25,6.7,-1
2020-05-06 20:00,0.046,2.4,225,19,6.3,0.3
2020-05-06 21:00,0.044,1.9,240,16,6,0.3
2020-05-06 22:00,0.044,1.3,250,14,6,0.6
2020-05-06 23:00,0.043,1.3,253,16,5.5,3.1
2020-05-07 00:00,0.041,0.8,277,45,5.3,1.8
2020-05-07 01:00,0.04,0.8,238,65,5,0.8
2020-05-07 02:00,0.043,2.1,235,26,5.9,1.3
2020-05-07 03:00,0.043,2.2,231,16,5.7,1.1
2020-05-07 04:00,0.042,1.9,248,18,5.8,-1
2020-05-07 05:00,0.041,1.7,275,24,5.6,-0.8
2020-05-07 06:00,0.039,1.8,285,25,5.5,1.8
2020-05-07 07:00,0.036,1.1,334,28,5.4,2.3
2020-05-07 08:00,0.038,0.8,287,41,5.9,2.3
2020-05-07 09:00,0.038,0.8,69,38,6.7,2.3
2020-05-07 10:00,0.038,1.3,297,70,7.9,2.8
2020-05-07 11:00,0.038,1.3,8,70,8.9,4.3
2020-05-07 12:00,0.039,1.8,50,34,10.4,3.5
2020-05-07 13:00,0.04,1.7,75,55,11.4,3.3
2020-05-07 14:00,0.041,1.5,51,66,12.6,5.9
2020-05-07 15:00,0.041,1.7,352,60,13.3,5.9
2020-05-07 16:00,0.042,1.3,278,68,13.8,6
2020-05-07 17:00,0.042,1.1,322,81,14,6.7
2020-05-07 18:00,0.04,1.4,328,49,12.5,4.3
2020-05-07 19:00,0.038,0.8,316,68,11,1.6
2020-05-07 20:00,0.03,0.6,90,43,8.7,0.6
2020-05-07 21:00,0.027,0.9,68,49,6.7,-0.1
2020-05-07 22:00,0.02,0.7,214,49,5.1,1.1
2020-05-07 23:00,0.015,0.6,198,56,3.5,2.3
2020-05-08 00:00,0.015,0.5,248,62,2.6,2.3
2020-05-08 01:00,0.012,0.4,97,70,1.7,3.3
2020-05-08 02:00,0.008,0.6,165,53,0.8,2.5
2020-05-08 03:00,0.012,0.9,247,47,1.4,2.3
2020-05-08 04:00,0.014,0.7,153,38,2.3,4.5
2020-05-08 05:00,0.01,0.7,200,61,2.3,4.5
2020-05-08 06:00,0.011,0.7,271,54,3.7,4
2020-05-08 07:00,0.019,0.8,68,69,6.8,4.5
2020-05-08 08:00,0.022,1.3,277,57,8.2,5.2
2020-05-08 09:00,0.025,1.5,135,55,9,7.1
2020-05-08 10:00,0.03,1.9,86,38,11.5,6.7
2020-05-08 11:00,0.038,2.2,333,63,13.8,4.8
2020-05-08 12:00,0.037,2.6,338,36,14.9,5.3
2020-05-08 13:00,0.039,2.7,338,39,16,4.5
2020-05-08 14:00,0.039,2.7,325,33,16.5,ZZ
2020-05-08 15:00,0.039,2.5,328,36,17.5,2.5
2020-05-08 16:00,0.04,2.5,329,33,17.5,2.3
2020-05-08 17:00,0.039,2.2,313,31,17.5,1.6
2020-05-08 18:00,0.039,2.3,324,28,16.3,1.8
2020-05-08 19:00,0.033,2.4,353,21,14.7,1.3
2020-05-08 20:00,0.031,1.2,83,39,12.9,1.3
2020-05-08 21:00,0.027,1.1,112,33,10.8,2
2020-05-08 22:00,0.03,1.8,54,35,10.9,0.8
2020-05-08 23:00,0.032,2.5,77,16,11.5,-2
2020-05-09 00:00,0.031,2.4,81,17,11,-1.3
2020-05-09 01:00,0.029,1.7,91,52,9.5,1.3
2020-05-09 02:00,0.023,0.6,120,65,6.5,0.8
2020-05-09 03:00,0.03,2.4,72,14,8.1,0.3
2020-05-09 04:00,0.035,3,85,14,7.8,1.5
2020-05-09 05:00,0.034,1.3,141,70,7,-0.1
2020-05-09 06:00,0.034,1,55,76,7.9,0.3
2020-05-09 07:00,0.04,3.4,93,32,10.1,4.7
2020-05-09 08:00,0.042,5.7,94,9,11.2,6.9
2020-05-09 09:00,0.043,5.9,89,12,12.8,4.5
2020-05-09 10:00,0.042,3.6,66,16,14.6,4.5
2020-05-09 11:00,0.043,3,58,17,16.1,5
2020-05-09 12:00,0.044,2.9,61,21,17.5,4
2020-05-09 13:00,0.046,2.2,47,37,18.7,3.5
2020-05-09 14:00,0.046,1.8,26,48,19.6,2.6
2020-05-09 15:00,0.046,1.7,57,63,20.3,2.3
2020-05-09 16:00,0.046,1.6,7,52,20.5,2.3
2020-05-09 17:00,0.044,2.4,323,27,19.6,3.5
2020-05-09 18:00,0.042,2.6,328,22,18,3.8
2020-05-09 19:00,0.04,2.6,30,23,16.4,2.8
2020-05-09 20:00,0.042,4.5,84,14,14.2,1.3
2020-05-09 21:00,0.044,5.1,92,16,12.8,2.8
2020-05-09 22:00,0.046,6,92,11,12,2.8
2020-05-09 23:00,0.046,4.6,97,12,11.4,2
2020-05-10 00:00,0.046,4.2,104,15,10.7,3.3
2020-05-10 01:00,0.045,5.1,101,11,10.2,4
2020-05-10 02:00,0.045,5.1,96,9,9.8,3
2020-05-10 03:00,0.044,4.5,101,11,9.3,2.1
2020-05-10 04:00,0.043,3.5,111,17,9.1,1.8
2020-05-10 05:00,0.042,2.9,111,17,9,2
2020-05-10 06:00,0.042,3.6,108,14,9.5,3.3
2020-05-10 07:00,0.042,4.9,98,12,10.5,3.8
2020-05-10 08:00,0.042,6.6,92,9,11.5,4.3
2020-05-10 09:00,0.042,6.7,95,11,12.8,3.1
2020-05-10 10:00,0.044,5.8,82,16,14.3,2.1
2020-05-10 11:00,0.046,4.9,76,17,15.6,3.1
2020-05-10 12:00,0.046,4.4,73,16,17,4.3
2020-05-10 13:00,0.046,4.4,67,15,18,4.5
2020-05-10 14:00,0.046,4.2,58,16,18.4,3.5
2020-05-10 15:00,0.046,4.3,60,13,18.3,4.7
2020-05-10 16:00,0.047,5,72,14,17.8,5.3
2020-05-10 17:00,0.046,5.9,79,13,16.4,3.3
2020-05-10 18:00,0.045,5.5,76,13,14.5,1.8
2020-05-10 19:00,0.045,5.9,82,13,12.4,3.3
2020-05-10 20:00,0.044,5.3,84,11,10.9,3.5
2020-05-10 21:00,0.044,5.1,86,10,9.9,2.3
2020-05-10 22:00,0.043,4.5,86,12,9.4,3.5
2020-05-10 23:00,0.042,4.1,84,17,9.1,3.8
2020-05-11 00:00,0.041,3.9,79,17,8.9,3.1
2020-05-11 01:00,0.04,4.5,85,14,8.7,1.6
2020-05-11 02:00,0.039,5.3,87,10,8.5,3.5
2020-05-11 03:00,0.038,3.9,81,18,8.5,3.3
2020-05-11 04:00,0.037,3.7,87,16,8.4,0.3
2020-05-11 05:00,0.036,4.8,88,11,8.2,2.3
2020-05-11 06:00,0.035,5,86,14,7.9,2.8
2020-05-11 07:00,0.035,7.6,91,18,7.9,2.6
2020-05-11 08:00,0.034,7.8,88,14,7.9,2.5
2020-05-11 09:00,0.035,8.3,90,9,8.9,2.5
2020-05-11 10:00,0.035,8.6,90,8,10,1.8
2020-05-11 11:00,0.034,8.1,91,9,10,1.6
2020-05-11 12:00,0.035,7.9,91,9,9.7,3.3
2020-05-11 13:00,0.035,8.3,95,8,10.4,4.3
2020-05-11 14:00,0.035,8.2,93,9,11.3,3.5
2020-05-11 15:00,0.034,6.7,91,9,11.2,2
2020-05-11 16:00,0.035,5.5,85,12,11.4,0.6
2020-05-11 17:00,0.035,5.5,88,12,10.8,0.1
2020-05-11 18:00,0.035,6.3,86,10,9.9,0.3
2020-05-11 19:00,0.034,5.1,82,14,9.2,-0.1
2020-05-11 20:00,0.034,4,82,21,8.7,0.6
2020-05-11 21:00,0.033,3.5,93,25,7.2,2.3
2020-05-11 22:00,0.031,2.1,95,35,5.2,1.5
2020-05-11 23:00,0.03,1.6,96,45,5.6,0.8
2020-05-12 00:00,0.031,1.8,64,26,5.3,1.1
2020-05-12 01:00,0.03,1.3,51,33,5.4,0.8
2020-05-12 02:00,0.029,1.3,72,43,4.7,0.3
2020-05-12 03:00,0.026,0.8,190,63,4.6,0.6
2020-05-12 04:00,0.026,1.1,119,43,4.9,1.8
2020-05-12 05:00,0.022,1.1,185,57,4.7,3.3
2020-05-12 06:00,0.02,1,204,34,5,2.8
2020-05-12 07:00,0.017,0.9,246,52,4.2,2.5
2020-05-12 08:00,0.019,0.9,152,46,4.5,5
2020-05-12 09:00,0.02,1.2,14,38,6.2,5
2020-05-12 10:00,0.02,1.3,350,50,7.1,4
2020-05-12 11:00,0.021,2.2,341,30,6.4,4.8
2020-05-12 12:00,0.021,1.7,36,31,6.9,5.5
2020-05-12 13:00,0.025,1.2,51,63,11.3,3.8
2020-05-12 14:00,0.029,1.1,281,83,12.4,2.8
2020-05-12 15:00,0.028,1.5,332,55,11.5,3.5
2020-05-12 16:00,0.027,1.5,45,40,10.4,4.8
2020-05-12 17:00,0.027,0.8,326,79,10.8,6
2020-05-12 18:00,0.027,1,299,55,10,3.8
2020-05-12 19:00,0.023,0.9,227,46,8.9,0.3
2020-05-12 20:00,0.022,0.5,342,66,8.4,1.8
2020-05-12 21:00,0.021,0.7,253,43,8.2,1.3
2020-05-12 22:00,0.035,0.9,169,65,8.6,1.6
2020-05-12 23:00,0.026,0.9,56,30,8,4.5
2020-05-13 00:00,0.021,0.8,69,62,7.8,2.8
2020-05-13 01:00,0.023,1.1,84,15,7.3,1.8
2020-05-13 02:00,0.024,1,80,12,7,3.8
2020-05-13 03:00,0.019,0.8,85,41,6.7,2.5
2020-05-13 04:00,0.014,0.5,131,54,6.3,0.3
2020-05-13 05:00,ZZ,0.7,93,66,6,2.1
2020-05-13 06:00,ZZ,0.8,58,65,7.1,2.3
2020-05-13 07:00,0.019,0.9,300,73,8.3,1.8
2020-05-13 08:00,0.03,1.3,222,43,10.2,1.8
2020-05-13 09:00,0.033,2.6,246,37,11,1.1
2020-05-13 10:00,0.035,3,249,32,12.3,2.3
2020-05-13 11:00,0.037,3.7,242,28,13.2,1.8
2020-05-13 12:00,0.039,3.2,281,35,14.4,1.1
2020-05-13 13:00,0.036,1.7,243,62,13.6,1.1
2020-05-13 14:00,0.036,2.7,222,49,14.1,-0.1
2020-05-13 15:00,0.036,2.6,340,48,12.8,0.1
2020-05-13 16:00,0.037,2,50,47,14.6,0.1
2020-05-13 17:00,0.035,2.5,11,29,13.1,1.6
2020-05-13 18:00,0.035,1.3,59,40,12.1,2.3
2020-05-13 19:00,0.035,1.2,45,42,10.8,1.3
2020-05-13 20:00,0.034,0.8,75,36,9.7,0.8
2020-05-13 21:00,0.032,0.7,189,51,9.1,2
2020-05-13 22:00,0.024,0.8,55,24,7.8,2.6
2020-05-13 23:00,0.023,0.9,67,17,7.5,1.5
2020-05-14 00:00,0.02,0.8,74,21,7.5,1.1
2020-05-14 01:00,0.018,0.6,50,46,7.5,0.1
2020-05-14 02:00,0.017,0.6,13,41,6.8,0.3
2020-05-14 03:00,0.017,0.6,308,52,6.1,0.8
2020-05-14 04:00,0.016,0.8,272,50,5.5,2.3
2020-05-14 05:00,0.011,0.7,266,58,4.5,3
2020-05-14 06:00,0.013,0.7,96,49,6.1,4.3
2020-05-14 07:00,0.017,1.2,58,58,9.1,4.3
2020-05-14 08:00,0.023,1.5,79,33,10.9,2.5
2020-05-14 09:00,0.031,1.5,71,46,12.9,3.3
2020-05-14 10:00,0.036,1.4,88,49,13.6,3.8
2020-05-14 11:00,0.04,1.6,87,49,14.3,3.5
2020-05-14 12:00,0.044,1.6,17,57,15.4,2.8
2020-05-14 13:00,0.044,1.1,55,78,16.5,-0.5
2020-05-14 14:00,0.046,1.3,171,62,17.3,-2
2020-05-14 15:00,0.045,1.5,338,61,18,0.3
2020-05-14 16:00,0.045,1.7,316,62,18,2.3
2020-05-14 17:00,0.044,1.6,304,32,17.6,2.1
2020-05-14 18:00,0.042,1,296,41,16.2,1.8
2020-05-14 19:00,0.038,0.7,265,80,15.2,0.1
2020-05-14 20:00,0.036,1.5,180,43,13.7,1.5
2020-05-14 21:00,0.037,2.3,197,29,12.4,4
2020-05-14 22:00,0.039,1.9,185,32,11.1,3.8
2020-05-14 23:00,0.038,2.1,184,25,9.4,2.3
2020-05-15 00:00,0.037,2.5,204,18,7.9,0.6
2020-05-15 01:00,0.034,2.3,206,18,6.9,1.3
2020-05-15 02:00,0.034,1.5,216,26,6.4,1.1
2020-05-15 03:00,0.035,1.6,202,34,5.7,0.8
2020-05-15 04:00,0.032,0.9,229,52,5.1,0.6
2020-05-15 05:00,0.029,0.8,206,39,4.9,-0.3
2020-05-15 06:00,0.029,0.4,129,70,5,-1.5
2020-05-15 07:00,0.027,0.9,289,53,5.1,-0.1
2020-05-15 08:00,0.027,0.7,355,65,4.8,1.5
2020-05-15 09:00,0.028,0.6,27,62,4.8,ZZ
2020-05-15 10:00,0.027,0.5,55,64,5.2,ZZ
2020-05-15 11:00,0.026,1.1,82,31,5.2,-0.6
2020-05-15 12:00,0.027,0.9,79,31,5.7,2.5
2020-05-15 13:00,0.026,0.6,53,64,6.4,6.9
2020-05-15 14:00,0.027,1,55,45,7.4,2.5
2020-05-15 15:00,0.027,1,73,46,9.5,-0.3
2020-05-15 16:00,0.031,1.4,71,65,11.4,0.3
2020-05-15 17:00,0.032,1.3,303,73,12.3,1.3
2020-05-15 18:00,0.033,1,349,67,11.2,1.3
2020-05-15 19:00,0.033,1.2,49,35,9.9,1.3
2020-05-15 20:00,0.025,0.8,205,31,7.9,1.8
2020-05-15 21:00,0.018,0.6,89,41,6.3,3
2020-05-15 22:00,0.015,0.6,6,64,5,5.5
2020-05-15 23:00,0.009,0.7,119,60,4.2,5.5
2020-05-16 00:00,0.005,0.7,202,43,3.3,5.9
2020-05-16 01:00,0.004,0.5,147,48,2.6,4
2020-05-16 02:00,0.002,0.5,175,68,2.2,2.5
2020-05-16 03:00,0.004,0.8,204,34,2.2,4
2020-05-16 04:00,0.007,0.6,189,42,3.2,3.5
2020-05-16 05:00,0.007,0.6,238,53,3.9,3.8
2020-05-16 06:00,0.008,1,227,30,4.5,4
2020-05-16 07:00,0.01,1,239,45,6.1,4.3
2020-05-16 08:00,0.019,1.1,15,75,9.3,4.5
2020-05-16 09:00,0.023,1.1,48,55,11.4,4.3
2020-05-16 10:00,0.027,1.8,90,55,13.3,3.5
2020-05-16 11:00,0.03,2,56,40,15.3,3.8
2020-05-16 12:00,0.032,1.8,79,42,16.4,2.8
2020-05-16 13:00,0.032,1.3,11,57,17.2,0.3
2020-05-16 14:00,0.035,1.2,269,76,18.2,-0.6
2020-05-16 15:00,0.04,0.8,258,50,18.8,1.3
2020-05-16 16:00,0.039,1.1,234,60,19.1,2
2020-05-16 17:00,0.038,1.2,294,29,18.2,1.3
2020-05-16 18:00,0.037,0.8,317,45,17.1,2
2020-05-16 19:00,0.035,0.4,59,59,15.8,3.5
2020-05-16 20:00,0.023,0.9,114,28,13.5,6.4
2020-05-16 21:00,0.017,0.7,115,25,10.7,10.5
2020-05-16 22:00,0.012,0.6,113,46,9.1,16.7
2020-05-16 23:00,0.012,0.4,225,46,8.2,14.2
2020-05-17 00:00,0.012,0.5,240,63,7.7,12.7
2020-05-17 01:00,0.011,0.5,75,44,7.2,7.1
2020-05-17 02:00,0.008,0.6,124,41,6.5,3.8
2020-05-17 03:00,0.011,0.7,191,51,6.7,4.7
2020-05-17 04:00,0.009,0.5,120,65,6.6,4.5
2020-05-17 05:00,0.009,0.6,35,37,7.1,3.3
2020-05-17 06:00,0.011,1,329,49,7.5,4.7
2020-05-17 07:00,0.013,0.9,220,58,8.3,5.7
2020-05-17 08:00,0.017,0.6,176,79,9.8,4.5
2020-05-17 09:00,0.015,0.6,30,62,10.4,2.5
2020-05-17 10:00,0.016,0.6,64,70,11.4,3.5
2020-05-17 11:00,0.02,1.1,81,40,12.9,7.2
2020-05-17 12:00,0.023,1.1,55,60,14.8,6.4
2020-05-17 13:00,0.027,1.1,74,68,17,6.9
2020-05-17 14:00,0.033,0.9,42,60,20.2,5.7
2020-05-17 15:00,0.043,1,289,62,22.5,3.1
2020-05-17 16:00,0.044,1.2,276,54,23.2,2.5
2020-05-17 17:00,0.044,2,186,27,23.2,0.6
2020-05-17 18:00,0.044,1.8,192,25,23.3,0.8
2020-05-17 19:00,0.042,1.3,167,38,21.7,1.3
2020-05-17 20:00,0.031,0.7,274,53,18.2,-0.8
2020-05-17 21:00,0.026,0.9,70,50,16.3,0.8
2020-05-17 22:00,0.034,2.1,330,47,16.1,2.8
2020-05-17 23:00,0.034,1.2,250,56,15.3,0.3
2020-05-18 00:00,0.032,1.2,99,42,14.4,-1.5
2020-05-18 01:00,0.029,1.2,87,50,12.5,-0.8
2020-05-18 02:00,0.023,1,100,31,11.6,0.8
2020-05-18 03:00,0.019,0.8,120,27,11,2.5
2020-05-18 04:00,0.019,0.7,30,40,10.7,2.8
2020-05-18 05:00,0.016,1,83,18,10.7,2.5
2020-05-18 06:00,0.013,1,97,42,10.9,2.3
2020-05-18 07:00,0.015,0.7,178,40,11,2.5
2020-05-18 08:00,0.017,0.9,80,50,11.6,4
2020-05-18 09:00,0.03,1,62,52,13.4,3.8
2020-05-18 10:00,0.03,1.1,270,47,14,4.7
2020-05-18 11:00,0.033,1.2,215,32,12.9,5
2020-05-18 12:00,0.04,0.7,256,50,12.8,3.3
2020-05-18 13:00,0.04,1,359,47,13.9,1.8
2020-05-18 14:00,0.033,1.4,337,42,12.7,1.6
2020-05-18 15:00,0.035,1,12,63,12.6,1.8
2020-05-18 16:00,0.035,1,193,58,11.1,2.3
2020-05-18 17:00,0.041,1.1,168,39,10.7,3
2020-05-18 18:00,0.041,1.1,180,36,11.1,0.8
2020-05-18 19:00,0.04,1.2,176,35,10.4,-0.3
2020-05-18 20:00,0.034,1,18,61,10.3,1.3
2020-05-18 21:00,0.031,1.2,134,52,9.8,2.5
2020-05-18 22:00,0.026,1.1,94,49,9.6,2.5
2020-05-18 23:00,0.032,1.6,101,42,10.1,2
2020-05-19 00:00,0.034,1.3,165,46,9.6,2.8
2020-05-19 01:00,0.029,0.5,24,69,8.9,2.3
2020-05-19 02:00,0.019,0.6,5,62,7.6,0.3
2020-05-19 03:00,0.015,0.4,143,71,7.3,3.3
2020-05-19 04:00,0.011,0.9,82,13,6.9,5
2020-05-19 05:00,0.011,0.5,50,38,7.5,5
2020-05-19 06:00,0.011,0.4,88,23,8.5,5.5
2020-05-19 07:00,0.017,0.7,171,69,10.3,5.2
2020-05-19 08:00,0.022,1.7,79,27,12.5,3.5
2020-05-19 09:00,0.027,1.5,78,48,14,1.6
2020-05-19 10:00,0.034,1.4,346,51,15.2,3.5
2020-05-19 11:00,0.039,1,125,48,15.2,5
2020-05-19 12:00,0.038,1.4,22,54,18,3.5
2020-05-19 13:00,0.039,1.4,342,55,18,3.5
2020-05-19 14:00,0.036,1.4,126,31,15.3,4
2020-05-19 15:00,0.031,1.5,114,30,12.7,2.8
2020-05-19 16:00,0.033,1.1,38,53,15,5.2
2020-05-19 17:00,0.037,1.1,348,55,15.6,4.5
2020-05-19 18:00,0.037,1,48,31,14.3,1.5
2020-05-19 19:00,0.031,1.1,57,29,13.8,1.5
2020-05-19 20:00,0.024,0.8,93,39,12.8,1.3
2020-05-19 21:00,0.022,0.8,124,65,11.7,3
2020-05-19 22:00,0.021,0.6,91,58,11,3.5
2020-05-19 23:00,0.023,1,137,48,10.8,2.3
2020-05-20 00:00,0.025,1,18,43,10.6,2.3
2020-05-20 01:00,0.03,0.8,339,55,10.3,2.3
2020-05-20 02:00,0.037,1.4,190,27,9.7,1.6
2020-05-20 03:00,0.047,2,193,30,9,1.5
2020-05-20 04:00,0.044,0.7,205,75,8.7,2
2020-05-20 05:00,0.035,1,83,52,8.8,1.1
2020-05-20 06:00,0.039,0.8,128,58,8.8,-0.8
2020-05-20 07:00,0.037,0.7,62,50,8.9,0.6
2020-05-20 08:00,0.036,1.2,63,22,9.6,2.8
2020-05-20 09:00,0.041,1,34,32,10.7,2.8
2020-05-20 10:00,0.041,0.8,337,55,11.8,1.5
2020-05-20 11:00,0.054,0.9,14,78,14.7,0.3
2020-05-20 12:00,0.057,1.3,346,62,16.2,1.8
2020-05-20 13:00,0.058,1.7,229,54,16.3,3.3
2020-05-20 14:00,0.055,3.2,116,19,14.9,2.5
2020-05-20 15:00,0.055,2.4,96,20,15.6,0.8
2020-05-20 16:00,0.055,1.6,322,41,16.5,2
2020-05-20 17:00,0.052,2.1,339,26,15.1,3.7
2020-05-20 18:00,0.054,1,344,53,14.9,2.3
2020-05-20 19:00,0.047,2.3,187,31,11.2,1.3
2020-05-20 20:00,0.042,1.5,195,36,10.9,1.8
2020-05-20 21:00,0.038,0.9,168,40,10.2,1.5
2020-05-20 22:00,0.034,1.2,184,28,10.4,0.6
2020-05-20 23:00,0.031,0.9,201,63,10.5,-0.8
2020-05-21 00:00,0.031,1.7,243,45,10.6,-1.3
2020-05-21 01:00,0.032,2.7,235,30,10,1.1
2020-05-21 02:00,0.032,1.5,247,59,9.6,0.8
2020-05-21 03:00,0.029,1.3,321,68,9.3,1
2020-05-21 04:00,0.027,1.2,228,61,9,3.5
2020-05-21 05:00,0.025,1.7,233,47,8.9,0.8
2020-05-21 06:00,0.025,1.7,242,45,8.9,-0.6
2020-05-21 07:00,0.026,1.4,259,64,9.2,1.1
2020-05-21 08:00,0.028,2.2,259,50,9.8,0.3
2020-05-21 09:00,0.032,2.8,241,36,10.4,0.3
2020-05-21 10:00,0.033,3.7,239,31,10.8,2.3
2020-05-21 11:00,0.033,3.9,250,35,11.9,1
2020-05-21 12:00,0.034,3.4,246,35,12.3,-1.3
2020-05-21 13:00,0.033,2.9,254,45,12.9,-0.3
2020-05-21 14:00,0.035,3.2,261,38,13.1,-0.3
2020-05-21 15:00,0.036,2.8,244,31,12.9,0.1
2020-05-21 16:00,0.037,2.8,258,43,11.5,0.8
2020-05-21 17:00,0.04,2.6,220,37,11.6,2.8
2020-05-21 18:00,0.041,1.4,247,60,10.8,3.3
2020-05-21 19:00,0.039,1.6,238,47,9.8,0.3
2020-05-21 20:00,0.041,1.6,242,55,8.6,2
2020-05-21 21:00,0.043,1.7,243,29,8.1,3
2020-05-21 22:00,0.042,1.2,264,52,7.9,-0.1
2020-05-21 23:00,0.042,1.2,239,42,7.4,-0.1
2020-05-22 00:00,0.042,1.2,223,29,6.7,2
2020-05-22 01:00,0.04,1.1,231,47,6.7,1.5
2020-05-22 02:00,0.036,0.6,246,70,6.1,1.3
2020-05-22 03:00,0.036,0.8,200,53,5.2,2.3
2020-05-22 04:00,0.031,0.5,144,76,4.6,0.1
2020-05-22 05:00,0.023,0.7,104,62,4.4,-0.1
2020-05-22 06:00,0.025,0.6,164,48,5.7,2.8
2020-05-22 07:00,0.032,1.1,360,64,8,2.8
2020-05-22 08:00,0.035,1.5,266,65,8.9,3.3
2020-05-22 09:00,0.037,2.2,229,50,9.9,2.5
2020-05-22 10:00,0.036,2.3,271,44,10.3,-0.1
2020-05-22 11:00,0.036,2.7,265,43,11.2,1.3
2020-05-22 12:00,0.036,2.4,66,34,9.9,1.3
2020-05-22 13:00,0.037,1.6,104,48,11.3,ZZ
2020-05-22 14:00,0.036,1.7,29,43,12.7,0.1
2020-05-22 15:00,0.035,1.9,352,50,13.2,-0.1
2020-05-22 16:00,0.036,2.4,293,42,13.8,1.3
2020-05-22 17:00,0.037,2.3,293,45,13.9,2.5
2020-05-22 18:00,0.04,1.7,302,59,12.6,3.5
2020-05-22 19:00,0.038,0.7,25,71,10.4,4.5
2020-05-22 20:00,0.037,1,337,66,8.9,2.3
2020-05-22 21:00,0.029,0.8,99,47,7.1,0.8
2020-05-22 22:00,0.021,0.8,81,65,5.3,2.8
2020-05-22 23:00,0.024,0.8,61,43,4.3,4.7
2020-05-23 00:00,0.023,0.8,61,49,3.3,4.2
2020-05-23 01:00,0.019,0.7,83,67,2.5,3.5
2020-05-23 02:00,0.015,0.8,58,55,3.5,3.7
2020-05-23 03:00,0.019,0.6,53,34,4.2,4.7
2020-05-23 04:00,0.013,0.6,148,51,4.4,4.5
2020-05-23 05:00,0.012,0.5,20,58,4.8,4.2
2020-05-23 06:00,0.016,1.3,54,33,4.8,2.8
2020-05-23 07:00,0.016,0.7,268,61,5.3,2
2020-05-23 08:00,0.019,0.8,348,40,6.1,2.5
2020-05-23 09:00,0.022,0.8,39,39,6.9,0.8
2020-05-23 10:00,0.023,1,342,63,7.4,0.3
2020-05-23 11:00,0.025,1,31,63,8.2,3.5
2020-05-23 12:00,0.028,1,51,38,9,4.5
2020-05-23 13:00,0.029,1.1,84,41,10,2.3
2020-05-23 14:00,0.028,2.2,87,17,10.6,3.7
2020-05-23 15:00,0.03,1.5,151,54,12.2,4
2020-05-23 16:00,0.03,1.3,342,61,11.2,3.7
2020-05-23 17:00,0.028,1.5,218,41,10.1,4
2020-05-23 18:00,0.027,1.3,200,33,9.9,4.7
2020-05-23 19:00,0.025,0.8,220,56,9.3,5.7
2020-05-23 20:00,0.025,0.6,77,59,9,3.7
2020-05-23 21:00,0.02,0.4,306,68,8.1,1.5
2020-05-23 22:00,0.014,0.4,33,39,7.7,2.3
2020-05-23 23:00,0.013,0.8,60,16,6.6,1.5
2020-05-24 00:00,0.008,0.5,79,48,6.4,1.1
2020-05-24 01:00,0.004,0.5,122,66,5.2,1.5
2020-05-24 02:00,0.002,0.6,101,61,4,1.5
2020-05-24 03:00,0.002,0.5,180,46,3,0.6
2020-05-24 04:00,0.002,0.5,177,46,3.8,0.3
2020-05-24 05:00,0.006,0.7,257,45,4.8,0.3
2020-05-24 06:00,0.009,0.7,315,50,5.1,0.3
2020-05-24 07:00,0.009,1,351,34,6.1,1.3
2020-05-24 08:00,0.014,1.2,33,73,8.3,3.3
2020-05-24 09:00,0.017,1.4,64,50,10.6,4
2020-05-24 10:00,0.023,1.1,300,83,13,2.3
2020-05-24 11:00,0.026,1.4,49,69,14.2,1.6
2020-05-24 12:00,0.028,1.5,339,71,15.6,0.8
2020-05-24 13:00,0.031,1.9,310,48,17.2,-0.6
2020-05-24 14:00,0.032,1.9,335,41,18.6,-0.5
2020-05-24 15:00,0.032,1.5,360,54,18.9,0.3
2020-05-24 16:00,0.032,2,10,32,17,0.8
2020-05-24 17:00,0.033,1.2,351,61,18.5,1.5
2020-05-24 18:00,0.031,1.6,322,33,17.1,1.1
2020-05-24 19:00,0.029,1.2,336,40,15.5,0.5
2020-05-24 20:00,0.026,0.9,37,46,13.7,1.5
2020-05-24 21:00,0.019,1.3,99,12,12,3.3
2020-05-24 22:00,0.02,2.1,88,7,10.5,3.3
2020-05-24 23:00,0.018,1,71,17,9,3
2020-05-25 00:00,0.014,0.8,90,19,7.3,2
2020-05-25 01:00,0.01,0.6,86,37,5.7,0.3
2020-05-25 02:00,0.011,0.6,35,60,5,1.5
2020-05-25 03:00,0.006,0.5,183,61,4,2.5
2020-05-25 04:00,0.004,0.5,94,47,3.6,1.3
2020-05-25 05:00,0.004,0.4,125,74,3.7,0.5
2020-05-25 06:00,0.009,0.7,240,70,6.7,1.5
2020-05-25 07:00,0.014,0.9,106,78,9.4,4.5
2020-05-25 08:00,0.018,1.3,108,39,11.8,4.5
2020-05-25 09:00,0.023,1.6,85,31,14,3
2020-05-25 10:00,0.027,1.4,62,42,16.7,2.3
2020-05-25 11:00,0.032,1.1,13,61,19,1.3
2020-05-25 12:00,0.035,1.3,338,55,20.2,2.5
2020-05-25 13:00,0.036,1.3,272,51,20.1,3
2020-05-25 14:00,0.036,1.1,309,61,20.8,1.6
2020-05-25 15:00,0.037,1,329,59,21.1,0.8
2020-05-25 16:00,0.036,1.3,322,36,20.3,2.6
2020-05-25 17:00,0.033,2.3,246,25,18.4,2.8
2020-05-25 18:00,0.033,3.1,224,19,16.4,1.5
2020-05-25 19:00,0.031,1.5,192,23,15.8,1.1
2020-05-25 20:00,0.032,1.5,216,30,15.7,-0.3
2020-05-25 21:00,0.028,1.3,354,40,14.7,0.8
2020-05-25 22:00,0.02,1.4,72,21,13,2.3
2020-05-25 23:00,0.021,1,60,21,12.7,2.8
2020-05-26 00:00,0.022,0.7,132,39,11.6,1.8
2020-05-26 01:00,0.022,0.9,107,20,11.3,1.3
2020-05-26 02:00,0.019,0.9,84,16,11.3,2.3
2020-05-26 03:00,0.02,0.6,79,28,11.2,1.1
2020-05-26 04:00,0.018,0.7,83,19,11,2
2020-05-26 05:00,0.014,1.2,95,14,11.3,3.8
2020-05-26 06:00,0.014,0.5,70,54,12.1,2.5
2020-05-26 07:00,0.013,0.7,196,49,12.3,1.5
2020-05-26 08:00,0.015,1,54,40,13.4,0.5
2020-05-26 09:00,0.017,1,82,35,15.1,1.5
2020-05-26 10:00,0.021,1,40,70,17.2,3.5
2020-05-26 11:00,0.026,1.2,293,55,17.5,2.5
2020-05-26 12:00,0.027,2,271,32,18.6,1.5
2020-05-26 13:00,0.028,2.4,262,34,20.6,2.3
2020-05-26 14:00,0.033,2.5,277,30,21.3,1.5
2020-05-26 15:00,0.036,2.4,278,28,21.3,1.5
2020-05-26 16:00,0.037,2.1,283,29,21.1,4.7
2020-05-26 17:00,0.036,2.3,284,30,21.8,5.7
2020-05-26 18:00,0.037,2.4,280,25,20.9,5
2020-05-26 19:00,0.036,2.2,268,24,19.3,3.8
2020-05-26 20:00,0.033,1.2,268,22,17.2,2.3
2020-05-26 21:00,0.028,0.8,246,47,15,1.8
2020-05-26 22:00,0.024,0.8,153,39,13.3,1.8
