"Time","D5 siloxane (370) (ppt)","Methanol (ppt)","Propyne (ppt)","Acetonitrile (ppt)","Acetaldehyde (ppt)","Formic Acid (ppt)","Butenes (ppt)","Acetone (ppt)","Acetic Acid (ppt)","Furan (ppt)","Isoprene (ppt)","MACR/MVK (ppt)","MEK (ppt)","Benzene (ppt)","Methylfurans (ppt)","Toluene (ppt)","Furaldehydes (ppt)","C8 Aromatics (ppt)","Methylfurfurals (ppt)","C9 Aromatics (ppt)","C10 Aromatics (ppt)","Monoterpenes (ppt)","Ozone (ppm)","Ambient Temperature","PM2.5 (ug/m3)"
2019-01-29 23:00:00,4.31156321872349,4721.87598823436,847.577790336468,80.8504542400039,563.515566496928,90.9535180596982,519.46408635667,1021.75851683878,363.845694662797,28.4309780043329,125.543601258203,46.3555212210037,116.91126696274,311.457797543197,25.273967988292,409.970467322804,28.2847815656046,356.295096158083,4.22699250288395,213.263420129022,102.70410524353,286.518465450662,0.002,-12.4,22
2019-01-30 00:00:00,3.24348386563614,4742.16204998204,833.731868947861,73.3419731397824,563.37786826875,167.64649910704,523.701845975039,1028.46772764979,337.644784309416,39.3071470287007,117.717746915082,57.6564018913653,134.850024287726,333.857518461249,37.0661948182874,412.117845363704,40.1758694491097,331.318334882802,8.13365230738284,198.380615964234,95.853759422188,212.504411403062,0.002,-12.9,17.9
2019-01-30 01:00:00,4.38967626491618,4086.52987859495,850.156935735756,73.9992947311303,466.593842672397,153.573026704226,525.081532950724,1036.22535646247,326.104716903132,33.6653839169569,119.950001998918,44.7339061483725,124.03413468661,297.643873926089,28.2103284084216,378.888999076197,28.4040861721044,314.320581726735,2.39967573347508,180.072045807607,85.2303710352302,243.622252944378,0.001,-13.5,12.4
2019-01-30 02:00:00,2.74786841387503,2918.32907535523,795.632343866957,68.9106556080892,447.532314920347,74.2734676315588,571.80186174389,867.863942193225,252.380515123635,22.6356208072784,90.9117941719495,37.6153371278732,115.821375897335,262.900302747215,20.724810100407,294.36891460369,21.7202020153771,226.311086569819,1.851128735486,128.439050125093,62.480525540081,194.445745653083,0.001,-14,22.3
2019-01-30 03:00:00,3.4920612438167,2870.06759220374,671.985278191209,66.467918237548,326.707513218427,51.2050099237789,441.630225469848,870.903854578265,256.803703271466,19.0655800400595,94.4991379331444,34.7226153016952,113.189766337352,252.39540918447,15.2753969851266,291.193948736334,19.1241244224918,239.469805987984,0.689400210883497,132.690414834206,64.9239037484077,207.851501737466,0.001,-14.4,12.9
2019-01-30 04:00:00,3.22928540688046,3336.2031710198,712.964483444609,71.4653048689049,271.408708314997,46.6364021386927,501.915717422398,819.349006949251,254.259317844938,16.1838685306703,102.246810902401,34.468788753321,104.810010103432,291.182727968518,12.428323838341,368.130209881654,16.9563109814479,338.821630175367,0,208.261144759559,91.1006415121678,199.744235917467,0.001,-14.9,13.7
2019-01-30 05:00:00,3.59489345176937,3699.3454471581,718.988576825463,64.3271732863283,234.996135471896,61.3582592903641,492.632519634542,792.806217436444,247.222750110318,17.8627131246384,100.51526519364,34.5420987507921,102.2652984392,292.382670274973,14.0075208227004,375.286864187872,18.3717824497511,342.691105159868,0,203.614043448279,92.7134419728763,237.55641520842,0.001,-15,13.2
2019-01-30 06:00:00,5.07656697826757,5726.8311951671,934.22142760731,75.0306429355165,311.861709456932,72.2664119472849,653.877986700176,796.978806330436,251.112006521756,20.4901457002594,119.228888329465,41.2298958086196,103.424874373544,375.288053449627,20.745835107591,517.134166858155,20.0739196739991,471.303254423007,1.13555445079923,277.329394705571,123.367706733384,254.65957926555,0.001,-15.3,12.7
2019-01-30 07:00:00,7.0002474865076,13894.4372963286,1661.43199265008,95.3359104656668,670.647190131668,136.208916478839,1197.83180885399,964.526837425955,330.353482452825,30.449349465267,209.493871105873,70.5175220200668,125.592491985934,713.014587169296,34.0674729583304,1041.54580391248,30.7503050807273,1030.54247318762,7.37273833213318,607.722014448305,268.54525550569,272.261191541686,0.001,-15.4,13.9
2019-01-30 08:00:00,8.30863637127388,24629.6870234114,2697.37474675044,132.083933762804,1364.76230748832,161.496410621515,1965.16793055736,1360.54857282682,513.019125723451,51.3230668541322,311.514169339243,121.708509500534,188.654526437102,977.359326634229,58.8639653274282,1487.81477521467,50.8726725148926,1439.08327467594,15.7733491542456,851.947838156492,378.723710218213,299.12096969099,0.001,-15.1,18.4
2019-01-30 09:00:00,8.02457204623694,25277.5183461902,2556.96726017808,138.612620509164,1748.74773772838,360.407707336545,1943.26795500971,1484.17736145145,570.030360553108,50.5297691627608,294.766972537361,135.694706439174,241.631178112683,960.485903294852,60.1528966501757,1376.22968717028,51.4637842246965,1325.50737669665,15.1176651366099,758.152922770355,334.525132646512,252.259592064544,0.002,-13.7,14.4
2019-01-30 10:00:00,2.07768705016388,15596.5366682453,1564.23574196323,108.861352622293,1236.92146251926,280.042199369248,930.909344965706,978.569579080265,0,60.7759322788578,42.6512711002945,34.9632567168654,167.911126955118,485.542023384998,0,912.096526442095,15.3368520626666,798.892377085415,0,364.857879221688,144.54408301823,107.117578663671,0.003,-10.9,17.7
2019-01-30 11:00:00,5.06575279622431,9781.42698284075,1208.13768968602,100.326406352938,998.350213002708,333.37744110363,907.587547664161,1274.26155940632,526.724290134656,30.465709313552,131.038647873476,66.2936671987987,176.387564172034,452.913044353877,19.9384693925436,690.65281698775,21.6096618470065,592.131309764833,0,299.793125435994,124.412946969621,144.375417812528,0.004,-9.6,12
2019-01-30 12:00:00,4.76619373155686,9927.20795922936,1485.92254461128,117.878075241029,1293.19007672707,431.093690192746,957.924273437099,1402.03872412323,804.228355238724,34.5767771940789,175.953647086342,89.4831402971596,214.928010295394,529.960726473676,37.193467333015,769.479000426408,35.2547976147002,651.01297788154,5.81122224779613,349.247874980421,150.538263811862,157.30667074652,0.004,-7.4,19.2
2019-01-30 13:00:00,3.39548447352497,7006.70035803683,1395.81046975906,128.74792772302,1147.89701930786,468.741642385434,776.554238457472,1639.56618244644,851.473156782917,29.4943115804455,151.512025206879,78.2789588100256,199.382125745368,428.459430035313,32.5202122386103,690.355421741017,31.4136230760388,530.479669394729,4.38208949431489,283.627361087946,121.696023623025,158.149022768814,0.005,-5.8,13.2
2019-01-30 14:00:00,3.40693704846682,6391.78370136663,1317.57618735214,143.346560005827,1022.67359897109,488.940867755968,743.67434091187,2364.99997263271,861.195604649409,24.1972792723011,149.150800647849,73.4576131232635,188.748347597802,420.253854578528,30.4325391698985,990.667375124748,26.2860134329399,615.456661745261,2.57785769635539,333.134602197278,131.602581103379,112.677405704353,0.009,-4.1,12.9
2019-01-30 15:00:00,3.5913161303527,8298.74638850998,1807.58001906226,131.841855846453,1447.48174263743,526.33422668639,1145.0108203494,1860.82675356416,1106.44003924782,31.0670238366958,231.777498463062,107.204568184616,289.449368189468,548.390311448886,40.6748284101509,1124.36252777562,38.1857598048869,836.360785656692,7.61280429793525,420.436270292233,193.22758264486,596.82623971078,0.01,-3.9,16.4
2019-01-30 16:00:00,3.84530632821334,8570.67811188604,1858.0871359701,131.512211563841,1550.4039513392,615.418907593285,1295.88675345823,2151.3653826752,1254.04005606921,38.4673996406649,261.412193675319,119.07714801294,279.204558428628,617.952337407649,49.3274047506044,998.126334697269,50.2871617941135,929.75646678569,12.3941203799735,483.163667668624,229.870578861057,789.592452540797,0.007,-5,18.2
2019-01-30 17:00:00,3.47954838110614,7858.82932978684,1691.25606034235,123.208186307905,1491.27866335444,561.201560120931,1191.00994432137,1881.06212031608,1132.20064241076,40.6311642251849,235.891550715791,107.691103259688,227.064935183559,607.065278553716,51.7585016302512,923.179953190359,54.7891068359153,839.738522585494,14.2991244240298,459.387910605671,218.373566783536,443.999530050172,0.007,-5.5,13.7
2019-01-30 18:00:00,3.69554275957972,8032.8342469409,1793.8471021107,108.185919521514,1579.63490725739,660.350021299877,1317.036128652,1677.98936815267,1114.51875637349,44.901464513451,257.08302433465,116.392849699089,234.233964814322,618.454331169335,55.2405278888981,1008.22898868952,57.292878979726,902.531881191188,17.2594589593044,489.438726343433,234.126156260775,748.539456524644,0.004,-5.3,17.5
2019-01-30 19:00:00,4.93588603755634,9555.0407919533,2162.82076721467,122.156331158089,1857.04649487945,578.983027204456,1538.34268655317,2068.18752963518,1334.97407641934,62.7616152819904,314.742762544209,141.224889146707,256.956083722465,745.611563619894,77.7598803830611,1198.91632298629,83.7092860550335,1094.1658647825,29.0958589270442,576.68563408041,277.836384019449,1023.3375837261,0.002,-5.1,17.2
2019-01-30 20:00:00,5.49411011119081,9437.63778209637,2161.70760114641,121.526477550306,1763.04961865041,480.877028152528,1351.29471870191,1840.96827202535,1276.55778448137,70.0278597748962,285.580709770055,135.195001643289,230.087749316995,712.320397029995,84.9897188023695,1079.88845469019,95.8704573465916,1029.30974536294,35.0306092827256,553.0243622024,261.318790442054,297.682549097889,0.003,-5.3,17.4
2019-01-30 21:00:00,6.1458115465157,12000.7189001934,3008.92964006881,162.820599474712,2216.56189140083,486.59165027687,1777.74295350095,2143.38908526121,1488.75177533278,76.1805297441273,383.689382134815,171.687716948563,292.892181534349,852.620452769349,98.1688663530666,1383.16525274528,100.874995771903,1266.49014128155,37.2976909826383,694.868270838309,330.576852481348,1194.90841500453,0.005,-5.2,16.2
2019-01-30 22:00:00,6.79889717767248,11046.1603910807,2963.34919452104,154.704534223904,2029.64516867346,391.010812856573,1612.76971737135,2089.64265316664,1363.9477420059,87.6893702553776,345.031262415097,167.922863283143,272.094119369814,775.658106226338,112.671721314396,1244.21479018951,119.660273565531,1098.99139988513,45.2316577241732,604.517370099711,294.042868832368,939.806425506345,0.001,-4.9,17
2019-01-30 23:00:00,6.03441937142161,9372.65019704502,2497.64374523625,129.352413514478,1901.7218393954,371.567097776165,1336.34559576731,1941.79626010534,1395.58156331922,97.5721300401183,294.678204376809,162.168314551443,241.742741129585,703.976954616501,111.957000193228,1033.88233188933,134.880433632398,927.920489842086,51.9160004720664,500.665316396539,238.041179742877,393.133482202811,0.001,-4.9,15.9
2019-01-31 00:00:00,4.85702769110622,8665.36729692021,2040.74312928479,104.835707329646,1722.35354365555,407.646341111353,1141.96482237387,1880.38162441583,1361.6889415479,90.9265606094788,261.609269592938,159.492080063191,242.035409246744,571.87589805604,99.7401600859298,842.073168330605,127.255726844696,730.128163215629,48.5862247359889,378.009642262883,188.278246131399,793.509367127509,0.003,-5.3,20.2
2019-01-31 01:00:00,5.631313557128,8475.31879626365,2105.55160385976,115.536940559046,1704.47232786634,299.996147713423,1211.38885517675,1989.31458650265,1279.91813761502,81.2197254660061,286.579927289068,149.407538605865,241.870306562913,579.002352614175,92.7366661487044,878.205691215512,113.621506517883,760.91458907663,42.1543405914165,406.890945458598,204.824015552468,749.412442816159,0.003,-5.1,19.7
2019-01-31 02:00:00,5.74244115552307,8617.59297236829,2213.455951561,129.333930182664,1707.40084492623,354.797174431909,1235.72349659275,1959.82968924506,1299.35673292879,79.5555036634922,293.984780492826,150.818414418554,258.62622823435,585.434489193491,92.960786325942,909.438700447799,109.41536594917,781.827553984743,40.2723759999661,414.034665256235,205.684813658877,834.551386676947,0.001,-5.1,23.3
2019-01-31 03:00:00,6.00112680145473,9035.16592424891,2260.77265417782,122.085260436815,1726.81138000222,343.091660532592,1345.2339732207,2154.53895944987,1384.89049185806,74.92828433379,312.697575368062,143.422554138109,275.49230575219,585.086643717346,89.8024375239035,973.924416726946,102.638384869241,812.638760991646,36.611991075324,409.991004817757,205.264659024205,1313.62978454437,0.001,-5.2,18.7
2019-01-31 04:00:00,4.49350342261762,8193.67893546775,2099.067975835,106.680154420653,1548.70349655174,399.571042640771,1552.80802648679,1877.24259803303,1310.18108504076,66.8619014426813,286.090427260155,134.976840067086,267.699509502905,545.257559061405,78.0821305099877,872.232361494857,87.6966878213796,739.384879093177,28.898321653728,346.721908574334,180.97109167166,1262.33066295003,0.001,-5.4,21.5
2019-01-31 05:00:00,4.75008859234402,8141.29260459854,2110.43768465625,122.993174620728,1549.07095061268,436.981793944963,1519.73233544428,1938.92466533701,1233.32804369348,62.3308614987764,290.63502235886,133.695341127611,257.98267256813,557.459673143085,74.8908563278222,909.223293503797,81.1646564641903,779.56821078576,27.1265634890615,380.382722887952,196.273006252034,1301.05812086515,0.001,-5.1,24.3
2019-01-31 06:00:00,6.11129672656578,8630.62523398508,2294.76109438519,131.182974983459,1616.48690360692,572.985514075336,1627.8484400489,2010.77845605368,1184.41621938322,63.8162317298632,314.554997831092,138.656829644695,246.736012140442,597.713300805311,75.2053077863523,1040.44356180428,80.8711953225855,916.573425489197,27.1140925035249,470.132105336845,232.222070040974,1537.20251117981,0.001,-4.7,19.7
2019-01-31 07:00:00,7.7801558344905,9443.12367924132,2687.53555456154,135.098378804793,2009.54799151341,518.255127739376,1939.79815124153,2263.76516151869,1253.21146655648,68.6151975683506,373.25062022239,168.882534499142,260.565625055722,913.858997591772,84.4693883404551,1442.28845958824,94.2101526174165,1417.4252504251,31.7194969231636,806.493063608421,373.295891061147,1126.08219008695,0.001,-4.8,21.8
2019-01-31 08:00:00,8.50300488559872,8985.73178102514,2578.51811145116,125.513092729766,2116.09434566342,534.538346544084,1902.32364897261,2331.2437436666,1310.58745633413,62.864308476184,368.341361842526,170.4281906894,267.555584167339,881.000511045624,81.6232297026863,1367.45599380463,86.349405123804,1281.97820899883,29.3340966965721,715.190179958642,347.075067128625,1003.15489838416,0.001,-4.6,22.8
2019-01-31 09:00:00,9.54271907803241,8305.95962841607,2345.4757633739,141.002576233446,2170.3054455444,474.277047103437,1688.1186715539,2117.46675114746,1270.29560040913,55.4517860891973,327.670646460486,161.549696761276,284.249608919021,777.787659157907,69.4032748727148,1236.57711763227,72.252636289288,1091.60071082852,22.1248601818425,581.175500532144,284.156151741058,815.154939891641,0.001,-3.5,22.3
2019-01-31 10:00:00,8.19168502548507,5542.06513515461,1512.32219726865,109.507146915643,1546.22939108372,456.876789140699,1086.1526927217,1734.91441534614,953.560227157925,38.772563204378,225.374502404416,119.253934847853,234.261284141783,510.135640961946,50.7770291678117,830.454689325532,50.5585382776081,650.317970424525,12.2524649840211,326.12510766868,162.871513215866,443.563019824887,0.002,-2.7,23.8
2019-01-31 11:00:00,7.80995606727624,6805.9574524303,1860.39075297919,135.10670817282,2519.01523100248,555.205985327374,1252.11157727024,2016.28057918407,1189.6793008116,47.5829813660609,287.325250490769,155.690426819516,267.150155838733,656.493403651722,60.5708261806384,974.825046444891,58.7992387169504,857.034263135153,16.697720079891,443.226976909169,214.90529142578,427.761557439581,0.002,-1.1,28.5
2019-01-31 12:00:00,6.19934657024968,6311.08360731172,1560.68263139631,142.504617905024,2006.94800774396,714.201306992683,1086.89896317844,1965.21738389448,1332.0537398354,43.1282521164515,270.106730635366,142.233529586495,251.544254411239,561.488935163018,53.8663450299223,825.888650378163,47.763535121004,694.281720962449,14.4584584743986,361.839861923022,180.541321299155,316.161747144605,0.003,0.4,21.8
2019-01-31 13:00:00,6.23487030005268,7773.50546178475,1783.71598682932,123.903785792843,2023.68843146964,782.046620145666,1190.06141643386,2149.70998708109,1432.3919186604,33.9389987627763,270.041621953806,128.327835999036,313.216274278038,588.835286015891,47.6717842794004,1209.43687376209,42.5021196112848,926.454991830152,11.4260455995188,399.180386238157,191.892156066746,336.296680517674,0.003,2.1,23.3
2019-01-31 14:00:00,6.5929851936601,12022.3153243258,2907.00713332829,137.193247660793,2994.82035438976,1176.87687857325,1889.02187551279,3110.00666315756,2215.45183929187,52.6929267861391,442.828729606341,214.19270295082,482.380790452714,784.8598635942,75.2252460456332,1724.3025433869,68.3186587462584,1292.16897643594,23.0717587636404,613.466552547558,337.206093825345,2024.31818523194,0.003,2.5,22
2019-01-31 15:00:00,5.9219031895696,10881.0226316344,2599.15278320462,134.802302079135,2828.00954412082,1080.32798744333,1683.51406485975,2979.47317432614,2052.99693533641,50.5685250152041,397.535212893294,195.077406108365,502.248035762287,772.974279081975,68.7621924895118,1353.35336267086,64.4737426816008,1239.02705810425,21.2714424762322,593.766902856618,307.596210572446,1410.86962016437,0.003,2,26.7
2019-01-31 16:00:00,5.7640363469445,12003.0018464803,2717.66979852365,146.020134959169,2907.55950399624,961.421400606398,1831.20631538112,2888.5923358529,1916.79191067974,45.8085709797299,415.457753047829,191.901516814213,429.812774730186,889.169149381799,65.1211473590822,1555.38936075799,64.3254205453396,1373.87827783864,19.9768785148853,694.47284544604,343.20424236975,1408.069253387,0.003,1.5,20.6
2019-01-31 17:00:00,6.32588499206726,13395.1975492822,3076.42496393659,187.063869769539,2939.19405542498,774.876331866196,2212.84768313694,2867.01016613056,1890.63004714537,47.4205948524705,458.241855371289,189.94795406824,420.061187844013,1025.44403327684,66.6019785247089,1817.21531290217,68.4409117039401,1652.06495925206,21.2272160425044,888.050264676177,417.858047265951,891.902335325083,0.002,0.5,24.8
2019-01-31 18:00:00,6.58928944128666,12325.0819579334,2854.63886925201,166.629431258999,2720.55230982073,734.107947177219,1916.37545969368,2720.02066418144,1658.03943756685,49.629216286593,427.566080114456,175.890391845149,366.262496767285,886.319209924883,69.7962693087432,1566.58887577535,66.1696342301551,1477.75554054739,21.1954606662829,803.231006061586,375.87971632191,757.003081933546,0.001,-1,25.7
2019-01-31 19:00:00,8.31883905655039,16766.9748323196,3088.45688539887,189.778605576482,2738.54146484372,571.342164166709,2234.15802583584,2744.43516268927,1604.33233978227,52.8981018045925,437.943697214244,174.834847412526,355.619511370183,1028.79946115297,74.1783085186989,1765.86648897991,69.699563774748,1565.5536277512,22.9587396330356,882.645990889032,415.06706944709,790.353655743454,0.001,-2.1,22.7
2019-01-31 20:00:00,8.11408259819077,12220.6852242839,2535.03693382374,179.17626723476,2401.77959046779,454.110440346738,1704.97142073364,2581.90397478885,1410.08971261491,46.0059680900354,372.206157654199,147.248921936454,310.537948292828,853.932704142368,63.4283969999571,1402.6989820475,58.9283130981649,1281.32002176206,18.0174657521118,727.231707894379,345.868665594541,661.076335626249,0.001,-2.8,32.1
2019-01-31 21:00:00,5.38532939497237,8424.43419165509,1887.13222938524,151.395044514519,1892.99572530982,496.300936637163,1195.20074110313,2167.87080875609,1236.4274052263,44.9589273821017,281.941628788549,129.783724975318,246.808889166391,583.045639943753,57.0041900405119,937.815069882554,56.5062208819524,811.73157267316,18.0123908013654,441.149068493973,220.701923718293,580.134014642655,0.001,-3.2,33.6
2019-01-31 22:00:00,4.85850185522758,6854.70767251236,1622.26254723172,137.855034451854,1627.78112340256,399.794145986668,940.765174692363,2042.85040843518,1053.18278348919,38.8535507614266,233.864229696794,112.939468575088,220.810606071588,466.011659651222,49.8446725143945,739.250761621773,54.6224870041296,621.227958242896,15.6300439750188,339.531115769081,169.741621162462,483.599680371562,0.001,-3.7,30.4
2019-01-31 23:00:00,7.01165990906525,9158.37683898828,2046.07003501882,143.602941303392,1851.48076228704,340.631625430946,1225.98950436401,2242.82974766584,1181.80765514085,53.7988320890705,297.930522330212,133.507848432999,257.746205208029,627.755173030756,67.7792007130494,966.552664588804,75.7708369532709,809.989292185325,25.4143284120058,437.49107500524,212.753908843025,553.707676721772,0.002,-4.1,47.8
2019-02-01 00:00:00,5.50759302176628,7932.73743027933,1783.27304191362,127.83048207461,1779.70913059789,323.350436510486,1097.79730577932,2249.1816382144,1189.36733600098,54.700406348577,261.680600212319,131.504584467133,259.448907991632,561.907092857405,67.1248908324848,879.634116442492,71.4867551185408,715.825766322924,23.0308075751335,368.194351224536,183.828810012886,510.805513888167,0.002,-4.7,45.8
2019-02-01 01:00:00,4.79271266313406,6185.54557568731,1509.06742132977,118.767532122601,1492.62846744204,298.62253314377,944.29135759579,2019.42366457643,981.110981051572,42.5896000354324,223.503957923212,114.533210104433,236.374772545456,469.353666186929,49.1358642502563,748.742822634799,53.4446800320712,606.806999034168,14.1070546124514,297.887080425031,153.796754105262,465.348326571835,0.001,-5,28.2
2019-02-01 02:00:00,3.52669918320651,5891.81892290567,1363.60172947243,116.087982583531,1394.89368962936,327.592673287674,884.340090466103,1972.33514728402,966.137566510998,38.0051932648246,205.123327916865,111.988487904163,235.638132611794,439.64499326547,45.7223256786701,691.136087054046,51.3163742086487,560.38377587157,13.9437431872069,265.490176107771,138.05754494358,468.057629930225,0.001,-5.5,31.9
2019-02-01 03:00:00,4.26367437133314,5245.44970510062,1231.7285311889,120.637377751441,1246.7514319687,282.858479035554,839.035505289419,1840.01289312245,876.610941236892,38.026383306023,190.727767300617,101.795951430398,212.920133483883,413.535654058228,40.2222023960492,629.74452939843,53.7327228271285,504.361691911451,13.8233856485951,240.083945383113,123.180602409893,377.022679450807,0.001,-6.3,22
2019-02-01 04:00:00,4.24225711474993,4493.32555430305,1189.42438987021,120.691762696908,1194.96540856595,235.013058441913,812.057658781216,1762.47941687123,786.71202609186,35.548955890325,190.641130542845,95.5263373429271,201.438524436172,430.881398869518,34.9957967420891,632.862107992811,51.5779779913283,521.566463778028,11.7752834982422,264.664368738921,133.319405514091,297.400462596264,0.001,-6.3,20.8
2019-02-01 05:00:00,4.80856549064341,5302.36075692308,1205.68155962506,106.395670670695,1158.76819890341,201.584504491296,827.89911365276,1744.58972964162,714.479789661668,36.6095456090961,196.346119176713,92.6877485653771,195.838046146377,431.302873758088,32.8710050574742,643.98383301336,45.3335042078229,523.277766247315,9.42291850255753,258.978427381565,131.941294902059,328.269242458323,0.001,-6.6,16.7
2019-02-01 06:00:00,4.67424606330418,6592.97493707104,1304.33571389137,131.012894954205,1198.04279862749,212.200852125146,928.61903953428,1726.15764845644,748.215713569742,41.1488341452757,200.3061257334,96.8225094834329,193.266321725641,497.470775141078,39.2526903063824,733.760067638275,51.3649560726996,620.371835358855,11.6402697562759,326.152783263554,159.913784778727,353.509220409965,0.001,-6.7,17.2
2019-02-01 08:00:00,15.305391474235,8795.57317032555,1687.59837696442,146.134401039873,1462.50146451082,409.053442185135,1187.7035761538,1837.32713665688,837.133650021073,49.110576071175,267.794685733956,116.143781026445,217.210832679951,625.933530535701,53.1240521009425,943.405514851984,51.2802549307859,848.864902270437,15.1315861465876,449.774877567009,209.620880192479,370.101335592251,0.001,-6.3,24.5
2019-02-01 09:00:00,7.70695524490689,8775.60498826424,1597.50008701631,132.746663272128,1591.57221366198,621.058620270014,1107.0677106799,1835.23150841263,850.143037413981,42.9533301957826,245.301378622199,120.515209706226,219.232138962746,599.086624355245,48.2391999182767,900.053696493361,45.0249665325034,802.663766673467,11.5549891956873,425.867325593841,196.16450296715,311.897099287788,0.001,-4.4,23.3
2019-02-01 10:00:00,7.74241300535105,8718.1170447233,1446.78791758521,145.410104514911,1628.82960018471,669.796210539417,1045.26103598344,1783.54975925283,875.708703791428,38.4905546179083,232.879526135819,113.294979552974,232.774243517194,581.495999932483,44.5754344903474,868.420047891644,39.3115690566359,758.131972670506,9.88215183059226,408.840746889121,185.731941774911,236.830841128612,0.002,-2.3,20.4
2019-02-01 11:00:00,7.65988957615801,9306.34434339912,1692.14107281393,179.253089762271,2006.38969216132,637.013634109459,1233.15736460056,2159.47793692061,1142.12968596754,49.110814092109,285.787869003062,136.954823819321,270.766921794668,681.895878961798,54.6303796384541,1015.97037606671,50.4714896981812,886.989495374109,14.6845081555305,475.137105548401,216.859576164953,285.488172198431,0.002,-0.7,20.7
2019-02-01 15:00:00,5.70077860552938,10618.4730505009,2301.58814672599,170.699516139221,2574.80179346108,712.716350708033,1596.70709916112,2741.80746291493,2186.65696613003,46.4705677047336,334.577275431899,160.279575682872,317.449049426152,809.584978371054,62.9264220535797,1318.85767108967,56.4215202278379,1209.63187054714,17.4683551668724,631.703992459383,286.882499526361,377.36651463466,0.003,1.7,18.5
2019-02-01 16:00:00,6.21563898983842,11730.6392159321,2555.39794589121,174.403277047637,2742.2485684067,714.456438788577,1736.39067304127,2923.83087856714,2192.7776187956,51.47235454885,367.975649745079,171.212772719034,313.035943614575,914.267699096637,66.7826170178245,1493.03546192904,59.7049064942793,1390.40481660377,19.4370058863562,720.47681170762,329.336004432862,439.773568804883,0.002,1.7,21.8
2019-02-01 17:00:00,7.54573874578457,13352.3312354607,2738.01731472754,179.678851007658,2719.76215580864,1017.44624616223,1906.83059997472,2684.8884103873,2292.29346697366,80.1523329735823,406.462688523945,192.286107356229,301.949623433796,889.580059842082,99.926261824967,1598.00181511483,78.1634578221319,1469.11359249041,32.0678057221156,792.770451018864,365.110327203688,623.582440945012,0.001,1.2,23
2019-02-01 18:00:00,8.88490966783788,14374.1204519194,3644.92732194606,195.896505808711,2771.22665047099,689.637044005874,2840.41422573684,2732.85797178098,2200.21311055266,66.8040941399565,469.701440356898,186.280358905658,307.001994986649,1069.88767290989,90.3243735580648,1672.51329789242,76.1442149746056,1522.11427408672,26.4110566942701,821.656412915144,390.372496733593,811.859438055061,0.001,0.7,27.5
2019-02-01 19:00:00,10.7013197254866,14764.9375282978,4763.67762968473,228.61744460751,2856.5453964814,724.860718227857,3997.45520914151,2858.84025941055,2495.64024221095,80.196091236618,526.99513591694,206.284394097832,318.557661854288,1227.64708534081,116.883253394111,1781.63918179712,96.781397510188,1496.36314755359,36.2071408794409,769.035739915113,365.673420042073,811.885580491012,0.001,0.6,24.3
2019-02-01 20:00:00,10.4838690323941,13772.9180618551,3209.76046425443,198.342837975084,2712.24814500285,602.912832760487,2400.57076165876,2760.11112993661,2263.48763072986,91.6983053949752,456.082899308312,209.840419726216,309.674702154517,1016.01714844573,119.501243632357,1569.00303871305,111.35540798714,1398.4270347338,45.1382793385962,752.719581046587,367.54097065104,887.207469359806,0.001,0.4,26
2019-02-01 21:00:00,13.3408515308864,18512.5998206617,3700.75133187704,235.586714243434,3232.6693154519,559.932822896128,2497.65916374244,3176.33022154093,2577.65840389037,137.953605385289,555.156704770815,263.752149614797,354.447980308513,1192.53354275125,175.734826941095,1939.83749369027,171.371365010072,1716.44649894518,74.2739129528759,965.442814362031,458.700256736657,864.539988544446,0.001,0.1,25.8
2019-02-01 22:00:00,12.8689157379052,16310.394104636,3658.37977805645,219.012962000665,3038.29250069528,498.95833911746,2375.35850094494,3104.44478296961,2335.01618382502,115.7820299351,537.107652467602,240.429280118795,329.828972507422,1143.76764144809,149.288073879926,1847.69595425842,127.176342992274,1645.24544586033,55.0290254903615,927.561152825164,452.822706829904,890.336959400287,0.001,-0.2,36.9
2019-02-01 23:00:00,10.4160545167873,13155.4917583139,2963.16363470536,202.172448546922,2572.39089049484,535.60666743252,1946.01950838855,2811.65973128557,2214.44383802544,100.763204312961,447.280805977342,208.994361195977,311.160794559474,956.925109524764,134.510362032824,1554.81027306173,105.3795901826,1381.78371219711,45.7864353032803,787.123565798553,391.594512763203,808.843638022511,0.001,-0.3,28.7
2019-02-02 00:00:00,10.9288154424336,12600.308179879,2928.80133437259,189.050246363906,2523.45046084682,456.554029975422,1929.03093046897,2791.46759979273,2123.58977726286,103.204708406971,440.34304397856,213.886375314831,299.42261427781,935.985430425884,137.1985854874,1486.59099116292,106.234582338761,1326.73452864778,41.8680820129861,762.89450943544,375.1838520155,803.301554403702,0.001,-0.3,30.4
2019-02-02 01:00:00,10.6327995260486,11471.1777366505,2677.42046508558,176.171144238337,2358.98130653912,442.80990494235,1808.16157951799,2701.64906332927,2063.41583239432,95.7767555176301,403.916845829532,197.58140129675,291.662424885365,875.142006398602,123.583313926575,1359.62284610054,100.921267905147,1187.48700555716,38.9544046373421,678.063049594579,331.284268114778,843.922038753295,0.001,-0.3,24.5
2019-02-02 02:00:00,12.1291441631003,11636.0095211794,2880.6054294542,193.147538281975,2416.38645813685,432.680261096541,1916.9688157789,2856.82408369962,2009.98918017371,95.7162262557451,438.279048361832,195.573800730152,304.40542250649,911.028841542227,124.463636903117,1468.85074382468,94.3085992665019,1255.22067706535,39.4416769895258,711.40880748934,348.061240517109,814.556462274155,0.001,-0.3,26.5
2019-02-02 03:00:00,7.74639362804456,7749.79119407724,1959.94083381043,151.573073938732,1770.23736706255,318.184204283964,1332.96729441483,2184.16212310652,1275.77681499796,83.0709645928986,314.970465651703,151.678674908653,226.1191609517,627.413962645977,102.370332871826,999.053937322771,79.0703914257166,814.659422310834,32.4277364889694,463.947037230267,240.014929760503,1005.2776769762,0.001,-0.2,24.5
2019-02-02 04:00:00,5.46545061082675,5048.9732690407,1299.27189377617,148.020618523276,1170.57277731165,257.122567606165,853.943903791333,1862.44019327065,939.046831449352,65.0126656042982,219.807791317223,115.445093242449,175.972519564927,426.344022980734,78.7510325514095,664.12752787032,59.6509316143491,502.394236959002,21.5224276708829,279.423972477751,149.668564901682,662.237198382882,0,-0.2,22.5
2019-02-02 05:00:00,10.6955220014618,7344.5454975143,2260.99416482839,188.075596034703,1647.10990985505,253.592123021653,1528.78078598179,2548.47215700138,1220.75193353076,73.0493650308368,364.750006994842,133.530624357151,247.328682406339,690.737082149874,88.4279762939347,1172.15941424311,58.9650450951936,928.02502253308,19.5388387237675,531.487476170655,267.609517629879,860.172159835785,0,-0.2,21.3
2019-02-02 06:00:00,7.63888748175646,5009.12617566312,1524.04421819398,166.300164644142,1291.74124479956,322.012844348517,1065.06820623392,2091.04157060452,922.43617392764,44.5989522387041,265.360701775034,92.536894557761,186.602731290625,459.616295626465,56.9133594968777,771.571637199804,32.0116857954971,604.295284731114,9.0527493182419,356.994262280639,186.851075584912,978.86187652894,0,0.1,23
2019-02-02 07:00:00,8.48282794327705,5143.76352437977,1687.11931127068,162.088908859716,1166.22052772023,241.453675413596,1192.75054392256,2037.76052397522,815.589002840597,48.4047675389847,286.891006575329,96.203063760405,191.857290408376,551.583400535519,58.0356463995167,899.705155578644,36.2200207173141,714.762144994773,7.95751548680346,408.605190015867,206.956446743823,613.159730269947,0,0.4,19.7
2019-02-02 08:00:00,9.31530497233017,5383.71411457412,1670.36124328815,175.096000655143,1131.31602431635,295.06041330862,1218.86561977039,1982.42500426028,772.94373049303,47.7262337668647,285.058751953895,92.6438846670132,183.356178976543,563.775333054494,54.7912106909756,918.947750784341,30.4999888423358,750.397018523571,4.70778051723729,436.947437144972,218.473887020619,667.746278598882,0,0.6,13.2
2019-02-02 09:00:00,7.10572694543717,3932.25430958018,1252.94705432237,146.327848283085,929.622382598003,274.777677911879,984.209294877474,1623.19095717853,568.026052893883,46.4431029855678,240.834064774635,76.5154134706514,144.717677557464,470.415293110185,48.5073079279936,736.073539576989,27.7077554977163,627.607185724925,4.43526299084482,376.404268866708,192.258106869593,616.99088115877,0,0.9,20.7
2019-02-02 10:00:00,8.22167751509048,5321.45678153723,1393.85942126369,151.922103256522,1077.03109681224,322.16268103351,1145.87405168435,1756.25100494636,676.093951250188,52.0665049724771,272.19955798061,86.5125814106495,165.509441453153,566.354768391927,56.1416745720883,856.362341539553,36.1611170185143,776.465779153635,9.82128469641265,479.900222337767,235.257255831243,657.802291371371,0,1.7,12.9
2019-02-02 11:00:00,9.45342642450234,7680.67807161469,1818.10781528585,159.691285786285,1407.26534636177,391.781317869069,1490.41635260974,2053.7540735105,713.259522208178,55.3550415023219,356.667528862402,111.577309697134,196.072316317168,740.299167920596,60.3304245166662,1159.02315909919,37.6969806604579,1058.15595402045,11.6259031362585,627.301904294117,299.117590490195,477.345918861095,0.001,2.4,17.2
2019-02-02 12:00:00,9.94746824703226,12923.1800796628,2023.83077228563,171.53220669535,1701.43843752616,440.325244595263,1734.59333245862,2130.77436731579,819.924148056437,57.7127461769039,364.697093022961,118.959474503461,239.882712800274,828.472250198627,63.7825300669118,1307.83768253924,38.9621993094797,1180.24093492035,11.9517154233318,695.033620925103,320.351188138226,510.098988129595,0.001,3.1,15.4
2019-02-02 13:00:00,9.25751841176613,11294.9314541604,1969.62117742397,172.585056260059,1728.26072484587,453.05774647142,1735.91431372817,2019.20874324035,868.133460326208,58.4237269994709,361.430490952698,121.680203038385,226.441519649243,833.148400553953,67.1471642955414,1272.44709119066,40.2974824935443,1157.25379679666,13.1267804014196,672.657496889769,308.648282637767,503.991685666673,0.001,3.4,11.7
2019-02-02 14:00:00,9.1321086026143,9644.37433651585,1812.28771614172,152.509136436638,1594.71209346267,471.848278898668,1532.80756458242,2003.63766886846,795.305167168159,54.6606788753886,324.342519246349,110.246118212378,226.622311526115,732.26194769018,60.0226945757927,1135.8523484661,36.8987142265214,1036.60862157246,10.4414665631181,596.407017915715,278.622462760967,559.279679991773,0.001,3.9,17.9
2019-02-02 15:00:00,10.5913489984557,12474.3001674593,2241.0351433293,173.695812392494,2038.10509995455,459.297961588515,1833.16804559591,2422.81828287981,1215.271607444,74.4145517312587,376.423611318354,141.660671849888,259.664969212295,919.53153255046,90.7725768527859,1439.11780289966,65.903621414982,1283.16166036609,25.0715956425166,728.769959396347,327.428332512758,455.578433781956,0,4.5,18
2019-02-02 16:00:00,6.63932500924897,7156.51486969764,1356.38947802552,122.344034028098,1120.09955488166,294.285641162236,1144.46079738111,1714.15437483848,556.292153553078,43.8787954928674,260.532607344904,83.2998628541981,168.395453370112,579.315349850684,51.4017412063199,897.687993519929,31.6274113789361,779.050512186318,9.72166043982576,451.932176163823,212.928989085129,497.676071030174,0,3.1,23
2019-02-02 17:00:00,9.93649067794654,14393.4228918917,2440.2641389075,176.880444839464,1886.72301439354,370.776364295089,2054.95833863791,2542.27882226785,991.657395649502,67.4655241018868,443.125200030778,133.832835900338,269.286783434241,1005.96668252933,79.1430289473357,1616.89887598495,52.6222921113762,1437.14506809144,19.2563008900148,838.112624154827,396.847696771481,724.188023330688,0,2.4,22
2019-02-02 18:00:00,8.46993596656358,16046.8909433756,2278.37787526642,157.443460719585,1992.39182742394,371.887023971422,1921.31949255986,2451.14399043743,751.312452137374,57.8161528845819,412.028324597286,128.159759623682,277.447004850688,924.572648984494,59.8252782601561,1472.64764981777,37.4097732388633,1295.70095894238,13.7125856850297,743.407393829946,358.712078683282,740.898720372487,0,1.9,23.8
2019-02-02 19:00:00,4.91451492410794,10311.1264599211,1324.30262934616,104.927305635947,940.316478581875,190.967613906785,1141.05524654758,1332.81427325937,449.153110851513,52.1233494781371,248.546799447879,76.2379956876924,125.026519429744,594.388130511862,57.4116023681677,895.543639733411,32.663543740943,788.353880644505,11.5279884019281,465.694850023331,230.766595542901,682.65465829453,0,1.6,28
2019-02-02 20:00:00,9.02752124868188,9479.09105534408,2029.38151229101,153.362776172676,1300.45675065788,208.573837041883,1724.66465014426,1927.9139319801,700.569141967509,84.5429965412557,366.792894535643,104.39270464749,175.53187542568,853.201604374044,103.870833098787,1374.03369047284,53.882856023378,1204.31842678027,19.4064059414764,704.33974992299,338.403272906714,820.16097067374,0,1.2,31.4
2019-02-02 21:00:00,13.7062495187188,12228.6402419878,2388.95355120676,174.955825213348,1604.49190323797,264.384356181931,2006.59431728401,2184.54565066348,805.780853320223,110.63037465084,440.018947615234,132.853268062906,204.547625586456,1000.72252426698,129.009313259306,1540.66968801173,78.5656403190364,1356.38962954552,33.5522436442435,797.531826516699,376.967688442972,790.880327464971,0,1.1,26
2019-02-02 22:00:00,10.0927152689688,11613.3008318173,2122.89221160683,158.62713158436,1526.5266589259,272.83298284151,1767.86720013755,1990.37058464581,656.31914927972,80.5630698015505,379.631260682688,107.816636083315,170.959754619543,869.469380771057,92.5264173518425,1360.63053125304,53.7104390304983,1183.47233731715,20.498077912343,698.788684967675,341.377781963071,746.266415997081,0,0.9,25
2019-02-02 23:00:00,10.396360000887,11099.6478595377,2196.86634674669,154.18966648077,1532.47846743905,259.573406013916,1811.71859140604,2004.28955242801,739.038408173756,94.0377407312225,390.613656108271,111.034708993398,181.554415006636,912.520255962609,103.650519233,1366.70158180897,65.0162374853984,1177.54111728452,22.9250009723794,679.214227770832,330.589795917861,823.900466202511,0,0.8,30.7
2019-02-03 00:00:00,9.67145840687855,8751.13876559225,2105.60367929534,152.048220282283,1423.95830965774,200.719915069649,1729.02572065582,1953.79940726222,684.059381011042,89.5155887759924,366.032144918042,104.108393739926,188.317140053749,843.420590551553,97.222180368424,1282.33105124759,57.4441043584454,1089.89986340116,20.8479975873528,623.494505788119,305.664212961963,837.731134891563,0,0.7,23.5
2019-02-03 01:00:00,9.11990978043863,7889.65328993246,1896.89362725702,163.933448286633,1254.90574552622,182.446875157514,1579.73006222147,1932.6039534505,614.958875838628,72.043376951391,353.919474372085,83.1742310222781,184.321235593404,730.915569813154,81.1009620718403,1115.83646167657,39.9498387918976,950.204865673245,12.8271009015513,546.720746972886,288.745882248337,996.305681791471,0,0.7,23.3
2019-02-03 02:00:00,7.37961749514771,6960.88287006834,1647.03216187424,138.873424159978,1181.26920439763,202.228416073536,1353.83216889434,1949.73971539848,508.449587287018,59.2664356697612,326.728343443888,81.0004992591172,188.617540985545,617.920035963566,67.1947900972021,960.308973688603,32.6148484362144,777.301223091681,8.24260838277817,443.726263674608,246.999465867684,1125.36987680722,0,0.7,16.2
2019-02-03 03:00:00,7.29743428006544,6340.55117243082,1531.4172059496,126.421286998494,1106.9719835817,170.322629995037,1336.66704199799,1764.48576598053,412.011819077454,59.7276306148673,317.565353075893,84.3153596127614,193.355805314782,602.850257468194,62.4670410603132,923.725468396594,32.1426903133153,753.143377911396,6.49873761197346,426.137587363688,239.453228126499,1019.63879601388,0,0.6,12.7
2019-02-03 04:00:00,1.21258823409927,1562.10436662869,518.639887637238,71.3334033786371,409.842068884279,114.80268810713,539.579774282872,840.564622968962,185.099394681807,12.5104187590452,126.36881688103,29.7113374314651,81.8029962904309,181.193277706641,23.977391964461,266.80387292096,7.8546794069678,169.514768042109,0,95.1541673136341,60.4546765958204,473.971203007955,0,0.7,11.7
2019-02-03 05:00:00,0.278714526625801,1088.80770789567,264.374236807849,64.8003645426601,239.344381845256,111.629781204001,288.590945695172,611.046377735572,146.542456502347,2.25159449409013,67.309931790772,18.9401838621415,73.0508688069643,106.598598375503,12.8645867181435,122.961249762285,3.4157712642596,70.3856523928848,0,36.0809986302855,22.8993492300914,199.25799327091,0.004,0.6,7.6
2019-02-03 06:00:00,0.0140015557425479,1061.39955993249,213.17247200585,61.5586309073863,156.839457677767,0,193.614198612602,531.567509240106,122.261545449094,0.387691313771194,43.4814873902682,12.4404998958834,76.1370799335559,98.106022786633,8.61634589264094,68.1947537028109,4.94868667829102,40.4172015636056,0,18.4808815437706,13.251054506872,111.972687869233,0.014,-1.3,5
2019-02-03 07:00:00,0,1005.89445757839,200.736441538511,58.4039220685764,85.0225618012567,134.292465813126,151.221360123554,487.183535357353,98.4943980663872,0.67537919807746,33.0070263761418,10.1018817232971,72.9983441126018,90.6313827654642,6.96833306343815,43.3043890794626,3.79079369042665,21.4118425332216,0,9.62499846656174,5.05072857005,60.3146318976707,0.02,-3.4,4
2019-02-03 08:00:00,0,1050.83309414055,210.195670425609,60.7988808468621,63.5337094930915,0,143.960389013293,475.778690328312,106.086455327048,0,32.2733727582849,11.9223723935885,74.3906599580455,103.070348274544,5.24983204207778,45.8938140074289,5.17381786532438,22.4634683639424,0,9.32210308428369,5.42135875616494,56.7931616812929,0.022,-5,4
2019-02-03 09:00:00,0.134441666241744,1001.29792324083,217.576756654562,59.9408782088625,93.6056622372606,0,144.654866080748,452.601662824576,92.0515108056267,0.771549564810215,34.5868482997798,11.1661603778081,74.1579475162834,104.408802054018,2.51618935849116,45.5902788100146,3.17406249831092,23.9726348272681,0,10.4984434375964,6.43224258130236,43.858071874642,0.022,-6.5,4.5
2019-02-03 10:00:00,0,1000.32674065433,242.504027413188,64.8675387226515,625.913454652323,0,142.548914604652,413.119947505955,46.2219561091144,0,35.9796488052356,7.87979504205697,74.1081354495058,101.412144701342,0.288335854431427,40.0184502368585,2.97051896900907,23.0285224739107,0,9.23935821526464,5.39903001580263,29.3967827144681,0.023,-7.7,4
2019-02-03 11:00:00,0.181988508958369,1133.25536369936,348.488211039952,66.4061820337404,100.882804416305,0,175.698364561497,437.227622725269,65.8836084832431,1.84707506134192,42.61344492927,9.22463229612731,72.6293803969663,102.24822225089,4.85631895596833,46.0542352096967,2.36187044492411,23.9082504939936,0,10.938089621138,5.23640238983049,29.1980122066994,0.023,-9.2,4.7
2019-02-03 12:00:00,0.283066634869822,1136.82656335462,391.353571791884,63.3700696763367,0,845.25764059326,187.373378780176,427.85149847836,58.8408961986172,2.94403930440804,43.4439607354268,10.8494582591596,65.7252922110227,78.3881210480166,6.6724118251963,45.6549474394648,3.22136494487623,22.9414555663572,0,11.3184323978433,3.72082650071441,26.9613438085941,0.023,-9.8,4
2019-02-03 13:00:00,0.207069746245141,1077.41935484105,364.02081083846,60.3398075637156,0,129.097363091476,198.429261103403,447.637302639005,48.725167536196,0,42.512505370865,10.4880577271914,78.6412334710809,95.8014626278094,3.69156819420713,47.0475102934298,2.59050381718962,24.2089548438674,0.255092428222953,11.5039476820793,3.02212415365883,24.1191524399325,0.023,-10.8,4.2
2019-02-03 14:00:00,0.0665151338106471,1018.11044920895,379.012222198914,61.7935322142165,0,0,198.604811672561,456.538060595144,61.8788551985103,0.66001786372742,40.8625139416447,10.7003558022116,83.6714951591575,105.18655270781,2.01343488615521,46.415596289173,2.43067132574968,27.3751187343225,0,12.8523661596304,2.8899988241246,18.9981723652813,0.023,-10.9,4.5
2019-02-03 15:00:00,0.138765654549007,960.053098609122,354.263559975289,58.5810264136608,0,404.925003036851,191.463226685315,465.95470875033,69.7922433525485,0,39.4944370912988,9.94263160703654,88.3975397247334,110.907800895974,1.72781047224406,52.1250874460104,1.05195772730197,31.9609015973703,0,13.2255320070158,3.83540055640828,19.8041176928793,0.023,-10.7,4
2019-02-03 16:00:00,0.202159379182366,1025.58244674069,310.942453415835,58.6762469021789,0,281.271211205118,167.752785349852,444.961649979506,64.2406194992388,0,36.6551986016929,6.73174818211712,87.6847906716004,117.125911459435,1.2282328150838,46.0571923558705,1.35278055008761,23.1201602361759,0,7.82039615944106,4.15526192982696,20.0244029159494,0.024,-11.4,4.3
2019-02-03 17:00:00,0.0356279268018858,1017.12888719703,318.007629390724,58.2859923727621,0,328.825860596692,166.375996801145,441.171161352935,62.1023087020777,2.16318391493574,31.6642092532016,3.12270349554689,86.7176589925738,113.359758709422,1.04008405737756,46.1686681452328,1.2967806066989,23.1896765397413,0,7.59402688300914,2.36717524892469,18.8963240529111,0.025,-12.2,3
2019-02-03 18:00:00,0.176423079988855,957.812907486552,323.639164546852,60.4820093611394,0,368.588276604462,166.248031786049,433.838296987263,61.1325140735631,2.89754052182956,31.3666599947222,3.28244970934495,84.5315666643828,111.794895302062,2.0130817378413,42.9925304984715,0.7583587640269,21.337220019895,0,6.80555174339452,1.75325348757843,17.7439095552641,0.025,-12.7,3.7
2019-02-03 19:00:00,0.108037019997989,931.907396200023,344.261160450814,58.1002707375403,0,113.784555803865,173.797121984218,427.867687071421,53.6522152595369,0.672064174787441,32.0480430564603,4.54229957947451,85.6697123735044,117.664954261723,1.59151406532892,46.7102180367051,0,25.7377992273587,0,11.0364678359689,2.67745964645536,17.3242561388463,0.026,-13.1,5.7
2019-02-03 20:00:00,0,1077.25732116202,391.067584737418,57.7711923742924,0,0,176.289441683826,430.780238732799,55.7277303435295,0,30.1161503656801,5.38692293533752,84.981888115715,114.859610893851,0.182482545751777,44.0873398550666,0,20.8688225665941,0,9.50202970446351,5.15645078844325,16.8486991675163,0.026,-13.7,4.2
2019-02-03 21:00:00,0.351210836210574,1192.79624391608,437.608885747932,61.4933610035575,0,165.848162202004,180.672378340578,420.91510526171,52.0625439884398,2.24573618742379,32.6895107217906,8.33472000089479,76.0240324797765,102.472101639403,2.4166541333196,43.8651595574209,0.793144322062989,19.7077691661711,0,9.05638886815226,3.84771228317424,17.211709193701,0.025,-13.9,3.3
2019-02-03 22:00:00,0.152017219892193,931.165773471288,396.40574616754,56.0324587899159,0,409.739087461519,159.946728145599,421.064354589322,48.7717344897135,2.38650322250389,30.075652733708,5.56118032715122,70.9870942628116,95.7430114834165,2.60962234307636,42.2635104667625,0.583943393194726,18.0669792091856,0,5.8945973050624,3.28380859594902,12.7436507209036,0.025,-13.8,3
2019-02-03 23:00:00,0,951.594056665822,363.364449293095,54.0766910462404,0,182.652601990744,158.400767902061,426.675881901674,58.728021682028,1.91958225913868,25.8490147674013,4.11891202813005,78.4132215818201,107.443525775872,3.05786021088452,42.019875937908,1.51449700539178,18.6969901525269,0,4.82586558796232,4.23421477090393,12.0976640090745,0.026,-13.8,2.3
2019-02-04 00:00:00,0,993.609172603599,366.580471379612,52.5692826433022,0,176.310964580589,159.129250423589,418.829552064537,49.6309150352671,5.14007097803065,23.7381177354053,5.38836631664906,80.511519922188,109.531884039577,2.9406775899376,40.8128457886891,2.33243754658859,16.8003275744181,0,3.74233568411926,5.20490251804846,13.1239834480546,0.026,-14.1,1.8
2019-02-04 01:00:00,0.47869376812204,1207.67286260739,364.971752742704,62.074815294709,0,172.546981591099,172.780590512833,433.315406611034,54.9667965763373,5.71369400696157,30.2329749585797,3.43257100468429,76.9560527749144,105.270782057587,0.172411017749632,44.4137808292168,0.8142422499463,21.0817936380082,0.157249405050303,6.66113372278111,3.18017871508959,16.3195713159811,0.026,-14.2,4.2
2019-02-04 02:00:00,0.177589696598629,999.108460338942,333.046399387541,57.9639255332095,0,267.331760684959,161.360143244611,432.523157046539,50.4201306179787,4.0870316740858,27.025540629334,3.52603317101459,75.5089418093188,101.623498653256,0.303455580070435,44.7354179461374,0.749268947732912,21.1548524044849,0,6.92901472429409,1.93597131323917,16.2601594737376,0.025,-14.4,5
2019-02-04 03:00:00,0.110082471503047,1045.00835474217,304.237338241776,55.4144937740641,0,0,163.061146472025,441.341601821105,54.7721173463134,2.76341087999545,27.339773227515,5.18903959659963,81.0482235553508,112.433662536592,0.983172671986461,43.0745544971775,1.21312881224263,19.2635711275275,0,4.63817815751502,3.2636311036045,15.2144000979697,0.025,-14.7,2.2
2019-02-04 04:00:00,0,881.469819629576,286.111887538959,53.2781601354362,0,143.595283783589,153.655564564804,440.009966125881,55.0332283678121,0.323083677559789,27.071432989471,4.98348646058027,79.7204941106952,111.979829247624,0.157513347435317,42.6803384584035,0,18.1154842349461,0,4.95758828218638,1.66332353822088,15.9073913584401,0.025,-14.6,2.3
2019-02-04 05:00:00,0,927.670949874869,281.529595869832,59.1784312382014,0,0,154.147761098627,446.241276135493,64.9086148283318,2.31756723813529,30.9366522981665,3.81379324261109,83.8358738984097,125.522244265924,0,45.8178825106914,0,22.4574456047701,0,6.83985655886595,0,16.6751542882445,0.025,-14.7,3
2019-02-04 06:00:00,0,1015.09600740041,314.384845130201,62.48332022103,0,0,162.471418005914,441.157020208744,65.183973449856,3.47522683886353,32.2161970528341,4.42850508731315,82.3622101785577,136.341532947861,0,55.2940370212841,0,32.2003056260435,0,11.9244061824531,2.47783241323894,17.3609189897679,0.025,-14.4,5.2
2019-02-04 07:00:00,0,991.916517990829,348.71821710046,59.7870666157544,0,51.3754989982693,171.860253522388,440.766601107767,68.5630813570158,4.05654724971267,33.6539975550696,7.08125114116077,80.846118681936,126.12222850293,0.286036391946162,51.9867290241085,0.894555215884734,27.8154118721292,0,9.98173663409381,4.11550800093726,18.3834245077278,0.024,-14.9,5.9
2019-02-04 08:00:00,0.0557004863116908,1203.84848866741,362.416542721399,60.3061474404903,0,46.3357469357513,181.888094917503,438.715841601523,57.3654575451022,4.42862950895499,32.5224420997808,8.43417963495458,80.9950978435436,128.392055320221,1.95980742303479,55.7019274759597,0.447973953867134,34.6962789901941,0,12.7199386289709,6.0842222705257,21.097821294709,0.022,-15.3,5.7
2019-02-04 09:00:00,0.554025425854406,1331.67819933021,401.139217726746,58.8298596115581,0,0,197.316649792128,451.573234119881,57.8253001636001,4.65945512806476,40.5719940154856,7.97865537018292,76.5124145607568,119.353022829127,3.63597547114352,66.9150553135811,0.825647495031564,46.7505423846528,0.921461626775413,22.6794429037244,12.0944892072734,22.1952996277216,0.022,-14.8,5.2
2019-02-04 10:00:00,0.418509485936177,1123.51314308419,362.171917381759,59.3380024853627,0,0,196.143735649468,448.418626636141,61.1535625249414,1.99893115121809,41.1549130428163,7.33611860395892,77.1517959428647,119.653225485274,2.65903981386679,67.8844627731066,1.99957306983349,42.7577116991266,0,18.5090541800139,6.45643411893683,27.9234144214288,0.022,-14.1,5.9
2019-02-04 11:00:00,0.237124945535753,1192.97393694875,342.245113687295,60.392158932598,0,0,186.776277858854,461.533033209926,72.5024161524614,0,43.5697342865905,8.6212381595541,83.4165276971469,123.211814659372,2.58017866347269,58.8057746815012,3.36239763940778,32.8446261084041,0,13.5972519549584,2.39264605886877,23.551121556319,0.023,-11.4,4.2
2019-02-04 12:00:00,0.267191619567707,1136.07221654744,329.062386649499,58.4818830979477,0,0,196.243211529966,481.203947494802,72.27455657134,0,39.0576638461727,7.7742074796794,87.5406505812516,126.346018292122,0.292914813234467,61.018613899885,1.8421499135694,34.8348172956968,0,13.8001753778663,3.43466961493356,22.0994623320774,0.023,-11.2,2.5
2019-02-04 13:00:00,0.199408028749482,986.10537644569,321.490243677202,59.4015657369074,0,565.73670467357,191.684219111421,491.493329249856,84.7973401490194,2.45244825769675,39.046900685452,8.27203007405782,83.2333250712076,106.023096052192,1.06760291450396,58.5138155574864,0,29.6567253365712,0,11.3374258799051,3.99974355071685,20.202282164162,0.024,-10.4,5.7
2019-02-04 14:00:00,0.28120949345634,1148.77349118201,314.656979746983,66.9113426026787,1.08330495722805,0,197.555975109645,513.464616880849,93.1533578905731,2.69536392883464,46.6411587550006,8.90778224173441,94.444458186806,133.422265611585,0,65.5042416546543,0,39.8254256585289,0,15.7665507582097,5.26395547042264,27.1303078824802,0.024,-10.8,5.9
2019-02-04 15:00:00,0.461267385982867,1067.33247181356,305.954559148815,65.040369377928,0,0,194.564152641205,555.22095071291,117.444599692755,1.58738652853468,48.9430303986471,9.12175934191135,94.5337051190242,132.878823184696,1.38228254189631,70.3006021999099,0.722249190371945,44.394898169691,0,20.2947991699478,6.32030836310994,26.8967628591859,0.024,-10.1,5
2019-02-04 16:00:00,0.76073395683318,1072.34212406442,265.932159971408,59.5353895586521,0,0,183.931844134378,531.06850664818,92.4193102084145,1.54978193536607,44.9216566292286,7.50416256094592,99.8655078673417,143.179332347171,0.594170417897683,67.1346964347743,1.75728801248954,37.2430421874942,0,15.7983765672467,5.63739139908408,23.4161852209072,0.025,-10.7,5.4
2019-02-04 17:00:00,0.170033360994521,919.782764019685,301.183125710043,55.2196171006213,0,0,194.917294968947,490.976792170192,75.4923771638061,0.632710906645632,41.9160553175046,9.58092640976256,82.1225726147352,104.120963050293,3.83345393933077,74.240389554659,2.24729934164502,48.5302464897811,0,20.6123725879339,8.10131051362295,26.3196237899013,0.024,-11.5,3.7
2019-02-04 18:00:00,0,907.557319196661,252.228427631605,54.3816564036237,0,0,173.453592041329,494.994303268147,60.6536302625041,0.68480938689327,36.9442167330209,7.37856778822192,85.7970207069775,116.773547498622,1.99186543728523,64.4920249646392,0.88595247323139,36.6394908948858,0,12.1473424390483,2.20551396869672,30.2950082097625,0.024,-12,3
2019-02-04 19:00:00,0.26190365947141,1039.10813987416,253.452210347513,58.349919381195,0,255.903342470023,195.341100580703,518.074348390497,66.7487874760973,1.4269137271417,46.8038833929278,8.22624125731256,98.569736436331,145.381220496303,2.98469386032545,83.1904868161436,0.91581153776275,56.734568196383,0,21.0379230952868,6.07244489338009,38.1653043924691,0.024,-12.5,4.7
2019-02-04 20:00:00,0.235876693193756,1105.92214804498,248.472861858052,61.3972683818388,0,240.893063630012,199.502723729237,525.309666978222,73.6865521308919,1.08789821657097,45.8929979117364,10.7814795248302,103.481014881565,149.854086346578,4.18132950592066,83.4774923870948,0.292121331996151,57.7533982390814,0,25.9133243253858,8.16341010737817,39.4928392261999,0.023,-12.7,6.7
2019-02-04 21:00:00,0.425269061233226,1157.52855883581,240.491626073669,63.8330063409828,0,189.423869253087,188.40209530868,532.426903961133,76.6255568478183,3.69753006856515,41.6878862541496,10.4706022723135,101.504016583679,140.470872338592,3.92229732247326,66.4295232039611,0,35.960749608862,0,12.1714867962146,4.62574195298832,39.6066664042436,0.021,-12.9,6.4
2019-02-04 22:00:00,0.583464875757647,1069.95868306154,254.823528350539,59.5812755428149,0,2.44807760411008,193.334952111185,526.689882143323,84.1706914875243,5.856715447482,43.9564691400329,10.4852004735029,101.18210824479,146.677501383792,3.0561653032775,76.1365435591834,0.620369883662859,49.5681662764434,0,16.8096307186206,8.34075135339099,42.4480599573247,0.021,-13,5
2019-02-04 23:00:00,0.391261268104498,992.278912236284,245.226543915775,56.1205827499546,0,18.5880542376978,190.065176919876,520.342780582592,89.2235914218704,2.83242564391649,44.8172632706551,10.3653197882263,103.191277658325,142.005313104309,1.33301285859991,70.2855461949407,0.772264368244508,41.7718687011636,0,13.1040092034363,6.77038025362323,40.5662950619963,0.022,-13.2,5.5
2019-02-05 00:00:00,0.208610282387237,932.134176132022,265.765988407143,59.9107914547943,0,31.2815266203857,222.262826954139,524.484230757779,83.4584703133355,2.32612856353106,48.9200457766524,9.6147529690642,103.860420402465,159.602266630089,0.688563728239663,100.618705293946,0.316970740049214,76.1688264110737,0,28.580692926135,12.6198113394524,41.6175170605766,0.023,-13.4,5.2
2019-02-05 01:00:00,0.389940000586112,895.079053319623,233.355953012997,54.5895868612908,0,0,180.385265492103,518.336651259426,83.3749457994794,2.97845419832964,48.1263180379199,16.5041591331565,99.929412517382,144.171963494294,3.26095201737268,60.5814806978528,1.89584352850855,31.4324206657328,0,12.536534855374,5.34416719086144,40.1102773544713,0.023,-13.1,4.7
2019-02-05 02:00:00,0.489353304993247,816.626694522943,219.586422595799,51.5472599093489,0,26.8357059420536,165.428095023438,505.726514352795,76.6671507349736,4.78914027512745,44.5722885032016,14.0334303215664,98.1344221056521,131.311679383964,2.32761919786806,54.3429539730502,2.51584983444098,25.0519058448665,0,9.53121834085642,2.59772064322561,42.2958532609523,0.024,-13.2,3
2019-02-05 03:00:00,0.294149803235565,817.360107227538,216.17457100666,52.9150859426926,0,0,156.945592626433,504.923804837464,82.6479393756838,3.92932531009373,40.1105416310711,12.6135347868002,96.925088623404,131.946519226502,3.77079610961169,52.6358780883539,5.05159409245415,22.686460886307,0.144724125141921,6.94918863493521,2.09308246733446,43.5436262814659,0.023,-13.1,3.3
2019-02-05 04:00:00,0.247041391294414,815.53970360878,228.352990745658,54.5633250624358,0,14.1084216182415,159.505706667771,507.270243144353,70.815547638292,4.38211322764484,41.7630172054535,13.5945565693104,98.970189295166,130.387524315628,4.17808408867457,53.5550194265857,4.87908180131738,21.1614404394275,0,6.72644061472311,1.97948590236573,33.7720389569318,0.024,-12.9,6.4
2019-02-05 05:00:00,0.376809216366885,834.261903228997,239.514739972585,57.6918640294739,0,0,165.880548081545,505.156675436575,63.3477320580799,3.40113624208872,46.2238740985292,15.1889804654594,95.6902697629172,129.90079647114,2.08970257130559,53.9969861662969,4.50234556741163,23.4365627490178,0,8.57137328361921,2.08308457994133,37.0947116396737,0.024,-12.7,6.2
2019-02-05 06:00:00,0.298277795432291,861.030828131205,240.89395217452,53.9241518175273,0,58.7015589352282,175.123183098853,496.712735976273,61.817135304563,3.56074594764057,47.1341853569131,14.0131640486093,94.0293746251329,130.164581493564,2.99511590413771,66.7364128118663,3.8501514301142,40.892495540007,0,16.4735883969626,4.77499308183108,40.8671475711837,0.023,-12.6,5.7
2019-02-05 07:00:00,0.463632087138075,1156.17960353815,252.12379342014,54.3976038414934,0,48.4241005288369,188.954376325695,505.360102959411,66.6246883484685,3.81909270286088,44.192089803621,13.1951589401737,96.364796116887,137.897032300915,3.04148587706036,73.6425949657654,5.00043308307768,48.9005063861735,0,21.7086108441733,8.26525017785544,39.2504757078012,0.02,-12.7,5
2019-02-05 08:00:00,0.629432415752602,1304.61987552188,278.26145739826,53.87442526034,0,313.18100426544,200.655668649241,520.67820113583,91.886343820489,5.23170826141167,46.0843356256394,16.2829910501008,94.6126415001629,137.090375894519,5.03558483402754,76.6757393521444,3.71385943791269,48.7678602015406,0,23.0773427241935,7.32590966167524,41.5827871449814,0.018,-12.5,5.2
2019-02-05 09:00:00,1.16340860750336,2028.77635749464,320.402911291634,57.3426734368331,0,0,212.646763682084,531.510728957922,93.5705401726803,5.70921023274124,50.1165325189667,14.6076152881495,97.9775405384558,148.108951077696,3.9381917493608,89.0404742952824,6.38989198286745,66.3367487575599,0.0733369569312531,31.5267094765391,12.3071189926016,45.267848765859,0.02,-11.7,5.7
2019-02-05 10:00:00,1.46342885072198,1742.04493340206,289.709873397391,58.3670119957483,0,0,190.165956709792,653.013223730817,79.040602688802,5.07939086520355,47.2102612262974,11.3856748941134,100.332764634158,141.686505555592,3.20374200739439,68.3630859720577,5.25300069164647,44.1895015572585,0,13.7845471783619,3.65572764443492,42.1268603842392,0.019,-10.8,5.4
2019-02-05 11:00:00,NA,NA,NA,NA,NA,NA,NA,NA,NA,NA,NA,NA,NA,NA,NA,NA,NA,NA,NA,NA,NA,NA,0.021,-9.8,6.2
2019-02-05 12:00:00,NA,NA,NA,NA,NA,NA,NA,NA,NA,NA,NA,NA,NA,NA,NA,NA,NA,NA,NA,NA,NA,NA,0.022,-8.9,6.7
2019-02-05 13:00:00,1.61855699540023,2350.54072008649,398.610481891178,63.6099165829601,182.839389665522,0,272.76993659019,714.839967307946,76.7052155264307,3.64244719481336,64.747118081636,20.0962445302078,120.683184597881,180.748205733393,4.94440140703203,150.339479719155,6.38690872676834,118.386229185722,0,55.6897478261795,23.2021742666118,72.563507684494,0.02,-9.2,9.3
2019-02-05 14:00:00,1.46621029376809,2226.91243109404,447.77333261042,64.7907970249575,213.735704683236,0,302.328679015688,751.496546426995,123.651282863719,3.84663694618515,67.3526647127533,20.951906452745,124.569540430442,192.711311038596,5.32730018458835,179.099051345649,5.97679875436126,132.401341317396,0,70.8221037333927,29.5795761519745,72.7647733036482,0.021,-8.9,7.6
2019-02-05 15:00:00,1.76105577838182,2988.85521749588,687.279166382147,80.2926394501902,374.054281121963,168.083462273921,435.610797779534,1270.26032651343,342.868526483666,4.56765218076109,93.5270268925133,23.7099677993993,143.462667952802,244.1707089048,7.3064381903671,261.097651745798,9.49039120127415,215.518572227842,0,119.450724893703,49.3658922278529,105.043275131399,0.021,-8.9,4
2019-02-05 16:00:00,0.879173870538198,3245.00030027113,726.588785878271,82.232331546589,665.375202713993,105.831377464273,502.520879399465,1000.30673837705,405.975242928548,6.38470772255553,98.0096375716867,25.4340584314258,138.836568884263,298.389054723443,8.25332039031869,324.887784343734,10.0476619235753,305.122777177386,0,165.906000919616,72.557736348696,50.8640266349442,0.021,-9.5,5
2019-02-05 17:00:00,0.958745015028799,2467.70439343239,649.953326212367,70.2227306363796,793.424608258453,0,478.312207895909,794.84863388745,227.408227815606,6.32773399156289,94.6443849780045,25.7952632134148,128.945736787437,298.175679048826,7.65289332462852,336.737369686255,12.4251687360706,325.186801353746,0.858157417841802,172.036469631713,73.6792941753433,43.318184299354,0.021,-10.3,6.9
2019-02-05 18:00:00,0.523353113548672,2293.81807429776,522.986014569093,66.447019254877,566.618742489874,36.6298446461321,380.657650707301,761.705326371949,180.508004920163,6.97241525901094,95.5044288175635,34.9253356432588,128.67800633744,225.572247356898,10.4332738233211,207.781857278644,12.5406801422004,175.117198614972,1.78839460505372,101.13833924626,48.8282814161183,45.6460358538531,0.021,-10.4,7.4
2019-02-05 19:00:00,0.548187914638486,2836.95849000926,519.329403859402,71.736086153348,544.036552555206,121.395085160103,378.447674697779,862.384825516168,294.321641022134,9.09768624973276,93.8033584868509,43.3887982052655,128.885382758539,226.279750445955,14.8342707303476,194.08850810967,16.1005861486223,163.611473764046,3.01650010998963,92.8979292285802,42.1340348186997,48.2158614955527,0.022,-10.5,5
2019-02-05 20:00:00,0.758946996185947,1910.02331688512,360.403421836148,61.5412586101326,522.876746574373,83.0515221312927,253.017536284846,649.901721117391,124.900892563595,4.94528518316775,57.0297243470871,19.2184969511012,119.543003566676,178.440238016464,7.1421318367124,113.665010286099,12.5813488508904,79.9140084895299,0.466958401083873,40.6588309875411,17.904835002325,41.0125604103284,0.021,-10.7,6.7
2019-02-05 21:00:00,1.48917534622168,2546.76492937893,487.966424926346,61.9275444021712,389.168306333927,60.9697980599088,340.157765674531,722.738946043488,116.373644330229,8.18159043994439,77.1293248674885,23.6175249917421,128.431481678905,221.101082814671,9.34499261326295,271.810775476121,17.0187843041693,150.427597698894,1.26583107188321,82.4925458140146,36.12907593747,44.3360394273428,0.018,-10.8,9.3
2019-02-05 22:00:00,0.911499206440345,1927.95961043656,401.975871454496,56.8636658429002,262.299964751695,43.624579841996,265.126596898623,674.876207322208,75.4581303750559,9.2301265745182,58.5530753190046,20.3000774840154,121.900359627302,181.164541121173,6.46171679496129,194.635007630734,11.8478813140554,86.8343661972833,0,41.3284379412831,17.7514452549929,47.7773115955842,0.015,-10.8,8.3
2019-02-05 23:00:00,1.34676233218645,3733.09841913038,532.269282547984,62.3665084921514,548.2427199628,128.662516541355,335.694664866856,734.742130507486,121.125802083022,11.8491368407051,81.9578482976771,29.6097826521871,131.269345517886,215.344370792364,10.202724456457,185.844890708835,16.522019786715,139.76377698046,2.4282297818671,73.0995287271694,35.2643762310666,92.2321261843921,0.015,-11,8
2019-02-06 00:00:00,1.04089163444343,3132.24980262587,492.9051075441,62.6629860904878,474.727656708275,138.396706786215,331.97353829751,672.480274781114,144.310401557925,10.4240752757508,76.6701773253577,25.896122720614,121.864230960157,222.648900656018,9.96538651358635,199.044861320427,16.0500480032003,178.895305557593,1.43939599902665,109.941008782032,45.5849264326914,87.2121209485628,0.016,-11.1,8
2019-02-06 01:00:00,0.230730595075556,1030.31507359393,249.691670728473,58.2485626397846,156.183431878968,61.1969739472294,179.043661381849,558.674161273103,105.620764764422,4.58093340628519,45.9541980206623,17.2058408941414,106.828180380812,138.687405637518,6.76478822351102,60.533612495909,9.50409062343743,28.1946891943094,0,8.69687681893689,5.82252187355278,49.7362714092522,0.015,-11.4,7.1
2019-02-06 02:00:00,0.0455378605105694,887.816082507019,225.09962716139,56.5503150163994,80.9943865514512,18.0349900090317,168.578079863513,557.24734295054,79.498202300355,3.67757283437169,43.6606791372995,15.199668804032,108.786898117837,135.001677223452,5.17623522577988,56.4741579047301,7.20815032904951,23.2841116340914,0,5.70600175877079,3.58896314374276,43.9922737563369,0.012,-11.6,8.6
2019-02-06 03:00:00,0.212381498267668,811.547035924865,221.649796403154,56.4311188341033,57.8702839665104,18.5415440821199,166.897728474941,546.601441291419,66.0658133342643,4.32312412887368,39.3173123944226,12.722688404727,110.124071357713,134.035877241659,4.00236701541074,53.4808975005919,5.28245828907112,21.1318214628147,0,4.70439137312055,2.23561572663883,39.6551447620394,0.015,-11.3,9.3
2019-02-06 04:00:00,0.373826541274899,765.28467544985,217.758529279021,57.2436973949439,4.30349599997155,0,158.024394995159,531.719970107499,61.1250943196894,4.59593585751332,37.261377233348,13.5198633073443,106.006388000409,128.500805519391,3.97388819064636,48.4521634130008,5.49734751182171,17.8928934343546,0,4.58060591752759,2.28999741422221,39.5384307039714,0.021,-11.4,5.9
2019-02-06 05:00:00,0.434076994356786,733.557606554095,221.592248600031,55.2359714861673,0.0679897934624683,0,166.446063514729,519.9573219388,51.6753481220236,3.13341579049414,36.7718039428003,12.2903830249229,103.616156029808,131.300215315576,3.37931242224204,56.4266197241295,4.72752308300555,27.4184279433828,0,8.53244682588171,3.36670075692655,36.0574425938123,0.023,-11.5,3.5
2019-02-06 06:00:00,0.352401460096335,771.87311084299,222.902451105644,53.9642293853148,0,61.0693152359171,164.710639329811,514.846384123768,48.2239784064374,2.19412260693211,36.6386207123036,11.2856703754387,101.115327818778,122.959362181854,3.31906708169766,56.6529340155357,3.26837432012901,25.5500699305835,0,9.9214374070696,4.54934836490043,38.0125769951092,0.022,-11.7,1.8
2019-02-06 07:00:00,0.239140860472199,1086.15650202064,254.527626600514,54.8955808146239,3.99564331160992,76.844195489934,195.582435738297,517.706910384922,50.4850831603736,2.544376359974,37.0318335378406,11.8229675015672,105.303017337172,135.051099993349,3.63077147868098,72.0959476602535,2.12345873542191,40.9029097378162,0,16.9485225978066,7.5335957816848,41.4676615125835,0.022,-12.1,4.3
2019-02-06 08:00:00,0.591578981114249,1618.86816666511,237.228562603094,53.2739945387387,0,101.035831945309,177.663370620846,729.533893814001,50.1232146323966,2.13915985296884,38.2709174778827,10.971352503158,104.949269075731,131.843184341103,2.76864214356244,61.4259321297278,2.35915843467049,34.0364915056692,0,13.4954058648617,7.62189047244712,35.6287484363239,0.02,-11.9,4.7
2019-02-06 09:00:00,0.708076567767091,1339.91941075053,248.562368867249,52.3243326673428,0,160.363986724969,179.705051389446,951.696453824306,58.0598102185818,3.48641335339943,38.5356180188891,11.3099436184657,106.618357546451,132.514750855002,3.21190385322059,67.0519283713085,3.16036794126081,42.2173894217661,0,17.2458914883103,6.93844887036874,34.3028183463576,0.021,-11.4,2.8
2019-02-06 10:00:00,0.957987650599372,1207.20452434817,265.472277979718,54.1771232868214,0.740593667749993,127.801428504285,182.130429860637,643.608150707914,51.0278137361315,2.67126656054686,40.0028752462456,10.845092288515,109.327983312732,136.789308087046,4.58466221483821,66.7959049541342,2.81602217420828,43.965303482682,0,16.5426475629328,5.74678457831399,34.5123246378217,0.023,-10.8,4.7
2019-02-06 11:00:00,0.963766299093863,1159.08670428215,272.307656647044,56.4364436190644,0,67.021701383609,184.258303246096,667.546685193848,67.6348747262176,1.69224793023365,38.6267900940621,8.97012851224242,115.413958258643,140.67619153014,4.52470300557189,64.5253901689914,2.2862655114951,42.3031188826032,0,13.6445056865769,5.03680470469562,31.7794831130937,0.024,-9.6,4.7
2019-02-06 12:00:00,0.745099111159397,1611.34389518667,277.561472035025,56.8402081994751,21.1207139991964,0,197.959494275044,697.133835461185,75.6931131950141,1.20022887071831,41.8627404528352,10.5815486329628,117.041173020302,142.413402971742,1.99384988962242,71.2688436712737,4.09501266258856,47.4272246725488,0,17.4252273264411,5.63221646669704,29.9028044988437,0.024,-9,1.8
2019-02-06 13:00:00,0.931349969394606,1667.15027609786,267.365824470578,57.6791296297718,12.4230792104886,0,191.913631965931,665.041994325287,72.3583988035231,3.04477877344564,40.0026977356686,10.8569253967218,121.882869209812,143.810413245278,1.59773668279349,68.5418274516538,3.98069709253362,44.4220752351818,0,16.3237690144958,4.30770788097263,30.7829135236473,0.024,-8.4,0.3
2019-02-06 14:00:00,0.787227935821357,2038.28174208912,305.993187432869,58.9791830875934,38.594814052916,249.779718490375,221.449695969728,674.887733682642,71.9441017504704,3.90759649612796,41.35014911221,11.4729719983523,123.865458077498,153.460023663734,3.34411035554681,88.5392995188276,2.11055957020863,64.141117672916,0,29.3656524498789,9.95759107002129,30.3756488937241,0.024,-7.8,1.5
2019-02-06 15:00:00,0.703791672082257,2837.60013674831,372.256170139351,61.6593478247971,127.616545267806,213.817385050624,278.021684771961,1681.70030549705,74.185312750152,6.42625675015805,46.4674869284644,10.9380755088544,130.543847025782,175.341092781787,3.94135342482791,126.515283954343,2.32905480664307,107.351226482648,0,57.4691094552909,22.4740700064767,31.2476506171174,0.023,-8.5,3.5
2019-02-06 16:00:00,1.16245955233679,3134.09240095935,598.412871260772,70.6296907716643,381.646573890751,173.244510732256,453.710451026862,1522.12744256992,158.111881925465,7.00440536904425,78.9308767769274,22.2763355798782,147.075781017361,268.858490945716,6.27089071566154,306.210292346017,7.24431073644652,315.595529878695,0,181.20558100846,72.4677676463786,50.8618431768448,0.023,-9.3,2
2019-02-06 17:00:00,0.809627012723147,2083.39004566264,521.614585759391,67.6646955355895,280.691203275879,0,424.73375200119,832.499927224974,111.5577236229,4.64600335922274,69.9170952902961,16.8566630464861,136.431707200614,242.789415863006,3.98066865632172,268.985841151094,6.73051341882931,256.670975101868,0,144.833164020407,61.8324603590794,37.5462226425502,0.022,-9.6,0.6
2019-02-06 18:00:00,0.829493222429288,2345.88813650245,480.323130017132,67.9793126814719,314.565205583024,0,338.588598482112,826.099003937507,108.022237938262,4.45541903095801,63.1244623735835,16.7017038468601,139.950023188817,221.589093297747,4.45242987775309,208.519482523392,7.96278378508693,187.283939854338,0,104.076180570785,46.0437118168673,40.5137895354996,0.022,-10.6,1.8
2019-02-06 19:00:00,0.522834674468925,1938.18376807573,412.069644053623,69.1602764528561,390.943326103689,16.3444983669415,277.371305697761,902.786471423851,115.644929918339,4.82163771292366,54.4646137229218,19.4629067822384,137.658298536945,190.814080270566,4.14037954855014,152.488092325679,9.09286540879014,114.564231769903,0,62.2947097957001,27.4063140666926,36.6880816571089,0.023,-11.8,2
2019-02-06 20:00:00,0.429278767135853,2691.69619005936,488.15485554628,68.0151782488682,296.469219333586,10.0147344836566,371.789347281014,762.9482585267,105.580611171746,3.77730534647129,67.7658075376926,19.1476409359315,134.440880520075,251.337590337677,4.33519184604191,258.692087808816,7.76262195910042,227.589285669978,0,129.36122657863,58.303646987463,93.5975055259613,0.019,-13.1,3.7
2019-02-06 21:00:00,0.607425651491054,1984.42877011809,420.398409348117,59.5887027680358,250.7625399723,45.8941417495779,298.096490410939,736.735302840126,109.840934216148,9.06112951829392,56.4855275309457,20.5248804601017,136.512723251433,192.377201400177,6.5397880342234,154.494939125394,10.8681805991518,119.260691526252,0.236950651290483,66.7404289533299,31.2088554583151,74.9507270713118,0.01,-13.2,5.9
2019-02-06 22:00:00,0.840211615493308,1671.723120964,410.625240572048,55.4724327103482,175.091986501612,12.1436896076148,287.806719545533,715.37833157002,95.6944549706437,16.8593344952412,58.29563794053,22.872148662722,138.203745911435,189.165439278623,15.518971344359,150.301931025055,19.1887346862765,123.269126001264,4.06481154835838,68.2917280373923,31.4799397162486,85.427123799113,0.018,-13,4.7
2019-02-06 23:00:00,0.566936604227235,1409.19907792213,350.407124251901,56.068598975246,113.105032531295,23.4727406483649,241.099074945955,685.739436558408,97.3444234946906,10.801306225847,49.6170987839796,20.2408814171426,133.691110534888,174.793744196372,9.50302077638812,103.081721323793,15.4118998334742,70.1746226167078,1.70409115570856,34.6841028443959,14.3618564145785,68.9864684813461,0.014,-13.2,6.9
2019-02-07 00:00:00,0.368116931195089,1165.11672341572,358.334538898723,55.6228391905891,50.9853353064375,27.8849707662767,258.149633790218,652.492196123411,63.6066438110312,11.8494023522704,47.5507439971615,20.1252338985725,134.333708801315,189.037495689132,8.95883372970983,126.339320497638,14.1146239777379,111.0914978326,0.481448237054182,62.6310079380246,23.2955674761159,71.6026649211746,0.01,-13.1,9.8
2019-02-07 01:00:00,0.312035839626983,1074.1953260222,311.47178862103,54.0195037863006,31.0403337675659,38.8424757313024,210.92384562809,646.472769098288,59.0194240688259,11.7903831394077,40.3515329559699,17.8276161661199,134.020301337137,164.144321248532,9.00765568912441,83.2993324083369,13.4087978540945,50.4791231847047,0,25.8686195436368,10.443702306003,61.7615496696543,0.013,-13,8.3
2019-02-07 02:00:00,0.509199548331992,1079.26489969625,298.725917375691,57.130952842208,28.69449481396,10.3148442669179,207.433427406297,641.693028959825,63.0504263986316,12.6935811227634,40.6200258091373,19.1688967430658,130.690713726458,156.520597839526,8.44009109137499,78.9083116709022,11.0512223712518,42.5526480413135,0,21.5739464786718,8.54847136523127,65.2492232238309,0.015,-13.1,7.4
2019-02-07 03:00:00,0.278738629598102,790.575060096932,246.089177341021,51.2740149484099,0,19.3307499696482,175.041300250514,606.30802413087,45.6934860875437,9.07461258500677,34.7149436746284,13.2979342353901,130.788165299404,139.873032378899,4.75162159893192,55.6276388465895,4.90156970582633,22.3936747133017,0,8.96788012643445,1.25478715499887,55.6538929426291,0.019,-13.2,6.4
2019-02-07 04:00:00,0.271678355266364,787.896236906001,248.316309211043,52.2670304393266,1.00062447673666,0,179.784721345561,616.774909999096,48.604931326,9.44076906725298,32.3361005705184,14.7125472639109,129.177373965517,141.568411747901,4.12054287724884,56.2687555942133,4.97291315068335,22.2078479391186,0,7.67712753141735,1.80690049600305,58.4113496246074,0.021,-13.6,4.5
2019-02-07 05:00:00,0.433671495988766,786.364951288893,252.852142358054,50.4676773392936,0,0,184.515283298155,606.847484378943,53.895891709864,8.94701103019577,30.5914203977086,11.8159212279992,127.704641564511,141.866407870354,4.56985146743913,59.1090985497526,4.32754509710418,25.8434969823681,0,9.15525567496355,3.61391421665821,52.7758803832822,0.021,-14,4
2019-02-07 06:00:00,0.375803949395688,716.196182189996,255.169501699831,49.5769647588183,0,0,181.126003200787,594.181331323412,51.6434642084404,8.84851519796829,29.6244912568875,12.6014761810885,124.082560860105,134.071471765902,5.04597245780185,59.7546505268994,4.9518905447886,24.9230976394373,0,8.871935178118,3.9770033216908,57.205080845764,0.019,-14.4,6.4
2019-02-07 07:00:00,0.7498016287808,919.919350947536,262.876928413955,49.1870689576035,30.3610787003183,0,183.217716220628,584.062332817917,53.7145225246609,7.6473942424742,34.9348181388336,14.271371182373,124.656104878397,144.197291290138,4.49050011022744,68.4136531879636,7.02447453671251,36.2224386357488,0,17.7716417320997,7.02076946500846,64.2703425455392,0.015,-14.7,7.6
2019-02-07 08:00:00,1.10625892512618,1457.99387776731,277.943019215792,53.6683378361211,21.2821237397819,0,196.111836292097,595.410064220928,61.4757954691605,7.46030172907627,37.6164170538116,13.653432641083,128.080399627466,161.5475190489,3.81193399115427,84.183681514881,7.0361661639457,55.1605273972889,0,27.3787418256973,10.757039457392,60.4243657365589,0.01,-14.9,6.6
2019-02-07 09:00:00,2.86944754756571,2367.35068898838,435.900160152135,58.9870336370434,11.9381661533199,51.2344217488923,295.609090214516,682.305211243033,63.5205944916365,9.26771440437622,56.5001150614807,18.8238198101219,134.185400617276,208.797565189619,6.41568948044438,153.729084557013,7.933465485855,129.456902876277,0,71.8091055145552,29.1643715028212,59.7868672399787,0,-12.7,6.7
2019-02-07 10:00:00,4.15234859702167,4373.88601635782,930.748395083429,86.9594614875464,505.167101678965,20.8773595073917,662.445263112822,884.039081631624,141.530966543816,13.7385035966226,124.405127728121,51.069226288486,160.830551058573,419.423092384967,16.3841004378155,488.407612834164,18.3561821696938,495.749872634408,2.15473801983904,280.922260099972,119.276725824609,69.3893195687279,0,-10.9,9
2019-02-07 11:00:00,3.05779237881322,1635.4777819066,434.793937972424,62.036222550198,35.7064640513575,174.061359877003,318.451916834576,759.204937756826,147.906367896393,11.155204867258,64.1782013469605,24.1770867053108,146.720668600529,200.253358233928,8.68805647638129,158.44382556138,9.79297458974807,113.869798412149,0,55.5214111375453,25.2746009074556,136.370530021579,0.018,-10.1,11
2019-02-07 12:00:00,2.92391849889102,5305.52095907539,820.385405420553,76.3494845514491,488.405803722923,341.136303235217,569.105651074898,1114.52698166858,344.378428196443,15.5230009618565,114.733009608361,54.5496870437425,187.353588417787,319.805741096779,15.5562882818725,386.020112866255,16.7383045580086,329.705536545755,1.42672022404287,150.150243048608,79.2830317457282,507.150976555878,0.02,-8.5,9
2019-02-07 13:00:00,2.56206295464456,4108.37257153843,599.451223378347,79.0057500530097,368.663903918013,315.689526658337,395.173769888883,994.800651126427,296.238850367184,12.304526605224,81.2527078335931,38.3894664134506,178.175815658086,260.639067553492,11.5196932165595,290.889073847573,15.9210826427332,207.354937603353,1.28625941340823,96.4852433318622,47.0110132443008,173.349772898871,0.025,-7.5,7.4
2019-02-07 14:00:00,1.85965818006987,3069.56025026927,469.22875489454,76.3148569682835,192.49603907067,358.770321463535,311.13217639816,949.622039991892,199.703758042012,7.41717260352363,61.0591380235955,24.0260424447001,165.962708603578,215.586747766514,7.38541703046153,245.461879463483,8.19981449210751,146.430272781658,0,72.7363450428655,31.6070513969773,35.3156678538908,0.028,-6.2,5.2
2019-02-07 15:00:00,1.30887404620974,2786.39939446884,379.561057207253,70.9057255099552,182.868178807651,157.73998332193,275.355711965817,895.820397068668,138.289747834865,3.65082759910087,50.5080118488592,18.0206628331859,159.859304250427,187.547741980034,5.81169314855804,175.359478123291,6.65939642587901,104.79149738076,0,52.2377527213123,20.7255506411606,31.2734661073373,0.029,-7.3,5.7
2019-02-07 16:00:00,1.13745378773544,3274.29791498717,574.281252527637,82.1595935301849,373.351416384516,53.7662642993591,355.528717295354,1200.48171917022,187.64838021044,4.06951337313575,57.1112227833647,19.8165741750002,163.270660054865,248.165986203098,6.58254721036764,258.459643109994,6.5219084005751,237.975789040528,0,135.328399101098,49.4413654872401,29.2115350169747,0.029,-8,8.3
2019-02-07 17:00:00,1.52389671054254,4512.92273597379,809.538727812203,79.9429821264766,413.4408558804,0,582.969223897353,1017.05606455983,174.880053496131,5.42724650120203,90.2372623648284,28.0599550680112,173.201280434636,360.053106142212,9.1807339059335,466.525488099184,8.50015710352636,450.156323651292,0,262.61832875499,110.216245606547,49.0455714942459,0.026,-8.7,7.1
2019-02-07 18:00:00,1.75672284246052,4212.64771713075,767.046184352964,85.7807193099637,933.461566003058,94.5882830441595,519.611722280662,1287.44599719189,232.215851359233,7.8911835362842,92.6091250555673,29.095926410023,166.785470390219,336.986182763982,8.394319479871,403.671736077762,9.61953300603035,400.510250155215,0,238.539610873275,105.001198021695,45.0821199661232,0.024,-9.1,6.4
2019-02-07 19:00:00,1.48043485356651,4639.54095903623,830.018277634978,85.4421475291798,1128.79641294687,284.335991014411,538.870954638303,1162.1957340182,351.623598495639,13.3326974570144,91.690872333487,37.8532687093208,172.916692071636,352.00273273774,12.6302280016094,411.988475593363,18.7987398214386,410.403702775661,2.10808980188191,247.32971004833,109.208681625382,44.5610514103489,0.021,-9.2,7.4
2019-02-07 20:00:00,2.06556820763141,5988.94881054467,1029.52747905015,96.2616308731476,974.732613138754,456.602541317441,650.52387720182,1239.21619736453,451.949762454185,20.063748249108,124.879117659045,56.4218966623159,194.949957360891,412.485218435771,22.0731455157615,509.215408551899,31.0074629737746,483.628112442145,6.334213208475,282.057913093254,131.811161478544,85.0989135952995,0.02,-9.5,8.3
2019-02-07 21:00:00,2.44190513262228,5631.53070722332,895.495447876556,91.0722418618581,1073.65952425275,290.582624753052,535.735048554791,1232.03098435778,377.391935022657,23.3218806036301,102.287245115462,53.8447797658129,176.710707316583,352.892869427773,23.9608586081349,382.304420125807,36.0090482569608,351.053864952343,6.43249615684593,211.09801260928,99.2051371569191,88.3940942231319,0.018,-9.8,9
2019-02-07 22:00:00,2.3005635016251,6352.91253791446,984.374972826761,87.1854863663502,1134.37161603369,323.713043335972,596.463300947907,1217.64901920065,455.18171619267,34.6292063641187,118.723620994795,70.911297172145,181.221481154282,374.948292855863,33.7196186535348,430.276766453436,57.0551125670267,406.70272565599,13.6389702787672,250.839897909358,115.4271798699,78.8056239123335,0.015,-9.9,9.3
2019-02-07 23:00:00,2.65050399811754,5506.83574545988,977.242775230314,85.9772560867432,1303.9859443491,358.703978122244,544.876332420572,1275.40930697618,607.680668888017,39.7383715734441,113.964503201238,76.0557630641126,186.591623555552,345.077794340366,36.9675867172684,384.849003866655,64.7533238300593,325.124585129372,18.3479397597894,179.420261641463,85.9456665818404,80.0556405237827,0.02,-10.3,9.8
2019-02-08 00:00:00,1.419662731851,3263.66583481631,595.73737776796,69.7382999911524,607.369032184757,150.672384791183,346.657691510517,911.603928660658,250.258626506801,23.5605163467273,72.5782174732073,47.4336128392842,165.548096303426,253.83853106976,19.9762638372219,220.448372996663,36.1035722337382,179.788755555348,7.05649296055307,97.9771204841429,44.1492763822576,56.2221032799104,0.022,-10.3,9
2019-02-08 01:00:00,1.08264352280509,3327.74449971287,674.573372059093,68.0117601816311,548.311749330702,232.041731864465,388.40382340866,971.478036046792,312.882080224477,25.9671870952371,78.1316517789166,50.8600291523207,170.329527451378,265.879411083783,20.5345985106699,246.338987715434,35.536217487873,202.711554240075,6.74053107234538,105.462206255835,51.7785739484855,49.7204369876962,0.02,-10.2,17.2
2019-02-08 02:00:00,1.34278645292607,3067.93545122464,627.749020663943,68.0593881364454,605.266767763846,246.339174645395,361.554862655889,969.593674489513,265.889832266788,18.1972048226096,70.7473564753117,43.5403594356276,165.538558624976,245.161764352766,17.6840589326984,223.447850266475,30.2648473199347,183.718668179132,4.99158160626022,90.7372903101482,45.4187748200368,45.3820230770926,0.018,-10.4,12.9
2019-02-08 03:00:00,1.84752455439827,3395.13701114019,692.231960769764,66.7572984322317,689.520754935924,184.704773689587,404.563938887759,1040.3089814642,233.010127367269,18.8717337722571,79.9702104766869,46.2157304463658,169.904597731327,259.034607193274,19.1883939922188,246.013416717193,36.1571662802495,196.686061934103,4.63936855471671,97.7484307270889,48.2851479639,46.2238134293141,0.018,-10.8,11.2
2019-02-08 04:00:00,1.93667728802867,3494.98442651804,785.61478199685,74.2408139905376,779.996398815642,210.89531405864,494.772910695661,1094.39102489515,321.881543807632,22.7034919666867,87.4868167726245,47.9242059192922,179.734941450137,268.983626082984,20.7251349885779,254.141431533021,41.6102910789563,186.575187585085,7.74483845967573,94.8724464110391,46.7412930525062,55.5427199164004,0.018,-11,8.3
2019-02-08 05:00:00,0.700704875554596,1999.40753332032,406.683390045011,66.7384207642822,430.650055481205,0,251.306833708044,825.461735724702,118.032726351799,12.9966460611644,51.3342919353448,30.4755023021477,155.390791644231,198.848122129573,10.5509276375631,132.384476989533,22.7547983241112,87.9274761698202,2.24329626108896,43.5899314132972,19.896495507469,43.7347765133237,0.021,-11.1,7.8
2019-02-08 06:00:00,0.692823251957885,1919.6559321165,419.248390984315,64.6273610840362,319.379540218505,345.643040967977,260.597182385012,815.09627047847,141.136888133195,15.7327212820943,52.5909188455178,35.2607455581322,150.249939721225,200.384852451155,13.6002855505389,139.746961875046,21.0651970399629,98.3519818707365,2.92475974152186,50.2156909957832,23.1208914833531,43.5160836378155,0.018,-11.4,9.1
2019-02-08 07:00:00,1.03723154921474,1947.85199408203,427.252567276146,64.8220165837014,385.671361957433,470.348315726305,271.150571484054,825.176049277722,190.964831997331,17.218330760042,54.5991016733596,42.2653291622617,154.744016229088,230.080914053028,16.4863602044371,150.84826018308,25.0477107078705,113.95524335244,3.74250177444544,54.5232995764364,25.2957388019262,45.5568367630637,0.011,-11.3,11.2
2019-02-08 08:00:00,1.83009152956203,2336.3619543914,505.104866659972,66.1170422419061,474.737705447458,385.463577650814,328.470833384169,830.29596600464,208.358208110727,16.5286259018189,66.4487305431429,42.0508372483919,157.161811046705,261.666971406494,17.2827890775165,207.003154193482,25.948518341178,184.563513503874,4.09030466782456,102.358321780529,48.5342041796028,53.2291748164841,0.009,-10.9,12.9
2019-02-08 09:00:00,2.51794940828117,2168.79107195317,484.793292192292,66.0807532522477,367.027997000705,138.621843696283,371.467880939956,795.928637718525,203.76036632812,13.8776151970739,54.7876141968095,34.6316721689943,151.173152549083,237.367641007802,15.0393219535385,233.801552085598,20.7188554572555,167.914378254727,1.4848100575843,82.7663139749086,38.2216654717564,47.0762571462747,0.01,-10,11.9
2019-02-08 10:00:00,1.64020861405069,1997.31149880205,457.388544266294,64.8024691871187,372.543374273157,63.0252183723406,336.143123595836,773.646437367445,161.813061988167,13.53415362586,57.859712515617,30.7560384290389,150.657964936771,240.11051153472,15.7155069582424,213.579008290852,18.954270768982,179.125550405743,0.925016388928276,96.9098361417677,42.877630376854,47.0877263309761,0.01,-9.2,12.4
2019-02-08 11:00:00,1.93287023991472,2378.37696130431,440.762537201825,66.6604317650281,338.013813723884,466.417001273553,320.15809483929,789.959856685662,168.15709111344,15.383508280583,59.3111379923817,30.6042390039621,147.398931502203,213.106023103709,16.559078694665,189.159870138481,14.9744729286538,156.967477927064,1.15476158443602,81.0437906432058,34.7184177709771,44.5414627207766,0.011,-7.5,12.2
2019-02-08 12:00:00,1.35711231703404,2139.16306637865,432.888372901998,70.6218850825598,408.036759075905,220.293591693137,334.683528575047,761.667918368576,162.158012655921,13.2859425258404,51.6886937392948,26.1868460302464,149.754953892032,219.11536771125,13.8789497798032,163.534010269168,13.927901002314,125.996122647927,0.177379002639788,64.2650406553793,26.9577589390044,39.5174538453482,0.012,-6.6,12
2019-02-08 13:00:00,0.761972372738561,1740.802986197,314.240662808304,64.9199158047185,325.148437694345,356.152360713235,231.40361328107,704.290268440665,144.736610662567,10.6424729250726,36.3596628477898,22.3090174237051,133.52611093483,166.462710484955,11.0551133122058,106.737208053104,10.2314482737061,77.5283218458352,0,38.3419129573538,15.9480044897518,38.0981448365866,0.011,-5.5,12.7
2019-02-08 14:00:00,0.839798841534821,1503.30175814432,285.980701214461,65.6433414389546,351.130382538038,282.925530414105,223.142745797496,688.908744501375,137.911265386474,7.9746659374317,30.7043766542928,17.9672344591322,122.46837084995,157.912979377242,7.25951976099756,108.117914770938,6.56711135421037,86.644347724234,0,48.0659795307527,19.4469678844354,29.3788413428824,0.011,-4.8,12.2
2019-02-08 15:00:00,0.887314888815636,1675.83253010515,275.152504272343,66.6289163486,325.120625576265,211.400859539633,213.306112613788,686.732693666581,140.516565770526,8.32396205813329,31.814880075178,19.3846734435933,119.857188241032,155.848471266433,8.85347436770687,119.633338556207,7.2776798168627,82.7770236683245,0.286024086266968,38.9708432846283,17.3038835935297,26.5067414915133,0.017,-4.4,11.5
2019-02-08 16:00:00,0.625661615523389,2011.02989726221,269.09071393076,71.2821948172698,318.399965792833,0,225.416343594043,659.789989067432,124.997052074317,7.19730280657073,34.3392833273591,17.8063138907946,118.603285384907,173.032830647145,8.01438225083912,128.932781556255,9.98999682713282,104.393335244686,0.189605386487038,56.3706257060325,22.2553516483465,28.6821129417051,0.018,-5.2,10.5
2019-02-08 17:00:00,0.550325392264354,1969.89033491675,288.230402484883,70.1637033690511,391.708176726437,0,199.188103429207,701.721488941407,61.3449436865915,7.23481888025717,31.452356539054,17.1614620941227,117.292746357205,165.657770217245,8.9535929415832,112.998077405488,7.94658601199801,108.978744187944,0,47.8195830125121,18.6398709241908,29.3080839428016,0.016,-6.3,11.5
2019-02-08 18:00:00,1.08117676522195,3317.26936604071,533.776942662814,75.2421059987073,520.444821708534,416.952691472618,320.58511899934,928.93863950531,174.797324230608,14.2175312000374,55.0092702449755,32.5837818505142,130.312014342548,232.683595459161,16.669494554799,216.970399130227,15.0729494359279,207.561064940894,1.23856246072357,106.119407482458,46.2910976559863,38.5577563969226,0.013,-7,11.5
2019-02-08 19:00:00,0.462643396612414,1963.16309939961,297.851108433288,68.566746640445,418.249966427875,253.097324600425,198.210778763503,718.03596452469,163.370792895942,9.53947898622691,34.1017135247479,22.7184273722358,118.865734777625,163.001281558962,9.33672339124238,102.077968324888,9.66396408361348,78.4436301475752,0,39.4011240519634,17.014690815719,30.349456449991,0.014,-7,10.5
2019-02-08 20:00:00,0.195726200844911,948.445036976824,176.776056428464,59.7158192766378,201.688840116094,72.2878992723013,139.15890955737,588.18842697115,54.3689565065698,8.35298395431547,20.9415378270977,14.4445272543979,107.287081503652,131.628192248113,4.41668679829781,51.1447126557011,5.66061165571774,27.4014652887781,0,11.5611623635438,3.68094915060953,37.7914840128963,0.012,-6.7,10.5
2019-02-08 21:00:00,0.157939431407202,997.236110266849,210.741855880346,64.979553914611,194.157456450569,40.0578903788339,151.301596353297,635.633599011565,64.515366951762,7.28888239705439,23.2962585343814,11.2206681234894,123.512357109757,129.396274272019,3.3201389482622,48.254702363031,4.43287702799937,23.4508578970508,0,7.86700440555556,2.20949739104167,32.4830863577831,0.025,-7.1,6.4
2019-02-08 22:00:00,0.203638025562752,1119.79013817423,247.180838046062,61.6775341991939,127.706982180794,75.0610349896151,169.833150570901,643.403958205341,76.2994748209571,5.21909598902372,25.1637391867131,10.1282597364334,137.756729848398,135.586836110356,1.57290145883496,55.2395225795256,3.25497723577525,28.7755579459212,0,8.54686895558733,1.71672131242737,24.4694757833878,0.031,-8.6,1.8
2019-02-08 23:00:00,0.192195360422648,1566.26649766113,329.720515776099,64.3175217517692,108.608129921979,0,212.058837498418,698.253622697624,93.4950569832279,5.54081493417768,30.1505981701614,11.8253262281545,162.412943240481,163.15552182913,0.776508316329793,77.6256445258812,5.91652291911408,41.4391774047812,0,12.1857916442088,3.14705252145822,25.1647045958952,0.032,-9.1,4.2
2019-02-09 00:00:00,0.154407849191185,1818.47305233224,389.960383198016,67.5827197880138,66.0085027922245,0,252.013739807193,727.896529010945,115.070919839845,7.85476679553973,38.6077113183083,15.2616942551601,174.86630203144,187.730623946635,2.27657856241415,105.809832163125,6.73699965426216,60.7805451619989,0,19.8053015929044,7.09650845173742,24.0960997528012,0.031,-11,6.2
2019-02-09 01:00:00,0.282978783264621,1782.957144078,380.155764193477,66.4915802911986,16.4541492284541,0,248.118272778621,722.050528836309,116.470158839925,6.8605512409448,38.5711633885484,14.7472681395164,172.856035628993,188.433329925396,3.120374428368,99.7427681591959,4.66858715999348,52.2285463299108,0,15.4911417167969,5.41855443878153,23.8948790892156,0.028,-12.7,3.5
2019-02-09 02:00:00,0.242183921863013,1706.77778552715,366.24570714443,63.8922241128321,0,9.6819764756717,239.905775459365,694.273760512576,107.226542517816,6.0328072209557,38.3216993540026,14.2116760952709,162.928088743551,186.208078002256,2.73161663542299,99.1251991743966,3.47364645684343,51.7944507226608,0,15.6411443390277,6.75706033197815,27.5133657468244,0.027,-14,2.3
2019-02-09 03:00:00,0.0151824572251885,1691.85958504073,362.859330583608,63.4524007969623,0,0,249.075436507724,682.243060739992,93.4233311599267,5.2602740492776,39.0434706020016,14.0477495994671,159.593145168579,186.934069884465,3.20703464412943,96.1414941845356,4.33128874655995,49.6139019934196,0,15.3778989727699,5.02817480291596,32.2313874115596,0.027,-15.1,2.5
2019-02-09 04:00:00,0.183914438512548,1691.28321345395,365.728191548784,64.1950125606496,0,10.1945983451139,237.928385270868,669.045783428405,101.652326994326,2.90652585600106,37.7481159859043,14.7032641917052,158.699334984902,182.663103904199,1.03351438574723,96.2344884263219,4.76431491461878,47.3800170335162,0,12.7343093129305,4.37820749708477,34.0377240125393,0.026,-16,4.5
2019-02-09 05:00:00,0.150680754912716,1679.30162839429,362.996112165189,64.9705923611645,0,31.7719973906664,248.53131055081,666.599147124486,98.2978508419392,2.56616422682336,42.6875664950082,16.008308520835,160.401781736827,186.814672744359,1.05039798878665,97.6757741901596,4.60013236470345,48.394564468531,0,13.1058088940477,2.87375783428932,28.2259069126937,0.025,-16.7,7.1
2019-02-09 06:00:00,0.037411959020711,1708.22220542051,377.065134503311,62.5307528965343,0,19.4129637060633,252.706944873742,679.079320578074,88.8254112197307,3.74254695624336,43.9124166431579,14.8555894626761,162.433355537425,187.012515893683,1.40690770367038,100.155908937056,3.74299407401564,50.8705146809683,0,14.80979303576,2.28995350076163,29.0722879880861,0.025,-17.3,7.9
2019-02-09 07:00:00,0.21127110395473,1812.27308385329,397.759940370419,60.1964375626955,0,0,278.48506498904,696.624934166449,101.54735206879,3.68669617551187,49.8663265129517,14.4082938085063,167.757812880834,201.465202164422,2.33908137992319,111.637423535997,3.4691369401776,59.4278190377393,0,21.4828420929692,6.02079817339406,30.2956793960889,0.024,-17.9,8.5
2019-02-09 08:00:00,0.223244741248954,1887.34592097509,403.378963544963,62.1708017604981,0,45.742460048751,284.074232271083,722.720726946833,103.090144507678,4.37114821579861,54.4399190531448,15.0702366786886,172.125441140886,202.774964631734,2.28896790481906,118.760384436031,3.26080161774257,68.5526975251933,0,26.3633830149956,8.33937686351847,23.9205803791593,0.023,-18.1,8.5
2019-02-09 09:00:00,0.248400210054026,1931.65315694733,412.750227023222,65.3348394768483,0,77.3575179411887,293.551766873026,733.905175068955,100.533443167258,3.67165332882368,58.9177089042117,17.5925355846512,175.006244880378,206.541828558682,1.12192252935167,120.008090637122,4.2145900947076,70.7053206191418,0,27.2672448105974,11.4621466783826,22.9644077381988,0.022,-18,7.6
2019-02-09 10:00:00,0.154960802534441,1976.63930254351,426.18302669028,64.0620142537727,0,156.601006152208,297.265347919172,742.389614403459,110.861726353212,5.04998760840136,56.2284036274348,15.9261314538349,179.203229955134,202.838616725162,0.349573818956826,119.929550960223,3.47376839419063,68.9080990520213,0,25.7749915086911,11.1948486810916,23.9426132678559,0.022,-17.8,8.5
2019-02-09 11:00:00,0.308958305439321,1963.00146460349,430.30528615598,61.9720019982377,0,130.667168193316,300.735196692804,750.85815139561,107.947405994007,4.5035043948456,57.8223107849493,15.3673826132341,181.553430400294,197.874072437981,0.262718982561825,115.116199139296,3.93396645703069,68.2787623442505,0,25.0148577794389,10.9244614952812,24.4771592613819,0.021,-17.7,8.3
2019-02-09 12:00:00,0.316558684737582,1992.73963874843,426.769927303637,61.0149308490522,0,79.5537427775057,307.042283833661,762.505714818552,115.350720805774,1.13243362889938,62.9182615285432,13.205944315996,187.521842407227,197.342477339535,0,114.391748016219,4.91000479066152,67.0134219934091,0,25.2278333736472,8.977685553375,21.9160688490468,0.021,-17.1,8.8
2019-02-09 13:00:00,0.215489082083466,1953.63202720559,423.20354273801,63.3940913228966,0,135.315610528387,306.95178557049,765.221386098417,121.033474827607,1.02553222568168,59.8513617731106,14.5467418718108,187.247061921782,188.932901283061,0,111.802580178653,3.48021982895483,66.1647858301112,0,24.9630015226624,8.06591178780737,20.0561359733165,0.021,-16.6,8.8
2019-02-09 14:00:00,0.158599638571968,1874.45818420038,417.8043467652,63.2003959690808,0,296.505083632279,298.308811644275,765.907043384423,127.680001188213,2.87207312302617,57.8395059851195,14.0529316912282,187.32378924634,181.499998822542,0,104.639728375769,1.42086946134817,64.1900176501316,0,24.1093996302696,7.74020703898309,19.6479281864645,0.021,-16.4,7.1
2019-02-09 15:00:00,0.136417066088568,1761.81262988933,389.692483514443,59.2941203134245,0,155.6016661261,279.507024036751,754.372139341644,119.543762665356,2.14099251254173,58.9854989251556,11.7904320339385,183.453201321638,179.907759144341,0,91.9997033649414,1.6426723919409,51.9430482067499,0,16.7775841984594,6.46118476389093,21.2928823000787,0.022,-16.4,8.3
2019-02-09 16:00:00,0.270067284167137,1689.43235610205,381.225675687504,62.8773587623459,0,128.311537205908,283.483970770698,747.551947747112,116.116080529594,1.54108210365829,59.2945949045474,9.62502213204567,184.714266529089,173.849378097544,0.00953732848866653,93.427680796317,1.91629977288008,53.0973014679918,0,19.4049312512467,6.18913279094618,20.9213619308313,0.023,-16.7,8.1
2019-02-09 17:00:00,0.168018312758269,1650.42130052471,375.937578052983,62.3463977491518,0,32.7420351379363,279.821188923976,737.631362811323,104.496146827958,0.546142448510765,56.921044030319,10.727476811311,182.860715638294,172.951601602248,0.947998228949301,90.6183167284507,3.39505750947698,49.2412590368307,0,17.5337221950234,5.79096752279236,19.2747136568997,0.023,-16.9,6.9
2019-02-09 18:00:00,0.247256776738605,1645.75690275498,367.542899730578,62.9764885795662,0,30.1610728796426,279.146477174047,734.627413608043,91.4664163955885,1.69090895022487,58.1415773801121,11.7936511831808,182.72639449031,168.373126380548,0.61988632624879,88.6473383475473,3.53036858224722,46.6716650531231,0,17.9878311507779,6.51859441075179,18.9286526918517,0.024,-16.9,6.6
2019-02-09 19:00:00,0.394839144308801,1638.18148086821,379.05137189911,61.8813638682042,0,7.8133962023036,279.511236047831,737.196979941326,100.618080285356,0.0916535452714236,59.8003980884124,11.4674577375411,180.7950333641,169.198640026625,0.226418111209205,84.1898270217045,2.69477646259092,44.4983211660362,0,15.9076699485533,5.46942215263458,19.2186860176278,0.024,-17.1,6.2
2019-02-09 20:00:00,0.402059872579941,1610.90292771977,378.449240906449,60.6037612187162,0,141.300155824055,286.401412618995,733.473009337492,98.6737573037667,0.746698724556215,59.8474501228261,9.33372002026436,180.605949947227,167.555115738907,0.951447884894488,85.4701724606473,0.372653855844284,45.5823978828288,0,14.9807548238193,5.39531483946661,19.1003573304578,0.024,-17.4,6.2
2019-02-09 21:00:00,0.179190567565828,1599.5024512157,393.855219351006,62.6947210438098,0,26.5682959817467,308.272043541375,732.658988431241,96.5967174970498,1.26653106752875,62.404820455744,10.295269827965,181.462394161627,177.950196630411,0.346435118286044,98.9146416998987,0,65.0804478574673,0,26.0156276862147,10.4923857920592,20.5553430269554,0.024,-17.6,7.1
2019-02-09 22:00:00,0.0818570087388757,1533.6407109437,368.446125040269,60.3362177623187,0,153.056688015155,281.640776838598,732.153257068656,100.996669696907,0.982174022418083,61.8279775965208,7.98935337201895,180.836617453718,165.600970945087,2.18929256419034,78.4277289337015,0,41.1429504751029,0,12.5021105712892,5.18634414597488,20.1055190011246,0.024,-17.9,4
2019-02-09 23:00:00,0.175291267482487,1563.73191498838,362.791923194194,58.1078410319129,0,53.3955977745434,288.457968547109,732.379680624951,102.22740405183,1.33769206431758,65.8869844719873,8.44589883133975,179.244980187143,164.894860563492,1.28561482473754,79.2748292245338,1.54663072653591,42.9473053207613,0,13.299102443369,5.2249140039095,20.8835390502859,0.024,-18.3,3
2019-02-10 00:00:00,0.292892628795298,1562.4340203427,366.46433069847,57.0280706963843,0,37.0493436794269,302.930440267902,731.431133686679,107.975872705805,1.22742623532925,74.5518509738043,8.8992256890114,181.840445325856,164.807120213869,0.309672638052703,80.4288610097872,1.90032013669612,40.4044870457401,0,11.8298391460557,4.87790841979779,21.8628581678853,0.024,-18.7,2.3
2019-02-10 01:00:00,0.297620024690036,1591.39769727286,383.656608103544,58.3227706886045,0,3.86669487239134,313.428011525528,740.56209555035,109.611139975683,1.09820375057542,78.1486353109847,10.0441507001088,181.229582850518,164.703529611346,0.388200783051803,81.444912779953,3.19532201494176,43.8058721187352,0,12.395852897343,4.94970677657259,21.9257507697515,0.024,-18.8,2.5
2019-02-10 02:00:00,0.198601013945465,1591.9316896591,412.50825343984,63.9760350689013,0,64.1164882744668,298.702743129896,732.394951251102,98.7668563518466,1.076601392979,75.8854537739935,13.1709046861742,181.843576146279,167.997041908684,1.70989582519095,82.3607903459979,4.6433576969789,41.9262246669518,0,10.5109095543108,6.795267200103,21.4376432848133,0.024,-18.7,5.4
2019-02-10 03:00:00,0.257125096853944,1606.9951023632,407.690543295039,62.5816891397573,0,132.722051793546,296.776630655467,749.27053512941,110.330632771176,1.67209126074164,77.89564122465,11.6248215749626,185.438467009494,168.757335245238,2.0349022713818,85.0337463915664,4.66855383488443,40.7253839259724,0,9.72926813271175,6.22831677235429,22.8145724949769,0.024,-18.5,8.5
2019-02-10 04:00:00,0,1599.48885171015,396.904281644527,61.0487417974013,0,125.554612477628,301.120494595099,742.973698409094,113.657693854084,2.47289334415049,74.4369061933779,11.0468674287428,182.914719072083,165.419069123685,0,82.8185751486812,3.58987839964501,38.323774633422,0,10.2566793058684,3.7269380760969,22.2692391035887,0.023,-19.2,9.5
2019-02-10 05:00:00,0.189402630637858,1600.04575759186,396.104199059324,63.4224014646262,0,126.587710160848,299.689900954276,747.075613217478,107.832383196872,3.01539855291,72.0017217674783,10.6528822632177,183.591274976887,165.717832781436,0,82.952809951796,2.62493286146199,40.0591711668423,0,12.3661411453453,2.08715066058818,26.1979316965089,0.021,-19.9,6.4
2019-02-10 06:00:00,0.050764107809933,1576.50779368547,403.913698519761,62.7845473552922,0,101.067883314848,310.288646387085,750.350337211786,97.3561835380869,2.37624252924995,74.0093374647251,12.8133031229423,183.723008292794,167.950153571369,0.514628142062864,84.4954755659512,2.37139551190588,42.1031211308598,0,13.5007070216336,3.24811645922989,28.9416511815911,0.019,-19.7,8.5
2019-02-10 07:00:00,0.178504518220467,1592.1120060487,412.493901582224,60.5416551025152,0,98.8806550623841,314.169743276577,759.447559188818,113.206817393349,1.96284857517837,78.3136187932276,12.8138883406786,184.612272467004,170.076334025688,1.78276646122582,87.1497362454489,3.87190372448178,42.4510932775443,0,15.6335214096195,2.99335861278903,34.7555426988537,0.018,-19.4,10
2019-02-10 08:00:00,0.253235652767098,1599.59409868965,431.129500805469,61.4588822372024,0,61.1574148686639,334.947865151596,756.684706719715,97.8027853278747,1.39881717680804,86.8772876277957,14.4140927172428,183.961701945554,176.80041874007,2.27139643751229,97.6619271944298,6.12465686993883,51.1672815762326,0,20.6580047849517,6.2103018241205,35.0383894439346,0.019,-19,8
2019-02-10 09:00:00,0.271238156061556,1660.81803476923,469.19978095657,65.534454895031,0,38.7157086558185,369.817326220955,764.598341977173,115.742754866904,1.49082307240908,95.2926591603624,17.4766737980041,189.767658299699,197.565819824108,0.634611164717097,141.965688828676,7.30112686348022,106.783258372962,0,51.5514795447638,18.8532823968178,35.690557316055,0.02,-18.6,9.3
2019-02-10 10:00:00,0.405309622200008,1660.17221686612,436.963832029125,65.77070775867,0,111.789400531477,334.363400789786,768.063413158007,109.307623640129,2.97053976245322,85.209218186879,15.6712952828943,185.301573217132,179.810892335219,2.71663516369073,102.281815674336,6.31178286738331,61.4756849660625,0,23.86821563355,7.60408991465426,33.7706048880629,0.02,-17.7,10.2
2019-02-10 11:00:00,0.56636012067795,2017.20337465247,589.70520750688,72.0180528168088,57.7262052054296,104.271997232158,451.654162363649,861.385325258374,158.554435014645,7.23251062482545,95.2304435681941,21.3538189138069,200.673691017,246.45831294391,6.64725593662253,200.912435709159,10.5183656066173,164.401143845449,0,86.2717575955897,33.8416687876684,38.6407609928096,0.02,-17.3,7.6
2019-02-10 12:00:00,0.915332168576761,2247.97387516487,675.990562659276,73.9694944940481,142.18008493861,142.2430288963,503.955325843206,908.480036969938,210.295546435147,9.5651084365058,106.364913733568,26.9199389351377,212.228420955031,278.210298058471,8.95300576700574,244.470800473765,13.0325136474923,209.247176815445,0.396673507135232,117.706443158468,47.9160488701349,46.6912407350777,0.021,-16.5,7.8
2019-02-10 13:00:00,0.825616723931572,2478.25039780311,699.804714407332,75.043107586878,87.5352591961745,184.3858688441,513.847822406649,916.016099326813,234.214445315728,8.00205833799409,110.300896174229,29.8592608208762,218.953482472286,279.747992317624,8.76660357463359,254.403819582952,13.9521784181922,218.126674404913,1.50400706906206,125.163932978984,51.3855025688098,50.6966554326841,0.022,-15.8,12
2019-02-10 14:00:00,0.675480048818958,2844.75695681443,766.182051122319,78.2262658906158,392.895889742672,174.997935764507,561.370693900755,1047.38173390946,367.832755532961,9.21151636496787,122.055839433788,32.1244742830526,231.105181188255,316.570801959626,10.4214326474154,316.922214728826,17.9706177773167,283.818510616085,2.00071746984703,159.829098773896,67.14146923102,46.6506900427597,0.022,-14.9,12.9
2019-02-10 15:00:00,0.76052566893454,2830.55836473964,772.010951300617,76.7669419463012,556.066117311841,275.380849054658,548.595146849477,1041.53455324258,338.837786236665,12.1127151288381,118.523761918825,33.6051026191154,240.430371782026,315.638159527597,12.7712293370247,307.906887332433,16.3131223693582,265.228685339897,2.4516381618493,146.788838593113,61.7321438835524,41.3475483943178,0.022,-14.4,10.5
2019-02-10 16:00:00,0.715314289312483,2706.34715848547,738.708559814441,77.164930396608,528.442904557108,283.04909176878,535.188485662947,1030.50997945926,335.191373612374,12.15740278789,116.065783247494,32.6144838685044,238.959911016102,306.710466657097,9.33348003101873,288.404882855185,16.7485543537559,245.407811456283,3.62260969461185,135.761644972258,55.728687050489,42.9031202452608,0.021,-13.1,11.2
2019-02-10 17:00:00,0.57991366676461,2536.0616690746,676.966709052063,70.497268642676,310.379678746286,185.011636641782,489.261073479352,965.635426792405,223.809779393077,12.5780576121215,100.49970207867,28.7304270440006,229.665295100915,280.348399127514,8.89087869921151,254.151011052292,15.5165407933783,213.548726261663,2.97018116326017,116.536074449847,46.3367858154894,36.2709757457395,0.02,-14.1,12.2
2019-02-11 07:00:00,1.56457474174877,4025.1833726147,882.195290321197,82.8738774432017,485.451300666008,0,614.018364453503,1144.04689412413,0,34.594375098986,115.453088644534,60.0214310379815,238.481763465726,369.268965332299,30.2018373929689,332.719520683984,42.6312800615484,282.379318766574,9.39862526394536,167.893614611058,77.0015249043997,59.9031511294662,0.012,-16,16.4
2019-02-11 08:00:00,2.25237764798261,3722.87290610432,1013.80536153954,88.2254194585146,801.80364869463,0,697.575820448419,1118.62231286675,180.6649584432,29.350735496917,134.200561599091,61.0373637181127,245.934708321357,427.840009562226,25.2904955969237,442.663936637161,45.4925281288813,419.83017276719,9.46625668139162,238.979843847823,108.089284781319,68.0792488179161,0.011,-15.2,13.9
2019-02-11 09:00:00,2.53823833142614,4941.32346162303,941.151143872973,85.2809211007804,739.550270447739,0,671.79179496597,1056.89666398936,291.259897189569,25.5211281610848,131.362418433054,56.6069800985979,246.079203820748,396.846980269849,23.0554136191919,406.359438752253,36.6069015824541,371.909150626386,7.07142928776367,211.288236582919,95.6366640706754,72.7529892506275,0.008,-14.3,14.4
2019-02-11 10:00:00,2.61364869468826,5051.72142627983,901.65966538781,84.3718066040817,614.533624380482,220.145159741138,633.433376074035,1057.56317381716,333.3066168802,24.1020420567124,130.85707572517,58.4489425668304,242.750328743772,347.49673355326,24.4750345772526,355.695429756337,33.5372205608323,319.703081303339,6.74706870215014,171.757806444959,76.1966594804458,75.8477819260611,0.01,-13.4,19.4
2019-02-11 11:00:00,2.86543028497774,6240.15684838141,972.866363032896,86.0514243662328,773.509704264117,337.066329669846,665.248552077687,1184.25614966333,378.153759288599,23.1183429289974,138.409251261485,62.7985378026493,266.15027302476,384.396042258298,25.6584353017979,392.785551376541,34.4241950516752,350.230571791607,7.67031910773292,182.045624581709,79.3921032410233,86.0616742279065,0.01,-11.9,NA
2019-02-11 12:00:00,2.54577822997674,6685.96920772421,1055.83855724082,89.8199597663075,963.895092640194,586.97585865905,720.149287792568,1260.79987621096,473.48800871906,23.37037595318,150.268995985681,65.5311786055521,294.717642294491,415.162402388643,26.5170630831992,441.169971081079,31.0360258223358,390.587896133993,8.36374506271228,210.67439643098,88.5170194956843,87.4541132268731,0.008,-10,20.8
2019-02-11 13:00:00,2.45276848790921,7252.30281097481,1197.20538167703,94.2805384217842,1531.67532568918,482.339925711745,803.350723648698,1428.86071693024,611.008997755985,25.0259046088055,166.770058580882,71.3532144599773,358.702993102956,462.0458906702,26.810424584192,517.949220826877,30.5905285674069,473.171812659041,7.54020667947717,257.633106560418,110.028570736032,86.8463257036702,0.008,-9.3,15.9
2019-02-11 14:00:00,3.70631986431739,8409.88008676376,1384.05617226997,114.220265508498,1349.05000282718,614.100906462995,924.53625649911,1895.91333946481,646.537546719143,24.4124171542936,184.227906069434,75.0662276769433,338.414201490474,513.730292735929,24.8064538370879,607.540335162576,26.0198173281354,558.261028209362,8.01189790607873,303.909765382132,129.385234205727,88.3311062954553,0.007,-9.1,13.2
2019-02-11 15:00:00,3.71602125354251,9839.33656771122,1649.48077406241,127.953489543695,1616.58133052794,567.347134052764,1136.44978818912,1691.5400490332,713.504422509836,25.9506378783334,220.010180124684,83.9187241941151,353.996192972436,625.903048072342,28.9868454792034,794.670345618251,30.1322206910843,751.746968210139,8.97172018534124,415.332377112339,180.286251263776,98.5832880474453,0.007,-8.2,16.2
2019-02-11 16:00:00,3.82625262101531,13288.7189160517,2169.37355310906,134.37939906283,2009.89177356182,803.675347525295,1448.89524814333,1802.74486612329,898.332962359736,34.9069041300092,266.063689803904,109.437726393329,364.720478537677,748.291999301486,39.8298208217569,1078.60169636291,39.5860543243931,1017.39427173266,13.3795630907868,553.152775816845,236.935790007964,111.522177550579,0.007,-8.8,12.2
2019-02-11 17:00:00,3.48108476391428,16576.6697995045,2378.05209629112,133.831763944952,1920.57069459793,395.574165642235,1691.03365018576,1911.70864890972,1320.95537079398,36.2422031837615,303.065783308357,110.298726079287,386.981646725627,797.225489041259,45.491232987871,1169.79140176476,49.6623547206792,1116.89714504829,16.579838415964,600.629899286846,262.541787082236,228.544811937967,0.008,-9.2,13.2
2019-02-11 18:00:00,4.27522083810626,23861.9015739317,2747.35729096317,145.961785269761,1899.90054128668,114.463966329289,1839.26380537913,2063.38418834944,1441.6818936644,38.4880575224697,346.825879883901,121.084610129601,420.208164593433,864.925070908708,48.254998501612,1258.60082390368,58.9745752958635,1272.72122734026,18.7989763891782,652.839287635644,305.2838511852,488.609259636377,0.003,-9.3,19.4
2019-02-11 19:00:00,4.55444858970065,34417.7134810204,3395.14206956693,175.792617151919,2337.42735904736,589.041626398264,2415.29071648234,2888.3969753321,2090.17193571398,61.2984513137546,461.908272001043,171.120512832855,481.605032922605,1048.88483083377,83.8692467925182,1852.16262360211,97.2497332981393,1811.03192366247,35.0348160937016,882.625692603649,416.735829505699,1009.70432900156,0.001,-9,14.9
2019-02-11 20:00:00,4.55079572497484,25084.378310034,4683.33476309676,195.88078491009,2333.71303665259,336.516493049674,3734.94485594017,2195.34093168951,1432.83605667916,62.3060500434756,435.728050815953,129.276910896848,398.831311988988,1164.57658745521,79.3682423373551,1506.49531077999,81.6592148739526,1334.29391232281,32.6858127390171,695.76538544129,325.077011558511,491.639496786084,0.001,-8.8,19.2
2019-02-11 21:00:00,4.68840818549751,24270.7144007631,3203.96079393005,159.273816283009,2047.2295894048,269.863461218388,2188.85189778518,2193.09194700285,1284.41954165656,66.7809058031378,358.877061076423,139.941024930194,378.102403260563,942.025853460603,84.7870335575099,1276.13290124556,84.8569308513219,1182.10675962743,34.9439641760043,649.355254347116,296.54918558859,350.875197241439,0.001,-9,19.9
2019-02-11 22:00:00,4.10852466068862,20854.1543215806,2476.41022631748,137.216531349024,1855.58292522559,306.379403990853,1562.5813015092,2142.69068166797,1163.16432357391,61.2334698097017,310.122452377202,127.804851215523,356.936641840734,768.531577012115,77.6274878906711,1116.9542741838,77.9561275785129,967.705187617837,32.8553353099819,522.179454016969,240.706060811259,290.149992764058,0.001,-8.7,24.5
2019-02-11 23:00:00,3.96605418981432,18805.5793699875,2236.17425520667,132.312985116874,1687.88404466864,329.135378789921,1457.40761261946,2056.1291042322,1102.38136005497,65.5348963766413,294.431818010081,123.422923179163,358.449084062194,703.247895942353,80.1579736556812,1000.38905122593,76.5348918416525,898.942860639222,31.1188329818316,464.309073617508,215.665766378053,550.413864490678,0.001,-8.4,19
2019-02-12 00:00:00,4.48744367425707,17966.6838653757,2179.07493279688,126.670915459038,1668.17504446833,312.311908618332,1460.08768288188,2112.32509648379,1148.4931415043,55.9376780997407,288.666793708704,119.085773874161,367.606333235582,687.692669174982,66.5179211025258,975.680277935785,63.2808928587479,891.793354775054,24.9452065891917,468.346454515318,216.431642862209,629.738971047554,0.001,-8.2,17.9
2019-02-12 01:00:00,4.53227157449252,16465.7444342777,2131.03992136101,123.082816930321,1608.59855554642,274.824427188413,1406.92163087705,2113.23985705386,1066.20265613013,51.0946716477778,280.815499800867,114.296736803389,359.951317738531,667.903197776671,60.2195115094923,956.617937010774,60.323506646373,864.501106907008,21.8493335814217,456.559900876268,211.863229318252,501.294057791077,0.001,-8.1,16.7
2019-02-12 02:00:00,4.18853117385009,13383.8841128023,1996.09913530426,113.684921625958,1490.63148460653,245.189114306357,1273.74010022391,1901.47664706791,827.34776372357,54.0070763249583,255.964327551823,107.513801585053,318.598299283905,641.820434428474,61.0140201371717,887.351355007451,62.8227158600639,792.258386922368,23.0951218509647,420.010217757678,194.350769963949,324.198107510284,0.003,-8.5,21.6
2019-02-12 03:00:00,3.13371691086415,8486.02666598649,1512.92257191073,99.9320500810915,1284.99397441975,190.497959097655,886.023822433,1648.8330670282,621.983712965933,50.0730887334926,194.17639694068,90.148303455261,282.841824920848,495.584742971047,46.785262248232,604.993913827821,52.9160938881132,496.839981910117,18.6861571427397,254.429084490704,117.064351638114,200.712103857422,0.004,-8.5,21.5
2019-02-12 04:00:00,3.34268576209236,7348.89195375192,1331.19285023106,98.9131045497186,1250.29758317166,201.585194204029,805.678492987485,1556.91075162652,613.306165785312,47.8415518023495,182.66525243032,85.3717065827828,270.542862614724,457.508463947464,41.5373602654263,524.95296153455,50.1208374549264,421.316002819659,17.7774383975698,219.911471573521,102.337545581403,171.570133651548,0.002,-8.4,24.5
2019-02-12 05:00:00,3.28410646062664,6114.46885623442,1182.09293265328,96.9012959531684,1108.60697888851,144.067874468189,771.722325937069,1364.6183005651,490.422639701,39.6921876444002,166.672207379995,69.8647776239825,230.064621145841,424.808884735107,33.0250473446904,488.066054526184,39.4999762538706,417.002998008311,13.1291192361987,219.706189618472,105.395078147676,161.059927062156,0.002,-8.2,20.8
2019-02-12 06:00:00,2.62074431837202,4415.6917328218,985.287595790618,87.8959914373262,772.560584573549,565.904386648332,655.488691474464,1091.70099262271,342.43410495434,30.8550951003824,136.752763824767,53.1074268053272,172.381202601314,335.52934213106,25.0391862187092,420.592452755377,22.2299085236811,360.724536284003,7.9311523239474,189.206591589756,87.2840849206506,141.680710301884,0.001,-8,17.5
2019-02-12 07:00:00,1.08747019517566,2305.68205193864,442.738388750559,70.4052483360152,384.50141511867,542.148044955169,310.143593699219,662.315944649153,212.35129332197,14.0743070403501,65.8919536790763,25.6279193562395,108.137500283443,193.988665206176,12.4089490149713,174.623697643607,8.61801896448305,142.909968314149,1.88090222141438,76.9621704644049,36.6387764451596,73.2914018428811,0.001,-6.6,10.7
2019-02-12 08:00:00,2.57109442214379,4349.5839115698,567.323356382858,77.8504566477984,341.281359832115,442.380214862595,426.55157687679,611.037263671195,173.166972205444,11.0968422279579,83.7443061849281,27.7573046869776,103.038019619773,278.230636169348,11.3983711452838,285.796854165408,6.82783481628066,279.89992935195,0.717787929769094,166.721101364949,76.6396198162415,86.1689883584985,0.002,-4.5,10.5
2019-02-12 09:00:00,4.81798426433151,4869.43150874758,544.688716100862,77.2493235580103,487.066107495838,308.139676431482,371.70130543098,651.466651282108,218.356385353061,12.7158896781437,85.1221245877992,27.3897375559594,98.896015573289,246.495866788919,14.4331317944274,244.436013646669,10.3743493843107,230.252601631887,1.77453165963975,141.926620297742,63.1763654564375,124.179058928142,0.005,-2.8,7.2
2019-02-12 10:00:00,3.20291327266026,4159.21071560937,383.631877144848,64.8719526267566,398.263217049666,378.786697268837,249.259159609699,620.599433324273,196.826730927615,15.6951892120992,73.2847101967243,30.3132521234596,96.8629336953454,180.499439999062,16.7388164985564,128.07257476611,12.9881141437522,103.874346312117,3.06503276644797,52.8838996625174,26.5230696122718,164.795455050446,0.006,-0.2,3.8
2019-02-12 11:00:00,4.12937716011929,5596.00386906526,453.150603232915,64.7682509511116,469.484928912578,388.497553507089,280.927943973071,694.274939524559,235.908562396703,20.3885148342745,77.0915733671327,35.5178160530339,104.069691463476,197.575499489616,19.8478062829477,153.202295904047,16.5169957482726,124.428272103887,3.4904903829306,60.3796094468139,30.4708334557596,225.645619658191,0.017,2.2,3.5
2019-02-12 12:00:00,4.25684651352326,5571.07223689539,488.352382124372,76.2357391964537,445.978848221991,456.221210671061,285.043489698243,816.002169140029,304.683622307943,13.6708362691044,75.0232563630441,29.8582112461217,103.644869451226,171.213361694735,16.1515665347359,142.467167841157,13.5999174639428,130.208330679563,1.2883711915876,63.8514233526644,32.7985106965605,201.909141169037,0.032,3.6,2.3
2019-02-12 13:00:00,5.44015279895943,6990.53257565832,671.573809444488,76.1351508930787,527.946662495194,529.867555918524,766.2474798043,840.990967941154,523.857036066263,11.9097688940335,78.0852141043766,33.9414766021203,114.866691174076,188.878727981795,15.5095899458326,273.085909864255,14.8032520977918,209.185207796215,2.0462357119532,73.2197247691061,36.7537649713172,262.152613499043,0.036,4,0.1
2019-02-12 14:00:00,4.34183454429735,7906.37803106501,827.356648960224,77.6267914755542,615.448130894271,527.307500347319,917.333014047362,898.364669377951,619.587506885499,13.256428935766,94.9317467909733,39.0232307261373,123.307994580137,244.008924994951,18.1253571389807,368.081866545758,15.3550051972941,304.830905406238,2.80888127445698,123.310453442654,62.850858366368,421.27305396722,0.035,4.8,1.3
2019-02-12 15:00:00,4.50272971325429,11442.0966838883,1014.26038406149,82.546343103165,790.562388559865,567.561775112739,693.763530673766,1019.51811831841,575.027773811459,16.6727556008296,132.952605120553,51.2987460126674,133.570102284645,332.794577896415,23.4498582518761,456.864071535172,19.3983885629215,438.242810648196,5.16208372190696,247.897177947193,120.525017900436,559.633867794809,0.033,4.9,2.8
2019-02-12 16:00:00,4.09059106469641,14977.3299564665,1696.20000403019,103.387079293599,1093.46449302036,504.091087125906,902.012736247441,1195.67002932835,535.690831801394,16.7278065314264,177.580041957932,62.5043923386862,145.038102487011,475.836010263087,26.9545448250425,759.523101870648,20.9657806982946,693.389211892263,6.19728355689218,383.685666432619,175.387521645535,570.204747871608,0.028,4.2,1.6
2019-02-12 17:00:00,3.58113894069727,13933.260786963,1293.7321605911,118.819180802302,1035.7753325342,579.975751310569,801.587116520028,1308.34163183619,481.997514539072,16.0463056942228,158.209987709689,56.5079269827605,127.349505213638,419.417077706335,22.4253162671618,650.452239346845,16.2984471853028,621.786542130794,5.19719011093178,375.073518974413,173.9837509225,382.952343392588,0.035,3.3,2.8
2019-02-12 18:00:00,0.84768351725186,2722.78716203951,286.187870469412,127.153792297146,427.341697645442,55.6205235338882,178.309057073266,1697.94719454796,388.446564731343,5.90258811201164,40.0659881450064,17.4477546599669,94.7264512244002,118.882089522429,8.06318070487752,83.1013339057523,8.05680716982713,76.2150917278642,0,50.4511562438457,24.5411904762578,49.7553956552768,0.039,2.9,3.3
2019-02-12 19:00:00,0.573430266740965,2094.5250465411,192.82090772645,116.046532714938,363.634281343932,28.5480574598933,136.061909060574,1602.95955771511,369.567640203075,3.52677955364099,33.4435992880872,19.2103443400694,95.1090318436649,102.844504384435,7.01798668222717,45.5442149183318,7.84949958335551,34.3498058790596,0,23.0982174086136,12.0349720075625,44.2404636556511,0.04,2.3,0.6
2019-02-12 20:00:00,0.453701395171069,1625.49475121523,150.532216680868,114.289507336926,309.490299473215,158.382193085776,90.0325200182344,1847.43048445533,339.925408307869,2.45437383130322,13.6166568133483,9.26353201156973,94.4290819085392,95.6772640522205,4.90889896143758,34.6140605818987,2.94181524346405,24.4707993988792,0,13.9980864649603,4.72551319974695,39.5275905899302,0.041,1.7,-0.3
2019-02-12 21:00:00,0.702956042986034,1922.5471049586,184.578637518954,129.457041520389,282.907972995614,232.472808796313,102.596156969919,1973.72302217685,432.82482166838,3.44676282647304,15.0817494356101,9.47340999696037,97.1961186116233,104.254864456567,3.00131975339936,34.5217226807307,4.28981532899614,29.6747289935142,0,15.600762413055,6.00399064806516,33.2417341081903,0.041,1.6,-0.3
2019-02-12 22:00:00,0.588834236449766,1826.85323396756,185.877650700216,125.566859850084,293.11403178437,243.638528475825,106.83264924984,1412.49517503791,389.583562754433,4.96569230135467,16.1398884716249,8.85156365831873,98.1580909858436,102.869286461411,1.5342120965954,34.7233207332344,3.18211902323428,29.4502189627603,0,16.0834149837562,5.5682952464444,32.7306963073311,0.041,1.9,0.6
2019-02-12 23:00:00,0.667212663989242,1734.52578090133,183.005327108625,124.744927327676,326.529292891576,219.151115912947,113.964981765834,1122.35830810908,346.971608163374,3.54309132983214,13.9854582268787,9.02434278730191,97.7685374243424,105.05181639204,3.71082116662218,37.355474420693,4.02260315132497,29.0343203559611,0,14.6322305362634,5.91146869151895,39.551231771744,0.041,2,2.5
2019-02-13 00:00:00,0.348598462914306,1391.38008945925,155.881793330925,120.158527844092,300.219760019481,199.452287845936,103.080311057805,1239.7276575364,352.65793642852,3.05602538117684,7.72064187864147,7.52268245613337,99.7103484399741,100.38309864516,4.14026006519855,29.3289124210403,1.9514282108612,20.6896377091701,0,9.21492496664453,3.88032460598134,27.9979306749313,0.042,2.1,2.8
2019-02-13 01:00:00,0.432512035949672,1369.22816987348,152.134690179185,116.569478848548,244.236259697194,198.977952174113,96.8269437724233,1155.61644640197,332.170480723497,3.50533468271745,10.231807909705,6.3746474986334,99.0794724295225,100.079890640572,2.67062697250802,30.9078497134839,2.23035987348947,18.2365601539969,0,8.66515558685831,3.04399028382846,27.8854992062677,0.042,2.2,2
2019-02-13 02:00:00,0.406204133797906,1291.49087746531,146.153674727531,115.109314863679,247.61666033402,199.803236036099,89.0415791160076,1160.45254658693,326.49293694215,5.09893814517207,9.73982457085644,6.38668025087442,98.8984974784676,95.6485073796366,2.68394007999337,24.4493295172194,0.919812003807326,12.6695134375983,0,6.12841649380975,1.84547251318834,25.250333774157,0.042,2,1.1
2019-02-13 03:00:00,0.505418695702635,1418.21805169729,167.18062552225,125.739068266377,299.770672879384,181.548087497133,97.1901170304093,1101.78543588375,312.201280166416,4.9170651836375,12.3660897533226,8.3378357121528,99.3179748957034,91.4944516276869,2.84339683441995,24.186051182656,2.74990114996723,14.299998276192,0,8.24266413275847,2.55300165125012,31.5397824487109,0.042,1.7,1.6
2019-02-13 04:00:00,0.423342360218236,1307.83199108337,158.535113571347,122.01260217209,265.53424562515,147.406378680952,95.5841991343729,1110.62255000747,301.174324470021,4.97836129174481,10.6895416771849,8.04985301506405,97.799476547868,90.5869183372559,1.36200230550647,24.6461743017648,2.37307450750818,14.6288043271677,0,7.68159970200699,1.98818449227158,30.8005864037348,0.042,1.3,1.3
2019-02-13 05:00:00,0.863777230255937,1374.78141239365,228.918419564286,119.765207483659,348.744550281678,208.501719585262,165.504339384998,937.830403115532,260.360875114028,2.85050276362439,14.8729965301795,9.30099944652005,99.6344059950632,100.252024323242,2.38439205694972,35.5796532529612,2.16941615395253,19.1779373512287,0,8.83554949510908,2.60724964856947,36.4584484218574,0.041,0.8,0.1
2019-02-13 06:00:00,0.552181233376575,2020.0913870575,229.028668642985,100.909741138159,248.433809235404,372.251637791423,156.208962402404,715.760149549523,166.519018983417,2.63352471563169,28.7618883376105,17.7483118336743,94.1027196486556,101.344619339226,5.02356032241401,60.80224230386,1.12137941542271,44.8573226414458,0,25.1967453691661,13.0286791894373,46.7807598943552,0.041,0.4,1.5
2019-02-13 07:00:00,0.65026756236019,3476.69292238444,218.704865971001,102.345596115373,288.880032275268,48.4908158599273,176.495968298242,726.006595346531,188.544992513057,2.96884880888086,29.6881144953781,17.1278906450195,96.1203273668542,123.837101025156,5.34418538325455,71.869144988875,5.71035314971774,59.6070383160481,0,33.7664892272014,16.7099242812538,45.5015411196123,0.038,0,3.5
2019-02-13 08:00:00,1.99976126560541,3382.6907885715,238.419876099892,99.3992112570731,323.210603859761,67.148270335564,194.223694311404,834.118793925528,207.642837301514,2.98049263193517,33.8185778285308,15.6318858201455,97.0143793044696,134.807586030485,5.38817790591483,103.823037814113,6.93609570170294,78.3793171514057,0,42.3019221269786,21.6517112401954,47.9144471095141,0.036,0.4,3.8
2019-02-13 09:00:00,9.78415209189685,3363.68600596733,277.301557292474,103.39640502227,315.304877302226,341.228696381516,205.041977265679,808.133607186547,220.098799229266,3.687421294395,48.3522157141537,15.7492065266099,94.9723056603323,134.761909581337,5.27475011780301,158.936754840959,2.90533918349761,87.1349209233733,0,52.3329413398007,24.5436415727724,60.1084202757167,0.038,0.7,2.1
2019-02-13 10:00:00,7.96741604128256,3540.41753728657,331.184994028264,114.407129223522,376.623593111073,381.405285542037,235.11548192241,1018.6638019264,267.191780236571,5.70732669598337,56.4550118946012,20.0505401327771,98.6184154622954,154.987708144604,6.2703187750536,174.922266403421,6.04638799437351,119.726663245639,0,67.618159898743,32.984994371794,52.4245570293602,0.038,0.9,1.3
2019-02-13 11:00:00,7.02964605483399,3286.77237759945,427.589306026125,235.021302890551,477.047544542064,406.634513110636,230.556099981614,2482.97362178254,702.734011799874,7.52832606790908,54.880478193097,17.7078438533725,105.945143164262,151.084041262133,10.3595302593825,122.173620169254,6.40993044011455,122.804331018463,0,64.7259693241835,30.1257059522053,56.2230494074673,0.038,1.1,4.5
2019-02-13 12:00:00,5.5013889246914,3617.48121231576,579.989189604037,135.72019801493,567.599345978249,389.271320235412,371.379233410664,1180.95054978164,416.925136320546,11.9026964032534,86.9639721457694,30.6678684693435,139.058825339018,203.003451355778,14.2274482975224,210.772332368539,16.4471893416708,182.735274647191,1.19255002533421,104.43892010452,47.7220829915663,72.9004886067781,0.034,0.7,7.2
2019-02-13 13:00:00,4.21068391302456,3316.95666036628,574.045947069341,121.297304366922,591.816126528849,384.587603415678,426.25298668696,1151.40373857054,423.933666773505,8.64947311137485,95.4779073185363,34.5783898870791,156.61325754775,231.590321013706,13.6441608218259,320.69831416927,19.3189907381513,289.6276517641,0.544152025631086,128.953898970482,59.241533515738,78.5031787170254,0.032,0.6,5.9
2019-02-13 14:00:00,1.81435171667451,2880.19278430668,542.938207958832,115.468381458724,746.167273034191,460.011999786765,324.660707093385,1077.51387181933,380.872399879871,5.92317932453367,76.8948898945022,27.8183297044949,111.711103288607,205.632881372159,9.65805599279485,232.914331471632,12.3043400200537,178.350794453292,0,97.6783815126513,45.348323948609,99.4143031220935,0.033,-0.3,3.8
2019-02-13 15:00:00,2.22612916221884,2439.6983454815,551.759843103132,93.9585402185395,743.230732335036,502.441399652359,390.146383263431,969.14507742097,398.27979388766,12.3795959549517,69.5548870785869,29.1411955190523,96.0031395901487,237.561434156239,12.6802637946075,280.446365230198,15.3933714051567,266.037330834079,2.26634200073915,181.981972668198,87.6069863730078,63.9762639809018,0.033,-0.4,3.3
2019-02-13 16:00:00,0.81073253017791,2190.58855429419,419.991453891163,80.6234213881686,678.635613203183,233.15759987484,238.080468885515,842.753828455058,337.979728984206,11.929709280187,47.7999983710751,23.1682495177451,92.0371102874799,176.258205373563,9.20719870505022,173.053505509361,11.6152775516245,136.858332216662,0,86.9927795089015,35.0909259757265,53.5490619193618,0.033,-0.7,5.7
2019-02-13 17:00:00,1.22477995647866,2792.68926214209,502.766239508046,91.5680182004127,608.77975526559,334.641326560934,323.433982173958,654.940886456517,321.231730124223,19.0565785102514,56.2870266314247,33.0300486672286,78.669196721778,223.30305846526,14.0560909684978,215.967259740774,18.7604915806027,198.177368608339,1.3208209562466,118.624881796556,54.2038929989307,58.1463401926844,0.032,-1.4,6.7
2019-02-13 18:00:00,1.33801836613446,3403.92869003869,560.970467579538,86.552201065743,758.293940573121,58.783397695833,339.114354446076,782.207124906198,330.63917032761,19.9709795072554,60.4496121481834,32.5323066775079,77.5584974951074,212.050855643856,18.0628926127144,253.791254920064,25.4015199551417,208.271886806421,3.18307314947206,118.397001340149,53.1174605174644,76.210433389861,0.03,-1.2,2.1
2019-02-13 19:00:00,1.44859381630267,3610.79990142753,514.555943262654,83.0006181044012,729.637544124463,0,324.669375490814,707.713959859112,334.168063545412,25.2143368714348,58.4180896084796,36.5815740545901,79.4417986137124,226.485899829044,25.1089070627531,220.782225811779,38.8314502746438,198.806389237712,8.82371566269226,119.798798696334,59.008025704216,84.9498313955938,0.029,-1.3,1.3
2019-02-13 20:00:00,2.38574690496352,7249.94469641049,755.72702720173,92.8506603936481,833.758861195976,279.371650752312,452.896293495418,810.675669756542,355.487486513719,23.4795530649343,94.266104777541,39.4623255623651,84.1654520066859,276.917671672491,21.5139728749049,326.895225660592,34.6444748163098,295.491893800587,9.05746966131198,179.721423612037,84.709852367369,126.907335761086,0.024,-1.5,1.5
2019-02-13 21:00:00,2.6055232137555,5376.0112716106,839.326363080933,92.3020055832539,862.714759840466,315.625886031477,502.974940597165,916.639812165839,341.697265227205,17.6157388317664,100.030379921342,36.9316377136051,80.5550420350179,298.782434375407,18.3793907626445,378.62314433804,28.4303700312385,327.495566875294,7.13525068269283,195.934666779704,94.9145211268682,163.858949215634,0.022,-1.7,2.5
2019-02-13 22:00:00,2.8688155507204,5452.198255284,688.692867635315,81.228332718663,741.424333897891,286.772478448492,400.947515911407,767.854480897781,272.486858378022,16.7776053360655,87.2033487144876,30.9447429404527,79.6949608878918,261.588670850193,15.4633808496582,283.353650728579,19.7170590593594,252.514845666742,4.27777749560979,147.4044886876,70.9129594069658,135.645291343692,0.009,-1.9,7.6
2019-02-13 23:00:00,2.77633176969309,7582.14000098781,807.359363831986,86.5968733041511,798.066127073692,246.509291409003,498.081981961504,886.006885489006,400.09885206704,19.3209696830666,113.578516456062,44.3494154100822,99.1304253093196,289.545858233089,17.1445732907643,372.729956227771,29.2272451210968,308.466483785054,4.72038175271904,180.008320112417,88.3549357038466,145.543179501314,0.011,-2,21.5
2019-02-14 00:00:00,2.19361070973665,5121.04660627112,629.719815726233,75.1262578499275,655.499060590904,238.734244893694,390.158987608506,820.837681377677,368.502782805495,17.0450844679294,88.9966521011122,41.6367487742797,101.51594380343,256.034464438385,15.9621130028862,339.925979100383,28.3598309973409,237.350612659258,5.57472961803837,135.982433541587,66.0125621654121,113.045021032568,0.016,-2,5.2
2019-02-14 01:00:00,1.81017167655069,4976.24738567312,568.402188460801,68.6565655907669,600.290453764812,196.121261383833,376.552251879849,669.43123177346,284.415563424144,27.3839194717783,89.7478364343076,48.8810550730759,83.0070225018265,263.665099046216,22.5329822516388,292.641191204923,32.4838540527766,222.916902480475,7.47688415098986,126.026804638748,67.1354417158631,177.507055413475,0.015,-2,4.8
2019-02-14 02:00:00,2.79257797933019,4552.38694023512,588.714589001136,71.3074773758371,531.122127114017,155.310754460318,352.94613066503,712.843650677218,263.584791120024,18.01210535288,93.2368666204543,36.9725039561242,79.2626712204395,237.549826004209,14.2076372887766,286.290010125498,21.4844915657574,200.249625576815,2.55583278427442,115.637365692078,67.0675357169776,206.62241955326,0.013,-2.4,6.9
2019-02-14 03:00:00,2.37546960961742,3173.84583106,652.465717854938,71.4497187726229,713.002212438093,251.375556785167,311.150917582606,859.239819309323,318.06810288416,17.2403947399495,79.3652928038762,35.3205240968403,74.1202695722035,204.859395961305,14.5354052034885,232.136072391059,22.5830601743667,156.599947044694,1.22061078096589,88.062435195266,48.6430883061444,182.605916558962,0.022,-3.1,8.6
2019-02-14 04:00:00,1.94092868543078,3121.61723927516,537.454915934,59.5416453775927,636.733614170003,271.776533106037,289.578701244991,707.817043925017,415.606394935724,25.9620562068562,81.6171220286082,43.436262080411,94.2109802362248,190.406553251571,18.7685848543762,193.870365967772,36.6320629205043,130.630446767117,6.63239680670849,69.7857499941298,39.5082759194689,128.281903032562,0.025,-3.9,4.7
2019-02-14 05:00:00,1.85607030851321,3495.12339886608,523.486259206489,67.2093984855226,615.103958621354,56.6009167892156,325.763408996693,687.839620035584,324.105692096057,20.0557400835684,80.6960772592124,36.26075038626,87.4982401619822,214.960587562451,15.5730814510464,234.453710511627,27.1299100446844,168.757339902198,3.71423224369167,94.8715608770343,51.1525224900172,118.042743641437,0.025,-4.4,2.5
2019-02-14 06:00:00,1.83658323664482,4519.67515218237,633.258144975936,66.8946845956983,599.394037072475,0,399.153805174277,642.148648652705,305.795563044082,15.9246950366211,78.5895321987358,35.7929648624633,75.3167147529246,235.197736617655,16.4252556333786,293.860615761219,22.6052626233859,235.521116192185,2.90293960052822,135.308557380677,65.5536799542252,112.024561842812,0.024,-5.4,2.8
2019-02-14 07:00:00,3.16274359902236,6961.880691158,790.252267621123,67.8140148523212,629.770770439324,0,542.894669449403,645.273172674539,237.872855938675,8.32055299230444,99.5722057654717,30.6172207597558,69.9638318889959,341.695540803003,8.8208767846304,480.783944918631,15.6912067449654,430.418021049856,0,252.283077630542,114.325216888226,139.048327679376,0.008,-7.4,4
2019-02-14 08:00:00,4.29636946193312,9613.6300747046,800.654405119541,70.9269299302341,741.111687855233,410.942633058927,519.037880474963,697.193830589005,281.962025349064,7.97585483803034,92.0746365926799,34.3928879536378,71.9901281256408,332.448994648566,9.34824838371042,420.632810849058,10.7079945258548,386.363533541707,0.269623354190365,225.6131219225,105.752410459498,104.604729818634,0.002,-6.9,5.7
2019-02-14 09:00:00,3.74380468749658,6138.53843137072,651.671119467512,60.5124804753299,641.089370131172,316.433381541057,504.562208776654,675.632814571085,259.491427926697,6.69815116091093,75.161586215866,23.3773047554718,69.8384123873882,320.118481327606,6.91654724744986,417.703777347954,9.81327614369265,428.749459546237,0,265.176219985615,113.971021251881,82.3573246947866,0.005,-4.5,4.5
2019-02-14 10:00:00,2.42288131876175,3553.12118381336,432.896508398647,54.8985517094802,636.41050003979,385.028385989373,270.507969358805,884.404751384744,254.066050645265,8.31807423963695,48.8639425360251,22.4786251011661,68.0725051545923,196.519851883358,5.92061917388297,191.727188675327,9.5380455110429,169.945658578086,0,101.825232507396,46.1656092284945,90.4629342436343,0.012,-2.2,4.3
2019-02-14 11:00:00,3.36773521934989,6406.50337218041,489.327365140532,58.7465961849998,662.862985126102,534.597879395531,330.939048617823,1165.12932976335,309.883595903268,11.9638401829191,67.3264873450957,34.1467670975125,93.1223888085099,224.339705555714,10.8050352035577,230.481844979337,11.3188576417231,184.820319640947,0.789165693028512,100.482487645488,47.1736827626682,64.0881198734869,0.02,-0.6,3.8
2019-02-14 12:00:00,2.49076936758188,9913.64695286429,473.313144977463,62.1051465036963,668.405856927679,596.553284593351,293.992597831842,851.132474279045,372.352215076007,9.34602891447045,64.1708358094414,29.0489673850176,93.0598007903539,208.493732702927,8.38061946838698,220.528156276919,7.48238373401165,160.92555999799,0,87.6500684889336,41.480504781967,62.4529703383394,0.027,0,1.6
2019-02-14 13:00:00,2.21361198812712,8107.82796383081,450.905019399041,71.6479616911725,627.85267295178,459.584592540117,316.043290169972,965.098889546265,392.035152587307,6.54708054509621,65.2298446204452,28.5944344469803,99.3624649356416,203.334292002656,8.00182114684986,216.829340035927,8.78782739368526,170.320260375514,0,93.9828774802451,45.7276732488254,59.6208765396607,0.032,-0.2,1.6
2019-02-14 14:00:00,1.22706250118028,4100.02782628357,301.366701359026,67.2087578442416,543.769372327492,384.439366871992,210.887310165387,1004.77989669284,373.619078032805,5.32047922598084,42.6113035732328,20.8772468448533,90.4698065788818,158.400085807916,7.29445778776425,121.650215009404,7.58086059378798,93.5321242828535,0,54.9811677112433,24.2265267679836,35.4611871233983,0.033,0.2,5
2019-02-14 15:00:00,1.58853315857964,1789.34747407306,314.913861803628,77.2295175434914,308.683306423182,250.079231222407,143.742323568241,1340.74862776971,402.538841990377,4.06098035238366,32.2082306697191,12.280065009185,77.8268194050378,114.517355561548,4.16258972422638,86.6621401561484,3.97599821748518,41.682389448862,0,26.4920398591121,13.1492953942191,50.9300176681719,0.033,-0.2,4.7
2019-02-14 16:00:00,0.649172765611775,1118.45839416986,188.628557210107,69.5036207665549,338.474788895816,240.281674365001,122.605713277678,1222.17843175951,187.236232024197,4.10453698453108,18.7160969254364,8.22906290639424,75.4738403178305,105.957278368829,2.61928931302346,55.8092194396405,2.17227440054141,27.7766956642929,0,17.0921932148772,5.8630667230787,28.9431528355435,0.03,-1.4,4.8
2019-02-14 17:00:00,0.179676560003356,942.578617736113,140.611739798545,66.8843760797363,309.414969275018,221.360468027375,99.7653517062333,839.251567349352,137.008132239205,3.0432713352014,12.1518004965163,6.8352784184011,76.2638422170577,99.1688560394797,3.26088071905277,36.225321248937,0.732263591124057,16.7474184759018,0,9.02114576977325,1.42146234819876,27.3835318868242,0.03,-1.2,4.7
2019-02-14 18:00:00,0.153744022047848,870.750963032758,127.105674770795,64.474682623336,205.610043264529,567.021477914379,96.8650983254885,622.651426993017,101.878746460123,1.89726985608155,9.85872712732615,6.50961584368138,75.6087470013654,88.4288460055083,3.61659614202908,30.3507273594751,0,13.1774787867363,0,6.07285461844885,1.3537770442468,26.7598028962383,0.028,-1,4.3
2019-02-14 19:00:00,0.165215989385755,940.326080650963,129.780082280709,64.3085372421969,252.179720190017,294.895470533353,97.5267602520489,600.15089458323,67.2055108603831,1.69112222916684,8.10053746628317,6.61624519909612,84.6935954049464,93.7352671878939,2.96855278087659,27.7512557715575,0,11.0709445606478,0,4.3987285531131,2.66969291117611,26.1370837869881,0.027,-1.3,6.9
2019-02-14 20:00:00,1.7214796075044,5385.15587354882,416.153199288908,78.9335824553887,495.315231364087,232.558211799058,255.091790216014,840.137151992021,297.159943262662,19.4325285646103,50.1865194290173,31.5263606351052,101.733842185,189.840673280624,16.229908853514,172.705854570238,24.8943034655644,123.83675928015,4.4824495845834,74.3975879009884,35.9443571895007,51.6290214584681,0.029,-1.2,7.4
2019-02-14 21:00:00,1.44392737024016,6887.67423054034,554.450493857693,81.2196023631576,770.378746950111,309.966006569783,348.239001521284,962.902688655677,442.973522556132,31.554667948365,72.4028780237139,46.5182816656201,109.369861414208,243.826828081872,27.9545214682782,256.245972576658,41.2849356484756,182.442065784372,11.3031353368,104.481673360172,50.3269657895855,72.4665415594292,0.028,-1.4,5.7
2019-02-14 22:00:00,0.824382108724512,2776.08351151362,324.43663282968,72.7269990555404,541.318839011944,230.578131029666,203.973803968436,829.511041029981,236.326010532604,17.1252572780932,42.4219480911621,29.4346922539798,93.2244644294273,162.436244749108,13.1764678572789,121.067745769609,22.0267096375791,82.5328591468487,4.35743675240702,46.4075128535229,23.2413443371014,54.4019973220449,0.029,-1.4,5
2019-02-14 23:00:00,1.16914432061998,2965.22981363537,346.389293617359,74.4228669789301,499.026826836829,223.075191163686,224.229955828717,839.861782143788,292.910990678372,20.4388685986292,46.4674648000399,34.2481622160383,93.9728766020101,174.379108855356,16.6513200309273,136.944011510888,22.3229107838689,94.1110519023219,6.6596820011983,53.0872299467336,26.647291321615,60.7318550510735,0.03,-1.3,4
2019-02-15 00:00:00,1.82970185766343,3678.78300142239,466.980580915526,73.5208651722099,656.952592368913,309.500311145284,285.265494431401,946.868948791166,389.620885535708,24.6953089098229,63.9581163712307,42.100921639349,96.0810783793058,205.835018054945,22.0353394774357,186.953767765676,29.7858574483277,133.635970841301,9.34076843474432,76.6875440412037,38.3241712252432,82.481559459697,0.03,-1.4,3.3
2019-02-15 01:00:00,1.90957393461625,2783.3306624652,418.523649981889,69.5993920347785,648.530195152904,304.502745566035,228.627689037696,839.37700198342,319.905754144668,20.5100426912531,53.449765403938,39.3678955220467,92.5641552272584,183.254580146864,17.5017620062447,141.00174179134,26.7626691106098,92.1710931887723,5.84786583201638,47.7927283369422,26.2788448904111,82.373953870614,0.03,-1.3,3.3
2019-02-15 02:00:00,1.7120626160786,2565.21719932301,408.302957138765,77.2261164930779,637.650522376685,296.652357884673,218.333048088151,898.859577135716,324.922100655486,15.7656232731102,49.4784266516023,33.6173780574547,88.8914769396912,172.481458179499,8.86645864505762,136.637829990642,20.5911947077196,90.0440565803686,0,45.348254259866,25.0453586862308,77.1302880135355,0.028,-1.3,3.8
2019-02-15 03:00:00,1.882626529945,2616.00157940598,448.610134977798,74.8233556301298,594.403918600185,270.606124691855,256.091718026767,868.68894523311,292.084268449257,13.9948228612406,55.6268428932368,33.2098947189365,92.5136307534525,183.147858720692,10.1652388146465,172.690257050237,19.0535228004887,112.721269319646,0,56.0137804197526,28.6359390243385,82.9524055911381,0.026,-1.6,5
2019-02-15 04:00:00,1.69107278414703,2667.5065276445,459.778304925867,78.0102333145133,681.123477950402,326.398799199559,235.547119250933,906.337861313699,365.070403678737,19.5197958436043,48.033110536917,42.0254648260447,88.5326909171593,194.412240680628,15.8381492529018,176.294173150886,23.3513471277911,121.053977434004,2.36663839177401,52.7746737043573,27.1899531604646,71.9570154405702,0.023,-1.5,4.8
2019-02-15 05:00:00,1.48562988087344,2524.31040758799,438.092290217655,77.3980403591499,549.947689570252,260.309668990165,309.007979369173,768.98147103305,272.694346785344,16.6373887787228,53.6725990550272,33.2325590102632,98.9046010446227,180.981574223442,13.2140225960772,162.543749365889,20.720250583611,106.143299499175,1.94484105840114,49.1923853350264,28.8963419896023,146.221169026996,0.022,-1.2,6.9
2019-02-15 06:00:00,1.92163713872032,2195.19851743393,443.546495333044,74.236862558093,410.924922511049,353.772226342231,318.07107113078,698.496431507544,177.214020771663,12.3721245580142,63.4664499964973,26.3033618009884,85.6478355633258,164.433915789975,8.78021131277433,204.364203061765,11.0993669172262,118.967450227829,0,62.0999920225829,33.5398730831512,163.735115674626,0.018,-1,5.3
2019-02-15 07:00:00,2.20044746351169,3898.52410734573,889.141197166102,84.2915153329155,776.076362888189,7.39110567269204,752.337115981274,829.598857645069,297.510667030901,13.4255832212137,94.7803183683676,34.1091870048444,102.223381522689,298.170815978186,12.3502779247694,321.797446755801,22.0550064819658,260.606628149892,0.962462077000725,140.884979098318,66.9449561253754,125.290523021787,0.011,-1.2,4.8
2019-02-15 08:00:00,2.20683552170572,3577.48018356719,475.72803563678,69.3389080628669,649.224260216635,286.489756377594,323.008215820468,759.390703091618,251.27311531642,10.2020475401805,64.2255817265995,28.4045520094387,83.9220497707226,205.580513687944,11.3325615618452,198.794262059219,13.2141181504927,167.02933373631,1.05066840729266,95.1428087305899,45.4937450426654,125.93273536234,0.002,-0.8,8.6
2019-02-15 09:00:00,3.88464625715133,3420.45023686681,455.343288981645,70.126017918066,595.363966916326,424.580258732691,364.33285922399,805.721316333162,265.554804313895,12.852474673847,68.2442361264283,32.348691844063,93.2910947777087,224.569959108113,14.2521296012735,235.168240338978,16.1435723710612,199.100385031027,2.01609226976934,111.06650020797,54.8364789334921,138.702675185202,0.003,0.3,9.3
2019-02-15 10:00:00,3.72970024257776,7835.59400581269,879.198711386923,85.024367384331,1037.25717797946,430.545027486586,668.296617434218,1146.83896068322,374.14841105801,13.3760378950135,122.863590970717,48.5702106901041,134.045793996387,355.844288349679,14.1627285235867,460.59290545427,16.5799764275019,416.057722287804,1.87843994569536,237.512496575288,111.081124461458,115.20511779946,0.005,0,9.1
2019-02-15 11:00:00,4.3803494471374,11609.9780920174,1187.28273467644,1123.19189607486,1492.10519673523,574.945308498442,884.442161030999,1818.9869222833,901.754563135462,20.6932761147212,161.504509875156,71.6471667327233,202.047283569773,426.072629683959,23.9014608308871,576.483237377429,24.5889847484946,502.501607318882,5.34767293533687,265.591652408134,124.755037095664,235.08465980618,0.013,1.2,8.6
2019-02-15 12:00:00,3.96056206505369,11098.9602382212,930.424787433312,203.780635883895,1247.63116685468,655.141265609054,676.85079539653,1266.92781204294,557.647112651877,15.5574810738097,142.000947699498,62.4401055559608,179.93641088135,358.777975039648,19.7627441705558,486.136584197247,18.9509125863338,397.674977029246,4.07300142632233,207.31229512609,97.8349367994375,166.648233486541,0.014,3.9,8.1
2019-02-15 13:00:00,4.30554898048538,13635.4424865932,1129.00192599829,128.145517010559,1454.34053211757,781.478555943211,752.172696970348,1680.20730207525,780.497150562433,15.2103943945051,167.607244307116,72.7567086994224,197.7713081237,387.693183597463,19.8394935177683,544.777911670563,19.8783705018946,465.913070302916,4.8526546160282,234.892959435034,113.94373854664,222.305041351515,0.012,4.2,7.8
2019-02-15 14:00:00,4.15722719126014,17045.931719262,1012.52572570946,92.0134605277962,1170.14770655107,848.419383670307,704.421534346297,1706.01215929947,773.957991075631,15.3613973833874,169.900664647626,73.0298938673224,200.136728643125,337.051026890817,17.7723823340446,492.657558804326,18.849903703918,467.56049319524,4.46255222180145,209.790574353284,110.84076831764,296.787803545502,0.016,3.9,10
2019-02-15 15:00:00,3.39550511314249,14694.1978709416,1041.71667820188,118.486736317652,1089.09055874217,763.429767096157,666.466729907668,1405.74978588717,815.634483131071,14.4747115993705,151.348251371187,62.4369476479781,174.796882205181,335.190148023104,18.211851642053,513.768195707363,17.8493873933761,460.391356074331,3.70103854422205,217.281451671897,106.135013046546,203.173579441901,0.02,2.7,8.8
2019-02-15 16:00:00,1.30560111921733,4446.06108943683,551.722122503302,84.1967755386332,597.346336624013,369.521466768225,284.249399352969,921.120857180132,345.312888064312,4.9561624591268,67.8558520262087,25.0415664355644,77.4161026037913,180.573544383918,9.3826219749004,215.402661670851,7.15638045882016,169.139893544065,0,93.0931456860799,48.9256930025498,192.50542638881,0.027,2.7,4.5
2019-02-15 17:00:00,1.29639210338934,5220.73719547037,690.721693146128,92.1887018115277,680.014328761194,296.563696088638,409.046626434386,888.312728904901,414.241431262288,9.17953847126313,88.8412126039203,33.9698931616507,80.8147046154358,262.257025799585,10.7726106345816,310.128813775267,14.4281339021824,285.637274574795,1.34679665133251,162.777019909633,79.3785130597011,191.869985729519,0.031,2,5.5
2019-02-15 18:00:00,1.68057285840734,4050.36707017991,486.079418780294,86.4975651537754,493.911731548081,402.865178220592,283.711980307,755.19008110097,305.526325378728,6.8980147404159,57.4553886014218,20.554358236901,60.044104234791,171.743864275023,6.52229586382162,193.696834767727,8.70924752632524,164.930500947327,0,100.629585511953,46.1685426017947,89.7756758913316,0.033,1.6,6.4
2019-02-15 19:00:00,1.94528010463232,5399.98214184447,463.408939979202,64.9828638236683,570.808957924156,149.739764818391,278.772434651318,622.361293180612,232.607044514832,6.3114604686456,59.3163823889355,21.3621876156744,62.8230721126682,185.265203601761,5.87337634485859,177.282539512342,9.31862129126553,156.070900692283,0,93.2770415136986,46.8036090282124,131.859333482601,0.03,1.2,2.1
2019-02-15 20:00:00,1.43068352839352,4985.19513332877,512.431307409431,85.3932976756198,626.578541451938,92.8115953980723,286.288152773436,868.113471158621,477.481335002686,12.4823975824217,56.4200893155467,24.6934014188936,66.9541549694147,190.051820678994,12.9304682260934,191.941036227308,18.8801826777928,155.909705262378,2.4271810820009,88.9796525638154,44.3592340962923,103.446631018518,0.029,0.1,2.8
2019-02-15 21:00:00,1.33104567780322,3535.98431003234,454.43043367871,72.8623352869601,499.981297171357,241.642816748522,264.126182810597,767.580340551839,401.18847823854,9.34071739687665,49.5144912518137,20.1203834622359,59.6211254701642,178.805906452364,9.18370100881438,156.709577759624,13.0006810143153,137.03172749008,0.976251208062326,78.3556449320116,41.5685198118613,77.2347226039194,0.025,0,3
2019-02-15 22:00:00,0.759178111209035,1735.49786367594,258.409583326196,67.1912799139897,303.801218500622,230.686149620155,146.490208120044,539.800469545406,394.371949457214,5.29681887334699,27.7564222731188,10.416505960754,47.1082795661666,127.685136776468,4.05679728971837,75.0309395440771,7.54213481146351,53.7710442442557,0,32.7086578846203,17.740899686323,51.5260437534965,0.033,0.7,0.6
2019-02-15 23:00:00,0.908729484230228,1515.39735869797,218.1511197074,62.1039290988497,329.134821157471,193.281316019057,117.658832536443,540.916378876992,271.911575967005,2.10649000590554,24.213636779425,8.3871594920019,44.9083211062985,118.665449766546,2.60046979828854,66.8130919047322,5.03973323552894,31.7717854504821,0,17.5905208254857,8.49651632165145,55.3101965582827,0.034,0.3,2.5
2019-02-16 00:00:00,1.40858043004583,1705.7221142118,316.974062312091,65.1316358194799,434.485722995027,227.114016976687,176.200628876218,579.692005521274,277.23831406231,3.83765612552362,36.4230191844423,11.8161289821516,49.4421932500437,151.655625446425,5.46005782949302,124.554785126537,6.41815231206828,91.0981081505738,0,53.7269858407245,23.7476889319171,65.9750654643924,0.033,-0.1,3.5
2019-02-16 01:00:00,1.30536077755936,2057.24632002248,359.06309283521,65.3805384954533,495.492119084904,203.094033501799,188.821248372877,625.425890900183,293.738852860852,2.90232389726126,45.8554493151019,12.5058759266502,53.1111078900455,147.859250761944,3.15697615591696,118.771424023395,7.7306254424765,82.717551557001,0,49.2748059451979,24.4062787888629,94.9319282777093,0.032,-0.5,0.6
2019-02-16 02:00:00,1.35228780543323,2017.30746895754,311.904313851566,67.6531361797856,383.314413937944,154.012861285375,184.556839409685,540.129213592177,270.470377506947,5.44806629468812,40.0438681264792,12.3293109879292,54.478989005534,144.161788904994,4.30442732467814,103.654102671597,8.76503084665512,72.6252514270519,0,44.1564002498118,22.8478583514887,74.2962830313028,0.029,-1.5,0.1
2019-02-16 03:00:00,1.90125305657437,2601.94202058832,400.411337318807,56.2249122215754,432.619367229325,177.901484248611,212.268893036788,520.109781367166,293.579946246558,7.52315094407156,50.2084674307101,18.1644877404926,63.8527347217903,156.642399250163,7.5056695788927,145.1321984207,14.1821016013432,93.2982080017902,0.0890300203781613,53.5933851683497,27.6690285079408,80.782389431587,0.028,-1.7,1.3
2019-02-16 04:00:00,1.3674445813059,1901.79758186587,318.801285797347,47.090013021625,349.152050677023,175.93443695301,171.093034132117,422.216044902714,218.02071975887,8.21242015378295,39.0842969652603,22.4959453307518,62.3529458137805,145.415494898896,9.03915168086425,103.831938741688,16.2972279620682,69.7416954764953,1.00098838432713,34.9039762755331,17.8410753735262,81.3657456115832,0.03,-1.8,2
2019-02-16 05:00:00,1.42782205205422,2158.55890473465,331.433100711131,51.0391963550265,436.456146677593,159.713318308555,185.508047227971,464.736734526219,219.514790373178,7.57409209160542,42.0823757733985,25.6188739378846,65.0114895512887,151.528008170674,8.80742569181313,115.004308372518,16.9834980190714,74.1621091163627,1.33245774303653,38.9221770702482,22.0094872928381,100.3008367011,0.029,-1.9,3.5
2019-02-16 06:00:00,1.19109359960054,1992.83296727153,352.524693168225,50.2939205980604,352.224930058784,164.795426357846,248.159866007242,424.349294490367,170.039118447273,11.0149035357296,49.2015330909198,29.1454088783285,65.0834147855913,166.390581091018,8.50050559532883,140.492632511363,16.8987935368274,83.1575492783624,0.518863101261324,42.9338128750862,28.9085353001552,102.415973465247,0.029,-2.1,1.8
2019-02-16 07:00:00,1.45759343956258,2159.82962706702,427.031621760826,62.7412663968108,518.77978978493,218.899461992354,226.062921701052,573.818324503079,279.255142299911,10.4983474159858,47.7866280127847,29.6676371776637,59.9470746123364,170.161530720786,10.6879493015291,157.411374852335,17.2173184732456,102.042552352581,1.61785665969094,58.7941279584443,31.4889045627173,106.679081841773,0.023,-2.5,1.3
2019-02-16 08:00:00,1.46992263508749,2645.13269584461,429.769072981069,50.0887724461145,379.110281692833,201.027368500614,296.543068903172,467.373525804981,210.599500653909,9.5615457546753,65.2015585367294,32.1059991798424,64.3303884425004,201.783350161603,11.2169079931569,202.077439356188,18.0149688805534,161.261819639697,3.16213039473672,95.3147637440159,46.6416955658745,99.6970926539764,0.022,-1.9,2.5
2019-02-16 09:00:00,1.27920841991163,3278.82306259588,473.594847155175,52.0738123840129,469.377914957836,241.183838221826,353.138800447945,484.269628346077,243.651530517169,10.8430498877504,77.9414895592441,38.9325793098838,69.4277976645704,227.160999897652,12.9570268169654,239.58744181747,16.9560822808077,213.305815767729,4.2201739701178,126.574459101121,62.4321560727317,155.223477775674,0.023,-1.2,4.2
2019-02-16 10:00:00,1.38399420646052,2833.01284355752,473.80307240676,55.1017403981855,483.178184803977,303.276536395357,311.131261883078,472.199575787196,272.156259275159,12.8812218700756,60.1775885155136,35.5224981349308,73.2004867949407,226.623045152183,15.1338269881967,221.642816326064,18.995426434522,190.695485569758,4.23037005058142,111.841713894036,52.6534891971372,73.0673856226215,0.022,0.5,3.5
2019-02-16 11:00:00,1.19996560041985,3009.51678376277,454.389632354451,53.876006070646,496.43163736862,369.908557120444,331.949044464164,514.932627661443,262.259867839242,8.21445783775353,66.0096152292148,33.1993826406548,84.299468616311,216.055644604943,12.0108088430312,205.019224314706,13.7942355866694,167.704665807182,1.94693108276922,94.2114558804749,45.3529648350463,68.564440726505,0.024,2.6,2.3
2019-02-16 12:00:00,1.38387056896821,5185.64654424269,440.600468396724,55.2541385130799,550.732580667169,575.255468557314,309.623600145885,618.327780995805,409.82721379069,8.84386369679805,80.9433536345436,47.6133016470499,93.2856916501767,211.860761494358,13.6829349858132,214.819493739563,13.3475643558692,163.05142488317,1.8825084635988,84.4533411813049,51.265860684232,263.261807384913,0.028,2.4,3.8
2019-02-16 13:00:00,0.77168494312492,4076.1904894484,558.879846991937,69.3401277834955,847.112863554304,583.5293380413,250.48248571249,815.424395082061,459.028233545802,6.99638215781098,63.5792644634086,35.959715984016,90.5733563493223,177.73533157496,9.35832835629284,160.379306274187,8.38690697372254,118.866607464996,1.05954462847426,59.9202777202363,35.4082087866673,173.594531685144,0.028,3.7,4.5
2019-02-16 14:00:00,0.732010137657465,2692.46825308749,210.653867563807,45.4385684972921,286.620700771728,387.841831977478,184.897812162923,406.315553409442,261.006575617477,5.12860765200721,43.4581098089071,22.9893864956178,72.8960082814971,142.443077544826,5.3377219263492,122.599896575121,2.43076314352393,73.4956194178782,0,45.45313731154,29.102183009656,271.998486956702,0.033,4.5,2.1
2019-02-16 15:00:00,0.573870234940856,2748.83169871989,249.970793576793,57.0091448607316,345.6312552649,341.493443670048,159.267431667662,504.490542992473,272.161311071151,4.4128925406838,34.4665519923639,15.026018640298,70.4317302994283,134.861836168536,6.01057269299976,96.1179057974513,2.41066944494351,64.7745449918341,0,40.2309790021693,20.2027745342748,59.8841193523963,0.035,2.9,0.8
2019-02-16 16:00:00,0.532102481737977,2036.94710612235,249.043597360588,55.3943006355076,457.378312696959,388.233716277853,127.90945586574,552.594296715529,306.75800438614,3.7110833619943,25.7692437304268,12.9721866659992,62.0699962934574,122.500749827624,4.73083980138544,76.8322894291307,4.8451661961278,45.6755590595277,0,28.5314688065014,13.5973534932876,44.7053421299395,0.035,1.5,3.3
2019-02-16 17:00:00,0.980563463081929,2106.94000162076,242.216296949111,62.0267066636466,352.891633119871,262.998075920729,157.622681951664,483.736829434171,234.414641845882,2.62831409870811,27.5089488652819,13.6889498242283,61.6117719153784,132.328746815029,5.24718655127879,88.6230532015536,6.01639828174437,65.604640606822,0,41.0980012514911,18.1757649228066,44.3721470983381,0.035,0,1.8
2019-02-16 18:00:00,1.28854447931702,3713.53398743277,380.993461361249,61.2556170124832,394.234532599054,354.844389956623,259.605953414171,485.796278868945,253.739935561357,7.07040018082537,62.1806242855968,25.8455747021491,76.626784720631,187.307737991654,10.4962349772604,163.245825798444,10.6293781751225,146.936993765427,0.357187831145212,90.7601644982601,41.9369616620301,66.6462010893432,0.034,-1.2,0.6
2019-02-16 19:00:00,1.60665684907287,4246.89441355293,448.36941379845,66.4908160609653,433.823126927399,346.174292443825,291.834968986041,552.537555543457,275.347284063621,9.53909274896549,70.3924122889996,29.9924229646009,72.8461851344247,196.713158102622,14.4670699089659,186.478096844603,17.0163098381117,160.164116119177,3.97272048180451,101.796830373258,49.5705318283541,98.9522938411502,0.024,-2.3,3
2019-02-16 20:00:00,1.76809350482713,3584.62906474015,602.651343941791,72.4299718541157,681.288049794405,381.350674238734,339.263719121903,923.632381429317,393.461200638017,15.1248003013418,89.7830227826621,41.8193696283771,76.6512863057092,253.215342718236,20.5358659868074,251.446032734808,30.9028777615555,232.386677978236,7.02447253783912,139.478446873382,63.6321340052683,104.549853808673,0.028,-1.8,4
2019-02-16 21:00:00,1.53506872831202,2707.8850062644,348.773990888807,60.7756949802879,422.38647187294,256.822413886391,228.462611328631,634.419473941633,227.34293119136,8.09243702181299,57.6650527363422,26.8653354210631,70.1270448604635,173.728111820448,10.9069025085017,150.611212544928,18.1599103243192,117.993229102404,0.314260647604612,70.2735363679079,32.9731269613463,65.2014601567864,0.026,-1.9,2.5
2019-02-16 22:00:00,1.86600086586499,3363.47346078629,518.164877653752,68.9828950279664,650.938217485213,287.251024439697,294.297765462967,981.379519646506,299.250400986939,7.89423415619425,80.5923987717969,28.8434310448051,73.8184271918931,193.676860990933,11.3809143531448,189.865638489927,19.7064439971763,168.074298409813,1.12061902452676,96.2590056898998,47.7931911646808,107.066187977523,0.023,-2,4
2019-02-16 23:00:00,0.895974478890115,2008.73744409692,399.441044026384,59.5214488012416,557.991143212974,291.809752820145,219.025584279719,832.771595560496,228.882853340705,6.24070769454732,56.9556087599815,22.9989603953531,70.9653245340709,159.655646805657,9.07409162009283,123.979610382259,13.3963367479318,134.739798806697,1.01607775108847,57.2696293057483,28.3898552898216,74.2041068691056,0.014,-3.3,6.2
2019-02-17 00:00:00,0.246291441525231,934.007743279566,184.99015779179,49.0481977486037,281.503749401234,148.921989091094,145.823637375573,508.262941835184,107.660221208521,8.19666862680333,20.4729891665596,16.8536933230349,108.661487520492,132.357474520517,7.09712084798839,57.0582809076234,8.09853576609511,24.5972924439243,0.457695113189321,11.5168785259393,7.1277870134464,106.229288464543,0.01,-3.5,5.5
2019-02-17 01:00:00,0.251520204795277,944.122747675535,205.043013316039,54.0419242507978,216.225151499945,169.153100865195,185.498382665338,656.213275884428,89.0703336392394,3.97604825934824,16.2121702307618,10.0947872625296,168.30087434737,136.831053482905,2.33170332597383,53.3573813514026,2.34604451365276,17.5856430060515,0,5.89364890194756,3.96158923964928,81.8860117038956,0.025,-3.6,4.5
2019-02-17 02:00:00,0.032358699784426,1081.08552561451,248.689183733766,55.6852464605429,205.378247826382,71.1656569958744,216.222314266167,761.334212127395,87.4839727448893,2.33959963499758,22.3636213078675,9.65073049492308,209.742268534134,140.867279757395,0.89589851452179,57.2076940155037,2.98562415090637,19.2482582952686,0,5.74331405188154,3.2265235659927,71.6649985075251,0.033,-4.5,5.5
2019-02-17 03:00:00,0.012992031974223,1242.52637835477,276.350306436722,56.0506939266279,190.520423275265,80.8622802255695,238.803799093258,839.235976758367,105.956007412809,0.313160330172188,30.5443006498744,8.45742259320698,234.956050706028,148.398928377951,1.06264127136252,63.5442309582365,1.59964280378292,21.9653335353938,0,6.8462643136926,3.83318658729226,60.0151039941471,0.035,-5.2,5.2
2019-02-17 04:00:00,0,1251.89806085961,289.413071491125,60.3038358975524,178.277804574954,66.1430169502285,252.965560753817,865.775906690252,107.453805904113,1.67539229806002,28.4296507906861,8.65030937437926,245.066290063016,153.717943055186,1.04113902541855,67.1705748386399,1.06812194035017,26.0635057393359,0,7.51750675389932,3.3860755339916,36.9084244250743,0.036,-6,5.2
2019-02-17 05:00:00,0.104941849352126,1420.35875983186,326.461459524146,61.6209973092629,155.789972447265,100.403197048469,270.31506912383,932.989581537408,100.031031953556,0,32.5123405631171,8.83411399823929,265.041427181799,162.373604747568,0.61880035508128,73.6815619109292,2.29088994148601,27.9353356438601,0,7.95329132058501,4.68963354734794,31.6377266656315,0.036,-7,6.9
2019-02-17 06:00:00,0.0466622072344608,1507.144851358,326.799048326432,59.45409382577,144.191739732765,154.152471374908,269.39333755635,943.537154525724,121.581741173475,0,30.651195096086,8.32571706039254,261.025366695088,160.975872343995,1.64250605983907,76.9868272114638,2.17166205072537,31.533973685992,0,11.0328706257771,5.90570550921484,49.9405756295627,0.035,-8.1,7.1
2019-02-17 07:00:00,0.0561080796693543,1494.52327770882,316.3301359004,61.011868635454,83.3126198244892,122.310560135449,255.752883210479,918.319087950698,120.090838141626,0.31225063081418,28.8295615807667,8.37377728206228,250.927574595063,156.338554249548,1.63226142095809,69.1562893597596,2.31216432707742,29.2345730534279,0,9.63812749085632,6.8431961303506,40.2704003856503,0.035,-9.1,5.7
2019-02-17 08:00:00,0,1304.29743026315,269.048658957863,58.6239931710348,1.48652786854128,162.895469109484,212.541353000935,795.941080516489,103.228722500744,2.37476000592003,25.6742830964025,9.21778339431361,205.630363124277,138.430576986041,4.21964240453778,59.721107096866,2.2386152559933,27.8538461623198,0,8.68615690427401,6.17801279098146,37.4386454344301,0.035,-9.5,1.1
2019-02-17 09:00:00,0.000621766982834963,1271.71306237316,258.275519283918,59.7066333912595,0,228.078287410983,196.712993265762,749.379878274999,95.8210499835994,3.00130506553374,23.6186774305416,8.96376951560279,189.172253758701,136.339818226731,2.80483061487149,58.3608557753969,1.46283289164835,28.797465761599,0,10.5653849002486,5.8111984422894,29.5260706247527,0.035,-9.2,-0.1
2019-02-17 10:00:00,0.160796493052473,1341.91999240347,239.14544214841,61.4314297885346,0,158.495325910871,188.665708876377,714.369542159841,114.200269011349,3.17284145140035,24.1233857212588,8.78381520966207,175.27822062347,136.995396048413,1.42738454428055,58.9226855571213,0.168740065564702,32.3658484733965,0,12.9593503787222,5.67212560977034,24.8306335675177,0.035,-9,0.3
2019-02-17 11:00:00,0.209552047224888,1277.50741562665,215.953471066708,60.8187573184169,0,224.665485769081,179.087445045298,670.01211122651,111.837525250087,2.07317085484319,24.9501797580483,9.28701407955152,158.644614586499,134.519015045957,1.86134231957368,54.8585310829396,0.984753175034774,29.1882532799337,0,10.4879238804289,4.93191940251134,21.221772130494,0.034,-8.3,2.3
2019-02-17 12:00:00,0.286595633222374,1283.04478031443,217.270188558558,56.5404918249928,0,170.747622735986,176.321361173716,666.060771470652,121.579019663671,1.22776132771815,22.6252800012675,9.21511940958699,158.007939266833,132.264830314406,1.82497406537152,54.5096375296808,1.32500063743255,28.0764093403695,0,8.89300063422956,4.80738961491888,16.8400688837626,0.034,-7.7,4.5
2019-02-17 13:00:00,0.16953054583106,1307.8814455111,237.192329577808,57.1689866103267,0,133.1444115214,178.879835286675,681.932855870953,139.970642941125,1.36075674103881,25.6798674712122,6.98111520479151,162.285464944515,133.995539699503,1.71453772828102,59.2562487225691,2.71720031572166,29.6979937826192,0,12.2886338904085,4.79884865235603,16.4215651322279,0.034,-7.4,4.5
2019-02-17 14:00:00,0.0961892482206544,1345.17625707943,246.969224401866,56.5369731304626,0,192.120279379508,191.620177815363,718.380896333951,157.349511736072,2.12534557270476,26.0653509253164,8.81135614583376,172.464193742816,136.355985463955,3.2466907567917,58.5669741629883,3.41611004146318,32.0397955577611,0,13.8909616316092,4.35071184003814,15.441776568806,0.034,-6.9,3.8
2019-02-17 15:00:00,0.114534123652638,1433.23403402599,246.467451051825,56.6114416484571,0,224.550056161535,201.29867200321,771.149112706534,158.922785541638,2.37696930722304,23.989586255295,7.5717593847484,191.21080201585,144.248150890433,2.71344154945268,57.387002708456,1.81409804485039,29.0345729282565,0,10.7232320636274,1.93148500406093,16.1995845977936,0.035,-6.5,4
2019-02-17 16:00:00,0.228643118616642,1480.28554548664,260.800473220766,57.65937324739,0,229.802895410841,209.339301968048,802.580332062002,158.007811819632,2.22328110069185,29.6113690235816,8.62278864895262,204.493462870097,146.718933107044,2.18093242545663,56.9315357746358,2.6675413291991,25.4305469112455,0,10.4271097116472,1.80786947906865,15.7535335582096,0.034,-7.4,4
2019-02-17 17:00:00,0.42035100530849,1563.33640396115,276.289658945011,58.9602770032049,0,198.025498328927,216.404632866801,831.937504037114,155.017213802612,4.18133468025515,28.4023645294132,9.9085315071533,214.830718082015,148.548005531033,1.68942132291725,61.1448915288426,3.03304003757593,30.5565295353243,0,13.4317581219582,5.27141497579129,14.3790700258756,0.034,-8.4,3.3
2019-02-17 18:00:00,0.399365077114544,1591.02883291256,280.257066351708,64.1411854871193,0,175.224080274276,217.159064027511,861.812087829216,172.242213932722,2.82718283896439,30.2462511810019,9.38583078554609,220.520760471723,149.539098905885,1.86506431683241,61.0889574146532,3.37418160207124,24.4163348951856,0,10.6313228994254,5.27999656091558,13.8517677196548,0.033,-9.2,3.5
2019-02-17 19:00:00,0.338743833999252,1552.02966013722,276.041566173246,62.7590477602579,0,157.119826275217,209.401494574768,864.61655697533,151.810702028842,2.66847378593582,28.6802283475077,8.8226179578179,221.759840725958,142.574087318407,2.4504892899441,52.8167965711568,3.4704378884779,19.5829663657364,0,6.72871721636411,2.44877675402582,14.6733257933914,0.034,-10.1,5.7
2019-02-17 20:00:00,0.401495775198879,1516.25363182701,278.059927266709,61.6539629831249,0,168.747712820671,217.155446081469,850.946096909156,144.779370149424,1.7621745105486,30.3548559167642,8.70978570446152,219.060712032121,151.637720468747,3.12374388453364,63.4160920138496,2.61856647659936,34.0715981751262,0,17.6516605202875,7.72890868110393,16.850503860012,0.035,-10.7,7.1
2019-02-17 21:00:00,0.326276360245323,1479.3334406352,255.185768691655,62.808724823553,0,122.948891947504,197.228975582841,822.068351424428,136.302306189635,2.33020913765749,24.1216403805717,9.92024528555848,210.139091008799,143.849506337227,2.39446080772715,50.7987545251574,2.10477832423899,19.4906246216558,0,7.39757302544226,3.05864971276209,21.1103875975483,0.034,-11.4,8
2019-02-17 22:00:00,0.12591434234171,1396.93464009561,242.875396568326,58.9198904203242,0,156.254770940656,189.169229191152,799.772040969867,134.001346119744,2.91158976149895,24.5985472765641,8.63345179218688,205.765136258943,139.395098742175,2.17325436560493,46.0536807952847,2.33077836982538,16.2252710821826,0.354921025173858,4.51304948247726,1.67450738113696,13.2771428770023,0.034,-12,7.2
2019-02-17 23:00:00,0.100034850017867,1320.18907546268,230.494202398076,55.61067619397,0,114.609615235877,176.117655784782,794.828422446317,115.26409301501,2.89072053005251,20.6322823192081,7.56203662530912,199.143944509365,135.075904075279,3.36269363812959,38.8330922695793,1.92437869697467,11.4295484321141,0,2.89826338695282,0,10.9528703601966,0.034,-12.5,4.2
2019-02-18 00:00:00,0.427215736816054,1297.14532869629,232.421877316465,57.6827074586921,0,19.3346728657174,176.83127135155,792.605460499809,106.700867253441,2.85361510879702,18.0247026158794,8.56127439851869,200.492280175735,135.833413879252,4.28181035919941,44.2788418803256,1.93495585271489,18.4982170357635,0,6.17754170179998,0.556135761208436,11.5704363191657,0.034,-13,5.2
2019-02-18 01:00:00,0.291200803078353,1278.65749640173,222.858656715096,58.846071413449,0,48.5136791942521,168.53639943256,802.689970525437,107.507850097816,1.47375993722393,16.9888831129323,8.24795620281092,201.158741030547,133.223693829779,4.10047288482157,36.6758977478332,2.22878475074644,10.7096479593247,0,0.744036389390724,0,11.5894509848935,0.035,-13.2,6.7
2019-02-18 02:00:00,0,1250.89608915681,233.234591176218,65.1213645495039,0,121.634478645246,169.142947811061,801.836688984575,109.382006016683,1.02115318443299,21.0368337507456,6.46311620868559,202.068304699109,127.509141407112,1.11064086047964,37.3195311341256,1.16375012661625,8.63215779921977,0,1.30313113217579,0.644982216211398,11.0218770535239,0.034,-13.4,3.7
2019-02-18 03:00:00,0,1277.17359992031,233.847725013659,65.4822934161227,0,134.229564061622,173.767083899255,809.24297381382,108.798033127493,0.482322421118407,19.6500919219564,7.37526454952743,204.620732888563,126.662988063509,0.967428691690097,38.8244156379581,1.0242885685699,9.63075531314872,0,1.66573288804082,0.660188238831911,17.9580689295457,0.034,-13.7,3.8
2019-02-18 04:00:00,0.134074808893999,1310.86385233431,238.60103088643,61.8557067753755,0,46.8676985784473,177.354473138346,827.50754087062,110.684194257249,2.06769073744498,22.9793508157622,7.62910631711116,206.67484173954,127.101383327094,2.37802105753429,39.504401792079,2.39397832646315,10.1758938244204,0,2.85823527919864,0,24.0680380784908,0.033,-14.2,6.4
2019-02-18 05:00:00,0.303161066852781,1344.53948766525,248.177814814126,61.5829186950065,0,45.7912742405958,187.106287056147,838.075793253093,111.483270353693,2.67921097744679,23.5693501957597,7.63028012458245,205.330676145288,130.386117658297,2.37870742069463,43.702763332843,2.15300165841199,14.2467380016589,0,4.82278436634427,1.04887820659666,39.1964915217601,0.034,-14.4,6.7
2019-02-18 06:00:00,0.337324712105009,1332.24435170276,251.233325025318,62.6295677720074,0,355.671448087649,193.710883635694,829.965509304453,109.893006341379,3.98479600875423,24.6675227759908,9.17296750929422,198.905612830105,124.854467260101,2.86029757969191,49.1556309833461,1.17713824241854,19.6226134448402,0,7.60617435192267,2.84578570839658,42.6413559100423,0.033,-14.7,5.9
2019-02-18 07:00:00,0.230462390128146,1407.24262931739,282.319860743784,61.0225500775172,0,182.613988695344,203.345100927238,840.247340117186,105.983067463175,4.36279060183189,29.742075086167,9.60022699233851,205.223831422571,131.82384166342,3.97088891323632,58.8893746560006,2.25434337097887,27.9190462169931,0,10.8395816805834,5.34747107986295,52.41712699931,0.031,-14.8,5.2
2019-02-18 08:00:00,0.064279082685506,1441.83826737954,289.606384794991,60.1926853632526,0,179.557192368304,216.956878375045,871.288664572606,135.008785375758,6.13571055178114,30.8652490460876,13.1557433100639,212.53325951895,146.081649249171,7.04694194644188,61.4652796528831,5.53909430773192,29.9603749738292,0,10.7665006964785,4.56863462031585,55.9308223634329,0.029,-14.7,6.2
2019-02-18 09:00:00,0.162670604877531,1536.97459399627,308.865816732735,60.1805341572997,0,347.229433417679,226.094733715924,879.585642714877,165.629149447442,5.73658697883649,30.2490826517856,14.7134728008536,216.687505414132,153.080218009179,8.09651925804035,68.4872098143271,6.59164265085615,39.2338774542874,0.0296246843797993,14.2708285870065,5.71519948553533,44.4092136459665,0.029,-13.8,5.7
2019-02-18 10:00:00,0.294561357953873,1596.02927884107,304.272242808896,59.3029167607796,1.1571222098942,390.770781284081,225.639836620601,903.132819648495,176.243905192382,6.13516934183013,32.0431582758232,13.9472492033098,220.281665553189,149.957755092924,5.61567201936856,65.8016871732569,4.70555717236265,44.9152667228533,0,18.7445800482438,8.58880983234566,48.9783899169852,0.03,-11.4,4.5
2019-02-18 11:00:00,0.622584224504383,1542.52126869909,300.075769609067,60.1338917415441,0,552.327061245945,224.001235136361,902.975137224802,187.512398505744,7.20663050489972,30.1754441688055,14.7734443389398,217.851264521502,145.430435500162,6.50980334690667,56.4623557124816,5.0160976192999,36.6216939589481,0,11.1139906281718,5.81336933094503,40.7365737829946,0.03,-10.2,6.4
2019-02-18 12:00:00,0.677642434394694,1678.3700940348,339.683910606473,67.594710718779,0,550.69140130591,232.788519154081,974.423929448824,170.488429022975,7.02208889927187,38.117338507827,18.1748468443131,228.832337957739,150.198348438553,9.12945137199797,73.7109547196854,4.88603265287668,48.8167036590048,0,18.2093722950065,7.40591547597055,26.93172798152,0.031,-8.3,8.8
2019-02-18 13:00:00,0.538835578712905,1635.79066641369,336.489197080363,67.3879726082369,35.246656083247,515.117628552969,247.873838385669,957.212073099071,214.346519983126,3.95716123819301,34.3939322975463,14.3363693746596,225.625685802866,151.709343354177,5.07838995843975,86.9971187457666,3.33332289598113,55.503107112205,0,24.2657401212595,10.2382076302328,17.7574824478868,0.031,-7.8,9
2019-02-18 14:00:00,0.893106680414011,2173.1530912153,454.12843265813,84.9380322321827,293.992016363658,470.021089053878,297.110100622638,1110.09701421101,362.021414490496,3.22854032124042,47.1457422411111,19.4971241953595,240.700118806759,179.668509348341,5.8373166555402,129.1064776968,4.575100604136,94.9323778326674,0,49.9076328716929,19.4195475500094,22.9332098825874,0.032,-7.6,9.3
2019-02-18 15:00:00,0.909732301775095,2069.91002310558,439.747005331634,72.9490758604245,212.838642655047,554.257204003718,294.579260601484,1063.79696924263,367.294960611223,2.84862283845868,44.1029818784688,17.917842564799,241.781870897683,178.62437553634,4.28459051466771,130.203622508189,0.786095801050121,102.723517829802,0,56.614413943276,19.9419033413996,16.4991112320771,0.035,-8.6,6.7
2019-02-18 16:00:00,1.03795401537165,2478.47506305887,460.759624298395,78.6072700778947,195.090103665773,509.01566120945,314.20250318511,1116.98831020996,444.94880048096,3.51194376889608,46.5969283098911,16.2425766629518,249.487995730322,184.29864694988,5.2298605302953,141.664483316476,1.41278523613753,106.284133380388,0,57.687479079055,20.9691355177077,15.984034513021,0.035,-9.7,1.8
2019-02-18 17:00:00,0.564684212160134,1838.67943842937,358.67007537022,68.4667604624481,360.964213722374,382.4920526386,263.176177427594,1034.44960883159,335.477046502388,3.3149264233862,37.979497669952,14.9286278044772,247.70846709422,165.486583972948,5.87168418769111,97.8438508949125,3.61675901046235,64.9661536409342,0,34.2009256086917,10.380087954534,16.4628031843305,0.035,-10.7,3.5
2019-02-18 18:00:00,0.616074627507286,2137.63109276807,409.588407830163,66.2088597246074,434.153300555459,745.047488018055,293.960863351162,1034.66266809408,271.128392227031,8.76839807647929,40.4061439031819,20.9756863001385,242.2564585683,176.84991878521,10.30100503229,128.319333461181,7.55582700132314,86.4910180004494,0.67920220847647,48.3571472484769,19.1332226491258,22.0188640881251,0.034,-10.9,6.4
2019-02-18 19:00:00,0.761029189310666,3245.94007552591,483.11247238674,65.1856334444032,459.041269198542,317.594829537269,361.17342802679,1033.68634045712,257.622705415256,5.5820771841515,56.9547439472453,23.9069550159064,256.9755100747,216.954344092476,6.59646657876616,196.514391811447,9.78226052505278,151.035802812111,0,88.7394311960472,39.64821697297,36.617318881777,0.033,-11.1,5.2
2019-02-18 20:00:00,0.78401121712265,3440.51964386024,441.075838034352,66.8173083812878,327.163350704265,346.034619936433,334.251340840629,1024.78092976105,245.829382645367,9.86665492792852,49.043003807747,23.411512958515,259.382811548073,196.681194177968,9.7849154873776,203.687871233517,14.2472330598178,123.721402893406,1.68223860711508,68.2485591324781,31.1409488035843,39.8983913466181,0.032,-11.1,5.7
2019-02-18 21:00:00,1.32042602214761,4224.72586588344,536.847785869169,66.9328129027765,438.240486441862,294.262978888093,375.142664813281,1088.52367357833,302.200784336511,13.0590803274633,60.8106985341533,32.2712142412719,265.111816998779,223.215543289483,14.5907262105694,223.80416205143,21.9708981458681,152.000418904072,4.65941233974335,85.466194009928,39.1561570781512,44.8277576737242,0.031,-11.3,6.4
2019-02-18 22:00:00,1.51542333896693,5722.05118601753,639.152797710334,73.8116869149516,623.947533880852,354.105992364877,430.250222047505,1179.65508803826,397.235380629093,22.4654114572227,75.4973463436054,40.8663570441134,271.575014686679,259.816258749282,19.9361528049663,273.710861111205,33.9482975741311,191.089964567774,11.124444448755,106.407394219424,49.2430882532354,47.7623608851914,0.032,-11.4,8.1
2019-02-18 23:00:00,0.983719972573761,3184.93971933383,474.466534940778,62.7041735472476,368.602802935357,290.540752347671,331.337091156607,1098.89324371565,307.007745932258,21.399364502097,55.9618152920537,36.2031691873599,266.667940223126,217.716499403692,18.7000920674927,165.314255018464,31.1781884320622,98.3810199962059,9.04241270390662,50.6981400149444,23.4524943493023,44.0612989779773,0.034,-11.6,9.8
2019-02-19 00:00:00,1.00149649857017,2505.18707146825,430.950039670382,64.3679014038883,297.073877677954,245.026590826351,291.090229647568,1075.28263060725,257.351495632042,20.2843354502163,46.3401098147773,35.5097349496873,263.826063761309,197.81008981484,18.9092461526982,112.827539750029,29.4116505996452,63.5295281558449,6.87507611459673,31.2915346417579,14.8693041945362,35.9123223554553,0.034,-12,9.5
2019-02-19 01:00:00,0.961676103048273,2540.70814174886,478.225912912918,71.7189635726989,375.849812910994,315.093222908787,303.095909686481,1109.01083669851,328.699268424309,34.9667933431636,46.2515521884213,50.3042816082288,270.720447862264,228.431333372929,27.2734803453934,132.334795501432,45.3457373929544,72.2330229671479,11.0460228660765,37.5757296659494,15.1511213776958,45.0524232517075,0.033,-12.5,9.8
2019-02-19 02:00:00,1.08470160529554,2797.6203756747,512.198893270781,74.1285942792106,439.091619413911,284.281010247625,319.220750104844,1145.09796547882,359.561637608443,36.0888570419099,52.3155884169057,58.7970862961817,278.570616558626,243.675601065844,27.1872453636363,139.303123440875,50.5794913948577,81.500791767454,13.066839466359,38.385740719891,17.4902257979901,46.1798508277894,0.032,-12.9,9.8
2019-02-19 03:00:00,1.0060816998939,2923.97089771365,613.263100582574,72.5018401123784,477.556002195927,307.927892925906,373.607792819685,1179.05518054246,429.48728227707,39.0080549600343,69.0990645372221,70.1819967728368,285.202980802396,270.464433995351,29.9615850782094,192.928972846422,57.9375322777888,143.943191878661,15.0270087579696,63.5682539590846,30.1915032759735,48.6875501641013,0.029,-13.5,10.8
2019-02-19 04:00:00,0.953001551109823,3013.17857353205,785.073361411041,73.99179432595,555.179773504058,265.129373377372,503.950369568632,1214.13163382287,464.391895144892,40.3034349277298,72.4282504787103,73.4116722321337,290.782930288135,293.429901615875,28.6507393885201,182.956227199295,62.981138522695,142.350531843473,16.2196109513721,54.7412131858235,25.8645368107354,53.5054514112554,0.026,-14.1,12.9
2019-02-19 05:00:00,1.42673408828706,3780.86286437755,1095.06763222367,90.6792649961032,854.69052402031,94.6925585349096,743.00816362024,1365.55876990653,507.580935441965,48.2344706284102,94.4825389058881,82.1951841429186,300.513557960176,381.127326607368,35.2504955426529,324.828614040788,69.2328464424234,259.873138490708,18.3244001690755,125.024985409031,50.9463435609681,72.7445316696865,0.025,-14.4,13.9
2019-02-19 06:00:00,1.80231107368262,4307.43679111042,949.511571797163,94.8292178557029,749.38898051418,156.106897058667,555.621890611333,1366.57897696736,521.773028371085,53.1992111618299,101.411480910647,92.054481508637,284.652281207671,354.033909834483,38.5069562389337,334.246098236015,70.3063752324271,282.449045528041,20.0362047329725,141.60769433355,63.3312049597897,98.0660115147196,0.024,-14.9,13.2
2019-02-19 07:00:00,2.62366464413669,5718.12426540101,1227.93261866603,95.2876041462506,970.611727697794,58.3290886534086,804.884347517111,1371.21200787352,553.108541914514,55.8803108106131,144.757181732317,112.940306454091,291.027772331321,483.612990650145,44.5896143192063,508.134712122406,77.015495549106,482.461999714836,22.4713494689408,275.78213823291,124.444657109744,123.569765127177,0.02,-14.6,11.9
2019-02-19 08:00:00,3.24747544623224,7745.71855095887,1522.87303076283,116.864009374928,1022.78129426223,463.435704755875,1031.06202520769,1385.11914526738,665.94110438873,50.38203983309,195.36621185609,128.825984205234,312.122377469044,591.650967745492,47.2573256223208,722.993257924189,73.7022980761864,734.128205325975,21.4673149580576,428.96392574774,194.150136242124,118.481194373331,0.014,-13.8,12
2019-02-19 09:00:00,4.81517777874205,9469.98790770081,1437.67622320987,112.001598338631,1057.95785739463,559.229941107621,990.117539828316,1481.49146173429,800.385392946548,45.6429061791206,188.570575733165,117.408365301201,328.642524146368,570.630617171223,45.6954945946964,684.810951986357,67.3422655792869,657.951935026284,17.0158820613935,370.641262202517,164.421829265959,315.607133266345,0.012,-12.9,21.1
2019-02-19 10:00:00,6.06926393952067,10916.7445922331,1665.8999513703,145.120279569029,1436.67097556712,578.38984989165,1114.43210214432,1809.08937729975,1102.38282365452,54.5850548923312,198.138345058175,130.268819432708,349.378496866363,672.068669829644,49.9920642515331,842.65443672541,67.2746182371701,810.390118453447,19.4696960751244,449.069165162183,193.464380017537,267.466291283476,0.02,-10.8,10.5
2019-02-19 11:00:00,5.01185325018862,6369.21430929257,997.358112269766,102.345753973797,985.871718315938,640.198809437766,687.735008979504,1390.80001424294,588.524740627054,28.4418771280085,122.549782491436,76.1282000110416,309.015975902198,421.288880925515,25.6246470326568,476.665389421291,34.0585436137475,423.175359747537,7.75914965499952,223.8829232685,96.7638850170086,109.570754222226,0.024,-8.1,12
2019-02-19 12:00:00,4.1379835916437,9424.84140971986,1030.96225506593,103.068935055603,963.304854964146,729.396580860152,696.973595731174,1420.97284490173,721.69922383186,21.932801045591,130.271523051076,71.830230838271,318.251588194062,384.093143147818,22.6916365957315,451.569353936317,27.7991916894592,418.034593658539,6.82298064691316,210.925067347854,92.3058267638967,112.628187461918,0.026,-6.6,11.5
2019-02-19 13:00:00,2.3442446984109,8754.99672596963,813.11777843153,92.0796025260091,701.357311678388,671.074497904878,564.509859686593,1361.6291110178,666.673816780412,15.5915427990046,101.985150352045,54.4654119743072,293.286090493059,290.773908254129,16.3430395880744,349.150119105939,18.6510093617083,310.611626053038,4.63675103349438,145.031632379886,63.0869405090712,145.90601264296,0.031,-6.8,8.3
2019-02-19 14:00:00,1.56996280683336,6259.702570944,679.054420022857,110.224453544971,613.370320343189,611.363583413333,414.865641175669,1374.23576179362,652.501891981679,12.7508029724935,67.6296612858916,32.7292503624294,233.696818005785,234.319945254008,11.2394124690649,231.421477628796,11.349671319269,221.945075150747,2.86527137588049,102.210733914701,41.8708045342222,40.303529557227,0.034,-6.4,6.9
2019-02-19 15:00:00,1.18198066516837,5592.14887088577,725.726679462772,103.785560797985,660.852834489028,530.904279929092,478.016192898786,1244.62635038657,620.018889883265,10.9080737696775,74.5341883359683,27.5033835874621,211.584098500301,281.199532910316,8.43980235596303,344.119083100372,8.5926563156532,319.193114000165,2.93447470504213,167.105420981135,67.2110414738742,23.9058023676047,0.035,-6.7,4.8
2019-02-19 16:00:00,1.00770480533577,5030.64170227282,670.46023488851,85.349571882593,724.403531994678,424.257251888101,484.160099489262,1097.25629904012,402.226249606125,8.66894988794584,72.1976790897033,27.1834867772468,208.598168494716,280.145260199938,9.00900698027002,336.173491453044,6.65752979224779,313.837906264997,2.28019106813707,175.869303112816,66.8549652196267,27.8107534828561,0.036,-7.4,3.3
2019-02-19 17:00:00,1.21119281818078,4760.34634531308,686.904021343428,97.5798721986244,788.347270565998,525.134417233607,460.424821042093,1110.36176521626,443.408296585219,8.94333111368967,72.3432907263161,32.2227610564292,209.69053058189,282.828863532857,12.9149177144422,319.449148968127,9.98231392818906,297.84543772502,2.31334694614097,173.673102680037,72.7950033419822,32.2667851760372,0.034,-7.6,3.5
2019-02-19 18:00:00,1.32935013461658,5791.46601719211,954.036885045585,96.2865934804454,957.138423770302,657.663971979676,622.171209085627,1233.68607714346,543.291751658547,14.0617877569454,99.6147300553331,44.7232319030067,240.59422812857,326.67654352246,16.1433172207727,456.078537852116,19.042712648244,416.556007287765,2.88014839982215,246.368121187208,104.747368047161,88.3621848576731,0.031,-8,4.7
2019-02-19 19:00:00,1.77177138568348,9762.42724127287,1058.05652407548,94.8392412434274,911.323222770931,739.323621152619,761.234683903925,1320.77482773495,680.138803408945,17.1538982996834,150.255954268765,64.2049262255212,270.418138758582,362.824181361416,24.5728082851956,497.451067457437,29.4495020528904,454.86684560054,5.91803526506283,253.620047678764,119.343686163243,272.94684708353,0.03,-8.6,6.9
2019-02-19 20:00:00,2.27608726053784,12640.0629091885,1253.2316685774,101.819029045087,1097.61916571173,622.898717167159,705.75860748312,1388.44558152507,837.468380877145,37.584287661837,143.93419357356,76.4282444943214,267.319855147055,364.589839332754,45.7444383456874,448.618371591344,66.7201264658089,416.061305930242,20.2202896306366,232.940545375317,114.466029269775,228.330852774032,0.03,-8.9,8.3
2019-02-19 21:00:00,2.03256601275273,11073.9110042707,1106.63259114134,98.2322745641392,1183.64808032109,491.846026860244,586.264071368716,1525.21423876187,684.774447867321,26.0267615201126,112.944873533487,55.9576066941901,246.364813177685,357.014032243723,24.6972731218287,404.610022697978,37.0721643402377,354.374971541893,10.970953305161,196.697177095701,86.2257331543488,57.4611838029703,0.028,-8.9,9.1
2019-02-19 22:00:00,2.32483053909896,10398.5359169906,999.936719295896,95.8839569905445,1159.7937669049,414.246015330861,537.675192271451,1475.89005973994,685.778788227878,29.4876964292681,105.832147518161,59.8877745078097,241.255731280821,324.471844016375,27.4873479162596,340.752716033359,43.6447254748828,296.380630887114,12.915678072824,166.920572750343,75.5184443693966,50.0501884692794,0.027,-8.8,10
2019-02-19 23:00:00,1.54225374527539,5841.81387617375,673.515515255435,85.8019246821757,936.077176428145,396.677136831858,374.826631376383,1224.98551788357,572.255419760255,27.4881648621944,73.6229208187907,49.2427317646576,226.928490236985,256.132312224591,23.2677132273699,211.511884083334,39.098084574013,163.893920544121,10.8502654538025,90.789019094012,41.6152560132614,41.4428650847108,0.028,-8.9,11.7
2019-02-20 00:00:00,1.41393962674891,6455.91189316048,769.692307430361,76.0369134551532,891.644336472213,379.648304747175,440.481533069989,1199.77518709199,598.417332024445,26.0832704960541,89.296866652967,54.8550111775623,236.111756427301,260.541475220702,24.9019561400771,260.464832431941,41.7108592629869,205.648342164523,11.0499848642918,112.348532776936,52.6113498207212,118.94957105404,0.028,-9,12.2
2019-02-20 01:00:00,1.61166097694527,8002.15975293049,922.521043424563,74.3794590647112,851.373139691663,412.102123619543,529.270236159439,1230.40882103266,640.143769880284,25.3836085013101,119.362821431093,59.8005463604422,238.695949623635,288.217144218031,25.5116680972133,326.2207247919,38.0274219441183,273.692218313537,10.3275159230686,150.486926317319,73.7505500594182,241.978439731863,0.027,-9.4,11.5
2019-02-20 02:00:00,2.32228917886459,6441.6491564211,838.891519301724,73.714400445009,800.390063422398,310.914589410946,437.74552964603,1256.43060289683,385.932391043915,20.9686659491763,91.9375279908013,43.4093399010459,218.593851614173,264.099282360303,18.2122588203389,273.789626790217,26.7061627055355,212.396746803555,6.34176422639867,117.827821884321,56.8417772256843,119.099857563973,0.02,-10.6,13.2
2019-02-20 03:00:00,1.97083983584859,5483.23458594898,707.06901800856,69.0553570793822,714.178080840498,343.050962196622,389.958801822637,1195.35943261674,369.872061319656,25.2544343964444,77.7362969807365,47.2333322508528,217.047908200606,267.59866441848,21.4988910614998,247.219381711126,31.8825737775507,182.448098863762,7.81791919219562,101.840374971804,48.5003948991748,157.9298379159,0.012,-10.9,13.4
2019-02-20 04:00:00,2.41741275529666,5463.39646352998,783.000190572724,75.8609054241356,693.565345675961,323.157467043272,466.330903175642,1208.54292792898,395.321108096526,23.4091715017943,94.5012085700881,46.987662097384,216.756217159214,311.169251083391,17.3793815319301,318.909338138475,28.4687077648737,246.083624824832,5.01682611203869,140.392487216573,70.7370831080519,390.01688900585,0.004,-11.4,16.7
2019-02-20 05:00:00,1.7571197768484,4770.47264949783,754.749261076077,72.3621593836019,669.500000668969,139.586652129357,471.974479925701,1109.72334705966,367.826401986977,20.0995230515266,98.4084445997025,46.444599963189,212.419318256656,308.773192306963,15.2615359114242,309.6729340678,26.7304381012946,256.834080208599,4.60832425786885,148.222609816194,74.2815280018005,256.11461580527,0.001,-11.8,19.4
2019-02-20 06:00:00,3.26965627179184,5002.61787140061,1089.80147620337,82.0145886977633,686.087670710306,246.414958133704,709.071496485751,1203.08629725104,445.26021139087,20.6293154178984,134.2486014435,50.1070575100598,188.696876005469,371.373582384313,19.3163113939131,494.860689096918,27.9137666347116,437.777038269709,7.0539623276306,251.109053522519,112.798530725572,290.394049232043,0.001,-11.5,12.9
2019-02-20 07:00:00,4.30741067536603,6819.46083292373,1474.30710775477,87.2066131860101,980.186277769199,213.080801951564,890.830007121425,1474.39223242077,544.324034325488,29.5808741142392,172.82635640772,66.8400411385954,211.712470977729,461.345741754369,34.487803679041,611.513063735404,38.4699575664245,547.55039358388,11.7174088028664,325.247253481584,149.89501875914,238.376028341744,0.002,-11.2,16.4
2019-02-20 08:00:00,5.21818130895995,6783.87186279212,1605.20610819551,92.5002530168495,1203.4843418826,594.048646628138,1070.56377944154,1521.36757640772,591.805589382336,27.189006203606,196.459905485348,74.3527389323451,228.923227014627,629.639690304242,30.1778051878988,921.692524063879,36.4763046564912,905.514850628822,9.57556047850273,509.458134031277,207.212359411382,139.311365291107,0.003,-9.7,16.7
2019-02-20 09:00:00,6.0421732838603,5540.83977208247,1057.71222588914,89.2699639192693,1288.02011913527,616.260418919052,650.421040905718,1425.18969757511,653.018211385728,21.9850036289324,137.086132445221,62.7282880964805,227.208898471598,380.248559866819,24.7064184521955,458.470171220462,35.5318844720874,426.528046340981,8.83539376636031,244.478984073782,107.97705388957,68.6088475495243,0.005,-7.3,15.4
2019-02-20 10:00:00,3.81707473671226,7732.22917049384,1011.06201834397,89.85433488328,1210.29440080836,751.16623037908,683.248858924423,1427.39283471024,648.824828397194,20.0742954539022,133.044005994622,67.0953026412168,242.629433677572,405.137239755423,20.7966095274921,491.394985091561,29.1507556854563,446.304959025425,7.63853764256974,248.439705724038,107.935794323952,88.4908689135815,0.007,-4.3,22.5
2019-02-20 11:00:00,3.34488302248877,8650.83205838713,1136.78327457686,90.5107804678444,1378.26243443205,830.590448852445,784.875743712598,1436.87289278227,694.892767740322,20.6665054260533,144.813041016254,73.2461792481781,264.683472698103,453.056456871197,20.5835756321942,571.051526577503,25.7866606146431,512.21660599178,7.97312381251585,275.260723527893,113.89415408398,109.796639935589,0.011,-3.4,14.6
2019-02-20 12:00:00,2.44452984288651,8278.41385047866,862.725950158334,85.4406928685123,1173.1677957475,821.739913447155,574.576345279656,1307.86009678115,643.287181095138,15.5461041131141,113.634544029793,59.2914675985386,234.613351696723,345.534180283845,15.6329289581481,400.652998388342,17.0060791893138,338.685646679123,5.54112383465919,178.211718538728,76.5211516523731,79.9765375436291,0.016,-1.8,16.7
2019-02-20 13:00:00,2.23031334502088,13366.31644812,671.593036391802,73.0182593627953,967.382390554431,789.107673362913,455.073500916316,1355.39614476271,589.877246491349,10.6610871567047,92.1031611563232,44.5534651612882,218.07292545831,265.237325721724,12.2110218526234,278.999921413231,12.6332351795091,239.542078077425,3.03119955735566,118.203812623931,52.5844092366986,65.5201306407027,0.026,-1.3,3.8
2019-02-20 14:00:00,1.34469197161727,9005.64492072535,541.409789282574,66.9833228826837,621.751346120252,257.826851415256,394.175005322522,1293.37493323194,463.627861108313,4.8879196937694,86.7670272821743,25.6736955305367,190.721545237232,194.574853502639,7.17327531785565,185.876070623186,9.69592336822766,155.237176896026,0.591283097585436,258.49542090101,53.0769974646034,46.3791491362331,0.03,-0.7,3
2019-02-20 15:00:00,1.90823231691861,4734.02225657957,550.812890515166,72.5183412643919,410.1860960093,0,368.090207260415,1153.17548325981,465.328446724046,2.73012352340158,87.1476457689757,17.4976579139452,172.686037329413,156.069398994328,5.44410778284834,152.956518198479,9.86844767316269,133.764490243266,0,335.96224835203,56.9498193579111,29.7540025016996,0.034,-0.8,3.5
2019-02-20 16:00:00,0.902566486066724,5354.83662737838,456.056256741953,66.185726811261,944.696811794886,0,243.28535882746,1518.4650079282,919.651217820358,0,47.2405461399178,15.863209894975,162.016902423192,137.667697842271,2.11236892094572,112.979927720031,23.6484370455046,101.935613753313,0,65.5698144734976,23.939293358181,19.6299301326739,0.034,-1.4,4
2019-02-20 17:00:00,0.738190601712518,4800.59148659447,543.991799328727,76.9299466370849,566.710681711666,184.646464298345,312.634761462966,1102.43885610466,448.769903790068,6.48452084747588,51.0972044113616,23.3447268509029,162.484976933223,158.376997446837,12.2395238045646,160.44949296153,9.53524584562639,134.479891359532,1.41107343131751,78.9196622413311,31.828868714311,28.5225657130007,0.032,-4.1,3
2019-02-20 18:00:00,0.529030894532606,3826.42206896362,459.441765381561,79.4189524913253,1155.7598434279,0,256.49473284327,1113.84093804855,407.904451625491,4.12519271420168,40.1168250317096,18.0359812637652,162.018702119867,153.705085125206,8.43112905143471,124.841526756912,11.3181218371515,96.0051453646714,0,57.510195734253,24.7468816233651,26.5473818568472,0.031,-6.2,3.5
2019-02-20 19:00:00,0.727163130164124,4801.8745184562,503.669735801778,81.3109470860806,1455.69936058414,0,294.771240507907,1076.10868180809,383.628586720183,2.41277689744508,48.2136349616326,17.5443134076436,165.158832004383,190.862039367789,6.8300536343635,163.765000163461,12.125663498944,144.100272599151,0,86.2104888580015,34.5460862754497,33.7368172709795,0.031,-7.1,4.5
2019-02-20 20:00:00,0.924575220821666,4415.27517896802,587.632138276468,79.4538804497051,567.483758889855,0,349.694088680797,1024.66812500296,432.605341018127,5.47104673561967,52.7263555808608,20.8989556915385,166.940880566119,218.912585285921,11.1049645904145,204.649879277116,14.7265941314379,194.822782703528,0,113.990189081997,45.0364467740475,53.5345530369166,0.029,-8,5.2
2019-02-20 21:00:00,1.69289504870678,8854.12291131493,855.338288414843,79.9382524578534,597.340816615724,0,503.907356516099,1006.17899280813,322.908011323717,8.24236236056593,99.5723289833416,51.9265779364974,168.844130417702,296.600516256078,17.9973815544007,332.446854367829,20.5258360316648,341.698241479459,4.84258703311429,234.093576379094,106.099297021312,93.1404707674035,0.02,-9.6,19.9
2019-02-20 22:00:00,2.45672172617918,9113.08891039244,1039.38083146943,87.6157585348462,753.928185892412,0,566.471857988443,1167.8202670719,424.715490201509,12.390491257137,125.752258361767,77.735833564166,178.898721646309,318.058586902182,25.6107053816004,368.246189443848,27.8998129312774,365.777100884953,8.08066527983455,233.167464976082,108.598687707147,135.364440199389,0.011,-10.4,5.9
2019-02-20 23:00:00,3.61396404173299,7482.57515998617,991.071307537933,89.6639197704548,777.917198478382,0,530.860532009435,1233.44349941447,459.747320154526,12.9083767770246,145.971836896938,95.7151988284569,183.203170970755,271.886690399579,29.3183944898858,306.266465266066,30.61107767547,290.481867234886,10.4467588084551,174.753538790183,88.2910187865391,160.344029901835,0.014,-10.9,4.7
2019-02-21 00:00:00,4.29878921216926,5860.79379452716,943.900622634996,87.4276884067575,646.665378177078,0,478.9110935838,1236.50837683149,417.437323765574,7.504272712901,110.354857658708,41.0655019547884,170.102432081395,264.341353223459,12.4367158838655,303.484153554553,23.253796187586,294.86008252644,3.37803855484388,182.303926206003,82.7378423270331,159.936758683877,0.007,-11.8,5.9
2019-02-21 01:00:00,3.27808388888611,4788.0185980566,1051.18719604227,94.0246957503809,678.897747068685,0,389.865971242251,1331.23173615746,441.239267371459,6.67775882463449,89.8755160812706,34.399157968771,170.267005555847,217.269562596866,11.2722398835727,241.842392978473,16.8880266638453,208.031617762808,0.914834364511772,112.776664447795,55.9469477911672,126.206102479151,0.004,-12.9,5.2
2019-02-21 02:00:00,2.57442891715009,3562.3792429781,684.70577963952,81.821296753167,582.594539879244,212.591388777135,304.541539940666,1132.28707284267,373.988575530015,7.55231825909954,69.579059377588,27.0732088363582,161.969586173401,178.504945206574,7.67981965435392,172.270176417397,14.8394839541544,141.58465270644,0.178989867400208,73.482399460764,37.0614096379255,97.8136317634272,0.003,-13.7,4.7
2019-02-21 03:00:00,2.6091520999109,3515.93107403416,742.607837155143,85.4780345539733,617.967453902792,235.915246538556,338.862456795185,1154.52105204404,362.039753212642,8.0496971421981,70.3136534432715,25.5242235649666,159.559551705263,226.287931723218,9.05006751268847,186.404376889988,15.0904719913226,151.591739669929,0,81.6047616146437,37.8766093467976,87.2293295932365,0.003,-14.1,4.5
2019-02-21 04:00:00,1.90934780715198,3100.01624802353,635.648636946357,96.6208695273437,600.625690842626,213.489369232108,290.803453852429,1083.68314875141,328.891514448739,5.99818850318078,58.007030042138,22.632851232999,150.120838388401,200.109218345404,7.18612982716589,166.725491976698,11.4914185730266,129.205512947963,0,60.9457728824125,27.4267045950384,65.3770760391839,0.005,-14.4,1.5
2019-02-21 05:00:00,2.2969751560423,3057.23541834277,654.6285137441,88.914241801349,473.497805943088,195.108891102158,344.352389132897,957.650126256542,279.256858506536,2.91030173334959,69.6366206648741,22.6488430437529,142.734543543214,219.489531749859,5.87404617084181,227.788993012494,10.8625684601177,214.263718017103,0,119.339788576105,55.7662386140009,68.1255850807084,0.003,-14.9,0.8
2019-02-21 06:00:00,2.32957051241946,4895.07061087567,702.345501380949,85.180667829224,442.724344073917,152.744749244958,370.143478766659,956.594756532783,298.420755314962,7.99608209458327,68.0204338540686,24.1141910121947,134.356289961113,221.345767203653,7.61245365781799,241.704560769384,12.8621382327565,211.479583125948,0,121.441669501048,49.5101638753068,69.2356000491687,0.001,-15.5,1.3
2019-02-21 07:00:00,2.28577234480633,5659.62435856122,632.349263571319,87.1139989736198,490.70726539094,0,402.796623468576,863.73112848068,285.92553587505,9.69368078252678,66.1231244565972,27.3491752362783,134.243216829079,264.868038441109,8.90006234702217,286.741790936002,18.108405448745,281.970222572118,0,166.711338545478,73.3437251287865,60.6919325729452,0.001,-15.3,2.8
2019-02-21 08:00:00,1.37846277649697,3373.99649683326,386.452659492398,64.2670817301437,221.778221042148,109.862891130116,265.334692056403,700.338120076535,174.007699275415,7.1813625480739,52.8299438082012,17.6707186705022,121.487413080943,182.254356962049,6.12634626815063,145.477698150597,8.47949844503687,132.302487041375,0,79.9713623907282,33.1849604577954,38.947070789857,0.003,-11.4,4.2
2019-02-21 09:00:00,2.20206008519827,2300.27279106502,312.906093766271,61.828946448618,2.03811298720318,153.994833593198,218.520321943466,675.801943456074,193.346722397067,2.36259729177506,60.4507706503442,11.0078264702197,122.630034143062,136.61142115109,2.9514053292096,82.7126088754424,3.85852118982842,65.3827062501143,0,45.0397738264186,15.6280040392484,37.424512464004,0.016,-6.8,4.5
2019-02-21 10:00:00,2.52975036647333,2373.26398740793,378.207790870066,73.3987210048529,21.9809544794159,170.367284416222,240.728084301534,943.82214688595,284.123641964828,0.989659097339416,68.4812205525775,10.4474385742342,127.430999520893,140.762506385181,2.39017717581427,79.1626073481425,3.0996713316884,58.660572409333,0,45.8375440673795,14.1102337017378,48.837821479703,0.027,-5.7,3.3
2019-02-21 11:00:00,2.1612176493037,2068.07490578242,361.9593552774,83.0176887741899,37.1616693382037,236.327166367304,238.361913548912,974.936797593366,293.305546951305,1.68742088594298,66.4598910085125,12.4248415750695,148.727772550505,139.430406343929,2.96685647523568,74.396825749906,3.63396374026272,51.0323447735683,0,51.6786874618353,12.4176868407069,36.4975255591096,0.03,-5.1,3
2019-02-21 12:00:00,2.02726441804001,1779.5823290343,352.802228697147,75.3409971516673,51.6390804129195,316.115702834172,238.302612585114,865.287356696992,324.430855072086,1.94193739888182,61.6632944194693,10.1785683798652,131.527490001591,148.140200960069,3.70971498697558,86.3095412274552,2.29241218708541,67.5078649647258,0,51.7550413031728,16.5663888729502,32.7942624013364,0.031,-4.3,3
2019-02-21 13:00:00,0.739951023991021,1286.00314415852,286.720477174359,56.8776131479285,4.99079083125963,335.9205825344,201.078845860687,700.990971431885,182.76223146979,2.53553876862175,52.5421305882287,9.5398774848982,134.025903225279,130.365259733084,2.20352463864027,57.4450387435198,1.10861708809179,34.9544006669423,0,23.1981215807968,8.13764599488475,25.5284157733422,0.032,-3.2,3.7
2019-02-21 14:00:00,0.498907010249816,1555.37650610224,261.519582418651,53.6308086165051,8.05607533226317,330.468082355776,189.853957222261,638.932905476321,142.337631718266,3.44639897017372,47.5100421047249,8.96800483754962,139.245742705606,128.397083731443,2.28344782767911,50.6103404750179,0.409703584769386,30.5157636514099,0,13.3002615280963,5.94061593335394,23.1687722764355,0.032,-2.5,5
2019-02-21 15:00:00,0.544871247831418,1236.89222254387,296.079870320631,55.623939638858,40.5885753235614,308.97133999641,224.806878920218,666.725175236045,156.048810579613,2.21382640879882,49.5381947251784,7.28305914134494,140.519331929125,139.620665571666,2.91703287582418,81.9114181675572,1.17267652024143,69.2178718515919,0,38.9969272565812,18.6676766382895,21.6262873393921,0.032,-2.2,5
2019-02-21 16:00:00,0.449689477445663,1941.60920573257,378.828953569739,59.0977263557461,369.041090248811,364.017357610943,231.227659007188,734.896876537899,202.604455460112,1.0369346622185,54.412201025607,9.07417199376339,142.561037659286,149.145468358507,4.23159445321969,88.7874809104975,1.31985774244501,79.8570571259838,0,44.9447756064353,18.3602711174511,29.0750997169061,0.032,-1.9,3.5
2019-02-21 17:00:00,0.70824388665133,2678.34852768258,508.607239151915,66.6651341610355,496.797379777638,717.302950380997,323.240163426756,798.251570800539,240.154598288087,2.49266435204147,68.194353749223,14.6834562570072,147.031911422259,177.506718063578,6.29738864891537,173.010797430678,2.02782522620033,171.227967438246,0,114.711908326819,51.880274743641,28.2186473774414,0.032,-3.9,3.8
2019-02-21 18:00:00,0.90200850248821,3714.63239638905,809.67995410126,83.3519826033518,920.269927164079,563.877398407978,489.306009216825,1097.39875569979,553.172613186524,16.1774262468914,90.1423908447847,34.0431730354408,172.633674092462,272.863533082006,19.8016553139104,296.343742709995,26.7956697996925,278.830384908876,5.63366527674231,170.044725465958,74.5809140482205,51.7418446378385,0.031,-7,5.2
2019-02-21 19:00:00,0.601528397877096,2544.35632813298,638.751767113962,70.7483180805101,787.169635957258,379.984398667793,373.641862981903,938.37508802773,326.287146795604,7.87411810892323,67.2908232700165,21.2836765801664,160.838900128102,219.124416298438,7.26688454760868,205.127229096222,13.0577167936179,193.649144459091,0.589136290952501,120.038895275235,59.7687089022774,52.3341215755317,0.028,-8.4,5
2019-02-21 20:00:00,2.01524072977371,4146.54406834365,1001.85517245924,83.6387398444858,737.753905734015,375.522724175477,720.717508534367,1230.09834939551,897.4206925079,16.6968954440973,110.21237600984,39.3593465666793,202.985618662209,321.773622856941,19.443104236623,610.339655514182,27.7999830648542,348.786885835447,6.69603022285798,217.302964947356,101.164874657904,99.993506117984,0.017,-10.3,4
2019-02-21 21:00:00,2.56338546533063,5505.30230720794,1229.86031030743,114.008635386785,764.509324698539,406.46283563734,1003.01264804912,1706.3977169631,1495.26335223882,25.7340532736015,139.764160049698,58.0155463221108,252.321130364471,454.286819654803,31.1572465316033,978.016869538104,37.3485357034205,451.82720157925,9.97915498342926,298.395271273182,133.512959611406,149.79697913024,0.011,-11.8,8.1
2019-02-21 22:00:00,2.27054318666245,4413.9766668301,877.4602244943,88.0901451643602,621.578477443299,301.483569805124,640.691865089038,1493.02321633323,962.07500708056,26.1343188360438,110.606725857047,42.7216534806133,213.056893985475,275.829540531435,30.5249412679444,580.425186445212,31.9415630187476,206.948746200681,8.63256404673649,120.326740497274,56.583186921478,127.455221087383,0.008,-12.8,9.5
2019-02-21 23:00:00,2.37346546587847,3697.08352699937,878.53648097465,79.8636472436304,531.954038680706,242.580743990702,563.238568970812,1416.90506135608,699.30170622158,11.1006130147805,109.041233242605,28.0126612509332,202.548841862468,227.968151049285,11.9482866733567,514.926838823757,17.5661271689646,182.347615480007,1.76468057088735,97.9878375780471,44.600226706281,102.382532251076,0.007,-14.4,9.1
2019-02-22 00:00:00,1.96317706009079,3666.15309484352,777.907269118554,96.5722618800801,466.63425715847,173.677711444885,521.468181282664,1306.31060335312,561.851249212554,8.08637880815791,106.993216621782,26.8571022480564,184.846214767752,239.917487846818,7.71375454924655,443.58830139701,13.603222653147,241.115799366483,1.04493243077815,147.302776613763,68.4178921064335,121.644683390751,0.005,-15.2,27.7
2019-02-22 01:00:00,2.55636769207072,3058.53211537366,836.30949131264,93.1657840571626,492.825286839731,218.342246924688,494.673140764686,1290.68767085252,508.308642083724,5.93494686025744,108.131440135249,29.272030873001,180.299394552954,216.726804048364,5.93326161250719,376.937229885562,13.4736826805833,208.103371355798,1.08143222121868,106.25749665884,49.3419629342999,117.336062032926,0.004,-16.3,14.9
2019-02-22 02:00:00,1.79453266650745,2588.69701788938,632.195056699005,82.084152911194,429.489686625429,217.841356856151,376.87325555853,1052.59404969185,348.071340790973,4.65101465071523,85.0454928750948,22.4468940821496,166.019954645133,196.37200543979,7.06920413589784,256.546469939532,12.9209657229351,174.780690138895,0.123425661886667,85.5474635188909,37.6292548842026,98.1575908509432,0.003,-17,13.9
2019-02-22 03:00:00,1.71716081815856,2574.21417049344,576.352407259663,74.4844843644322,386.10554387251,157.105356037584,315.514493449963,986.43206632388,303.193802759888,8.40795878716886,76.3016566946777,24.0692246047997,162.197078926747,179.736885890818,8.66571433729969,180.963731541938,13.0920581784858,125.343155971066,1.05273930777706,76.4165984511486,39.3336612097495,93.5876050430072,0.002,-17.6,11
2019-02-22 04:00:00,1.64099499566802,2260.00348101207,527.140915295267,78.8067115217748,356.25797259249,185.017218130119,281.890900771663,993.228382885293,307.653293318935,10.2496352495852,66.9567262740765,24.3640390897468,159.069527690332,164.60357320688,9.38770572013198,140.675117646372,12.8094875975279,88.9260618952364,0.825197353212779,49.7977790782349,24.9018646863824,83.533236039275,0.004,-18.1,24.8
2019-02-22 05:00:00,1.65480971756754,2266.79374923222,577.978116059895,68.0087130143591,355.795023500525,74.4363365876859,324.509855925572,920.890014850267,227.356150413483,10.5693877406477,70.8806480077994,26.5997393046534,158.848811855085,200.531683548263,9.81379116771104,185.168340900229,14.8061605091064,147.421714819602,1.24238288136022,88.7131886184201,40.5381020354096,94.0964406884937,0.003,-18.5,12.2
2019-02-22 06:00:00,2.51817405309534,3550.56540946874,840.247130771471,72.6219836019032,339.829279057527,0,472.481390627404,1022.64482163657,271.326572392228,13.4222448698757,100.865482545617,35.3345662666261,162.185769588399,270.840651684494,12.6046664587956,327.296746873428,19.9222800205215,293.281870052816,2.59814084784328,171.352169018633,77.2162522868572,114.603311226161,0.003,-18.6,12.4
2019-02-22 07:00:00,2.80024139054995,7070.69550541534,1010.03681896555,90.6403404200114,533.398836820074,0,658.876840895412,1008.19707899009,323.211365088214,30.1614281187279,114.956466674816,54.7314911357982,163.95353603271,382.521507873347,27.4757170495299,444.727302215206,50.4845401290392,426.325747846948,10.1354640467574,254.847413031488,114.635725356124,110.402363832101,0.003,-18.5,12.2
2019-02-22 08:00:00,3.7761545086024,10588.8120969973,1164.33883030712,92.263103262385,642.39433197463,195.526671252373,786.664036598109,1011.35341701539,412.478368898894,36.8877434605832,134.770241273343,61.9171709290464,177.73919556221,449.694253615257,35.9867912969249,593.142999643567,57.3505349301183,598.54869855132,15.8747994076763,364.308254024922,161.17705918914,107.885932833359,0.003,-16.4,12.2
2019-02-22 09:00:00,3.60376766708181,9703.98112364906,1216.89910739957,90.5466484192913,801.138627411113,256.255160541475,854.319218976809,1057.35939208866,493.274229485368,26.0887237443728,138.21817667295,60.3483215160042,196.267073193037,476.530609738435,25.9275217620318,637.63790745049,36.5792225512178,633.926432809192,8.73224250574691,378.120470193938,165.696338909619,95.1164910180699,0.005,-14,12.9
2019-02-22 10:00:00,2.98855957582186,9439.11822374062,1132.27708104973,87.2324095988994,909.6888803895,390.814697918803,789.000181286765,1177.85743027891,459.265212249411,22.9714379944238,140.404587664747,66.072144237854,228.259982875138,426.470006467669,22.5671324997684,545.90023138942,28.7046677835852,505.634261147159,6.8367903760385,289.793440043216,126.248995341003,97.2732756020433,0.011,-12.7,13.2
2019-02-22 11:00:00,3.94112634600535,8960.06293938526,1224.22357892676,92.3266864666876,1114.03412929725,538.123411687312,784.759493527626,1296.54894844469,564.396147826772,21.7691222155695,151.408525370729,71.2913837408594,238.996126753746,450.042889959459,22.2043141156046,585.700000789687,28.9440652282788,536.850626260896,6.42429000411155,295.307161431145,127.686349765339,104.170679672478,0.015,-10.1,12.7
2019-02-22 12:00:00,2.28438229717572,5399.05428935891,955.143674049988,80.233063253315,773.698061173148,710.040219896055,554.446396018839,1181.95238060058,468.104205967773,16.2685197374682,118.115278682396,49.0181486609901,209.337852507991,328.929691252085,15.815045911529,413.923066716304,16.6538845273589,348.522792253449,3.41766181260535,186.812592589622,80.8297815118173,85.6474507104318,0.02,-9,10
2019-02-22 13:00:00,2.62910678996772,7502.55269310697,1161.32046611257,78.8809473584729,911.994514031374,1005.0893964117,713.145781526952,1435.30195936943,747.082663082379,17.4734788494253,163.567150309413,78.3190681716823,264.966930792381,398.447038048695,21.9083856039373,525.420836705791,18.1260403456419,548.685035914314,5.45558540495489,217.258807423298,111.434824658781,501.282192919794,0.022,-8.1,9.3
2019-02-22 14:00:00,2.45688640103558,5115.92866694105,984.665652911387,98.7826410687805,822.554935834023,885.855650179484,583.314763502341,1365.80757673915,815.227788508294,16.8743422482636,125.550979840717,58.1319671593439,227.700846680489,330.054041598859,19.0127066008281,414.131528157667,18.1496443031221,369.887110193172,5.08234160671542,193.207306953481,86.4857883450634,98.9427003610301,0.024,-7.1,10.8
2019-02-22 15:00:00,2.23353306678288,4343.33750932227,1041.66152484152,113.491782165271,901.695529482457,429.432340011872,656.545538293216,1342.32922640407,726.406165874272,13.64797329643,124.399215976171,48.4250989241922,211.402362872212,385.927273447497,15.7255865637811,543.275944136347,18.6020572039182,509.318772019785,3.51730619757823,308.681295312349,127.717079692082,45.0706548314328,0.021,-5.1,NA
2019-02-22 16:00:00,2.3499416664616,5850.78666767227,1070.12212780429,90.3382933550675,917.404276935366,136.033285410144,677.701033442496,1267.36236892861,677.216025514643,12.9346663521244,136.108429068154,55.9582229340747,232.67272760305,387.736713573929,16.1157389493424,504.931315338741,19.94304854327,477.389975097159,3.39845359104077,257.79763529155,117.764102927032,69.8454152978121,0.02,-3.9,10.3
2019-02-22 17:00:00,2.10280136482631,6157.66299324464,1248.45020078676,97.3365171150828,1044.40901405416,147.089876613834,790.690684694062,1299.30626568069,697.688871640007,12.7989211978251,153.891152547423,58.0249643953337,223.103074124213,468.787637311121,18.6836081457307,634.117085240771,22.00410129219,606.185179777464,4.1986906938432,339.855009008922,152.984220850581,75.9920682026177,0.018,-5.5,11.2
2019-02-22 18:00:00,2.22501592971677,6367.98946946214,1385.68368441088,104.991434664133,1168.49308612897,511.40441700284,883.316825921651,1339.81915763199,744.802353803847,17.496675138976,162.570200651208,58.3235971442573,213.573468289759,493.528055032279,18.9035605965925,687.833342244494,25.5197220400316,681.431491233363,5.69351175439886,405.799702326184,181.09326905763,94.8174596238843,0.014,-7.2,13.2
2019-02-22 19:00:00,3.58927766419958,9139.79536976117,1892.14505197692,120.014315990703,1623.48807813106,556.418489005481,1109.72993228964,1658.75760396757,1078.1569871882,39.2614973202889,216.420891265039,91.5120199593717,249.734607539152,609.398129362469,44.0280838597069,835.471940646238,65.2758530422296,839.617267704719,21.4999541281201,481.74588593242,216.325842825555,162.043010953467,0.009,-7.8,13.9
2019-02-22 20:00:00,4.30607141192161,8597.20240875812,1850.1544498318,129.960652325568,1611.39856382952,571.119709243898,1144.90674052222,2055.62852656146,1160.38400924964,47.4726711130067,240.903088241509,106.319469068491,256.988590930342,615.800272243763,51.3509632654713,786.171061403692,71.8660625279053,824.592709467803,25.1539471831941,442.633654130398,201.751742864486,165.666542926487,0.004,-9.2,19.7
2019-02-22 21:00:00,5.25900735825078,8087.73349128893,1758.65281602343,118.105463404185,1670.49955307413,570.31067126215,991.06291546244,1778.38691087268,1296.17742332457,70.0740712405449,209.270451315607,121.56383198696,246.054503546007,578.507862747452,77.7677942773268,729.097047742039,105.065948411782,666.458164970811,40.4346665936715,397.69750182162,185.423040595172,171.139333999787,0.002,-9.2,24.3
2019-02-22 22:00:00,3.75116455982481,7068.3658906697,1528.72888634914,107.197100927239,1462.21051870207,597.710595283163,851.423141149413,1509.40488514039,1125.26632358999,51.1942187073655,183.603777111685,99.2394561689819,224.225708865911,503.205064114514,51.1189843306839,602.069460841988,78.9435776512757,570.462835973686,26.0580926445493,331.520933337004,149.64007865056,108.294200604304,0.003,-8.6,18.2
2019-02-22 23:00:00,4.30876520494157,7768.00998635331,1852.77823149319,112.830945528076,1579.23924868091,533.75270844961,955.582902651638,1705.07829605244,1207.45665922338,60.1788172574439,205.720232920847,114.773324404257,244.923859934557,559.988467100411,64.1365555865772,697.333486854186,95.3166897575373,646.573632178971,31.5222824370563,380.537662080978,178.528736145312,130.694773569238,0.008,-9.3,20.4
2019-02-23 00:00:00,3.33097664605617,6988.16280341049,1579.09960232042,105.12988552317,1309.02780556365,555.275248654415,867.823508097427,1481.83002779975,1033.72072418325,50.3046459137793,186.87270938121,101.650569546714,231.234483208482,500.186554198587,54.9758912296582,644.260338196001,77.9411439830884,571.947520426194,25.134039777972,339.763328741297,150.711450379494,107.630963709624,0.011,-8.9,15.9
2019-02-23 01:00:00,4.16891276687728,7668.35389666414,1691.05035748737,108.118738059971,1446.77646874626,529.297222713172,969.613831270881,1628.0974286056,1102.32063859807,49.5949072939781,205.631601692463,107.599262293377,244.417154397047,543.736997863366,52.2620601426374,710.333475866341,80.4565002975035,642.978716137799,24.5299702200448,370.711860945929,169.947439931917,117.040515028812,0.008,-8.8,20.4
2019-02-23 02:00:00,4.28922940921399,7179.47600660923,1440.84772751326,105.092228007851,1344.60335013961,566.332902891058,850.988113373547,1724.98934870151,1181.03086597036,48.2260547663552,180.662495156128,101.725280289616,254.730081210531,480.241258863608,49.3148852689494,614.857423181209,75.9501206519193,539.679843883503,23.0027401686817,297.488248567851,133.97237890816,105.937165398444,0.009,-8.7,22.8
2019-02-23 03:00:00,4.52173406122644,7584.83352725714,1499.31977148323,105.896647496744,1463.71765659143,541.992542253163,885.867114736347,1862.14498043831,1239.32188199505,49.0364706370583,194.303963420466,110.560875976614,267.210095334316,485.621173310898,50.8372880034961,631.29539660727,82.6381785706144,535.920878764178,23.9220231285612,295.265935881882,135.102034106034,105.279659855673,0.009,-8.7,16.4
2019-02-23 04:00:00,3.61403958152558,6630.63412659235,1282.45793737789,96.7721841738944,1319.00758400506,545.778011526365,740.307806841897,1639.94019754699,1079.99038579552,35.9845285588646,168.291170552189,96.0175258184718,251.630854340642,420.757776295844,38.9015866315843,512.304583314002,69.2771447831854,425.178565380238,18.0882976486079,227.078538365801,104.746704197635,78.5599857653895,0.012,-8.7,14.7
2019-02-23 05:00:00,3.07866931302848,5465.27193921901,1382.97424586471,95.4636704395893,1157.69665891331,500.5966909462,951.638821814526,1462.59622741715,918.363809305228,25.2803115155744,147.834931846358,76.072358884383,234.60114941723,387.167998251069,28.7658589936458,417.603692908334,55.6212748912633,322.704431990749,13.0935032027185,175.052030415566,78.6589158754749,62.0640351644679,0.012,-8.8,19.2
2019-02-23 06:00:00,2.85707520209708,5001.35511319535,2050.59565203535,112.396174017445,1337.1198910857,431.120562368392,1771.96808619189,1462.45202376769,842.556988159732,19.8315171619714,158.458766065355,69.6295253994346,242.379093430595,464.584270195936,28.46536885993,456.893129017176,49.1855743533454,304.011726939801,9.35057180751311,154.774926425996,71.576190205594,65.4016865566222,0.011,-9.3,15.7
2019-02-23 07:00:00,2.7523285450611,5094.73699370627,1389.13359369238,92.0241212630698,1283.52746230324,408.932837029271,996.060589475228,1429.60243805187,809.806276060987,24.5573263479457,161.633342271682,92.2236715147071,243.643129194188,450.659960088377,34.2764590142195,487.545833806303,55.0191916608671,407.565224374896,12.1415122606611,222.502898887846,103.369013679878,70.193416793018,0.007,-10,14.2
2019-02-23 08:00:00,2.82299915168165,4854.25200724679,1200.92671012106,87.2459903011795,1277.26120537606,530.668696156151,744.791411796257,1465.71170251012,965.581327655091,40.2419862992194,159.8285475752,109.402247611979,238.609734923434,407.583681759568,47.2182041984699,441.196594351603,70.2228011683228,370.526272373401,19.0308160764847,204.027745113359,95.2039988320356,83.6528417041592,0.008,-9.3,11.2
2019-02-23 09:00:00,2.30325836132545,3919.70422813091,838.379600114172,85.9331583508806,977.573422720029,559.00931091247,499.976359384375,1251.11759107021,845.127093979941,27.192740697201,117.824254531391,74.1593251906882,221.469460008479,314.367945005529,32.6315691804672,312.975976508542,51.5396038951442,262.376218019168,12.4837439318167,138.606192227258,63.4200375302763,57.2656755801272,0.009,-7.6,11.7
2019-02-23 10:00:00,2.95803143990906,4094.41477388952,1004.75519216225,102.75592322195,1175.25765768881,670.771092586775,643.468417096726,1392.34356774011,939.407694260714,27.2961856638256,132.894878303183,75.2400153252139,235.100467168986,385.310052169761,32.5942842843769,452.109360978052,47.0080631387193,404.477235391408,11.8654218919902,225.685043127521,97.0067292190754,65.5267650991327,0.01,-5.4,17.7
2019-02-23 11:00:00,2.83209864559825,4179.87047219824,876.136876987364,98.8709071551918,1107.17391348182,688.555029976925,579.622647800382,1248.13670430312,841.261604292357,24.8112422255782,119.612684206203,66.1204434570367,222.707877754155,359.862468227299,25.0730056417629,412.30500278393,35.6764369665208,368.609866165462,9.8639466087446,208.055699130613,88.6432733384664,57.9612304209839,0.01,-2.5,17.2
2019-02-23 12:00:00,2.97532717970629,4673.28505976938,901.36187874839,90.7816435523265,1263.88838364226,655.785099888989,599.770920792963,1241.59938252021,901.71843029633,27.0788637464631,131.074413005316,70.7391602623342,222.167829536494,377.717421841451,26.5851198042798,445.228251449474,34.5772645627121,392.761702948576,10.1873189214034,219.910651720401,95.0752713832688,56.8909278312068,0.015,-1.5,12.7
2019-02-23 13:00:00,1.01906652705624,3168.18904039948,372.075099023326,55.010134408602,576.401046624093,768.835877649139,245.097997177954,696.545020423414,1872.89887192547,13.3247334479712,68.0870839128968,37.5628554195605,118.605635377582,152.761685057749,13.7766620401341,181.321765554274,13.406219360876,110.558002483988,3.78570793637878,60.10181304979,36.8303441012576,227.7893685863,0.016,-0.6,19.4
2019-02-23 14:00:00,0.600116866508094,1417.31098075552,185.248514160994,56.5310074632473,306.736840707508,137.854269057264,135.10236769375,495.175669553564,295.746630792682,6.15072641654804,28.3472167398509,14.0659350109478,86.0552642379144,118.380214185238,4.43753905183616,56.4085900569902,7.97057352860093,34.8913814518137,0,18.5027103470449,10.23790958082,20.5620145831522,0.027,0.3,4.7
2019-02-23 15:00:00,1.20342334428811,4604.03284953963,459.251721651737,82.437190468085,483.41742236071,699.951679813393,279.231419884131,817.419689026561,540.927008030794,6.66738777229577,66.3835186856479,29.5372108624643,112.510865021443,183.257871399381,15.3221379454673,169.805895876368,8.57882674802736,135.596886979298,0,80.0412909674477,45.6232204782673,236.752647231092,0.029,-1,6.7
2019-02-23 16:00:00,2.06863522381032,6251.68634551797,728.193002709605,80.370229388456,960.082527424471,637.926078869125,475.224242205079,1155.6993149343,1021.89635752418,10.9032734183136,117.482078857316,51.0434479642944,147.28072316003,267.345806538998,21.4709169480458,308.517951929978,20.0065323690609,258.335136073634,2.87908580067085,155.856236739826,79.2028181370012,431.893956664761,0.029,-1.3,6.4
2019-02-23 17:00:00,1.64111093497801,3432.88549627452,690.935058069539,79.8412612796127,920.672363831437,668.576165821161,343.1615011144,1103.62895843192,798.905274838811,20.1689781754204,74.827124979076,44.2353320378339,126.460843530753,238.061378902994,27.7459825756899,239.070190726114,33.0311949469845,189.134990481159,9.97740301078733,113.150312001881,50.8660339085691,73.390338687689,0.03,-1.5,4.5
2019-02-23 18:00:00,1.74826470802837,4814.17020310961,812.385447266209,89.0407762550663,982.015363256828,679.08498823877,483.491962492034,1101.20565389344,889.140280043438,24.5242404306201,100.847239376179,47.5016129690722,130.871576215074,306.351346310496,27.1245960398326,364.724388445741,29.967466290302,359.285828626656,10.5307054470979,211.687825889345,90.1964402752696,72.7773522436224,0.029,-2.8,3.5
2019-02-23 19:00:00,1.76401262464192,4612.48044007305,714.903078419753,83.7304720235508,1031.68004796688,658.514441086375,369.463755585914,1094.05493606222,938.58027466665,21.566462438445,85.4808929736342,46.6754683856786,124.874672005194,247.411429497222,23.8795351405175,257.606918846759,28.8948539150966,237.189177778856,9.22612810023352,144.088482903538,69.3981193297715,69.8793289392805,0.029,-3.3,-0.1
2019-02-23 20:00:00,0.444040640627141,1910.89540346228,410.035133980469,66.0984461382849,506.567441619781,387.022634251823,263.59171599552,759.638763933796,354.821436960522,9.03810947234602,53.2523421592256,21.7832781713841,139.689533246343,184.356005667964,9.9277276370526,142.429097929754,12.5910004396817,140.000533977129,2.14855565189453,83.6304920936135,34.3229743056126,38.4162831623742,0.032,-3.9,-1
2019-02-23 21:00:00,0.240800508446945,1599.22991879285,284.88248012591,54.3259336693045,276.790826701918,239.836783384004,225.962144365038,694.103251903577,201.585032833738,3.22784159354263,51.3782628898727,12.1684784896653,171.567503637592,146.215081077792,3.45300382162331,62.3703347082145,6.57072902586186,30.6924887309316,0,13.3833074480454,4.84516479470421,41.2654837744339,0.033,-4.9,0.1
2019-02-23 22:00:00,0.03527735765357,1550.48207066465,300.442614840608,53.292636369946,244.988022559461,204.17195315413,229.797771404987,732.050634587226,191.247976033154,1.4983234097128,49.8049576640024,11.7619706276375,182.452928080596,144.250075590114,3.70535157552318,56.1860512271513,5.26341015719187,24.2211505683916,0,6.77558922212632,1.61274324793728,35.4751002622275,0.033,-6.1,1.1
2019-02-23 23:00:00,0.000618111531070869,1612.57354115056,314.431794288733,53.7038226389295,201.569863512329,196.735955460094,248.32489742193,756.447425074388,183.248954818723,3.08419915422625,56.5172865657967,12.505676512791,191.636927530279,150.927033939872,2.47935565203095,62.3270883532602,5.24262235111563,27.8846065500966,0,7.19456428371137,1.40379015102987,38.3917813871534,0.033,-6.9,-1.5
2019-02-24 00:00:00,0.189741935630244,1526.72696827779,317.065166186488,54.4278451303944,151.430230724226,201.841155611857,257.684400874191,758.784473266302,172.55224440943,3.96174231136859,59.9797851757074,12.0932705272546,192.294200359941,149.753047289014,2.09454410174771,61.4538076307698,3.56180667998503,23.8288125645656,0,6.65708432688147,3.41913221781393,34.3838643859077,0.032,-7.7,-0.5
2019-02-24 01:00:00,0.143616941747464,1529.33366365118,322.765907613419,55.7687528863998,111.646127193282,191.716446519391,267.405753903029,767.089882432309,165.696810814392,2.947706532496,67.8908695102538,11.374920879975,196.418688550281,152.72005529919,1.68376670994935,64.5330906086677,3.46304411718079,25.5789381288224,0,6.76861366814691,3.18414842638384,35.5528367171348,0.032,-8.7,4.5
2019-02-24 02:00:00,0.105966072606669,1509.20864669001,338.508357711056,56.0076350011074,88.9603329546638,129.996258903478,281.773049208783,764.964291770585,152.911401604063,1.32308166859,71.5541298294599,11.5038179685578,191.670491665178,157.593564929054,0.755533893878775,66.6471890327876,5.81861963578862,27.0027772816226,0,6.69809870058571,4.47221767988042,34.2181408847961,0.032,-9.5,3.5
2019-02-24 03:00:00,0.12882240029517,1391.85326485501,340.183240864299,54.2784288267341,23.4374375684504,182.008957731907,277.434885199882,728.93834213256,140.428945092034,2.10116429215555,70.416022712973,12.0922641212564,183.516407885516,155.134818071947,0,67.5700131016387,5.06275246157732,26.8371510496904,0.360456161085404,6.65746508879193,4.82218490440486,32.6971073703244,0.032,-10,4.3
2019-02-24 04:00:00,0.0659114746695181,1305.13395663926,319.999007523816,53.4350320523561,1.72117830308592,156.726184158538,265.288987560056,699.9262127057,131.445591597909,0,71.369981747079,12.9365157325921,173.645618444392,152.51309039961,0.784445469180643,63.8423033154969,3.93308564118248,25.1702202017388,0,5.97229255530718,2.57030115440119,28.8696950266321,0.032,-10.4,5
2019-02-24 05:00:00,0,1234.57937862528,288.172407391059,52.1409374816832,0.008815204712919,75.9294170152856,247.464573158162,678.082716084332,123.411513174298,0,67.5955759523265,11.0438052775862,165.854591233513,152.611401062774,0.399630389942103,60.8017032508922,3.34246929371359,22.9338431826062,0,6.02268562306628,2.95432505646121,25.297611038596,0.032,-10.6,5.5
2019-02-24 06:00:00,0.0719622128734924,1155.68197933892,279.017709143046,50.8258729969368,0,46.9350777181061,230.047023203385,642.982514026356,116.937032662368,0.759502578666834,60.6581783598147,9.23312220796549,156.685529122854,148.496291973469,0,60.6090094274001,2.64211561204784,23.1573325187894,0,6.69857238295425,3.94064416967992,26.2146369361134,0.032,-11.1,4.5
2019-02-24 07:00:00,0.0425939497173704,1119.700127091,257.505354504986,48.5689397126639,0,11.6088371254805,225.289845610885,628.160349082737,113.066449610264,1.55470997235461,57.7903004952172,9.18554750131525,150.38891975802,146.662741847723,1.15961036708753,58.8931726103748,1.78241579074505,22.4841842922462,0,7.40402622197709,3.69147649875083,26.1660700019903,0.033,-11.4,3.5
2019-02-24 08:00:00,0.0478549289675646,1034.11341138085,251.612920539873,49.3291765514918,0,73.6210730283183,222.086317734245,625.065319399696,99.0654359884809,1.1692866629355,57.9296086788628,8.86592964814315,147.210389317833,149.300660413436,2.09192279933758,57.1899337630764,2.20787791198723,20.6866082016982,0,6.07854978318003,3.01815789874391,21.8758341231106,0.032,-10.8,4.3
2019-02-24 09:00:00,0,995.463582534518,260.997010819523,49.0958185229049,0,178.62240960764,215.373390179585,621.839851714487,104.302467434229,0,56.8402818361472,8.96144061963994,144.812627033345,147.126712147023,0.59834021531338,58.7372690338401,3.83433065900039,20.0111790336804,0,4.90688758140516,3.34509392949199,20.3080896839975,0.032,-10,3.5
2019-02-24 10:00:00,0.0519084905367563,972.499480432314,258.953869577213,51.7297883075823,0,222.340525372593,214.441637098328,617.570061439778,113.024425625198,0,57.4822596365575,8.75094117811875,141.907698639417,148.587560133292,0,57.226663075979,1.8790450792598,21.5816516779787,0,4.16603838350106,3.89476987809336,19.1557219343277,0.032,-9.9,5.7
2019-02-24 11:00:00,0.112842480846206,954.608515474249,267.070631955936,52.2176634294094,0.447873481328614,281.742450189494,213.298319860162,627.631119450239,121.258434426292,2.13426439325368,56.3917461905756,9.73392149809323,143.294151383828,148.985007581558,1.24989683200924,55.7413439372645,0.988930617325839,22.1778252569674,0,6.4789101954955,4.56701831304671,21.9860733008749,0.032,-9.7,5.7
2019-02-24 12:00:00,0.190547549094309,992.635605907467,274.637444754264,55.8816625380289,45.6548872977929,253.400871942239,213.911238770121,646.420544213463,128.680559918711,1.27699494408152,55.131976764904,8.8759042339348,147.69781069451,151.803760054751,1.06111213596056,55.8449790962444,1.52068836496244,23.3489924157122,0,8.52443109388028,3.63832506142227,21.2893338413403,0.032,-9.1,5
2019-02-24 13:00:00,0.248051292602589,970.532548085584,274.100742494433,53.5308211053906,77.4682162009465,280.307469167383,218.79259772834,650.431445221949,140.787765105777,1.56736884452524,53.1297990481619,8.60690387215863,152.588723387841,150.511236227156,0.77789805263198,60.2911966775302,1.72520925122407,28.9662995491912,0,11.8062882419906,4.66374263276711,20.2507785885472,0.032,-8.8,4.7
2019-02-24 14:00:00,0.223162012024091,1000.99706370247,255.909043695877,49.6572209714641,79.426407129729,195.577905021114,209.012807776422,633.415702844956,126.387124696023,0,50.3735002923452,7.06800624014192,147.546499530451,145.727152880329,0,52.1629783345851,1.44874334769423,21.1754280164708,0,9.51950693167256,4.22691061355768,17.9011643775827,0.032,-8.9,4.5
2019-02-24 15:00:00,0.321184604968267,1034.51539518758,242.339077372792,48.7879414787839,121.112052791053,198.719821953853,205.777797640706,633.979101189998,131.534519353806,0.509645066548658,51.9975814715459,7.74823267194715,145.680865590444,145.519645566728,1.80925428898235,54.0709870971125,2.32143519861397,20.7703859879676,0,8.46274714849796,3.57701484369251,18.1338667888468,0.032,-9,5.7
2019-02-24 16:00:00,0.0599019128587759,1147.56750674853,250.15725957882,56.2775759498355,100.238103850027,194.896639427051,209.849581476562,674.718593443422,137.325271925014,2.78602693680337,48.9021513989881,7.98457382752366,143.67049259341,149.842489127648,1.29898927726482,61.4648494461122,4.68411109849637,29.7583653982861,0,15.2856041544851,6.12290442861556,19.2752732341437,0.031,-9.2,6.4
2019-02-24 17:00:00,0.14904485665993,1356.35506370746,280.355560366141,69.5395558534652,145.478592303873,151.534483060047,223.883482196043,675.109114889049,180.815597046949,3.47254293239465,49.1342969443398,10.805664089865,144.140581489805,160.111975363027,1.93711393008329,72.6444303394462,5.37175346563423,43.3093145424121,0,26.2994642713221,10.581764621201,24.2132610261544,0.031,-10.1,5.5
2019-02-24 18:00:00,0,1351.27251617398,268.288927338584,73.3590889012401,151.055520902153,108.652843421484,211.466883649658,680.496621490169,201.855204992584,4.2246307538655,45.6416779092584,11.2817652059627,143.693636272896,153.18958162094,3.6643307976708,69.3644374142445,6.56545814044705,38.2594073992664,0.480124306353814,20.9078186963964,8.09706152833722,25.0802119231076,0.03,-10.7,3
2019-02-24 19:00:00,0.0711718493876578,1279.00792732224,268.909980650534,66.078871412351,85.358563336992,114.935787949104,201.815444993898,645.632520083857,170.182030004361,3.47570683717139,43.7385259115494,9.53759181805945,142.514913052534,150.62947730432,2.9662421856718,65.8688495714478,5.85765470871829,36.5867932909685,0.710255164607458,19.2682103690443,8.03586999466747,23.1931316022971,0.031,-11,2.5
2019-02-24 20:00:00,0,1001.10102882541,241.25892234108,59.6025851194262,107.058970115792,90.1768610257095,175.012825261534,631.129493824449,122.153122435403,2.80527848086201,35.0538347362664,6.40070213613174,137.612590264659,133.337631902991,2.12709798139191,47.6166605907599,5.55583310816744,17.10700481147,0,7.21526899098415,2.63296175898758,17.9557747544181,0.032,-11.1,0.3
2019-02-24 21:00:00,0,923.741794559793,229.497627105373,52.7620008769953,46.2999687465511,85.646628133514,173.934707284361,589.67249073658,90.5347674655204,3.58347735311735,31.2222319889831,5.62189877841481,136.605575519884,139.81902809774,0.897269156166422,44.6991089132935,4.51528828436383,17.5137423236324,0,6.70064773649425,3.08706631030789,14.4144433775931,0.034,-11.6,-0.6
2019-02-24 22:00:00,0,873.302924351902,203.660061707844,47.4543835986259,0.0985743667436658,126.017113701545,165.790381245735,574.030773618255,90.5281652093307,3.05145832245644,26.473918532925,7.02772601193751,134.498810560492,136.089407475351,2.0761331925224,40.7621488516487,4.58245646501941,12.9417031467952,0,3.80346499724103,0.636385466019722,12.4067131219393,0.034,-11.8,2.8
2019-02-24 23:00:00,0,854.272184173167,203.687993781754,46.7309977190258,0,90.7646687685987,168.636826550217,564.433201980594,91.3955258925031,3.17994234049705,24.5378396893596,7.05886620805151,132.272194154847,135.653413186292,1.93136715944091,40.0623819316695,4.27529878191428,13.1614510723515,0,4.36415840928489,0,15.2594273329672,0.034,-12.2,3.5
2019-02-25 00:00:00,0.0663322513552946,850.096300906569,204.75001732874,50.5023289263211,0,104.737897461194,161.000157116141,567.961519722161,84.6486243701987,3.45481285986067,30.2558930521863,5.8360071208507,132.072384656181,134.59928003094,2.40724359048711,38.7554430857918,2.37698256870674,12.0721795638084,0,3.36803028656417,0,17.2929085687372,0.035,-12.8,1.5
2019-02-25 01:00:00,0.0895571339919689,831.684183954275,195.490490472307,49.4025917908431,0,88.9405270208461,154.698793183241,556.605849793954,90.0281126186776,3.53056042871548,25.4817447664432,6.99370995026246,129.2148960443,133.232441740784,2.53107441353617,39.80294733681,2.85027524537706,12.3636504050212,0,3.02006584538086,0.428836074646091,15.7690330180045,0.035,-13.3,-1.1
2019-02-25 02:00:00,0,748.331599477131,179.938913018928,50.7179644849558,0,73.8446733468391,147.594616131634,537.742147328353,79.2814045387649,0,23.9163021410186,6.91638011082359,127.884735402773,129.077809827238,1.02020291264298,36.0066332955348,2.76824607593973,11.6520840026223,0,2.23176294592528,0,13.4868197602524,0.035,-13.9,-1.3
2019-02-25 03:00:00,0.204221799044922,737.698677428932,178.228029354968,50.0954506501471,0,93.9477871864879,146.950131225523,533.270759835027,68.0991699045342,0,24.8904618269325,6.79667755137943,125.938641994103,128.765668750922,1.36250953204867,34.1334365578641,2.99362119521895,11.374607287055,0,2.65037856494862,0.620240650723063,13.9786087325757,0.036,-14.3,0.3
2019-02-25 04:00:00,0,744.019835231961,176.529187687597,49.1055859021161,0,160.083284430276,139.378676585863,525.115421918095,75.4153787850665,0.051603988452634,25.0716929894401,4.04272694871851,124.498022337432,126.878386848139,2.02657340937177,34.1771606831035,1.70054949291884,11.4506805155966,0,2.45232152693818,0.225490436141339,13.7450766572892,0.035,-14.4,-0.1
2019-02-25 05:00:00,0,761.32678706659,177.202059176475,48.8190650069466,0,0,143.885514059694,522.929447982515,76.9426676732576,0.558522665669406,23.8216843423874,5.2500324378267,124.320632158046,128.304396335265,1.40495155497843,34.589925698381,2.21197173766135,10.9120425173801,0,3.17298576296198,1.2362716587324,13.6016581591703,0.035,-14.7,1
2019-02-25 06:00:00,0.0877101712319962,751.277826712553,185.703449707354,46.746922412139,0,1.39569356784122,149.276921995198,510.059824998579,70.9817592200925,2.02971756294041,23.1168811964101,5.03998521035308,117.44646621709,124.541437913228,0,37.9483556117363,1.40840406770476,18.0718071775396,0,6.93831619607781,3.6503212208814,11.9161166132553,0.034,-14.9,1.3
2019-02-25 07:00:00,0.0174903300120112,721.008011027311,192.456689510743,48.1136437900169,0,101.152107579649,159.78061385935,529.602460578957,63.0665293641939,0,26.420970360679,6.36850008713081,116.614647748917,126.045885854446,0.593760260433768,44.0756634394055,0.287255058252679,23.3814404691942,0,8.94475813141132,5.95074761832013,12.5387951829387,0,-15.1,-1.3
2019-02-25 08:00:00,0.244489506981163,1017.68871837242,187.546389809759,50.3024300870397,0,0,154.158513800759,516.594414064579,67.6458876399788,0,27.1604515157262,7.40581432043224,117.315949082757,136.573517571524,1.29627886279143,51.0331706635125,2.95265751352747,32.246523098205,0,12.5078691328114,7.87267601232303,15.5275590700053,0,-15.1,-2.8
2019-02-25 09:00:00,0.913351761684684,884.411097897763,194.744277143697,53.0123813549131,0,0,153.084736450381,523.338768877294,71.9582616852084,1.53934660176218,25.2421454328237,6.25745332316262,116.655875245745,133.162369871783,2.06232102473106,50.9678156985957,1.27312619015472,31.0900928105406,0,12.0324565167955,7.89288092083245,13.8548273778574,0.032,-14.9,1.5
2019-02-25 10:00:00,1.48355167580254,905.303877242435,202.326358460961,48.9864447670234,0,102.706558706606,153.222032624051,570.72926528532,134.69285534377,2.0335518341383,23.9212077347489,7.24729885785193,115.144123370275,134.498593297787,1.39596772645494,53.5426005503704,0,35.6491448373275,0,16.5581507525003,6.82515718535687,15.5702341895532,0.034,-15,4
2019-02-25 11:00:00,1.68967311736568,1245.71850388384,244.112644494595,66.3356752057629,0,329.705049773489,171.763591645568,627.618203954165,200.341108501965,2.46778520248104,27.0984380804801,6.63328833154452,114.408609239503,138.080393166545,1.57239207091242,62.1288933719344,0,38.4528283489187,0,20.1409186339929,6.66814441136718,15.3053260925472,0.034,-14.7,4
2019-02-25 12:00:00,1.41871187617835,1097.8630863566,242.47267271297,63.1906143542941,0,334.213163370169,179.300351276561,557.695494938012,263.35367492983,2.84600850361198,29.9218986088923,8.70044226326776,113.095030488437,141.118439878458,2.51351732589909,72.8379409930919,0,48.8371326168523,0,26.4193681522436,11.1903662667734,14.0924526878637,0.034,-14.8,5
2019-02-25 13:00:00,1.07845908630629,1193.76344537386,222.190315310843,51.4540260118496,0.06155763467392,417.799426393826,178.327816153095,542.479020631025,122.630757391833,1.2052997614537,32.4472181240448,8.75141966796346,113.245999392099,138.987153286477,2.16735094058381,92.1930720502541,0,47.105197074377,0,19.5962722464036,8.70631106806558,13.4530928783539,0.034,-14.6,4
2019-02-25 14:00:00,1.14105759274627,1010.23340863704,261.359559068318,54.4785127543847,0,714.899470156017,219.166221060066,931.188926477477,159.140495053228,2.0012330340729,37.9078991662901,9.71849524048536,116.522603071135,142.896522695983,3.12183655793625,110.037839959769,0,80.389911703155,0,33.7958645573526,15.7199690667802,15.7883740019803,0.035,-14.3,4.2
2019-02-25 15:00:00,0.733447432030505,929.887246897804,209.12177046659,53.9654940371193,0,502.099816949891,178.463389274095,527.567826577365,159.194552572658,0.480384859550147,28.5379096238342,9.58187824024323,114.38190011266,135.321272500508,2.34844114646007,68.2618088903563,0,47.8579873018941,0,22.2426839563799,10.3127689756923,13.2289099782058,0.034,-14.2,4.5
2019-02-25 16:00:00,0.414230852693329,852.661349992344,184.856074878958,55.9983408924986,0.91004161221808,159.974021806684,152.98603854758,508.907653003632,103.134840182428,0,21.8459477963918,4.97134982431921,112.510824380724,135.830585480697,0.265872129038495,62.1922244570549,0,45.9836439489297,0,22.3781209529695,10.1826720163848,9.21327504330777,0.034,-14.5,3.8
2019-02-25 17:00:00,0.260122868951541,798.726183998979,182.009210806322,49.2886537288528,3.65484071521025,224.837880777794,137.896477468921,503.118776776577,73.9115682349569,0,17.8553839863662,3.09134377931174,108.96027425986,130.26700022011,0.918286851838876,50.8537174084847,0,36.0380443186181,0,14.6077073688983,4.56240649935835,11.3324330110679,0.034,-14.8,2.1
2019-02-25 18:00:00,0.193304312419305,807.846663182263,185.168105654611,47.0563249633339,0,73.0681180707201,129.671781100394,492.913368565771,63.2741534903899,1.68459490096901,16.4573362598584,3.29556649272332,104.700708143486,125.6154393891,1.77447652660378,40.196073989824,0.588300182715367,22.2302644654029,0,9.3131664660854,3.36189331734017,12.1166302448909,0.034,-15,1.8
2019-02-25 19:00:00,0,781.501474562761,175.245225500087,49.6344164549841,0,0,129.164569612122,488.581261103266,75.6271081244553,2.46936070357966,14.2720069331247,5.23121641860248,101.731767999254,122.154416756341,0.842289999196436,38.9248170990268,3.69267674892506,17.6709006565509,0,8.19503677043861,2.20969755518536,11.0606573725685,0.034,-14.9,3
2019-02-25 20:00:00,0.247721356253088,769.297735792397,158.255099570076,48.603604037141,0,0,130.767600717238,478.89573118433,79.7263874845636,3.15283969865806,9.91001258911442,4.89496497070167,103.421568828145,125.761626352652,2.04098994315927,37.1069038131435,4.02556107750888,18.8769615771809,0,7.9541695083276,2.41877141287894,12.2184631676316,0.035,-15.4,3.5
2019-02-25 21:00:00,0.198440220748787,696.568401064823,143.272785585419,46.4874573348415,0,84.2061863922962,121.635588713723,471.250300506836,62.3109283856582,1.42861973396004,9.02414698864677,4.14732774584731,102.628423167198,123.743664603515,1.78232430222575,35.7401565352753,0.864383366870689,17.6783083551352,0,7.33948040692538,2.12743161317639,9.16052503215381,0.035,-15.5,3.3
2019-02-25 22:00:00,0,652.85831403282,135.200145359115,47.6279106615495,0,60.0390008973939,108.990308908547,465.383887902654,56.8947942092947,1.90591643874223,13.6858383575371,5.03125524468172,101.359797058133,122.468711907656,1.49901296412097,28.9254602708291,0.533253525825283,11.6765275317061,0,3.83957164089938,1.34267838015495,9.17279040008064,0.034,-15.8,1.1
2019-02-25 23:00:00,0.00495993839733798,655.590712973767,133.948795109497,47.4095486335692,0,40.7642710117201,108.061710559283,465.51586906069,52.2496895353046,0,14.4154669728571,2.83945726013897,99.717350282059,120.806145276911,0.868264832257005,27.9258218462758,0.883363990523085,8.04281799476951,0,1.55838622647361,0.804037369220011,7.91363885770524,0.034,-15.7,1.8
2019-02-26 00:00:00,0.147068647391719,640.454121397499,130.356601850033,46.7174328419068,0,31.2893090354911,108.580662540101,474.253830068298,56.6197425446252,0,13.8123838431074,1.93904499226687,100.2903524463,119.917921634829,0.583425854016477,26.8900036195367,0.932535049699452,9.26056355275202,0,2.45468907974312,2.08759914253497,9.00010207225595,0.033,-16,2.3
2019-02-26 01:00:00,0.16006963173284,654.854501838113,131.313289563197,50.3963847844934,0,80.2554832004125,106.953679717876,471.277021909325,65.9255110853984,0.990108108762998,6.46655629216282,2.80028489759139,101.356988099243,116.512419506002,0.59488105861885,25.5686261417516,0,8.40651684081865,0,1.32970803064994,0,8.92005714452034,0.033,-16,0.6
2019-02-26 02:00:00,0.0251968852067285,651.649013918766,138.437481973515,50.826145658756,0,59.1675887365916,106.058889918666,470.814760862372,59.5304394137762,3.32306827246262,7.41136477309181,3.85916452063191,99.2721994606081,117.322145984648,2.40606308889404,26.5069787699855,0.446571402713,6.96537061287021,0,2.02200158210034,0,11.2413634001944,0.033,-16.2,-1.8
2019-02-26 03:00:00,0.0125083076994063,651.413019260302,144.503296281303,48.5338743754367,0,29.0494262971178,111.657896178949,463.70174373463,53.5646718685095,4.65262279698546,6.14210436271564,4.52413301973573,99.5571420563798,116.955330224645,2.52263883320264,27.1668486851307,0.286018524527856,5.84204737615232,0,2.31517956202008,0,9.91745921550993,0.034,-16.1,-2.3
2019-02-26 04:00:00,0,668.447649241411,140.407680904206,51.4635209728977,0,38.5228424116017,107.283039824246,471.190325880611,60.8236180618475,2.65165429030308,8.97016508716259,4.66375534003797,100.28021421847,121.04521594261,2.23023715144734,27.2635061246254,1.25037472680567,6.61472234903822,0,2.72633370628598,0,11.1906834864898,0.033,-16.4,-1
2019-02-26 05:00:00,0.152122861599386,684.722981083434,147.412953371731,49.6735945110386,0,34.790463114178,114.532562844949,469.007471052501,66.8859611361924,3.58214623917075,12.4734317047302,6.35006900850227,98.6838159862567,121.035176986327,2.4680169076624,30.083729537638,1.4993334039204,9.96899565006484,0,2.06976215150311,0,12.8882662715082,0.031,-16.4,-0.6
2019-02-26 06:00:00,0.477321553847494,680.140627468983,150.613132667991,46.3336244236247,0,507.577670841704,118.450136936935,466.353601133179,66.2493002491992,4.45856494147026,15.3268812214395,8.55658683908036,95.8961728614546,118.009412706943,3.91669601589825,36.2268305676128,0.531589360435299,17.064249135448,0,6.41987806946825,2.87311303385252,20.9954403888061,0.03,-16.6,-1.8
2019-02-26 07:00:00,0.674022149698419,832.405241318272,157.255752033242,49.2379853597009,1.95317806464544,414.687524989632,128.10935601182,487.407556264801,67.2021871641361,4.35489988051534,20.6651457572448,7.68165015184934,99.5173195925776,133.207941855156,4.61523904332271,47.4520349344905,2.13250288480722,27.4169632852421,0,13.1457993736072,5.15227517362532,19.7284657045913,0.031,-16.5,1.1
2019-02-26 08:00:00,0.775443624640144,1548.56393368333,195.08623053408,50.6893061592849,0,233.537718028408,152.804976192875,509.091601080926,78.8322673852073,2.8408565930363,20.4890172801929,8.38187089467674,102.458475884862,145.922308052855,4.28392465430854,67.421488802281,2.99757757029297,44.585487079446,0,23.3248253860797,10.0095763776362,24.2233081085572,0.029,-16,3
2019-02-26 09:00:00,1.2786888873977,1096.25831578202,215.267520426159,52.590331770032,0,0,157.313032011413,532.547751290163,97.5751244747531,2.81627579230583,19.8262110515303,8.05746710252567,104.95382557467,141.58939468566,4.03360444846248,66.9385005568601,4.06715032074928,45.4724614069698,0,21.4920274166543,9.86415668520516,20.3766718155576,0.03,-15.2,1.1
2019-02-26 10:00:00,1.34614467027844,950.88955648872,185.668378949893,50.2005175380956,0,257.885458265356,148.412494957686,619.413747108049,88.0960857739971,2.23461584331993,18.6166177386392,6.5063195018816,104.230477568378,132.059645327842,2.17518793558521,51.2554894130255,2.35168008500088,31.8517817318857,0,13.4823861846595,6.44652180271112,16.3970513161403,0.031,-14.3,4.5
2019-02-26 11:00:00,0.72907352146849,941.590629479183,181.709978411565,51.5918542601987,0,336.744996962456,148.265790253368,532.961816729377,79.6191277351724,0.554497426449766,21.6417427409604,6.27109782817229,108.222953038691,137.376501718521,2.46881309720626,50.0042472304316,1.00516879334918,32.7055873886502,0,13.9419562129401,5.58912481550001,15.3866510483259,0.027,-13,NA
2019-02-26 12:00:00,0.593538924266899,895.147152665461,198.759007982445,55.0639065396551,0,244.903289033494,143.278077748916,551.13375418242,109.14915910538,0,23.9490325801859,6.57904946312748,110.00268399993,135.219085841283,2.41519861871283,48.0589649771253,0.909990553452603,28.6220845983303,0,12.7625415659513,3.67026688302859,14.9940663931601,0.027,-12.5,5.5
2019-02-26 13:00:00,0.709418416327534,911.639486880465,197.59220879629,55.0494784656235,0,132.304075486186,141.00457969412,562.991774638335,96.3759253289326,0.408872544070846,24.0121565368473,5.18330851549746,114.233006755601,138.634902197777,0.919498918305781,48.8104046319625,0.964477926747169,29.5846324072353,0,14.4114705205535,3.01795555533391,15.7004531838748,0.029,-11.5,2.1
2019-02-26 14:00:00,0.780812578894398,1068.24130447319,233.629126094942,57.6230302721829,0,0,200.503956285389,610.824408698271,176.03572508187,2.16635764738297,26.6653672728121,7.12489509677482,121.514758340336,140.457066839867,1.54041591667804,55.68546667869,1.30941703677303,40.2730101256756,0,19.4363603008525,7.14449856447602,15.5667689169476,0.031,-11.1,0.1
2019-02-26 15:00:00,0.316945706312998,1060.23539604616,311.844651803986,55.2228129475854,7.47605330784168,0,239.148508918072,635.259456004799,113.196619849912,3.18164705595047,33.3766260458498,8.49389915608488,117.90275846318,199.457559034041,3.47169665446787,169.494211519306,2.17275653243962,167.02264781972,0,80.0727667825582,27.7056110570639,14.6745319606082,0.031,-11.6,1.6
2019-02-26 16:00:00,0.312359245697026,1258.44279635562,228.996856439013,75.6330965636396,25.550775538595,35.096939630791,171.64186572974,937.986985002682,351.33467338157,2.41196672255451,19.9118244212141,9.89332615045501,118.162521386289,145.023052022452,2.7063710429192,60.4810412911213,1.39813141613275,47.5899233891144,0,26.8996939661442,8.61349016471033,13.8271618248805,0.032,-11.7,6.4
2019-02-26 17:00:00,0.476242642883911,1379.70686349745,336.28171092657,58.7036024201894,286.191141315169,336.385736074592,236.760976502986,629.71463191265,309.579903322472,4.24619850867499,32.4309803385173,14.9109494334139,122.048126288344,171.764541505994,4.60593112452047,114.419851247724,2.68022685650731,90.7294297835162,0,44.9231388355016,19.0622743365953,20.8068138648161,0.031,-12.3,8.6
2019-02-26 18:00:00,0.664942663521291,2000.68507772397,539.957957682205,66.6300861563462,699.123377812556,304.282332594404,354.721932931751,804.91388839121,314.844340949119,5.28821853163518,68.7302654835142,30.737036846337,125.996271917797,205.661084179507,8.7287689106301,197.117306230397,6.08623703938128,179.852555916221,1.42835807049512,113.219594051581,55.615422117201,29.6722868253516,0.03,-12.9,6.4
2019-02-26 19:00:00,0.477094037974423,1358.10029490522,479.8430913285,73.5130844299175,770.810733418911,77.7615022543179,288.24335418692,816.300975019562,313.36001231782,8.73881364103661,71.9309351214584,32.1198121646472,128.711953077581,172.464239147081,12.4883622310582,122.513583742179,16.6102514104758,101.914823404603,3.88058960378806,70.2322838380824,40.0090795794915,28.7081268803547,0.029,-13.5,2.8
2019-02-26 20:00:00,0.310431824459635,873.547329983199,264.592123295291,59.2468942707627,405.430926034931,157.517790484613,160.335238136045,640.544062483077,195.774680724974,4.36529904139365,21.8343036125829,10.8852997001339,123.26633635576,143.600973159155,2.81067409230133,54.7123830472849,6.06000555341954,35.875079570854,0,20.6412892787944,9.18772690976613,13.8246939788618,0.027,-13.7,3.5
2019-02-26 21:00:00,0.450598514643761,738.302450829612,208.77075444697,57.2352488051673,117.549610056212,164.619418937639,140.955923698238,599.623830806891,141.160934748846,3.02255921020377,17.4049689326571,7.29210305417542,119.408719825073,135.440420198515,1.54555720980835,40.4041809224895,3.21418191270224,21.3084347577938,0,10.7369397102964,4.59582936246816,11.0621242251457,0.028,-13.8,6.7
2019-02-26 22:00:00,0.327735818860497,770.884589367486,191.129897706052,60.5518386906966,3.69658883168206,66.1158702585327,138.12188772177,604.664513702995,142.162748668415,3.37876422767066,18.9902741938411,7.36237050003636,120.996815181538,135.26139853448,2.08086119415292,35.1789236115794,4.7210458414313,13.1358957181565,0,6.94700616091375,2.55789956020115,11.258067684181,0.027,-13.8,9
2019-02-26 23:00:00,0.30540201076171,735.823687788283,168.494195775956,57.2033649440932,0,36.9674755556286,135.844946585785,569.878564785269,130.049489924728,5.77934662099135,18.4859696287315,6.40771279810036,119.212662887295,138.078598565285,0,36.1906110544069,3.59344333020702,14.0236817576623,0,5.34068484979324,1.70006609773306,8.67520368097278,0.027,-13.7,7.8
2019-02-27 00:00:00,0.170040876645749,744.336621330222,188.608512074946,57.1241388482201,17.3014148705071,73.7112155907647,139.767393892351,576.728914233555,123.6614523442,2.89246401132858,16.9211485617576,6.35042130507302,112.926221915048,132.111675776267,0,38.9066016210544,3.11718754365214,16.2140707134515,0,5.90605200870404,1.18218278589432,9.94283919113739,0.028,-13.4,4.7
2019-02-27 01:00:00,0.113039545547408,791.407162878749,188.215796654851,65.4576809135373,23.8584237227635,76.2064281705597,129.085803845053,581.153375416884,195.382296629324,1.05458483215309,13.2517821717114,5.7295575079773,103.694793426214,121.871420070529,0.964919061255685,32.5905685683595,1.82618310675011,12.8107423862685,0,3.98824757697486,0.292572773501378,10.7326639530276,0.029,-12.8,3.5
2019-03-01 00:00:00,3.58943534928733,5745.2298547526,921.840737576181,95.2015677422158,437.497763126089,290.307083234306,584.298191687998,1296.886090929,483.461120105028,11.1947448175627,123.455419459181,36.8952129409926,157.97610134242,326.830758556267,23.646047622889,435.172263871091,11.1130522331965,380.023292301732,0,213.296536179859,97.0004467402908,285.492840534825,0.002,-14.9,11
2019-03-01 01:00:00,2.01937768021658,5522.87097639751,801.842320306429,73.9549062564923,273.854159391165,232.944234077322,526.292928153132,989.899577647396,411.421413049066,11.0731061446702,112.902719299975,41.0712139948683,156.280403452856,324.296990318407,20.6031073477428,351.241540804345,10.3828667348504,311.879125155628,0,181.637935967444,87.0980630692833,277.004750558158,0.002,-15.8,22.3
2019-03-01 02:00:00,3.12616931936609,6063.59199874591,902.628495450785,81.9174832111634,272.906800723967,204.952883610398,541.238178679861,1297.23503442947,475.8844095088,18.4810241841455,117.812015414908,46.6350430177406,166.809996116653,305.796257456372,25.0567027473684,412.528633952267,18.578775678455,313.455422789784,0,172.08051896962,84.6086148774908,363.338919422494,0.002,-16.9,21.3
2019-03-01 03:00:00,3.17980956428668,5794.83122589129,957.33210678605,83.1732700752217,286.298953008143,193.265468467223,521.588085061257,1341.00078019499,476.092163886567,24.9781946973332,119.211366400477,53.1962773344085,165.386895348112,317.026271431112,34.5242459372456,421.693647604497,24.4933658818894,331.989282786655,2.75820200974441,182.205946121722,88.8218962138009,321.278452634288,0.002,-17.5,19.7
2019-03-01 04:00:00,3.55664851222999,5931.82785094241,1179.58716430965,88.3145755790215,233.991654379141,241.825880144876,782.242832531024,1348.61220063734,533.058532498752,34.2465126910361,149.29536063544,60.5045548015679,170.132600446049,452.918271687085,43.5996162983754,743.038390229269,35.1003596442248,578.703729329364,9.3232914409914,279.249664188348,117.407819445898,260.356561330365,0.002,-18.2,23
2019-03-01 05:00:00,4.3870214395217,9617.89428659494,1278.05520041048,100.098190597565,257.757496495013,54.6752766687315,837.984181524174,1425.0001463352,520.087144463237,30.6694244078598,160.663756801902,65.9996206244689,167.405625643841,456.5538634402,35.4740685889878,691.601593703807,31.7129966626753,607.51055760548,6.86989387957143,326.114247178686,145.152266364499,229.142695992796,0.002,-19,11
2019-03-01 06:00:00,5.7764827950772,11682.2964111475,1816.96249228002,112.544745706642,270.258577903911,0,1164.82197263664,1616.11099582811,573.456651742083,46.5537254951707,198.378918694514,77.6524003785881,185.915830588683,520.309891120548,51.0248637398375,789.622987612595,42.3787142069319,667.617944201165,11.6960718019262,370.087078861583,165.196124306709,241.354984033898,0.002,-19.4,23.8
2019-03-01 07:00:00,5.88738913036005,9475.23039456808,2127.85464419919,117.500844766993,651.141289075477,0,1480.37083841688,1694.78226817993,570.987143021997,38.9181057676391,232.818652551831,92.6049975769844,197.332670187862,725.711058739411,39.6796176595344,1123.03458097716,43.0635129539234,1109.31806389516,9.33971723131181,669.570265486731,300.954952917885,290.922144608221,0.003,-19.2,21.1
2019-03-01 08:00:00,5.70058244874824,11291.069968638,2305.58314078209,136.696363068426,1065.47541350311,555.323714877419,1532.97348335341,1914.54021902501,736.440895635882,54.1281662898081,240.786723843801,138.756784623853,252.317731343911,760.875264643909,57.7591463315393,1088.93850613743,59.5199036092743,1011.33472369692,16.9385361070741,598.340116795181,266.427769406876,501.627773318662,0.003,-17.2,25
2019-03-01 09:00:00,7.07243630890693,12336.3631775891,2026.57290122042,142.602033264346,1251.26954664501,613.403811800951,1282.52243376059,1824.18094205219,896.883166772013,49.0664946966926,221.903554163767,126.279386933349,255.104773450199,695.414864544232,54.7441665767989,967.84095171653,55.0492334348666,897.088600788957,12.8415182474695,515.775702087559,233.064413008175,434.043254691574,0.004,-14.8,24
2019-03-01 10:00:00,6.17890392550136,10101.9469100861,1661.95343168799,129.751759059714,1291.63637380791,381.361604259834,1042.38026985996,1700.96145684663,967.392688859712,42.1358871393384,190.158817680638,105.828092662295,229.190000556503,628.776663319835,49.3617165892395,833.070013804541,48.5984005939484,802.937385813516,9.98272008766805,469.552384159145,221.638729895357,317.878049788333,0.004,-12.2,28.7
2019-03-01 11:00:00,5.3605263784431,8524.77250988942,1612.23464910958,145.690034094907,1456.76989189183,996.813725057236,923.875091438253,1926.69153316523,1020.34755773449,39.9499666698809,176.091502850695,104.494280824345,241.803415832217,557.287624918664,49.5017354902449,763.782008867243,41.4782742644032,700.038716058595,12.3100762063515,388.136226240608,171.933845671527,167.673915271238,0.005,-9.8,28.7
2019-03-01 12:00:00,5.89700230357085,10280.8303929178,1879.45586705539,141.4188822663,1856.36474716816,1186.83484455176,1150.22859254593,2651.96538392288,1353.64626469462,39.0889351259723,216.829539302613,122.339593815314,280.300578431267,671.03159938116,47.9101302146906,1004.2577230888,37.4422797815125,904.981433307314,12.173771711508,489.095848391449,211.604318128248,172.746793415276,0.007,-7.6,23.5
2019-03-01 13:00:00,6.38333910480106,13310.5820436996,2314.31541707246,147.726582511178,2643.02281824281,1537.02044218458,1555.18792327652,2585.60810369767,1856.09664466975,54.2643763835961,331.326446350343,177.611309660138,404.44077352219,838.064462762302,65.4337233473353,1276.74309786667,58.3951027201106,1131.73549276631,22.4047500845619,575.611043208728,264.127898563838,336.239931541,0.009,-5.5,25.8
2019-03-01 14:00:00,5.66995834267118,14195.4856370647,2362.51992263546,135.385307709418,2677.2623579476,1759.68285630656,1619.1342469251,2385.69088991886,2061.25873762475,54.0067642405489,351.529495709459,187.880282964076,429.387008152004,764.708640221242,64.81959177797,1232.16084629218,60.32657420233,1070.95323393867,23.2199543317743,526.050274071828,251.755454603521,555.370368494398,0.014,-5.2,17.2
2019-03-01 15:00:00,5.0290281787573,14982.0105095985,2453.043122094,148.433612005603,2752.46480342345,1827.14740464012,1655.50420838944,2690.35232188501,2058.78056938471,49.7552304632817,355.994846891628,182.267481565427,418.357132483723,776.012939625075,60.1784562604496,1298.83947869814,50.3212011600552,1159.38070884462,18.9241998278153,574.931162781859,279.732839365752,632.039347390941,0.015,-5.3,18
2019-03-01 16:00:00,2.96290322168572,11837.805595964,1790.31959413916,124.030850525564,2014.79220839138,1383.27217846302,1132.13384777838,2526.8871432001,1713.25611468777,42.3992236483152,250.221510045994,138.173477893571,328.611941382271,562.115513799331,53.4355898538946,853.708981335125,43.297093608632,756.621771040014,16.532193688636,372.053397368157,192.659773520796,439.714396691325,0.02,-5.7,16.2
2019-03-01 17:00:00,1.78097697670464,7194.68374828505,1091.19524454335,97.2443509572477,1340.38328580436,658.37242157466,735.782120571131,1532.30432705186,1035.70288768687,25.8413496566181,159.379013378554,82.3970153941278,230.636120659065,380.655801962862,37.1352862119544,529.664045958507,25.9510922950954,482.214205479377,9.25831482702575,247.151054650849,125.363118339356,261.042218258002,0.012,-5.9,19
2019-03-01 18:00:00,0.208810315147958,1230.8787617828,198.545937417166,59.9831292151401,243.950277803579,232.559271201536,139.667424997913,646.928479790211,276.842011933163,6.88471532899964,25.7672138808347,12.6663954450188,125.432030924699,111.29651374312,15.5227040422651,42.9390971473626,4.87962520207884,28.2142997584964,0,13.9054474034784,7.8027901950306,56.3538363949697,0.019,-6.1,6.9
2019-03-01 19:00:00,0.194784856122773,999.750551928252,163.53963068678,57.1192485209359,41.4811441210942,301.007729409096,119.739878604146,578.909231681117,225.191351399858,4.19048486412687,14.8511227522624,7.94256681399682,121.868334593183,103.196361089951,9.09564085612316,29.439133231159,1.70047392662419,12.00413459073,0,5.05340897433027,2.72114182907572,36.6735534092914,0.034,-7.2,2
2019-03-01 20:00:00,0.0300547272702186,843.678928875084,160.338248884972,54.8274962070661,8.87872126198815,200.783326241001,116.813563486622,541.368135369579,188.727113121968,2.44111382570425,15.46294684893,6.55834277062612,117.622016570534,107.930117249718,6.74830700381792,28.6419238309385,1.48142654590893,10.1131801254422,0,4.06318905754622,2.84671863933325,27.6761551308054,0.038,-8.3,-3
2019-03-01 21:00:00,0.140235260978573,753.7769620981,162.591706087811,52.4265072613369,0,533.539893761647,121.297175539855,515.597114934506,175.600180660074,0.833853702114598,16.7077523811442,4.86105609126697,107.514152905233,100.46357981177,5.76056409229921,25.8981003841183,0,8.98041526656664,0,3.00359314881369,1.43038630022796,26.90882256641,0.039,-9.4,-3.3
2019-03-01 22:00:00,0.0645506885522032,682.835847786366,160.624182358518,51.790656978255,0,128.486698840749,113.293707988602,495.930665814765,156.399561080192,1.36511277207944,13.5188547978307,6.1084778261912,104.007711637663,112.72899589757,4.11776616558586,30.1143975630017,1.42490921613768,12.5079865309701,0,5.40793674142352,1.34220969249627,30.3120028639902,0.039,-11.1,-1.5
2019-03-01 23:00:00,0.115657951747524,613.862759563939,140.808270936024,47.3395189369444,0,220.378237838843,100.770315013017,459.360306257648,142.160019799724,3.02604847412994,11.5864668763777,5.52312014504134,98.7179854096613,112.491114331385,2.81303732876245,25.5034519261856,0.866161787145503,8.77310675235742,0,2.38354085198473,0.200043670791999,24.7413002495324,0.038,-12.9,2.3
2019-03-02 00:00:00,0.138115568297134,583.94063656627,138.594058581926,45.4133004013675,0,232.044825926,107.905848130539,433.530688989478,116.863371437343,2.20455750601124,12.3712422680237,5.31812099932622,95.4276719596384,116.508914147416,2.55056449553055,34.9879615048298,0.0099141087237423,17.3114326346589,0,7.0325979758656,1.7841746244731,21.1255123081745,0.038,-14.5,3.8
2019-03-02 01:00:00,0.17079744726204,531.988302332429,129.20807456565,41.4371685077139,0,199.324214909062,117.156486901179,430.001895740257,117.795982875532,0,14.6747217373882,6.41066704628993,96.9297819840039,118.74915336718,1.67032843132699,30.4123515609119,0,7.75873103401123,0,3.10330793949775,1.502545877199,21.2364370532471,0.038,-15.5,3.3
2019-03-02 02:00:00,0.19290013558579,521.337658566807,131.479212230458,42.3264508228546,0,177.596780418349,113.789980448384,416.832862883795,109.479123277977,0,15.0151251641245,5.33193570259308,95.5987151765914,117.6626401065,1.94825941434143,31.0264063623569,0,7.638419911645,0,3.95625047525154,1.4277082925915,20.3532668407964,0.037,-16.3,3.8
2019-03-02 03:00:00,0.238983029759973,505.719454839243,135.691833997738,42.5210472811063,0,195.011280767055,110.815006689008,415.260890876581,105.867385905869,0.292598929568849,17.5541967087723,6.07360130784591,94.9423993421572,119.706596119528,2.61847850865004,30.6083489546262,0.0690315312400261,8.91461345145878,0,4.47630671557444,0.205394039862966,17.239188583145,0.036,-16.4,2.8
2019-03-02 04:00:00,0.278373379378292,509.064581563601,133.167934005564,41.7861084027661,0,184.45441982394,108.835415670139,422.88645317245,105.684362511639,0.670566600157422,17.7561111367638,4.66657369416108,95.9543734784405,121.212599682097,2.11968588487059,31.384735742755,0.0640070419504146,8.09951754004693,0,4.30648091966309,0.175019434978769,14.8674778294168,0.036,-16.5,1.8
2019-03-02 05:00:00,0.368770516386868,492.185384369525,129.830043566871,43.2522761186234,0,156.541792095666,104.716705962209,421.882731950407,96.6504265674237,1.70830935336839,12.949063950997,2.36188776200423,96.8005860525254,120.632019997256,0.790250207814837,32.3975312941273,0.115913720940006,7.51820778336319,0,2.08852554646584,0,9.5445675964708,0.037,-16.5,2.5
2019-03-02 06:00:00,0.234074905716396,493.136640893184,132.176075127432,45.0929078386449,0,150.302120854817,102.165677658356,413.64470201197,87.419547948246,0.00540962652530292,11.0184848272163,1.68132406898753,94.9508136289968,122.584387315513,0,31.4917878401214,0,8.31603092082835,0,2.66275535696062,1.07479179663456,12.7830562191525,0.036,-16.5,2.8
2019-03-02 07:00:00,0.0756447989086705,539.055973781976,136.928351223967,44.0550921476431,0,75.2030714338902,104.213659493429,422.164896310322,87.685620528075,0.765520852596615,12.6240457081531,2.56124097691228,96.3309650665626,125.418447019273,0.0937570664592665,33.9962319912954,0,10.119651544127,0,4.65349712817714,1.75104096763628,16.6087621124726,0.036,-16.7,1.3
2019-03-02 08:00:00,0,521.544083063793,133.418207150831,43.9213784300623,0,96.1350210287035,112.286070073956,430.520205766567,93.1807991884922,2.88553993749648,15.6472778938873,4.37173765966106,97.6399036958599,126.497015457942,0.683333294308011,36.5470803463586,0.511578493466948,13.1722646253516,0,8.07334041306822,1.38657247375927,15.6920110799702,0.035,-16.3,1.1
2019-03-02 09:00:00,0,521.298006932537,143.644692338638,43.5061618092841,0,199.929938890417,114.723259078239,437.148206618622,109.108085514845,2.24252326237501,19.6104247203576,6.78321196048865,98.25257281758,130.153379005555,0.858271809762404,39.9039613632142,1.27568724915277,16.5828251781983,0,9.41318250842312,3.10257335712183,10.2900069927015,0.034,-15.5,4
2019-03-02 10:00:00,0.0349467234978791,526.379074557625,141.800840195082,44.4371276931468,0,233.167322334831,111.208988221317,453.31372245134,126.92540565943,3.22538103149877,18.7709480231345,8.13308236762356,100.720054757918,124.903073107468,1.23657733625722,37.5151367733068,1.24266073858262,14.0743247806291,0,7.26267033810516,0.524423549402868,9.34802115978278,0.033,-14.4,3.3
2019-03-02 11:00:00,0.0990869133070812,547.893103220232,149.413081571993,41.7843439132089,0,121.173672260051,116.327400920155,460.545740610026,128.559195191874,3.29233413036063,20.162448636512,6.54413424060225,104.717936668352,130.792783692284,0.660716765759033,38.8714111236102,1.31920199653116,16.3344552872161,0,9.78563482569096,1.79328344509997,9.67806894573296,0.033,-13.4,1.1
2019-03-02 12:00:00,0.352785296060608,587.183000649002,149.317328791489,42.00080616575,0,151.034353559548,123.554093120919,472.581665928399,125.808811200018,2.24203206947554,18.8135217712229,6.36099597049893,108.347452354295,133.143888839219,0,40.6279447446202,0,19.1108535896535,0,11.313577548014,2.94921580594855,10.1987856208844,0.033,-12,2.8
2019-03-02 13:00:00,0.257210115497868,593.066507763142,149.029028000589,44.6700239352837,0,213.818755953638,123.280308688384,497.386413908537,123.928786863955,1.27930136263959,18.6118597466086,4.88117476570659,114.021062121978,128.720638055097,0.556280077837305,38.2489746577167,0,15.2055249450977,0,10.6534312435161,2.80695751720005,9.17919110295129,0.032,-11.7,6
2019-03-02 14:00:00,0.0818784161315066,615.20316719198,153.422395248773,46.8476164000305,0,218.147434623206,127.62625897467,521.623752989477,137.055416832834,0.407287473848601,22.2739823099083,5.70587233852764,119.510582500634,129.099937894072,1.0589865235238,37.6417956017305,0.526831313228983,17.1045001636151,0,13.3344864513645,2.74503698237139,8.08535604132407,0.032,-10.8,4.7
2019-03-02 15:00:00,0.161166266820543,604.794109470824,169.333533402371,50.2488167942633,0,272.02598001419,125.201939694201,562.176893777705,151.861545834817,0.300094703833344,19.1190412426663,6.78023281234901,125.296239335354,126.401327735628,1.59259255258992,34.7437909065558,1.35800905594331,12.4174200520508,0,7.20702025763766,0.919320259502685,7.89802014898599,0.033,-10.5,3.3
2019-03-02 16:00:00,0,608.340398983568,185.459306498427,50.7339665104267,3.98948763407436,207.526183037211,122.578262836824,583.514304197789,152.397011540795,0.761375034602488,17.6295086305259,7.1718544208711,126.939348940822,126.516419358842,0.313261173797581,41.1389294855669,0.760185984789914,17.9106910747407,0,8.27013863468465,1.09527905555032,7.43841418353562,0.033,-10.4,7.4
2019-03-02 17:00:00,0.0213678518576469,663.219841422891,164.522563286236,56.2830069300348,0.530115903676792,193.281568069139,125.238218472566,610.236989757294,278.144295148442,0,15.2051035525103,5.58450333515384,129.345488469778,126.194880748266,0.524594105555489,33.1966901379164,0,11.0210538355001,0,8.04184712094083,0,9.50775034740361,0.033,-10.8,7.4
2019-03-02 18:00:00,0.164653516175357,682.671077268431,178.795792975435,48.4296541755922,0,168.138818405356,133.521093210142,583.774159083703,166.594088290424,0,13.9292481509039,5.23805340736664,132.870246753477,130.981357785436,1.71322936249404,41.347353311563,0.706474046992687,20.0123283481959,0,14.8117529453499,2.05901995994382,12.1702469522712,0.032,-13.1,6.2
2019-03-02 19:00:00,0.334205395836553,761.284182080944,185.458642121794,57.2519987485651,0,92.6591053153471,162.025892013588,581.987864622226,270.807989268758,2.7730489403623,18.6015667500584,7.05596163666958,136.359834584743,147.549847806329,3.38918655819938,63.4015478766848,2.67022963843862,40.1589395045976,0,29.6003723327453,8.12471946072399,11.5249588803109,0.031,-14.2,4.3
2019-03-02 20:00:00,0.0391476476706968,597.354125833773,187.445733219323,54.852261617953,0,68.7508811477659,120.1177633579,604.456218224628,173.396633072208,1.92637472688124,16.2079437520762,5.49704146526821,134.115223675684,129.715649480387,2.83084055851381,36.447365947969,2.67885406656892,11.4244900771822,0,5.28897631696562,1.65915026168575,8.50986628979872,0.032,-14.5,3
2019-03-02 21:00:00,0.103189953552133,605.510008294558,169.941702337728,57.8779395852645,0,117.055351287248,119.067739149499,568.283086808575,233.545847557609,0.565406741543728,14.6881736788255,5.29175286670644,127.420709271347,132.037186461075,3.07776879018424,39.9593572552568,2.10084353969452,16.6401220386106,0,9.0262384468362,2.20005325208236,10.7537259439007,0.033,-14.9,4
2019-03-02 22:00:00,0.156165720499794,591.369438612319,162.8065438462,58.4016699394147,0,62.5695550694763,123.035775676768,574.397210533378,259.270686329828,0.481439153421907,12.7027707834104,5.7777671466471,129.625914226197,133.976667129035,3.1710311622558,39.9449040196574,3.67690437249798,16.6752526371678,0,8.54798568846196,2.2517176652622,9.90147728034961,0.034,-15.2,3.3
2019-03-02 23:00:00,0.0553597809792051,538.014522215457,148.682281093996,51.3065377049812,0,136.347821778104,123.639744515648,555.631023975946,144.360948587365,1.54637847316458,8.36125148917916,5.64318409016575,129.653654694452,129.776003155665,2.99568154932672,33.6571453063226,3.03626629626098,10.4195591890839,0,1.58392975059679,1.58447676482797,7.66816910743815,0.034,-15.7,4.3
2019-03-03 00:00:00,0,555.936010996478,151.424770020435,50.4944037100961,0,112.73298767992,118.132344126401,539.788345786255,119.012683670858,0.881040107579225,11.9206465746326,3.7216562027224,126.623201950008,129.702953342572,1.87745412408823,30.9048080187675,3.20702798199024,8.98198754663331,0,0.775590536932455,0.738191167519964,8.43390993285395,0.035,-15.9,4.2
2019-03-03 01:00:00,0.0993544660385206,630.122125992245,150.796621734962,54.7125434096068,0,119.977012706373,118.546379081898,534.479342386797,131.3735067853,1.58561755245897,12.1475071446373,3.33642001152671,121.272657024756,127.910464782289,2.22592216829811,30.1461349361858,1.20777952128361,10.6199409837077,0,2.6145125011405,0.70096265721023,13.0249905024254,0.037,-16.2,4
2019-03-03 02:00:00,0.242272980673823,582.181967599148,144.153528734411,51.7735848890409,0,65.274658545773,114.612297253714,526.346369838119,101.566202212211,2.30037931183237,11.7320241257569,6.01853654589011,119.926622894608,125.616126337471,1.58634085635856,27.4951154959667,0,5.76340068541708,0,0.766191071155236,0,10.4939677733473,0.036,-16.2,5.5
2019-03-03 03:00:00,0.252518508374771,559.177550850605,143.457467861208,51.3506097861355,0,83.4997503241229,111.464556075643,524.10366789271,87.6094536918659,2.56442243659767,11.6317257066068,5.34185191827218,119.149729921206,130.687145313659,1.39937026795757,27.4074345864162,0.55043014645739,5.75411146411192,0,1.25230640326334,0,8.06871029214606,0.036,-16.4,4.2
2019-03-03 04:00:00,0.374142928514809,549.945083275795,136.983371545579,52.3962971961561,0,105.330140208347,112.126914499751,516.672921716529,74.3280806765108,2.40037167964713,10.8355068294033,5.03347068524432,117.018161164419,128.809151984086,1.31124336209289,26.9471560698241,1.38074489365299,7.2012865890706,0,0.675846706783421,0,6.47520543906167,0.036,-16.7,2.5
2019-03-03 05:00:00,0.385274614202163,523.770875337316,136.584886935544,51.3863913977492,0,108.240012612029,112.342364365047,503.651788333945,76.1523110493372,2.38551177929905,6.33125329872667,2.93898574422768,112.760263776153,127.95683713149,0.996015891511098,27.2104125392381,1.67721096343263,8.12134916637216,0,0,0,6.32041575354153,0.036,-16.7,4.7
2019-03-03 06:00:00,0.359285580509278,535.619749370874,137.160335087861,50.2975094424574,0,71.428024397783,111.896769008769,506.123678477976,72.0316187091741,2.51193100337702,6.74178243079839,2.63435744240736,112.553268750068,128.748712023273,0.547908053519409,30.1456873936116,0.750114663028031,11.2102719436756,0,1.74486625944204,0,7.62153749056721,0.037,-16.9,4.5
2019-03-03 07:00:00,0.189970006173933,538.644405497827,143.879779767803,55.2077136999101,0,124.451386535341,105.621294194892,509.865939564964,83.1819187548765,1.9566809896989,10.3382064692009,3.70643036590343,108.632885625067,126.502018746928,0.772878367903644,30.00310600324,0,10.1983667586735,0,2.38553607748345,0,8.17353079150999,0.037,-17,4
2019-03-03 08:00:00,0.301963739135865,524.840223304634,140.997213661505,55.2640685929327,0,88.8530500975626,99.8898398965683,500.598910090608,92.6149422622527,1.33967847220063,10.5731403749064,3.56989787530378,105.266721861329,130.579416513944,1.91693719056476,33.2922507922836,0.187076167071315,14.4074768674222,0,5.21152865855881,0.307955133405177,8.84193502227341,0.037,-16.5,6.4
2019-03-03 09:00:00,0.2546742930483,543.989145417871,155.76810579848,58.7231430005159,0,89.5015644891825,98.8782624056298,500.928330351851,117.533105834153,1.53572560199465,6.79554116505911,4.94158220569231,103.012651314648,128.810234950621,2.21001132078175,36.3906343106896,1.25371976783309,14.9888230752763,0,4.41730534641587,1.53420559268341,6.59770739895929,0.038,-15.9,4.7
2019-03-03 10:00:00,0.253539919528801,515.767583265775,145.840292496212,58.2564525110757,0,154.475573619152,102.089047749166,492.591717769609,100.882344923348,1.29186622256048,4.65662378811898,5.68821682290092,100.774855633555,126.542657152936,0.71596151186099,35.847001033493,1.00222050424977,16.6244749446533,0,5.5410553950309,2.25822685393683,6.04675227944201,0.036,-13.9,1.6
2019-03-03 11:00:00,0.118478803539584,589.838005229887,145.003020204131,58.2394951964812,0,66.8284567915121,106.665247596262,513.414684578917,96.4751957358879,1.24623966941403,7.80967840305761,4.98643825173867,110.395378267896,131.174030232056,0.0886545680247686,37.8206920325519,1.37187690122855,18.4188726409771,0,6.98733064214092,4.63673213953921,9.17636034829518,0.036,-12.3,1.3
2019-03-03 12:00:00,0.12220537870876,604.073534674221,158.68309831786,60.3337453814626,0,155.94217517707,118.387206280148,523.866900274905,104.804521204037,0,9.6465259274805,2.74599362658905,111.14475937353,130.020253297683,1.14719884354146,37.9124820871621,0.177808103784764,18.2645050964805,0,7.82204143204476,4.06292329131836,8.40363044595933,0.036,-10.8,2.1
2019-03-03 13:00:00,0.110344374501689,594.365441612027,164.121388862417,57.8379167118716,0,485.826259349363,129.196545796876,532.526312567422,112.411888692335,0.194346316460248,11.668730850479,3.50616978349019,109.548591700938,116.161824945831,1.63855899945319,38.2410035126421,0,21.2595717193033,0,11.2317335634857,4.26158096684953,9.3067873493359,0.037,-9.2,3.1
2019-03-03 14:00:00,0,623.962660880219,146.527025742053,55.522838290145,0,259.879071519395,126.351564533143,565.545538452328,120.184112271575,0.993698551160817,10.8754436518882,4.35846258546254,117.01912316109,124.075209742332,0.598657097350607,39.6087215593024,0,23.1097077734879,0,12.1888640175479,3.32279189164433,7.26077267987212,0.037,-8.6,3.1
2019-03-03 15:00:00,0,656.122591007992,147.754629923394,55.706632901614,0,209.583438197807,121.581974005955,568.078872230586,108.448378106676,0.628771306051116,13.0480451065859,5.19315666373163,116.710952429757,129.368682911955,0,35.2545171604688,0,19.8389902659544,0,10.8395583496977,3.26457827780779,3.86176551978745,0.038,-8,1.8
2019-03-03 16:00:00,0,694.312186742903,148.54304065723,58.9543868675503,0,259.071778902333,118.173826865936,579.445367115474,122.225998967348,1.34414347228535,7.18042184889295,6.697789517277,116.264829997203,126.773755719578,0.522939183800955,34.1010848539114,0,18.0749874593332,0,8.62647786888523,2.0325817289938,6.34025822338569,0.037,-7.3,3
2019-03-03 17:00:00,0,721.021321857104,143.717469305089,61.1632773991268,0,169.300917468841,106.953615305831,581.696197035693,70.0261439734221,0.788774247464379,4.68820469937152,5.68788281922464,114.0732156035,122.995676387738,1.02450901068186,32.5302347303441,0,16.2986501023012,0,8.45462609279726,1.90538936430051,7.2478680610771,0.038,-9.4,5.5
2019-03-03 18:00:00,0.868501815985016,1788.48597830118,422.96391415379,82.0564415993535,215.118389295603,274.79593285601,261.789071658209,796.585480327703,289.694709149046,15.5172392330365,35.970687893727,25.0189743944597,129.401557143984,220.121449554881,18.8834285259077,176.605911322831,22.2805796412913,173.013322687982,4.99370884306432,100.601880616824,46.0098466711431,23.8554468636664,0.036,-13.4,7.1
2019-03-03 19:00:00,1.49328206702116,2859.23894753413,824.685390859399,88.7599478679336,954.753348351021,571.879281937116,401.517503138836,1028.62456732938,941.909321079742,73.5802023392926,67.2618968395723,77.0413556132079,153.575783775246,314.703429092148,84.855354766268,290.791943551604,103.088665299185,270.350878542299,47.4154299374133,160.58311547276,74.7504131752492,55.2483734707431,0.034,-14.8,7.8
2019-03-03 20:00:00,1.32590683263562,2296.7532243264,881.574268488863,80.9882910962381,997.878733590934,466.01090165003,293.392983400853,1283.78575523756,576.21547141667,22.96260263039,55.0426680283006,34.4805271043682,137.584350460519,229.224815711313,23.9653297157242,218.719014433295,34.5736686125578,202.006402914053,15.4737969249468,131.924942570732,72.5625762755578,53.1115581662393,0.027,-16.6,4.7
2019-03-03 21:00:00,0.887867333479891,2025.60486530198,740.772968456635,78.6239998616512,935.949801757896,442.667072250005,227.522389530106,1201.33293065529,425.959474083029,12.4965663220569,39.368329955895,24.9541609045252,134.807059361179,195.648660502374,12.2881173390808,157.514225954451,21.0497349436037,144.228781275828,7.65395370139494,88.9439891286481,44.846899829674,53.1931923672889,0.025,-17.6,7.8
2019-03-03 22:00:00,2.03089299406321,2832.42452641157,719.533488919275,95.506004664409,665.362686361019,394.678071949647,377.239044903747,1056.96153108461,711.787631921827,41.7606857516629,67.0273871985319,46.3265526726594,145.819392263052,249.41056662751,43.1450656159033,251.393849341818,74.6592062766713,234.546524110131,26.2219572909328,134.033917837601,63.9885632330159,88.254583771023,0.014,-19.4,12.2
2019-03-03 23:00:00,2.16190392254709,2590.8091948186,585.613698844112,87.616458119637,483.315701270246,322.117549899735,284.784908132985,941.693103686888,519.009469636101,27.6346628499156,53.502093875596,34.8092834461189,133.660581853861,207.265493768683,26.5188572310649,175.040649581939,48.4929173932505,170.425605438259,16.7931995308481,117.801109917617,65.6226892023571,73.528303274882,0.007,-20.9,11.2
2019-03-04 00:00:00,2.71810162703335,3194.11416224472,782.854650120769,89.5092132673166,433.785718529427,334.257512314696,402.163655964101,1022.79614193769,637.834339177043,36.4729512789838,81.7666108029973,43.9867528388225,143.770668734924,290.597209428009,38.4832773555511,325.916562440751,64.3282761094056,300.194645312544,20.3567949894948,166.069365489376,71.2636031803626,91.9022176784351,0.005,-21.7,13.4
2019-03-04 01:00:00,1.86983505545038,2216.60065958586,502.098689485137,78.3564881161298,359.269074015178,273.772125050948,215.225611324877,914.84023875662,465.131342977166,20.9879482146871,47.8757511623424,33.9545375348252,130.320468515513,174.842850879849,21.4122138828003,127.764869040051,40.5333457442964,90.8579979139871,8.30993718865305,51.2382136695608,22.2457464356761,65.4527524970698,0.003,-22.5,31.4
2019-03-04 02:00:00,1.51719339122426,1972.45195809857,506.843214733612,77.2232084786622,345.478051284035,275.607736068766,208.559739309696,897.102463308711,458.111788030343,20.161236629948,42.0822429339054,29.4120176514592,132.901460994132,178.10345986508,19.1341548016599,118.581795117713,33.8177114356195,90.2852064365013,7.13706553986013,47.144301588872,21.4716894286564,54.3243479354816,0.005,-23.4,10.8
2019-03-04 03:00:00,2.34344448949704,2625.71535605443,611.930203431907,83.8030443628488,276.11464803023,239.064432197089,267.596958766551,979.675667452016,448.821570402321,23.399438670046,58.8512338079204,37.6881436731077,141.628594393681,212.096333835896,21.9003175179111,171.563847981334,37.2965977360213,132.533591419655,9.03500109805638,74.1529227591415,33.265078828906,69.1380869416603,0.007,-24.4,9.8
2019-03-04 04:00:00,2.2039237757692,2752.25831260068,606.712334509477,76.3740853031357,220.421794879601,197.84243964677,311.950194385812,967.565851452011,398.418677917206,27.7210412117582,64.6033455590143,42.8886853132598,148.055690953098,244.357977021123,26.2826252134586,197.243371337517,36.8648580567527,157.118791537444,9.33291141340043,87.5115065434318,36.9088109662104,70.6655935317284,0.004,-24.8,8.6
2019-03-04 05:00:00,1.05353861415319,2195.08305242677,412.491863569951,74.6345846761567,192.960496411384,73.3487507622999,212.872055337134,831.752780368498,353.929564750415,20.0194839008803,39.4719694904711,32.1248268024501,134.210566231134,201.325799272712,14.699634802403,125.979641362112,27.7879201633307,94.9445858328952,5.29556010171649,50.8459199014039,21.0355724075697,49.0904338141693,0.003,-25.3,9.5
2019-03-04 06:00:00,1.60714904463642,2579.50576843148,676.863579490066,86.8201264590764,109.070275091743,0,393.236199754255,886.003466631622,367.909042729177,19.3081545049793,70.2403493912862,36.5521004700309,129.784407425558,276.047989681163,15.3345184996301,295.533367971375,27.9109769707053,267.663377586627,4.96433708378279,155.469805296029,62.2332216604817,71.8995660547667,0.002,-26.1,11
2019-03-04 07:00:00,1.90668864340972,3175.30580338929,930.626181814595,88.7601010244948,33.8291789813024,22.7344630131142,647.052971018318,883.598741946976,303.857146663654,18.8823483737575,98.3765400455466,42.0972845174147,143.745665990122,418.210071333198,18.5157826260995,551.773555131405,24.7233111320783,563.108815934861,5.81597029761297,337.754340792203,138.144648107226,69.1857375898541,0.003,-25.6,10
2019-03-04 08:00:00,3.98078588083351,7564.51423599878,1683.80031454256,113.419289014164,464.815809793381,265.770119836398,1317.14888176343,1034.71159769776,440.617454740175,29.6785645622671,174.732176413569,74.3820495247396,172.191661300338,846.058406888762,29.4492735837497,1271.21745477851,38.1267446177587,1345.90716011863,10.1863895093815,810.389379075005,337.819928523619,100.509908610315,0.006,-22.2,10.5
2019-03-04 09:00:00,3.29489500845657,8103.37639836931,1316.88615271359,94.3833786263526,580.394023869491,498.892893518737,963.838372102197,1023.83336643171,507.230202123386,27.5134357905589,136.782329903733,67.161646930529,180.55862882965,662.290514993648,25.848181886976,919.685604355632,33.4445381683226,963.962672256112,9.19964422902553,572.940363534694,238.832427554112,85.5006374606374,0.012,-18.5,10.5
2019-03-04 10:00:00,2.97918473769695,3961.23568884506,730.34261975483,91.1468425503173,609.291085904884,602.673080681558,488.725940663055,1037.00833109581,566.530602546314,18.0780444914739,75.0084156267196,42.8106256700177,170.101560737019,370.34907795685,15.1038481581041,422.688718542695,23.2295661258064,415.435984978491,4.63655694399405,241.664504042698,101.53149530524,50.635609812492,0.019,-16.1,8.8
2019-03-04 11:00:00,2.16116087375273,3890.33354530883,761.559994351915,93.611622597065,3141.08908327361,619.220529378922,456.023151062263,1137.29018603105,846.931996920538,14.8253116441656,78.0914844719371,44.5448085240672,175.033438011518,346.525575163929,13.7311430602668,377.008400869281,18.8648984468998,356.452840877074,3.81575738270458,204.983353671883,85.0097801761913,45.7247045209922,0.026,-14.1,9
2019-03-04 12:00:00,NA,NA,NA,NA,NA,NA,NA,NA,NA,NA,NA,NA,NA,NA,NA,NA,NA,NA,NA,NA,NA,NA,0.03,-12.2,5.7
2019-03-04 13:00:00,NA,NA,NA,NA,NA,NA,NA,NA,NA,NA,NA,NA,NA,NA,NA,NA,NA,NA,NA,NA,NA,NA,0.033,-9.3,6.9
2019-03-04 14:00:00,NA,NA,NA,NA,NA,NA,NA,NA,NA,NA,NA,NA,NA,NA,NA,NA,NA,NA,NA,NA,NA,NA,0.034,-8.8,9.3
2019-03-04 15:00:00,NA,NA,NA,NA,NA,NA,NA,NA,NA,NA,NA,NA,NA,NA,NA,NA,NA,NA,NA,NA,NA,NA,0.035,-7.3,8.3
2019-03-04 16:00:00,NA,NA,NA,NA,NA,NA,NA,NA,NA,NA,NA,NA,NA,NA,NA,NA,NA,NA,NA,NA,NA,NA,0.036,-6.8,7.2
2019-03-04 17:00:00,NA,NA,NA,NA,NA,NA,NA,NA,NA,NA,NA,NA,NA,NA,NA,NA,NA,NA,NA,NA,NA,NA,0.034,-8.6,5.5
2019-03-04 18:00:00,NA,NA,NA,NA,NA,NA,NA,NA,NA,NA,NA,NA,NA,NA,NA,NA,NA,NA,NA,NA,NA,NA,0.033,-11.6,5.7
2019-03-04 19:00:00,NA,NA,NA,NA,NA,NA,NA,NA,NA,NA,NA,NA,NA,NA,NA,NA,NA,NA,NA,NA,NA,NA,0.025,-14.1,8.3
2019-03-04 20:00:00,NA,NA,NA,NA,NA,NA,NA,NA,NA,NA,NA,NA,NA,NA,NA,NA,NA,NA,NA,NA,NA,NA,0.01,-15.8,17.2
2019-03-04 21:00:00,NA,NA,NA,NA,NA,NA,NA,NA,NA,NA,NA,NA,NA,NA,NA,NA,NA,NA,NA,NA,NA,NA,0.004,-16.9,15.7
2019-03-04 22:00:00,NA,NA,NA,NA,NA,NA,NA,NA,NA,NA,NA,NA,NA,NA,NA,NA,NA,NA,NA,NA,NA,NA,0.003,-18.2,27.3
2019-03-04 23:00:00,NA,NA,NA,NA,NA,NA,NA,NA,NA,NA,NA,NA,NA,NA,NA,NA,NA,NA,NA,NA,NA,NA,0.003,-19.2,19.7
2019-03-05 00:00:00,NA,NA,NA,NA,NA,NA,NA,NA,NA,NA,NA,NA,NA,NA,NA,NA,NA,NA,NA,NA,NA,NA,0.014,-20.2,14.2
2019-03-10 10:00:00,1.29082100716902,5296.16061205058,920.771193169422,99.5407089788907,1319.06494173891,756.246391382225,564.212684195296,1181.40096191832,565.785081420542,14.4347646542977,79.9688272759435,53.2727831024277,175.802439112247,312.599548057542,19.5733092729777,341.757089979296,22.1728192138626,297.977224414486,2.72862807862883,161.28796592612,66.6691833689565,60.8869236304602,0.011,-7.8,8.6
2019-03-10 11:00:00,1.0753376858832,5416.96371123948,901.450581335294,92.3548840015578,1487.89875800605,797.900920411898,558.636260095173,1249.16140145739,649.156880350927,14.9227962121627,84.5070171611968,54.0159915669767,194.577777236536,304.312924066062,19.9359239047031,340.695909971806,22.2385387350954,282.484758466546,2.77954475746311,148.980642124809,60.6741360153323,51.676647958834,0.02,-5.9,5.7
2019-03-10 12:00:00,0.963227402631439,4447.63204387144,610.997838041555,87.6987004976934,1078.25357970957,883.546545947757,339.12060251618,1135.803106953,744.025929063216,10.6117450831314,68.7445628106955,43.7425167186305,146.272407802802,231.617540200659,15.5097958968835,246.083385148201,18.55004451856,207.72719650823,1.0690204699786,117.804738893391,45.8345709555484,40.53870088192,0.027,-3.4,5.5
2019-03-10 13:00:00,1.09214397030023,3763.98342720293,448.826446598904,76.222531451829,756.468659631697,931.276696658905,297.323764700118,984.50696027417,722.031402964349,8.50607593348076,61.7561211812869,36.7472018647683,137.498910774618,200.404587019461,12.0766869876668,202.056445148664,14.9756801272128,165.813364809267,0.388713670447379,90.3112270396678,36.1031680260503,28.4027721867785,0.03,-2.5,4.2
2019-03-10 14:00:00,0.851932426088613,3594.97764262821,424.413290865385,80.0616618573718,560.36138349359,993.646598717949,302.05088974359,2127.67323317308,793.1170125,6.8825794299359,65.5909306907051,37.5789567918269,132.688976314103,183.435063189103,11.8947994998237,180.527682596154,13.9291432221971,149.398085272436,0.357703879455128,90.1130676602564,38.3735274086538,65.6792116762821,0.033,0,2.8
2019-03-10 15:00:00,0.821903510313489,3781.72531410256,487.69473974359,82.2599755608974,833.015276442308,1058.27701394231,278.038428846154,1160.60485032051,815.017286217949,7.35072688576923,66.5876546730769,34.4150047171474,133.786889278846,174.276918733974,11.1392351475593,180.005630352564,13.5956868763782,146.906497259615,1.04781079411378,83.9147148076923,33.6169198655128,40.6766819324087,0.036,1.9,6.2
2019-03-10 16:00:00,0.151072406564762,2253.06843910256,366.466503028846,83.8360345192308,627.314497435897,864.654942323718,173.144850480769,1383.61491778846,634.718495833333,5.74205592559295,42.6288507579808,19.8477043644551,109.999988092949,119.320092564103,8.39345661290064,101.807770522436,8.12822685197772,70.7050406955128,0,38.5695398354167,15.3282057501442,21.3123583911859,0.037,2.5,7.6
2019-03-10 17:00:00,0.0751979049551246,2032.99749358974,324.449237067308,73.5928173076923,519.461003125,770.349935416667,132.81897424359,1071.36350753205,488.874309455128,3.48394627043269,28.9009986255769,14.4832680294551,99.266079599359,95.4073032051282,5.00387664830128,61.0079011875,5.39446954716987,42.3059693044872,0,24.6044632552083,9.76739542427885,22.6732464456731,0.039,3.8,3.5
2019-03-10 18:00:00,0.18895409744863,2235.95907887701,221.699219786096,76.8144579679144,280.973830802139,727.834748128342,122.920577772727,1016.52769839572,414.009503743316,2.07235096259358,27.2743157625668,13.9671973249198,97.8559279679144,91.3089449465241,5.34743899772727,52.795892526738,5.30040391197861,38.9976864949198,0,22.25685196,9.25173619336898,23.0003857896524,0.039,2.5,1.6
2019-03-10 19:00:00,NA,NA,NA,NA,NA,NA,NA,NA,NA,NA,NA,NA,NA,NA,NA,NA,NA,NA,NA,NA,NA,NA,0.039,-1,3.5
2019-03-10 20:00:00,NA,NA,NA,NA,NA,NA,NA,NA,NA,NA,NA,NA,NA,NA,NA,NA,NA,NA,NA,NA,NA,NA,0.036,-4,1.1
2019-03-10 21:00:00,NA,NA,NA,NA,NA,NA,NA,NA,NA,NA,NA,NA,NA,NA,NA,NA,NA,NA,NA,NA,NA,NA,0.024,-5.3,-1.3
2019-03-10 22:00:00,NA,NA,NA,NA,NA,NA,NA,NA,NA,NA,NA,NA,NA,NA,NA,NA,NA,NA,NA,NA,NA,NA,0.014,-6.8,4.7
2019-03-10 23:00:00,NA,NA,NA,NA,NA,NA,NA,NA,NA,NA,NA,NA,NA,NA,NA,NA,NA,NA,NA,NA,NA,NA,0.007,-7.9,10.3
2019-03-11 00:00:00,NA,NA,NA,NA,NA,NA,NA,NA,NA,NA,NA,NA,NA,NA,NA,NA,NA,NA,NA,NA,NA,NA,0.007,-9,10.3
2019-03-11 09:00:00,6.01426213778545,27860.8057142857,1935.12957142857,125.845914285714,1220.48022857143,1179.49219285714,1465.54596428571,1278.24357142857,536.317928571429,20.4098014285714,262.457828571429,135.584245714286,174.857671428571,800.246357142857,39.8827,1194.83907142857,28.3764092857143,1274.97847142857,10.8802105714286,772.087335714286,330.057578571429,137.772035,0.002,-10.3,13.7
2019-03-11 10:00:00,3.79865936069303,26855.6635714286,1314.06183928571,116.010027857143,1262.513125,1297.55484642857,951.549864285714,1286.02282142857,651.059703571429,25.0006335714286,166.078686071429,96.3141367857143,176.95085,568.469942857143,32.1347596428571,793.997610714286,27.0607928571429,797.112778571429,9.54057853571429,454.3737,189.430253214286,90.2237653571429,0.004,-7.3,12.2
2019-03-11 11:00:00,4.74930603530992,20408.235,1387.884125,120.5234,1962.15725,896.4423375,935.231325,1564.51125,862.3024125,28.97354,175.7044375,103.90097625,208.248875,584.5383,33.86181875,811.43915,36.51425125,801.495125,11.2118905,443.3947,185.1273,83.73668125,0.008,-4.8,12.2
2019-03-11 12:00:00,3.61303840433698,12961.526875,1212.929125,109.62324375,1529.6711875,1733.69675,682.27316875,2321.2990625,1110.76565625,25.322488125,136.99964375,82.194021875,199.3396375,381.60834375,30.14553375,561.16871875,21.69104375,504.67018125,10.945147125,256.96945625,106.154893125,60.547025,0.015,-2.5,16.7
2019-03-11 13:00:00,2.83293041347446,9963.29242307692,1030.98161923077,104.166559230769,1504.54046153846,1216.36352307692,615.632007692308,2239.138,1225.38975,20.5473446153846,136.750623076923,75.7057261538462,206.769642307692,347.971530769231,23.7763546153846,481.546230769231,21.5782130769231,421.37315,8.46365034615385,211.586446153846,89.7483080769231,72.2601292307692,0.02,-0.7,12.2
2019-03-11 14:00:00,2.23188285769115,6497.26967857143,668.801239285714,90.0125128571429,903.865375,1194.760675,426.127910714286,2512.07557142857,1008.19806428571,14.0937806785714,102.278141785714,50.7172971428571,171.575925,226.9406,17.6340937857143,299.940832142857,14.0039345,266.735342857143,5.03227509642857,120.681384642857,52.3100964285714,75.11039,0.027,1,11.5
2019-03-11 15:00:00,1.52158406895669,5130.29533333333,549.477804166667,94.1243375,715.727520833333,600.0231125,330.489116666667,1271.809125,685.588508333333,7.83713429166667,74.6612608333333,31.8071945833333,144.9715125,196.498066666667,9.83773795833333,232.415591666667,11.4723495833333,230.9715125,1.54146373083333,114.89046625,46.89441375,38.3271745833333,0.031,2.2,8.8
2019-03-11 16:00:00,1.38919812379139,4357.16238461538,423.637911538462,103.761941538462,523.218838461538,665.324073076923,257.562223076923,1267.61156923077,625.409015384615,6.98963457692308,56.0155130769231,22.8270053846154,125.94985,157.21875,8.49770130769231,163.517961538462,6.94193957692308,142.194042307692,0.837709426923077,82.8528211538462,30.5801946153846,22.8088446153846,0.034,4,6.2
2019-03-11 17:00:00,1.12486931491077,4770.45375,488.283132142857,111.479800357143,641.341282142857,653.006846428571,264.767839285714,1561.50448571429,711.720614285714,6.68353067857143,55.8782510714286,22.3314814285714,123.879696428571,166.594217857143,8.78886260714286,183.754078571429,7.54194460714286,166.93722,1.73967460392857,87.9533989285714,36.4124132142857,30.6774525,0.037,4.4,5.7
2019-03-11 18:00:00,1.37066047783535,6968.25383333333,542.585683333333,105.177405,820.155166666667,402.5808,320.943933333333,1245.85679166667,716.179879166667,4.58182279583333,69.43629,27.4138845833333,132.304395833333,188.421566666667,9.683917375,210.355820833333,10.5908355833333,198.9481875,1.37075362458333,110.985599583333,50.53442625,39.3864404166667,0.038,4.1,5.3
2019-03-11 19:00:00,1.62516696928096,12455.2068846154,1097.20368076923,120.515925,1299.41060384615,919.538469230769,569.172726923077,1682.52596153846,908.040023076923,9.95922934615385,113.718406538462,40.4511280769231,135.132546153846,324.943226923077,12.9829576538462,432.42605,16.1250973076923,445.622165384615,2.80145781153846,270.583680769231,122.169284615385,80.0369007692308,0.039,0.8,3.5
2019-03-11 20:00:00,3.0916035446994,16620.5542857143,1274.59968571429,121.698457142857,1667.80639285714,1093.33801428571,805.195421428571,1493.68425,1383.70022857143,22.3537707142857,187.204617857143,74.6010946428571,193.749310714286,418.855746428571,27.5870546428571,585.052103571429,38.4099778571429,561.050225,10.2972573214286,321.668257142857,148.008328571429,153.101882857143,0.037,-2.5,6.7
2019-03-11 21:00:00,2.74638992835669,11594.6852916667,1296.96338333333,117.221989583333,1411.32467916667,717.950983333333,648.929458333333,1627.54525,1357.94179166667,25.4651675,160.810370833333,77.241405,183.8678375,317.093295833333,32.7315845833333,461.938279166667,47.8620279166667,412.190516666667,14.1572952916667,228.363391666667,107.423651666667,185.274345833333,0.019,-4.6,10.5
2019-03-11 22:00:00,3.24331642383715,10799.8980769231,1492.79786923077,139.350313076923,1519.777,741.870107692308,684.665907692308,1892.18923076923,1375.40398846154,21.4833732307692,165.231288076923,73.7117423076923,174.526926923077,353.742726923077,31.060945,502.331580769231,40.3663303846154,479.678976923077,10.7353467692308,285.060936153846,136.4566,163.5574,0.011,-6,19.4
2019-03-11 23:00:00,2.47192123118678,8056.25592857143,1218.81294642857,121.334668571429,1387.31,940.841521428571,468.824675,2009.006,1131.72031785714,17.6230309642857,117.382568928571,57.8435642857143,146.892342857143,266.678182142857,25.2504210714286,334.162917857143,33.1578003571429,320.248828571429,10.0838728928571,196.145889285714,98.3571017857143,125.196842857143,0.007,-6.9,17.2
2019-03-12 00:00:00,3.22154488102092,8515.513625,1203.56598333333,144.75115,1300.27833333333,930.204083333333,570.114833333333,1792.72783333333,1156.275725,18.8789219583333,140.174147083333,60.3525241666667,146.880554166667,301.6942875,26.0410291666667,408.317433333333,30.6917125,386.38705,9.30569079166667,221.240795833333,105.233835416667,129.930130833333,0.005,-8,22.3
2019-03-12 01:00:00,2.37259815036241,5854.30996153846,864.06515,118.768833076923,1032.15488846154,773.977811538462,377.702384615385,1550.29907692308,979.296838461538,14.5029323846154,100.167326538462,44.7562330769231,130.017257692308,219.723826923077,16.7615726923077,276.452596153846,26.4168723076923,246.423403846154,6.386002,140.695520384615,66.3247065384615,141.120119230769,0.003,-9,16.7
2019-03-12 02:00:00,2.83526015023164,5569.94278571429,883.851792857143,125.680714642857,987.271082142857,818.016285714286,342.704275,1625.8755,989.385046428571,12.7869690357143,94.1093410714286,41.9552953571429,127.377292857143,190.769364285714,15.0201324285714,237.722185714286,25.37758,205.7524,4.72447930714286,109.128857857143,52.3984542857143,122.270536071429,0.003,-9.9,13.2
2019-03-12 03:00:00,2.82459276850253,5080.872875,681.61025,123.048075,808.5549,627.76145,295.532033333333,1346.0045,847.5888875,9.18210354166667,86.7148066666667,36.6423829166667,120.084158333333,162.089579166667,12.1644629583333,196.229020833333,20.16008875,163.3099125,3.247922525,87.4489733333333,44.42920875,124.617670833333,0.005,-10.5,12.5
2019-03-12 04:00:00,2.71989342072243,5301.12626923077,750.468769230769,105.350750769231,970.71025,689.354561538462,338.117488461538,1453.68307692308,985.332542307692,23.5750015384615,95.8567846153846,65.0059526923077,145.280946153846,221.996507692308,24.6685680769231,238.206011538462,48.0893342307692,186.936903846154,11.1604670769231,100.744465769231,49.8077957692308,104.372299230769,0.009,-11.2,12.9
2019-03-12 05:00:00,1.93656371823341,4714.92642857143,823.660732142857,105.612809285714,1130.68503571429,576.702,343.383867857143,1607.51939285714,997.565803571429,24.8678360714286,81.0944889285714,72.0795539285714,149.77935,225.413282142857,28.3307121428571,198.039146428571,54.9982017857143,143.766164285714,11.5236500357143,78.8635907142857,39.5824239285714,84.0678782142857,0.014,-11.5,11.7
2019-03-12 06:00:00,1.76403733288556,4118.37254166667,826.6840625,102.03446875,1004.4969,795.256625,374.1243125,1492.3735,896.9235,23.8520320833333,77.22449125,67.9824254166667,137.122204166667,232.415258333333,27.1398783333333,241.90817,46.8330366666667,200.906550833333,8.47697316666667,115.997392916667,54.8028320833333,73.3856920833333,0.011,-11.5,9.5
2019-03-12 07:00:00,1.96869681738334,4372.96069230769,856.631761538462,98.3450692307692,999.603073076923,1019.45104230769,372.488003846154,1585.60084615385,912.494392307692,17.2343595384615,85.1756684615385,62.9232303846154,141.857169230769,236.571130769231,24.3816057692308,259.712547692308,39.6744953846154,235.057406153846,6.5094785,136.071120384615,63.8752903846154,61.5854930769231,0.008,-11.6,12.2
2019-03-12 08:00:00,5.74230604216356,13065.7417857143,1858.17078571429,131.459789285714,1422.694,1002.53591785714,1235.1071,1721.11985714286,1000.53687857143,25.6919535714286,228.876175,113.079936428571,175.491896428571,661.149382142857,37.0828835714286,994.393260714286,49.3624389285714,1026.55161071429,12.7623932142857,614.134575,272.015917857143,118.063034642857,0.003,-11,17.2
2019-03-12 09:00:00,6.7761508507644,10723.8636666667,1689.87495833333,131.6209625,1574.79745833333,1060.7481125,967.503970833333,2018.96479166667,1087.71004166667,24.9902691666667,196.301233333333,102.539187083333,179.651445833333,540.4750375,35.5074204166667,797.9165875,47.2420554166667,812.986945833333,13.26019625,470.964595833333,208.399875,90.9070595833333,0.002,-9.8,16.7
2019-03-12 10:00:00,5.61496855763696,8560.42215384615,1332.28893846154,124.626515384615,1589.38192307692,878.231130769231,758.075103846154,1859.19080769231,1099.85761923077,17.6402327692308,155.169215384615,85.5812096153846,170.319734615385,454.046092307692,27.3935519230769,628.747192307692,35.8192246153846,636.734146153846,9.14482238461538,363.411057692308,163.062621153846,76.8032661538462,0,-7.6,18.9
2019-03-12 11:00:00,5.31205307454013,6894.52428571429,1064.19236071429,116.209398571429,1450.88592857143,881.466153571429,653.256207142857,1608.59889285714,1068.10393571429,14.6715879642857,141.427749642857,77.9205978571429,168.398607142857,384.875907142857,23.1767282142857,501.260203571429,28.8984328571429,521.099339285714,8.09173535714286,277.289132142857,122.161544642857,76.913745,0.006,-5.3,18.7
2019-03-12 12:00:00,4.95983296552165,7378.852125,1244.8648875,122.40117125,1694.52799166667,721.411070833333,706.191733333333,2028.59141666667,1149.52272916667,18.3878695416667,157.183608333333,82.69238375,189.241291666667,426.029345833333,25.3416120833333,546.8096875,33.49553375,535.350454166667,9.347412625,287.1812025,123.189887916667,87.76293,0.009,-1.7,15.9
2019-03-12 13:00:00,2.84822355815362,4623.58930769231,781.370188461538,100.864298846154,1110.00011538462,905.051096153846,433.272957692308,1503.46842307692,967.696815384615,17.0767830769231,99.5447234615385,59.1310057692308,157.996980769231,255.615153846154,19.1743853846154,299.602884615385,22.7415888461538,264.493241153846,5.64758030769231,139.351840384615,59.1149269230769,80.7367357692308,0.012,0.9,12.7
2019-03-12 14:00:00,3.2682377936782,5369.73964285714,1049.24565714286,107.573829285714,1273.139075,1099.83852857143,554.3801,1633.32160714286,1136.617575,17.5071341071429,134.910485714286,61.69779,180.071796428571,268.385171428571,19.3425825,405.02285,22.9163114285714,361.674646428571,5.97038482142857,184.677706071429,82.7924275,95.7332110714286,0.019,0.5,12.2
2019-03-12 15:00:00,2.897920384763,7551.700125,1301.63864583333,109.565879166667,1554.99579166667,1732.28470833333,897.691091666667,2029.37604166667,1612.43245833333,20.6254679166667,196.996325,83.7935975,262.066745833333,355.381341666667,24.0805,604.950208333333,23.1127570833333,602.584245833333,8.35928479166667,253.392970833333,118.1284675,183.276991666667,0.022,-0.1,12
2019-03-12 16:00:00,1.97907958017803,9052.41080769231,1617.31292307692,127.661311538462,1880.13096153846,1626.2655,1149.89828846154,2369.67534615385,1875.91011538462,22.2945738461538,218.286284615385,89.8991603846154,296.409657692308,432.130911538462,25.7883257692308,753.215219230769,25.6094419230769,790.295773076923,9.624538,345.741892307692,156.30315,240.755657692308,0.027,-0.3,8.8
2019-03-12 17:00:00,2.03717761191984,7114.72142857143,1437.79341071429,138.594117857143,1598.22364285714,983.7203,850.110060714286,1840.58696428571,1365.57614285714,19.1696095,170.375478571429,73.3847,208.936046428571,408.381017857143,23.8465525,609.284346428571,25.5073678571429,609.84385,7.69183785714286,318.867532142857,140.968941071429,114.046092142857,0.029,0.8,6.2
2019-03-12 18:00:00,1.57563941661869,6268.668,1167.0704375,117.075854166667,1515.89558333333,986.308354166667,739.744141666667,1690.361875,1238.77904166667,16.7249113333333,145.870329166667,66.0910695833333,196.72115,358.1488875,21.3616233333333,547.372595833333,20.9553933333333,536.815654166667,5.55732008333333,275.3007625,123.121142083333,67.9029295833333,0.032,0.9,9.5
2019-03-12 19:00:00,1.88170409488803,7260.42188461538,1289.91691153846,124.224442307692,1634.03626923077,979.8935,748.203834615385,1850.67680769231,1315.02265384615,19.2874626923077,161.914192307692,72.6469630769231,194.004546153846,360.537476923077,24.3616388461538,543.712615384615,29.3669869230769,542.205819230769,7.83244726923077,283.408634615385,134.543046153846,192.318269230769,0.029,-0.4,11.2
2019-03-12 20:00:00,2.50072708144859,7261.13760714286,1131.31671785714,116.794696071429,1319.02878571429,1040.25715714286,726.321235714286,1683.00425,1306.82142857143,18.0736038571429,164.593817857143,74.5987042857143,193.614053571429,334.943657142857,25.4106739285714,486.563832142857,31.8007728571429,460.079782142857,9.63915696428571,290.433760714286,120.952915,183.750128571429,0.026,-2.1,8.8
2019-03-12 21:00:00,2.46507273076185,7820.76795833333,1196.9875,123.950904166667,1347.54470833333,1274.30633333333,768.891116666667,1840.6285,1260.24929166667,24.0909825,194.266516666667,85.78925,210.133858333333,351.127183333333,31.462275,505.092454166667,34.93986,479.941979166667,11.5262500416667,290.238466666667,133.348958333333,253.849991666667,0.024,-2.2,8.6
2019-03-12 22:00:00,2.66855035944673,8846.47157692308,1236.63699615385,115.866526923077,1348.47080769231,1557.23850384615,794.210019230769,1835.28188461538,1233.66938461538,32.637385,218.490323076923,98.1584211538461,220.038780769231,342.414307692308,40.0284811538462,523.729915384615,36.9877465384615,473.227688461538,15.1459701153846,256.520111538462,126.109338846154,266.890842307692,0.021,-2.5,12
2019-03-12 23:00:00,4.12707843298517,5963.56407142857,1372.79998928571,116.113596071429,1272.84,769.218028571429,684.538382142857,2274.19546428571,790.619153571429,16.63097825,184.086360714286,61.5093646428571,179.329575,320.520453571429,19.2555726071429,454.414257142857,19.6804928571429,430.812142857143,5.96511864285714,248.5664,123.597305357143,203.328671428571,0.017,-2.4,24.5
2019-03-13 00:00:00,3.32089098381629,10475.2451666667,1059.54583333333,106.621202083333,1089.42368333333,738.306166666667,709.386220833333,1545.57058333333,771.768716666667,16.4777368333333,188.6916875,65.9246175,178.657841666667,361.8334625,18.0638879166667,486.0211375,25.1745220833333,432.3247375,7.29805366666667,241.275695833333,119.762359583333,174.21805,0.009,-2.2,7.6
2019-03-13 01:00:00,2.27764710745022,5939.07380769231,957.217261538462,107.090725769231,980.200234615385,633.768303846154,448.654111538462,1551.84303846154,663.886096153846,13.0103895384615,116.06596,41.5716211538462,134.115773076923,237.721326923077,13.0469669230769,302.359396153846,17.0511325384615,268.841773076923,4.75590247692308,153.715707307692,69.8693584615385,113.427646153846,0.004,-2,18.2
2019-03-13 02:00:00,2.41067476080817,3492.98171428571,964.027178571429,87.6658778571429,864.259089285714,506.212292857143,316.473839285714,1786.37726428571,524.809503571429,11.9618320714286,87.8117971428571,30.4384635714286,122.327603571429,167.192632142857,10.6379754642857,203.031552142857,17.3258988571429,166.274185714286,4.47449264285714,95.2478771428571,45.6479135714286,98.8367342857143,0.006,-1.5,5.7
2019-03-13 03:00:00,0.853195128894007,2124.08737916667,275.8517875,64.4659525,376.49785,371.691883333333,162.2258,745.889433333333,253.969445833333,3.8131847875,43.4277020833333,19.7916604583333,95.02900125,104.254000416667,7.55813595833333,72.5027770833333,5.59175969166667,50.6287383333333,0.577275460416667,27.2799383333333,15.8588185416667,56.0907570833333,0.014,-1.3,3.5
2019-03-13 04:00:00,1.11549575601907,3885.33103846154,321.856915384615,65.1619769230769,379.781942307692,362.498246153846,219.243092307692,770.474784615385,290.130165384615,3.08053886615385,62.3594196153846,25.3407226923077,99.2159673076923,137.6796,9.38872246153846,121.229759230769,6.91045369230769,99.6423846153846,0.349424903846154,54.7376142307692,31.77447,94.0748626923077,0.025,-2.1,4
2019-03-13 05:00:00,1.42344282698687,4101.16464285714,416.536778571429,71.1756,459.473671428571,276.868378571429,237.573957142857,804.937921428571,322.907203571429,2.08527819785714,68.2747414285714,21.2228182142857,93.5409417857143,140.398150357143,6.39984089285714,139.038154642857,6.25802260714286,115.520565,0,66.9492864285714,35.91025,92.2518346428571,0.025,-2.3,3.7
2019-03-13 06:00:00,2.9933979402546,3305.89283333333,1380.4016,84.99567,865.95275,575.296666666667,724.957375,1887.42041666667,479.000779166667,6.10164100833333,116.696455416667,29.9100908333333,103.234326666667,214.828283333333,8.1230673125,313.212641666667,8.00460316666667,279.191508333333,0.181456003558333,155.3146725,74.1489795833333,140.766575,0.022,-2.4,2.3
2019-03-13 07:00:00,3.34404366502811,6699.85588461538,1621.86169230769,87.1706861538461,1030.56616923077,727.327838461538,920.862984615385,2029.30680769231,498.320273076923,3.42871150384615,142.3551,37.3066669230769,118.021138461538,352.059053846154,9.89184103846154,464.133588461538,6.77242559,422.301292307692,0.927036273076923,237.533607692308,111.507618076923,166.655361538462,0.01,-2.4,4.5
2019-03-13 08:00:00,5.49887442772157,9819.24471428571,2090.67917857143,101.947005,1234.49021785714,1031.60958214286,920.677485714286,2850.85960714286,547.900882142857,5.65791731785714,167.6906,50.9395992857143,115.629142857143,474.420292857143,13.5715043571429,721.461203571429,7.28149412857143,748.848889285714,2.117836975,442.671278571429,198.277885714286,118.773582857143,0.005,-1.9,4.3
2019-03-13 09:00:00,6.71664107976717,8845.20970833333,1420.23454166667,97.3252158333333,1385.77258333333,1127.8741125,603.575733333333,2237.88129166667,561.678020833333,8.56537595833333,117.956660416667,47.1997095833333,113.065175,302.093725,12.5103577916667,425.9516375,5.6765940375,429.384425,3.29649900583333,252.1799375,112.044272083333,90.5295754166667,0.009,-0.5,5.7
2019-03-13 10:00:00,6.75233433712708,7045.3415,972.763638461538,92.6727780769231,1220.68261538462,996.123946153846,440.814384615385,1718.08115384615,575.514384615385,9.00198373076923,105.245478846154,45.425185,125.148630769231,251.239061538462,14.8736340769231,316.151138461538,8.21028876923077,309.272888461538,3.33944666153846,176.198973076923,87.98433,237.445507692308,0.017,0.1,7.1
2019-03-13 11:00:00,4.11793807970319,9308.53113333333,685.7291,78.7120613333333,944.762753333333,938.986513333333,414.73628,1072.58904,533.38744,7.79879208666667,97.6673773333333,47.3720913333333,129.348306666667,235.106726666667,12.4509292,290.66516,7.51651853333333,264.024913333333,2.38297992,145.035455333333,72.4634246666667,189.178193333333,0.02,2.1,4.3
2019-03-13 12:00:00,2.78646052763842,7173.77585714286,542.134119047619,65.0353466666667,723.831571428571,1056.04161904762,291.457714285714,1147.77933333333,467.99439047619,6.46273028571429,76.9766561904762,35.709109047619,128.945014285714,156.595261904762,12.9173097619048,196.5633,4.94824033809524,151.58323047619,2.50781011904762,71.6083609523809,34.5862638095238,91.1317933333333,0.024,4.3,5.5
2019-03-13 13:00:00,2.43995938879294,4446.48679166667,301.23,51.8173420833333,456.658829166667,873.322966666667,215.752545833333,919.381429166667,365.585358333333,4.49670881666667,58.5358283333333,23.8367425,120.177014583333,113.16502625,9.937438375,117.746582083333,2.90072780458333,83.9996216666667,0,34.49533875,18.060168375,63.98682375,0.029,3.5,6.9
2019-03-13 14:00:00,2.04942598349645,3998.48063333333,306.438766666667,57.832719,469.881703333333,423.8156968,219.58551,1019.02518,399.737976666667,3.99013342833333,51.7890843333333,21.6617788666667,121.116731666667,116.477016,7.75264438,111.511614333333,6.65749705666667,107.873357333333,0.2717052,37.5621054,18.5235004333333,78.7685693,0.028,4.4,6.4
2019-03-13 15:00:00,5.97259533518839,2548.79191666667,317.9389125,65.0730066666667,413.045766666667,209.90552375,219.320841666667,1114.88632083333,416.441670833333,3.12302175416667,51.0936366666667,16.1757979166667,115.966629166667,108.478952083333,5.30995044166667,80.9319704166667,6.73364349791667,65.2207291666667,0.336785305,71.51354375,17.8411974166667,29.4560766666667,0.03,3.3,4
2019-03-13 16:00:00,2.92357829591249,2586.295,552.923958333333,65.7621283333333,501.758116666667,540.614960041667,294.17125,1522.5724125,450.81925,3.11515761666667,80.31661,17.81577,107.153187083333,129.176654166667,5.0802271625,113.480420833333,5.9355160875,110.462879166667,0,176.561861666667,34.7607279166667,38.6469666666667,0.035,1.8,1.8
2019-03-13 17:00:00,1.59370533486855,4495.634,970.90636875,72.860334375,847.39006875,747.62200625,285.51745625,1955.8116875,500.46988125,4.003605025,64.87495625,20.239900625,106.37482875,152.853875,5.8535150625,147.52281875,6.8715260625,116.29857625,0,78.79025125,34.655538125,46.93005875,0.035,1.7,3.8
2019-03-14 12:00:00,2.72795429996985,2508.39285714286,338.956935714286,53.6965421428571,490.109014285714,791.735135714286,214.60205,808.541707142857,418.8566,5.37043985714286,53.7455914285714,25.1011007142857,108.815531428571,131.842921428571,6.90041028571429,134.048214285714,6.46532885714286,97.21481,0.229051592857143,44.4073764285714,19.7408921428571,40.7819221428571,0.027,3,4.5
2019-03-14 13:00:00,2.14494683636264,2713.10257142857,340.055171428571,54.3776135714286,634.895703571429,330.698152142857,214.568496428571,909.036132142857,414.424410714286,2.97734766428571,42.5138692857143,19.9384660714286,105.241295357143,139.7654,2.90439149678571,111.755357142857,6.70323242857143,75.8745228571429,0,38.4966635714286,16.70936675,31.4881007142857,0.032,4,4.3
2019-03-14 14:00:00,2.5508779800127,1821.15757692308,329.5176,70.4688946153846,554.937923076923,270.158691307692,182.590080769231,1739.80983846154,434.2109,2.13413766153846,45.6859088461538,12.7110401153846,94.4893407692308,119.770585,1.67188692307692,78.16705,5.42989453461538,56.6670480769231,0,75.6769340384615,19.8726910769231,25.0309373076923,0.037,4.8,5.7
2019-03-14 15:00:00,1.39404254621634,2325.76470833333,456.294725,121.522712916667,437.679854166667,252.543622083333,306.999899166667,2129.24376666667,574.1677625,0,139.95824875,9.40681504166667,93.0585175,126.53712375,0,95.3499558333333,5.00872316666667,90.5176241666667,0,189.69868125,36.8570075833333,22.4583547916667,0.038,4.7,4.5
2019-03-14 16:00:00,0.760198325404761,2399.67636842105,338.993442105263,100.080210526316,391.040078947368,499.552615789474,192.549826315789,2859.42095263158,527.957136842105,1.00660610578947,63.1169410526316,9.41419442105263,91.9555889473684,109.410914210526,0,90.8554263157895,2.95263335263158,70.6351889473684,0,100.389381052632,24.5402402631579,21.2972327894737,0.039,3.5,2.1
2019-03-15 11:00:00,4.98858440478474,4403.08733333333,879.740533333333,110.5236,1080.02923333333,1631.862,457.926666666667,1560.83733333333,883.100866666667,13.4602116666667,93.2809033333333,45.0794033333333,130.113666666667,229.236333333333,13.5718566666667,338.9352,11.310367,275.396,3.24128933333333,138.104,56.0312033333333,49.0197466666667,0.012,0.4,9.5
2019-03-15 12:00:00,2.76103025650867,5667.56751851852,739.625877777778,95.7311066666667,1348.78344444444,988.0524,416.517222222222,1484.42181481481,879.126725925926,11.7097396296296,88.1129714814815,47.1477581481481,143.460096296296,274.669785185185,13.0960131111111,331.75617037037,14.9051093333333,281.550362962963,3.5034542037037,154.862255555556,64.3718055555556,55.3614396296296,0.015,2.6,10.2
2019-03-15 13:00:00,3.44727810218311,6902.85033333333,1003.39831428571,110.190788095238,1665.5010952381,1008.86926190476,546.243428571429,1888.38385714286,1129.01435714286,13.8536248571429,129.578838095238,60.0035238095238,186.205838095238,314.310747619048,13.4929378571429,421.324128571429,18.8258580952381,331.471142857143,5.38919038095238,200.981357142857,79.2610876190476,72.9650528571429,0.02,4.4,9.1
2019-03-15 14:00:00,2.86204375359816,4601.53325,735.997475,100.3902375,1046.97875,1814.50775,390.009925,1431.61925,826.4553,14.6158125,94.65542,42.6651625,143.1482,185.799525,16.7458525,261.99605,5.85497,206.215725,3.62380925,199.428725,54.9158275,55.4853425,0.026,6.7,11.2
2019-03-15 15:00:00,2.71758721294698,3876.14343333333,649.80179,175.977190333333,900.184293333333,995.438686666667,398.039416666667,1330.62094666667,876.93857,8.30241756666667,93.2363646666667,30.2999226666667,136.854733333333,224.467213333333,8.7102546,304.099513333333,6.88666066666667,283.858772666667,1.38501644666667,295.089343666667,87.4694986666667,43.614605,0.031,7.6,11.7
2019-03-15 16:00:00,1.25344627550694,2797.13516666667,359.024708333333,110.11040375,485.067229166667,711.267225,192.445220833333,969.815920833333,502.586366666667,5.29168482083333,42.8758908333333,16.76052125,110.0204675,130.883866666667,3.46972603166667,104.18403,4.57215433416667,87.3046479166667,0,102.444844166667,28.2488870833333,28.250225,0.035,7.8,4.5
2019-03-15 17:00:00,1.01372514872385,4063.74129166667,540.451566666667,99.92636625,724.685175,1138.49601666667,286.646579166667,1406.24370833333,642.708070833333,6.46582792083333,64.4434041666667,24.0706766666667,116.780725,170.956308333333,7.53412095833333,183.585929166667,4.216197575,180.948925,0.645730171666667,109.560474583333,39.6144216666667,47.3544908333333,0.039,6,1.3
2019-03-15 18:00:00,1.18708634299239,5410.10463333333,439.66037,139.584105,565.540186666667,1393.37733,283.162336666667,1522.1296,852.032423333333,5.0388638,65.325273,24.0917633333333,123.265016666667,159.12379,7.51434826666667,154.23575,3.081264158,146.707256666667,0.771886846333333,107.640285666667,38.207603,43.6771483333333,0.039,6.1,2.1
2019-03-15 19:00:00,1.50716956118467,7025.186,857.817491666667,94.96496875,1100.83770833333,964.563183333333,396.893504166667,1590.75041666667,852.940216666667,6.09785038333333,97.1935908333333,33.23525,131.987783333333,226.219554166667,8.80242716666667,249.023995833333,12.6909106666667,236.863654166667,1.6602267275,146.047760416667,67.5727983333333,82.9993204166667,0.041,4,4.3
2019-03-15 20:00:00,2.38520818141111,9923.30708333333,1154.50709583333,104.271922916667,1385.99804166667,1196.93053333333,664.081779166667,1889.10908333333,1145.3451,9.86014483333333,151.23970875,48.7411295833333,155.458591666667,302.199583333333,13.6201004583333,451.2967875,21.2151894583333,382.862395833333,4.13054424875,234.02072125,110.908402083333,112.518145833333,0.039,1.1,2.1
2019-03-15 21:00:00,2.33717115716753,7521.99453333333,922.482246666667,99.397736,1111.25023666667,1148.92603666667,467.859303333333,1367.9279,1273.18089666667,29.6131302,135.564965,69.394503,157.625466666667,252.636723333333,36.221701,294.8288,46.5960763333333,274.406523333333,19.1350514666667,165.554763666667,84.1604913333333,169.26878,0.027,-0.8,2.8
2019-03-15 22:00:00,2.167571611335,6808.26016666667,866.949066666667,93.1541258333333,934.727954166667,878.871345833333,532.2841125,1212.28175,910.3301,12.1312751666667,128.819237083333,51.147085,137.346654166667,281.414279166667,19.0694325,353.3752625,19.3502066666667,340.866295833333,5.21842345833333,197.907354166667,93.5174066666667,137.927230833333,0.013,-1.6,8.6
2019-03-15 23:00:00,3.07969471630526,8094.69675,1248.20922916667,121.943687916667,1503.54908333333,986.923616666667,604.263004166667,1865.27125,1409.410875,53.7192785833333,174.495595833333,107.9393425,169.459566666667,341.010245833333,66.5544770833333,426.687241666667,79.0580529166667,366.5782375,29.4489391666667,223.637783333333,106.113297916667,217.317920833333,0.003,-2.8,37.7
2019-03-16 00:00:00,3.8422557730442,7072.7611,1050.29372333333,144.852551333333,1367.76979333333,901.07426,527.439516666667,1853.6594,1447.42408666667,54.6029813333333,151.806103333333,99.4402596666667,173.413443333333,295.09495,58.5944276666667,359.0918,85.2071043333333,315.645226666667,30.5233786666667,197.55183,93.2759783333333,177.98021,0.003,-3.6,13.4
2019-03-16 01:00:00,3.01774529840722,5873.04625,997.080075,106.181980833333,1241.86558333333,769.135508333333,420.10685,1808.37048333333,1122.9311375,41.18045125,129.636071666667,83.51267625,157.416841666667,251.859704166667,44.8645108333333,287.004225,65.6160483333333,242.77785,22.021145,138.584788333333,75.33098,164.965666666667,0.002,-4.4,11.2
2019-03-16 02:00:00,3.39785679332182,5380.3975,935.8733,99.3324054166667,1115.57938333333,589.812816666667,407.961079166667,1672.82962083333,908.412504166667,25.2678241666667,131.336477916667,63.2214075,152.296520833333,227.092304166667,25.5340908333333,277.071545833333,41.3450391666667,243.8336875,12.4729311666667,139.466691666667,73.2975308333333,171.512916666667,0.002,-5.1,20.9
2019-03-16 03:00:00,1.54072145461524,3968.4232,574.50364,88.8110643333333,833.102546666667,535.97008,300.032993333333,1255.64456666667,765.501773333333,23.5056266666667,93.944091,58.5584883333333,140.03324,188.884373333333,28.868171,211.065346666667,42.3946896666667,146.522963333333,13.0520858,84.0054193333333,44.1824283333333,134.603286,0.002,-5.6,11.5
2019-03-16 04:00:00,2.20782379421737,3530.38058333333,600.013229166667,96.1723975,842.468225,550.4144125,265.045429166667,1354.806875,629.164879166667,8.69991054166667,84.7041104166667,38.71077875,126.180566666667,159.966279166667,11.2345827083333,182.236408333333,15.0242783333333,137.333850833333,3.519970125,71.92325125,40.2455275,143.461629583333,0.001,-6.1,11.5
2019-03-16 05:00:00,3.13699122049511,3974.54883333333,922.905875,101.7752075,1005.59860416667,565.897716666667,356.16085,1822.93283333333,680.529754166667,7.54610154166667,109.4491375,42.8899683333333,137.6088,189.287416666667,12.5642433333333,248.986625,16.6270091666667,217.4518875,3.19432441958333,124.386699583333,59.8226954166667,156.320879166667,0.001,-6.1,9.5
2019-03-16 06:00:00,3.57244751487239,4560.66273333333,984.376703333333,101.496277666667,986.33252,447.199793333333,439.708693333333,1574.75433333333,639.703466666667,8.41266866666667,138.665203333333,50.1496253333333,142.49075,229.467203333333,12.8757679666667,303.332833333333,19.3413626666667,262.674736666667,2.24012995666667,148.25737,74.6871463333333,168.864946666667,0.001,-6.5,6.4
2019-03-16 07:00:00,3.72702480330071,5512.46941666667,1044.48549583333,97.5046829166667,1033.57315,430.162141666667,478.574454166667,1676.43220833333,619.987233333333,7.52374425,136.789154166667,49.9806058333333,145.137591666667,263.900429166667,10.8998972916667,354.691883333333,19.7774445833333,342.394083333333,1.95227875375,206.712091666667,98.1065341666667,163.5005875,0.001,-7.2,5.7
2019-03-16 08:00:00,3.36745650227083,7648.48245833333,1194.34507916667,103.59248625,1033.55002083333,457.40195,470.478104166667,1572.50175,608.798354166667,10.5476731666667,136.870020833333,54.3283604166667,144.115958333333,260.83415,15.88394875,352.893854166667,21.2792254166667,316.581975,4.417143625,179.993245833333,84.2624733333333,158.032691666667,0.001,-6.1,6.2
2019-03-16 09:00:00,3.819090769526,8107.58593333333,1223.16936,104.986215666667,1242.6133,685.027546666667,526.95485,2113.59996666667,747.562353333333,9.53031606666667,130.237813333333,56.1841493333333,149.751106666667,300.00738,15.5896093333333,380.1428,21.7571723333333,353.708876666667,3.81035786666667,203.282583333333,94.8566453333333,129.677316666667,0.002,-3.9,7.4
2019-03-16 10:00:00,2.53717062464018,6007.16220833333,841.716354166667,101.13339875,1125.3774375,888.795120833333,436.245795833333,1558.67591666667,796.559058333333,10.1242049166667,107.727195416667,55.63178,151.028804166667,264.071375,17.2107341666667,326.0943,20.6105554166667,302.047975,4.175333125,173.7858325,78.3877816666667,84.4103404166667,0.007,-1.4,9.8
2019-03-16 11:00:00,2.39718624064479,5752.02295833333,871.611245833333,102.424927916667,1282.819,1044.96552083333,424.343504166667,1788.60104166667,925.3863125,12.3862478333333,103.04247875,59.87398125,156.70925,260.995754166667,17.3289175,322.5219875,19.52155625,287.582775,4.834387125,163.94595,74.6693379166667,73.0535879166667,0.011,2.1,11.9
2019-03-16 12:00:00,2.72717624896053,6481.38063333333,661.57001,108.375545333333,1165.10031666667,1113.81010333333,441.897226666667,1389.47133333333,988.102926666667,12.3788972333333,109.352720333333,59.2975096666667,167.64242,266.039726666667,17.618738,316.983003333333,18.1044563333333,270.494006666667,5.92425283333333,173.518593333333,72.2267713333333,58.9168343333333,0.017,3.8,13.7
2019-03-16 13:00:00,2.90070236039148,8502.56645833333,1027.6202875,128.889708333333,1657.919375,1265.172375,585.61125,2524.70483333333,1290.88604166667,16.5592045833333,144.132641666667,76.3561729166667,210.503691666667,333.111841666667,20.53167125,423.410141666667,21.04361375,350.536475,5.98921125,207.035570833333,89.54642125,91.5446208333333,0.023,5.2,14.2
2019-03-16 14:00:00,2.06627981673383,8024.57383333333,788.0149,102.3988375,1420.79132083333,1302.34658333333,551.247516666667,1650.469875,1175.80068333333,14.8033049583333,151.349129583333,72.09361625,199.623641666667,280.847875,18.4838070833333,346.206058333333,17.6701205,287.366608333333,7.13577375,158.126847916667,78.1345525,111.748547916667,0.028,6.5,21.3
2019-03-16 15:00:00,1.30019388473102,5618.0565,643.75696,99.4926296666667,1134.19411,1196.01059,385.187586666667,1579.50783333333,997.601006666667,10.7787443333333,107.051305,46.752059,167.92836,203.690203333333,12.3216404333333,213.94688,11.9422954,169.12008,4.9398669,94.114159,48.0461616666667,92.62062,0.03,8.2,15.2
2019-03-16 16:00:00,1.4949279888697,6137.11829166667,676.6705125,102.39940375,1224.21191666667,1268.44079166667,446.279241666667,1691.76329166667,1087.93483333333,7.86017942083333,124.364408333333,52.5159145833333,178.326591666667,228.3052875,13.419928375,367.340454166667,11.438913875,212.432470833333,3.52646811666667,119.06726125,59.5001654166667,134.9206,0.031,9.5,7.8
2019-03-16 17:00:00,1.67806878078424,6089.37066666667,1103.78729583333,116.7300825,1577.91966666667,1294.49516666667,431.145070833333,2888.13625,1361.35704166667,9.95956166666667,134.370616666667,54.7741933333333,187.821295833333,229.0637875,13.73498925,325.287741666667,16.6866720833333,212.478683333333,6.622301875,114.982685833333,55.93804375,95.54607125,0.034,9.2,9.8
2019-03-16 18:00:00,2.53617207189919,8662.91583333333,895.871813333333,109.185506666667,1656.7601,1388.88806666667,604.248553333333,1791.20886666667,1448.97173333333,11.9861497,174.796036666667,70.126741,213.998686666667,288.77689,16.8004190333333,387.988206666667,19.0174263333333,316.445616666667,6.74922093333333,178.817298,91.6519166666667,252.251556333333,0.035,8.4,11.7
2019-03-16 19:00:00,2.33581162559056,6676.629,1746.37840952381,118.092623809524,1595.92057142857,1394.32157142857,404.309047619048,3255.80071428571,1265.03938095238,10.6728028571429,135.877195238095,52.7917971428571,172.1587,215.446233333333,13.8824332857143,269.220419047619,15.3763098095238,210.433447619048,4.49953462380952,111.977371904762,57.5555638095238,123.22420047619,0.034,5.5,11.3
2019-03-18 09:00:00,6.78868963090898,28963.7783333333,2134.7185,150.71465,1985.76766666667,1681.58516666667,1041.42971666667,2871.23666666667,914.418683333333,17.9113766666667,206.47365,92.1276933333333,213.189383333333,462.92355,31.0588716666667,754.311466666667,21.24492,707.49945,8.9667025,402.025816666667,174.4482,141.193766666667,0.001,-1.6,11.7
2019-03-18 10:00:00,3.53090967184801,17971.431,1170.90460666667,120.725179333333,1629.8192,1220.78040666667,644.408383333333,2125.55986666667,905.219756666667,8.94431423333333,144.142243,70.3618846666667,183.911276666667,345.31015,20.0646396666667,453.156836666667,16.9416752333333,422.74552,5.97384536666667,243.965966666667,110.915137333333,112.057992666667,0.003,0.8,12
2019-03-18 11:00:00,4.52344599565022,17623.9775,1380.32283333333,135.6359125,1873.893125,1575.8608,770.885583333333,2379.3305,1110.401375,17.7126895833333,177.2885875,92.1627220833333,229.122295833333,412.465125,26.5690195833333,579.273354166667,20.1656333333333,509.552466666667,9.80036008333333,270.641595833333,121.652464583333,126.449745833333,0.007,3,12.2
2019-03-18 12:00:00,4.06693117124032,13111.6929166667,1162.7153625,143.988941666667,1670.26679166667,1678.54425,620.990254166667,2267.810875,1212.01608333333,16.25947125,157.275341666667,81.4280270833333,227.656270833333,332.965720833333,22.08847375,486.083045833333,18.91100625,398.4745625,8.723005625,205.285766666667,94.85909875,125.433616666667,0.015,4.8,11.5
2019-03-18 13:00:00,4.22333314143159,9085.30586666667,896.701086666667,150.162042333333,1463.3266,1808.5936,543.80716,2053.643,1583.43436666667,18.9210596666667,156.333746666667,79.298467,234.829726666667,272.09083,23.3911186666667,387.755036666667,22.0123346666667,333.824173333333,9.26329076666667,160.39948,74.268838,118.363911666667,0.024,6.1,17.7
2019-03-18 14:00:00,3.25080914571739,10653.5519583333,975.117325,192.390958333333,1633.8365,1493.12320833333,541.835541666667,3375.315,1667.203375,15.5756708333333,163.0656375,71.9089091666667,242.761395833333,263.035145833333,19.6630654166667,379.4719,19.6542554166667,289.565416666667,7.705776375,142.103566666667,66.70078125,105.500290416667,0.025,8.6,13.5
2019-03-18 15:00:00,2.87157844783472,6476.059,815.512275,144.646794166667,1404.27170833333,1608.13408333333,477.1270125,2686.854875,1554.82216666667,10.0325665416667,138.508258333333,56.7747675,220.797954166667,230.0966625,15.5337516666667,324.514766666667,13.7052491666667,242.061825,5.03706866666667,124.990065833333,60.2710416666667,82.67929125,0.031,10,12.7
2019-03-18 16:00:00,1.3527999232393,4733.2827,655.396276666667,125.685550666667,1138.0744,1526.5095,362.22401,1997.99636666667,1182.60033333333,6.47056257666667,105.981745,42.6193916666667,179.821703333333,181.759753333333,12.5901233333333,225.497823333333,9.21805276666667,178.545773333333,2.05140628566667,85.8907033333333,38.5790203333333,66.795838,0.036,10.6,9.3
2019-03-18 17:00:00,1.13609662252927,4696.894375,715.755795833333,118.7160875,1094.98258333333,1302.63341666667,326.997795833333,2274.492375,1155.69908333333,9.76321579166667,95.4219879166667,39.9358291666667,171.385295833333,170.386875,14.1056564166667,233.738033333333,12.7098405416667,159.315408333333,1.29919284654167,75.5265225,34.7125258333333,82.5375079166667,0.041,11.1,6.4
2019-03-18 18:00:00,1.03761063135675,5909.75879166667,763.57085,134.9171625,1018.3649875,1460.143625,347.1938875,2201.93125,1145.44730416667,10.1172204583333,92.5612216666667,35.5121866666667,154.217591666667,166.071366666667,13.8630022083333,217.7500125,8.75391254166667,173.541745833333,2.54115059583333,91.3313716666667,43.7601175,82.4020375,0.041,10.6,7.6
2019-03-18 19:00:00,1.24414033774707,6924.51056666667,806.49811,107.928516,1214.0119,1098.58960666667,428.160956666667,1728.41753333333,991.235903333333,9.02919216666667,123.296062,42.1891743333333,150.675943333333,235.426273333333,16.0466576666667,345.24593,16.5341243333333,286.205686666667,4.22186219866667,178.939481666667,94.4699663333333,187.258047333333,0.042,8.1,6
2019-03-18 20:00:00,2.77343094735496,7459.415375,970.136670833333,120.603614166667,1262.67479166667,1336.87375,593.693908333333,2065.31891666667,1358.60883333333,11.7210904583333,180.481908333333,63.74324375,186.361691666667,300.012720833333,19.670852625,418.07995,28.4016225,381.617895833333,8.18211475,224.223675,112.518618333333,191.941783333333,0.041,3.7,6.2
2019-03-18 21:00:00,2.39680261306212,6858.70716666667,830.046516666667,136.80432125,1100.48817916667,1330.18620833333,499.624008333333,1834.355,1317.43166666667,15.6371029583333,166.932629166667,64.74905125,179.504058333333,250.11285,23.70617625,353.583604166667,28.87725125,308.676483333333,8.59424529166667,164.6362625,88.15976375,229.676204166667,0.033,1.5,3.8
2019-03-18 22:00:00,4.55185197978636,10043.6586333333,1235.88584,198.872523333333,1506.05573333333,1338.81683333333,661.39634,2522.5687,1636.00946666667,19.3119093333333,206.531246666667,73.1992036666667,205.23962,317.505336666667,29.211726,520.09378,40.8371916666667,467.34136,13.8847203333333,250.688376666667,121.249252666667,289.522376666667,0.023,-0.1,4.7
2019-03-18 23:00:00,6.16587443229067,10539.9140833333,1397.9411875,215.32785,1548.03729166667,1226.179375,688.7177,4997.25775,1623.94616666667,21.8881130416667,224.568858333333,76.18545375,227.703879166667,327.398066666667,27.5648375,474.6134375,42.5819579166667,663.4066,12.87853125,238.545220833333,123.256947083333,265.688741666667,0.012,-1.6,38.2
2019-03-19 00:00:00,4.19547135866436,7379.89820833333,1221.90477916667,157.238820833333,1361.94829166667,931.102195833333,542.665895833333,3379.20108333333,1316.72583333333,13.096509375,178.2523125,59.44456625,191.605175,265.5296125,18.10284,385.888154166667,27.0870025,428.160916666667,7.37419783333333,188.023127083333,95.4473920833333,215.246504583333,0.006,-2.4,18.7
2019-03-19 01:00:00,3.68974950425383,6623.93613333333,1078.46489666667,169.007283333333,1217.49393333333,914.777293333333,549.697833333333,2488.7835,1162.04216666667,8.68736663333333,168.16705,55.029091,180.562093333333,287.29743,15.2647113,426.2967,18.052949,450.540203333333,3.39412377333333,218.369666666667,105.181387,171.207086666667,0.009,-3.2,6.2
2019-03-19 02:00:00,2.28623467984393,4537.592,864.5959875,115.800589583333,1001.2702125,817.3132125,271.193429166667,2237.031875,889.365945833333,6.83365975,107.231861666667,37.5410116666667,158.2336375,144.232616666667,11.3051725416667,175.6815875,12.5519569583333,144.2736375,2.3934434625,72.9509083333333,42.6574895833333,193.5676125,0.012,-4,9.5
2019-03-19 03:00:00,2.57986943484936,5197.255375,1012.12532083333,137.789758333333,1088.40672083333,750.86285,309.032825,2414.911375,974.134558333333,8.94212379166667,114.55712375,43.3365066666667,158.3580125,158.20545,12.5339244166667,226.027495833333,19.2972054166667,171.915966666667,3.1105795,80.3573970833333,45.2308279166667,169.846845833333,0.006,-4.7,9.3
2019-03-19 04:00:00,2.74079920680612,4355.37526666667,943.592096666667,121.506593333333,1001.32942333333,688.619496666667,308.16743,2218.2616,830.67665,6.21043646666667,114.995107333333,43.810693,162.190536666667,150.528886666667,13.5969290333333,191.564673333333,15.6320616333333,155.980669666667,2.42344758633333,75.3636283333333,43.8943846666667,177.32231,0.006,-5.2,7.1
2019-03-19 05:00:00,3.30630549158831,5148.52758333333,1014.69433333333,127.2359625,1132.689375,549.947466666667,489.972033333333,2094.7185,847.1936875,8.76553032916667,162.900495833333,63.8093170833333,169.735595833333,225.295308333333,18.98928375,310.757791666667,24.02048125,286.402370833333,5.71013095833333,161.36006625,89.1976070833333,189.939770833333,0.002,-5.7,7.6
2019-03-19 06:00:00,3.44630445212051,5473.591,921.247729166667,119.20279375,1047.19405416667,435.340183333333,437.833495833333,2023.03604166667,760.939645833333,5.11514942083333,138.4260875,43.9414816666667,161.3375625,203.5712375,13.588930375,311.739079166667,15.8606641666667,273.252904166667,1.75403658195833,139.5952125,67.91471625,183.8466875,0.003,-6,7.9
2019-03-19 07:00:00,4.68640248192925,10574.8838666667,1120.46595,140.19171,1073.79561666667,520.162420333333,553.527316666667,2215.46873333333,757.63971,4.31107181333333,150.744843333333,43.6737916666667,169.157136666667,288.685966666667,13.1700405666667,404.5636,14.322186,398.009313333333,1.38949482166667,225.527296666667,104.658140666667,188.271136666667,0,-6.5,8.3
2019-03-19 08:00:00,5.91602891319645,22932.125,1524.36575833333,131.397925,1326.39920833333,684.7847025,869.70725,2185.7275,769.219675,5.08588985833333,182.120245833333,57.5084825,173.002658333333,460.587754166667,16.6625410416667,690.2384125,15.0091858333333,710.722666666667,2.00304593333333,404.132125,176.59002625,208.000729166667,0.001,-4.4,10.5
2019-03-19 09:00:00,7.36744434849357,32225.22875,1910.90941666667,142.3342875,1640.503,943.029429166667,1082.60119166667,2571.96941666667,930.4064,8.12843462916667,213.09604375,68.2162833333333,199.257083333333,592.827933333333,19.2166641666667,923.082345833333,14.8179683333333,963.9169375,2.55239346875,579.298053333333,264.588720833333,183.556689583333,0.002,0.7,8.6
2019-03-19 10:00:00,2.69803088978444,7615.70113333333,920.538333333333,100.219745666667,1219.1546,1038.33571666667,256.901246666667,2347.28843333333,917.200513333333,5.83413659,77.2040476666667,41.4818643333333,145.70041,144.26857,13.5566109333333,135.968875666667,11.0031119333333,110.685073666667,1.04013156933333,59.2871946666667,34.721578,68.371276,0.007,1.7,8.5
2019-03-19 11:00:00,3.2664690478475,6803.35945833333,690.835875,103.069246666667,1054.20273333333,1149.60467083333,318.366804166667,1860.26570833333,998.709758333333,7.10042829166667,81.8284379166667,42.9175545833333,154.241616666667,176.9108375,14.210095875,198.0382625,10.1411346666667,179.288166666667,1.15283240320833,96.3720279166667,44.6391895833333,72.44542,0.012,3.5,13.4
2019-03-19 12:00:00,3.30549934433569,7782.51175,870.956620833333,113.241270833333,1383.822625,1302.0634875,433.478033333333,2341.75233333333,1356.93245833333,9.6262555,114.663442916667,55.6462279166667,187.4639375,236.877995833333,16.0430545833333,300.995241666667,12.3367847083333,254.7525625,2.36388635839583,136.134265833333,61.536315,87.6382508333333,0.02,5.9,16.5
2019-03-19 13:00:00,3.29723456790123,8321.00646666667,1148.04074333333,117.996949666667,1728.90303333333,1247.09229666667,651.50198,2402.43636666667,1418.8027,10.5118755666667,182.49522,67.3207166666667,227.606576666667,293.428033333333,16.6291396666667,424.747406666667,17.887994,349.200776666667,3.98794912333333,416.43992,104.955799333333,88.7365623333333,0.029,7.4,15.7
2019-03-19 14:00:00,3.13519302117315,6587.12620833333,1038.21272083333,850.885628333333,1487.259,1206.783725,628.844779166667,2228.99166666667,1570.13133333333,11.1176367916667,178.316154166667,55.8596154166667,239.535383333333,241.678520833333,15.3928174583333,353.825354166667,17.6948345833333,304.8459875,3.22020962395833,478.127939583333,119.214145833333,90.2786375,0.036,9.2,8.1
2019-03-19 15:00:00,2.39967741316446,6653.307,1046.94601875,582.028225,1417.5443125,1096.00500625,700.3603625,2137.2530625,2570.3195,8.675719125,194.24319375,53.63667125,249.2508875,262.46269375,13.4229645,401.3084375,19.961758125,339.2148375,3.52853678125,722.4378875,177.820048125,100.861485,0.039,10.6,8.3
2019-03-19 16:00:00,1.87151734312032,7351.947375,997.990595833333,180.128279166667,1687.68579166667,1237.21525,678.408445833333,2688.9335,3967.29420833333,9.37355825,188.508808333333,63.4085208333333,263.970683333333,273.261620833333,16.8459825,410.054579166667,20.7114591666667,333.534870833333,3.19635382083333,302.771833333333,97.3206579166667,101.115987916667,0.042,11.4,6.9
2019-03-19 17:00:00,1.94425344623552,7625.01833333333,1247.417875,173.4027875,1781.26345833333,1293.8801375,756.0289375,2917.29641666667,2602.1565,8.658345625,209.519279166667,63.86636875,246.9900625,286.032816666667,14.3651729166667,447.953083333333,20.15174125,372.9296125,2.17460548291667,576.934375,153.722824166667,101.850692083333,0.042,11.5,7.3
2019-03-19 18:00:00,2.72123314782831,10040.4158333333,1056.71429666667,156.950776666667,1613.4814,1716.9984,703.523826666667,2464.80583333333,2525.29426666667,7.56980176666667,184.34961,60.846818,229.651553333333,271.10528,15.4274287666667,453.544996666667,13.3360716666667,327.811973333333,1.75196936333333,348.64781,110.706115333333,83.8857353333333,0.042,10.1,9.8
2019-03-19 19:00:00,2.33605991332437,10155.1069583333,1128.63970416667,139.637795833333,1580.54279166667,1736.72291666667,596.49245,2544.18016666667,1763.33375,6.3594218,174.6760125,54.46286125,206.5097625,270.487308333333,14.1079018333333,379.400883333333,11.71843225,322.560166666667,1.94317942083333,218.702969583333,92.54509625,119.017521666667,0.044,7.6,8.6
2019-03-19 20:00:00,3.30633700345423,10924.3510416667,1211.9557,132.3195375,1621.302,1639.922375,674.7192875,2483.93158333333,1598.288875,9.68201429166667,205.434379166667,67.3699233333333,213.244904166667,320.199908333333,20.2050225,434.781516666667,19.4987044166667,378.023254166667,5.43826216666667,223.062633333333,109.37351125,144.162770833333,0.043,4.7,7.3
2019-03-19 21:00:00,4.37242346318685,10801.5725333333,1561.4447,179.898616666667,1978.73503333333,1790.4881,827.0271,3044.0845,2664.2458,20.7616474333333,259.71378,93.0086853333333,231.615583333333,386.008066666667,33.23081,619.315613333333,47.2669376666667,541.045156666667,13.5611348,330.271323333333,156.706773333333,220.314958666667,0.029,2.4,9.5
2019-03-19 22:00:00,4.30477011769973,8807.005,1378.70422083333,158.6873,1756.3115,1458.672875,633.972191666667,3159.13545833333,2681.99329166667,16.2704962083333,234.8643625,83.2162308333333,216.333975,282.332695833333,27.9207808333333,440.986291666667,41.9881033333333,354.4840625,11.383195375,249.128108333333,113.28286875,308.757970833333,0.012,0.7,10.3
2019-03-19 23:00:00,4.0214714066398,8752.53620833333,1319.16454166667,166.6930375,1577.81375,1311.0035,521.560654166667,3152.97458333333,2031.10925,13.402764125,205.239154166667,69.2431654166667,199.679179166667,234.9249,23.18954375,366.92745,27.8733229166667,289.483716666667,6.14589366666667,190.201815,88.3582829166667,269.768140416667,0.005,-0.7,12
2019-03-20 00:00:00,3.88548544745091,9329.06633333333,1521.52410666667,164.0609,1630.12423333333,1219.0521,612.299093333333,3179.6247,1983.16683333333,13.2476195333333,208.405603333333,75.5983663333333,200.712236666667,290.420486666667,23.8111253333333,454.40987,30.4630526666667,378.847346666667,7.16703106666667,213.55515,110.120966333333,231.445863333333,0.003,-1.8,17.5
2019-03-20 01:00:00,4.10267423079384,6724.8785,1390.0695,152.856766666667,1494.42420833333,930.640779166667,556.68675,2904.15179166667,1643.96229166667,9.15376316666667,198.341683333333,68.9911116666667,198.533466666667,256.296645833333,18.69146625,413.3666375,23.8293208333333,341.310370833333,5.200509625,182.164799583333,96.2129383333333,240.321370833333,0.002,-2.7,10.3
2019-03-20 02:00:00,2.80966465169833,5309.64754166667,1157.93847083333,138.455983333333,1273.54158333333,826.0853125,401.7604375,2748.02733333333,1351.9125,8.18611675,155.0984625,57.1881991666667,173.931166666667,201.906170833333,16.6785120833333,303.901666666667,19.2007658333333,238.798483333333,2.28755020416667,119.63945,64.8815975,195.451229166667,0.002,-3.3,11.7
2019-03-20 03:00:00,3.41511047143863,6479.36746666667,1177.80649,147.31247,1250.39336666667,763.924703333333,406.560743333333,2875.81883333333,1427.76695333333,5.35665736666667,158.029106666667,50.8285066666667,175.94576,185.226136666667,13.8363218333333,284.845083333333,17.3584818666667,228.7303,2.54591036533333,135.404294333333,64.3964536666667,189.120413333333,0.001,-4.1,10.3
2019-03-20 04:00:00,3.90174328343888,5557.05079166667,1428.77742916667,150.237795833333,1418.86484166667,723.474504166667,684.878866666667,2843.976,1205.60324583333,7.16299316666667,180.3222375,54.3261791666667,192.248825,236.339870833333,15.10649225,368.940929166667,18.36365675,259.090825,4.72312208333333,135.703876666667,73.0308575,238.0557875,0.001,-4.5,7.4
2019-03-20 05:00:00,4.99970782959125,5806.002625,1472.87891666667,147.123008333333,1547.48779166667,689.525516666667,675.236204166667,2973.21104166667,1193.5837375,8.8515035,193.198108333333,57.88527375,197.499366666667,251.342529166667,14.4565450833333,402.229,18.9551595833333,296.728558333333,3.31294037083333,161.025083333333,83.79576,215.378829166667,0.001,-4.8,8.6
2019-03-20 06:00:00,4.12923501567198,6710.0034,1232.28166666667,137.429286666667,1309.5466,750.94862,629.198183333333,2434.02863333333,1026.45997,9.74165563333333,175.6614,52.787481,176.50862,252.637386666667,17.124461,406.430836666667,16.5429449333333,313.2011,3.06574775333333,170.142726666667,81.9642526666667,214.387446666667,0.001,-5.3,8.3
2019-03-20 07:00:00,4.98096686496513,17123.1237916667,1374.71415416667,143.896804166667,1317.96466666667,475.43216625,731.766383333333,2472.329625,1042.71132083333,5.1106428625,182.477725,55.6081854166667,162.494829166667,357.970391666667,13.968622375,538.705754166667,15.6804220833333,516.459125,2.24788559583333,297.049741666667,131.387910416667,204.782095833333,0.001,-5.6,7.6
2019-03-20 08:00:00,10.0201087443229,32306.0016666667,2322.967,167.715233333333,1809.40566666667,622.002051666667,1326.90626666667,3029.36458333333,1030.56429166667,6.73550712083333,286.8322375,83.3986629166667,196.0763375,652.420179166667,20.7436648333333,1020.28549166667,18.9192275,1009.1538375,3.09132223333333,589.6697375,264.353608333333,256.6861375,0.001,-3.9,10.5
2019-03-20 09:00:00,10.2000525810785,28166.579,2114.6655,166.029116666667,1940.77966666667,768.783906666667,1183.26919666667,3200.0815,1037.68601333333,9.69443684333333,248.055646666667,80.410169,192.777193333333,576.539843333333,20.0111816666667,847.93055,17.2916066,834.250033333333,3.84989820666667,499.721126666667,223.708848666667,231.743043333333,0.001,-0.1,10.2
2019-03-20 10:00:00,5.24512121793642,13611.701125,1363.51872916667,122.501375833333,1655.15304166667,1299.99675,614.792616666667,2708.03033333333,1081.11474583333,10.1840637958333,147.347645,62.1963170833333,173.535004166667,327.580258333333,19.1209870833333,476.67705,12.8087264583333,461.0396375,5.0672515,258.217963333333,114.562989583333,100.339364166667,0.005,3.4,10.5
2019-03-20 11:00:00,4.91747857097166,9654.94345833333,879.0561,122.291604166667,1405.49475,1637.32195833333,486.751691666667,2305.65683333333,1201.470375,10.684639875,133.05243625,59.6301420833333,187.356745833333,247.6877375,18.804117625,331.531533333333,9.58275041666667,276.285783333333,5.416595,172.163624583333,74.1948479166667,90.6480483333333,0.014,5.4,13.2
2019-03-20 12:00:00,2.74976445339987,7003.98633333333,909.611116666667,132.90266,1464.89836666667,1563.21766666667,458.299046666667,2852.92666666667,1466.49763333333,8.93307593333333,137.904523333333,61.8920436666667,189.333543333333,224.98065,17.375259,311.75229,14.4739192333333,254.181213333333,5.12882736333333,176.733676666667,70.5177943333333,88.6945193333333,0.03,7.3,14.2
2019-03-20 13:00:00,3.94990870274419,6185.709375,808.3689875,131.577125,1486.65695833333,1583.40666666667,437.4715375,2404.35875,1508.37683333333,7.98573675,146.000608333333,61.1931925,198.5086625,214.989508333333,16.3800564583333,310.8458375,14.7824097916667,204.976754166667,4.9491505375,114.18675375,53.8115158333333,101.534752083333,0.037,8.8,12.5
2019-03-20 14:00:00,3.09342624576218,5941.115875,790.222895833333,128.3682875,1298.32770833333,2012.76329166667,515.395375,2068.22066666667,1705.08154166667,10.3031365416667,156.5686625,59.298335,202.841433333333,213.345045833333,14.6827491666667,303.558554166667,9.96356083333333,214.500970833333,4.67396244583333,317.77166625,95.5209858333333,81.2081179166667,0.039,10.9,9.8
2019-03-20 15:00:00,3.92671559521526,6272.21796666667,866.317133333333,127.941293333333,1443.0448,2194.7829,561.770086666667,2241.5364,1903.00443333333,11.1155076666667,171.091356666667,65.6850083333333,222.002116666667,231.16056,16.9042686666667,330.466756666667,12.1772170333333,254.880473333333,4.81362417333333,205.842496666667,76.5532826666667,83.5161393333333,0.04,11.9,6.2
2019-03-20 16:00:00,2.01755016631485,6539.88604166667,819.190925,128.462545833333,1323.89420833333,1968.75904166667,551.039470833333,2237.44008333333,1814.99520833333,10.1684886666667,155.966633333333,58.2615508333333,221.785333333333,216.863770833333,15.7870451666667,321.320008333333,13.0333472083333,255.9993625,3.3066562625,190.720808333333,75.8949566666667,82.1189083333333,0.041,12,6.2
2019-03-20 17:00:00,2.46716901746306,7629.5565,965.3552375,158.506033333333,1599.59004166667,2194.98379166667,586.3509875,2567.35858333333,1964.549,14.6226485416667,169.6700875,67.4517141666667,241.206695833333,241.24175,18.51128875,367.113070833333,16.8762258333333,280.1705875,6.58387345833333,181.918279166667,73.2585404166667,77.1915175,0.043,13.6,9.1
2019-03-20 18:00:00,2.95733541226891,9191.2185,1093.08577666667,153.733506666667,1835.52023333333,1903.87963333333,651.744173333333,2783.92513333333,2000.28123333333,12.7997356333333,205.789653333333,76.1105503333333,252.962726666667,272.728366666667,20.0712203333333,403.869976666667,22.9784523333333,321.47713,6.397223,182.815843333333,81.1458426666667,110.195496333333,0.043,12.5,10.1
2019-03-20 19:00:00,2.60399301157807,10711.8199166667,1766.28038333333,198.346045833333,2194.30554166667,1349.63059166667,927.79695,3294.08145833333,2017.224625,17.3502307083333,248.856575,88.4441541666667,225.892170833333,424.731016666667,29.6771283333333,670.434133333333,41.79564625,623.999095833333,10.5683429208333,374.320870833333,174.39722125,177.460852916667,0.042,9.7,12.7
2019-03-20 20:00:00,4.17900797991428,12757.6399166667,2097.555625,202.8942125,2692.28054166667,1966.653125,897.236345833333,3849.29991666667,2925.81875,90.2839658333333,294.43685,167.85064375,244.509495833333,431.8807,102.655929166667,649.081858333333,127.608392916667,532.034341666667,51.7448566666667,320.3728125,165.1073375,245.6546375,0.041,5.6,21.8
2019-03-20 21:00:00,5.32956169641144,14417.438,1805.29826666667,208.06422,2374.98443333333,1815.35636666667,1009.55923,3054.72433333333,2683.94056666667,59.8046653333333,337.911283333333,153.874228,230.92894,458.19114,78.4024606666667,695.88002,92.6324493333333,605.606933333333,37.022348,350.307333333333,172.894976666667,370.640366666667,0.023,3.1,19.5
2019-03-20 22:00:00,4.78119938591441,11881.128625,1410.45184166667,182.684004166667,1809.878375,1429.64483333333,723.909675,2802.7015,2012.04304166667,28.014847125,263.499366666667,103.082976666667,188.828491666667,322.663641666667,40.1527179166667,495.680075,49.1401391666667,451.509929166667,15.2933083333333,258.282333333333,134.222844583333,349.872225,0.009,1.3,18
2019-03-20 23:00:00,3.83417946011643,8605.10029166667,1439.5355,205.5056625,1547.02275,1326.23108333333,551.808283333333,3086.02666666667,1708.23154166667,10.819779625,216.051079166667,71.6063120833333,164.064216666667,239.0707875,20.2075908333333,379.300516666667,24.37425875,329.183791666667,4.94479844583333,197.412708333333,103.34200375,346.901941666667,0.004,-0.3,17.9
2019-03-21 00:00:00,4.52263935265145,8425.7515,1633.43666666667,176.65089,1721.47023333333,1321.30186666667,617.97158,3314.32543333333,1692.90156666667,13.1780563666667,227.849543333333,85.008706,175.620413333333,284.8532,24.8754256666667,458.10527,26.67711,401.1619,5.7896978,223.449803333333,113.25892,254.505986666667,0.003,-1.3,17.7
2019-03-21 01:00:00,2.88296679300198,5354.17175,1280.07741666667,144.220825,1243.04504166667,1006.0870625,385.393745833333,2890.41470833333,1192.795125,6.76011848333333,147.4118125,53.26880625,137.195545833333,184.281129166667,16.1598905833333,284.4102875,15.3798065833333,241.9790625,3.82394116666667,135.2907375,73.5035470833333,262.054504166667,0.003,-2.3,13.2
2019-03-21 02:00:00,3.27537828631741,5321.572375,1098.5465875,161.808183333333,1222.8155,1036.25480833333,365.6037125,2654.06608333333,1302.87445833333,7.56041233333333,144.520545833333,56.0613545833333,139.188308333333,164.969291666667,16.8492208333333,246.1616125,18.6567308333333,199.713979166667,3.79671252083333,111.073607083333,62.20064375,201.261275,0.002,-2.8,9.5
2019-03-21 03:00:00,4.20642557410606,5101.08623333333,1239.78524333333,165.64126,1260.8681,867.076906666667,410.475013333333,2844.57653333333,1277.09333333333,5.56701713333333,179.664433333333,63.131063,146.408533333333,175.201993333333,16.9145272666667,295.363936666667,19.0078186666667,250.384103333333,5.0978331,118.077408333333,66.1022443333333,229.565016666667,0.006,-3.6,5.5
2019-03-21 04:00:00,3.56122913068509,4464.41866666667,1199.80442083333,159.7258,1190.19454166667,832.660325,330.825054166667,2830.09845833333,1167.90270416667,4.55365433333333,146.9940625,51.5889983333333,135.626770833333,148.70965,14.4600266666667,224.368625,14.673294375,189.710920833333,3.5702495375,87.16155375,50.4136316666667,187.206216666667,0.004,-4.4,4.5
2019-03-21 05:00:00,4.18256996417833,5071.28879166667,1224.7110875,149.4332,1138.64516666667,731.267020833333,400.190808333333,2651.538875,1059.2184,5.023688375,167.719004166667,51.95555625,141.0121625,186.706179166667,12.7726213333333,283.319179166667,12.9009449583333,241.087020833333,2.18937699708333,120.31231875,65.1645466666667,248.3226,0.003,-5,5
2019-03-21 06:00:00,3.60512332885563,6729.30846666667,1009.40121666667,147.526206666667,1084.4768,870.013553333333,398.77721,2268.96413333333,961.539386666667,7.68170605666667,156.45567,53.868595,134.53923,178.853916666667,16.8407016666667,296.171833333333,15.6589966666667,243.085163333333,1.6991329,121.824189666667,63.91094,208.223853333333,0.001,-5.5,6.2
2019-03-21 07:00:00,5.60602099724941,12741.4077916667,1301.90867083333,160.399283333333,1171.70082083333,478.726718595833,649.867829166667,2346.549625,872.6199125,2.96089467916667,188.28275,52.9583391666667,132.9631875,341.484883333333,13.6625772916667,519.947433333333,14.5648654166667,540.645133333333,0.7657567025,308.825766666667,144.429889166667,257.5456625,0.001,-6,NA
2019-03-21 08:00:00,6.72177245250432,23342.7495833333,1559.10441666667,166.4440625,1392.69695833333,423.847151666667,723.478141666667,2596.05041666667,867.4854125,4.212349975,205.336758333333,63.2897291666667,137.820758333333,376.326333333333,16.8779090416667,581.0921125,16.4363370833333,573.2052125,2.37572252916667,325.6081625,151.0888875,301.606883333333,0.001,-3.4,NA
2019-03-21 09:00:00,5.23696897588434,15878.7323333333,1888.62483333333,150.650716666667,1563.99843333333,802.729756666667,592.042056666667,3687.51126666667,1368.28728666667,4.05256321666667,175.59827,61.5999866666667,137.430793333333,324.328703333333,14.3808290666667,459.705936666667,12.2453586666667,445.488893333333,2.10798397213333,245.801382,121.750398666667,215.248513333333,0.001,-0.4,11
2019-03-21 10:00:00,3.03201778289516,10372.93275,1005.24244583333,124.8827125,1309.42925,1302.28915416667,392.940991666667,2550.91358333333,1029.1182,8.73652929166667,125.626475,61.3006954166667,139.504758333333,211.959529166667,15.0181922083333,280.24185,10.93898025,256.771991666667,2.83383630833333,147.711575833333,71.5614425,115.830600416667,0.006,2.6,12.5
2019-03-21 11:00:00,2.70853222578611,6719.195,878.583071428571,138.752485714286,1223.89442857143,1581.13071428571,351.825971428571,2335.60342857143,1110.07971428571,8.93612514285714,110.899165714286,55.28342,143.071628571429,184.304242857143,17.92033,234.689557142857,11.017532,195.026828571429,3.257959,101.104951428571,51.8459171428571,105.504814285714,0.018,4.1,11.2
2019-03-21 12:00:00,4.68944998400819,6816.37093333333,901.089163333333,275.43064,1309.7426,1821.40056666667,514.998536666667,2153.42276666667,1369.82033333333,13.4719151333333,150.412866666667,61.656347,163.542236666667,210.40658,20.5295483333333,307.73761,15.4106113666667,262.611443333333,6.25825883166667,174.888569666667,75.6217903333333,92.8040543333333,0.027,5.6,11.3
2019-03-21 13:00:00,2.57119856233608,6154.93291666667,838.1539375,128.934816666667,1366.08954166667,1683.47129166667,537.180120833333,1889.76704166667,1465.056375,16.276317125,162.159254166667,71.4580720833333,193.5227125,230.619054166667,22.41904625,314.5505375,19.7959116666667,259.628545833333,7.370819625,175.598729166667,80.67719875,93.1851170833333,0.032,8.6,11.5
2019-03-21 14:00:00,2.72434269653938,6215.71345833333,955.451354166667,153.730933333333,1408.4536875,1805.979875,568.342770833333,2031.189375,1564.270125,15.6081332083333,173.108657083333,68.9970245833333,188.763183333333,221.651325,20.4425083333333,321.387975,18.8702066666667,243.132358333333,6.94252325,169.93759875,83.7846229166667,102.001418333333,0.037,10.2,10.8
2019-03-21 15:00:00,2.4388310369091,6166.82466666667,1060.74774,169.780716666667,1643.7821,1812.38156666667,541.16421,2653.08,1757.83383333333,12.774803,169.618226666667,69.039717,192.40199,220.613713333333,17.912822,307.945463333333,17.0032866333333,223.160293333333,4.75895453333333,156.513936666667,69.346884,106.739589666667,0.04,11,9.3
2019-03-21 16:00:00,1.91999820891704,6641.903125,1063.92012083333,162.443375,1655.13445833333,2112.99558333333,549.679483333333,2557.33175,1812.08204166667,10.8286784166667,175.242995833333,69.2175941666667,199.1693125,231.437216666667,19.63477125,342.25515,16.9328070833333,250.138745833333,5.25272802083333,181.709504166667,73.8807404166667,108.841369583333,0.042,13.7,8.6
2019-03-21 17:00:00,2.91841773811808,6974.97016666667,1028.05547083333,147.771116666667,1657.15170833333,1888.59670833333,616.392675,2807.58204166667,1881.371,8.74477520833333,190.605725,66.4758641666667,194.049995833333,230.7026125,16.7919237083333,348.2909,14.8130389583333,265.975079166667,4.58160691666667,201.598045833333,85.6699620833333,114.60518,0.043,12.8,7.6
2019-03-21 18:00:00,5.66126703127999,8745.1581,1190.70416333333,155.85751,1621.88126666667,1688.3236,590.957436666667,2714.90876666667,1774.91093333333,13.5932128666667,190.907923333333,66.3846153333333,175.243023333333,247.264463333333,23.4804813333333,394.33685,23.4155323333333,328.222093333333,6.2483907,213.296873333333,101.301441,159.616169333333,0.046,11.2,6
2019-03-21 19:00:00,2.86552166890553,15643.1435,1381.13397916667,152.8906125,1753.18691666667,1430.05525,603.875654166667,2903.50925,1840.98554166667,15.9750579166667,217.047566666667,72.72058875,162.531120833333,279.713441666667,27.5233683333333,443.986108333333,40.0929604166667,366.96535,10.614848125,227.904445833333,114.6833875,244.576320833333,0.046,8.6,8.3
2019-03-21 20:00:00,3.10519973773427,8747.50733333333,944.658070833333,125.092216666667,1504.38354166667,1777.55858333333,609.489020833333,1979.19445833333,1672.77633333333,13.212427875,241.754920833333,83.7927004166667,164.424695833333,266.705358333333,22.3658674583333,399.044670833333,28.77932375,327.327758333333,7.99516075,188.05415,100.559634166667,300.025716666667,0.037,5.1,24.3
2019-03-21 21:00:00,2.17763477259643,6371.17236666667,1105.79922666667,125.473393333333,1495.79086666667,1768.22663333333,587.92115,2333.6895,1585.26736666667,20.1267837,213.307653333333,83.549126,158.026956666667,253.33029,30.7854183333333,437.295953333333,39.1779046666667,340.87683,12.8192828333333,194.201303333333,102.840425,291.014896666667,0.025,2.7,22.3
2019-03-21 22:00:00,4.56906687775859,8754.94970833333,1578.50482916667,176.87025,1846.48441666667,1724.03691666667,699.910591666667,3204.47366666667,2118.20120833333,50.4603131666667,254.632941666667,111.581429583333,189.087058333333,322.983333333333,61.9464770833333,535.193183333333,124.51587625,439.621366666667,43.681589125,244.7011625,122.043895,319.12355,0.011,1.4,11
2019-03-21 23:00:00,5.72301997377342,8768.93929166667,1473.98946666667,189.654075,1835.18620833333,1477.77166666667,653.546554166667,3209.53954166667,2202.48829166667,55.8337920833333,263.464391666667,116.316042083333,198.372379166667,289.950383333333,67.9907479166667,487.587795833333,141.17889,391.8265375,50.0440766666667,212.991641666667,115.753560833333,363.1333875,0.004,-0.1,20.4
2019-03-22 00:00:00,4.4243925670057,6998.00406666667,1424.97544333333,184.73199,1466.11333333333,1317.62413333333,516.53,3162.31723333333,1608.8435,15.664254,200.445323333333,74.8085893333333,157.753006666667,239.761166666667,26.506952,389.662603333333,44.3936433333333,348.53059,12.0171144666667,198.19168,103.477374333333,268.014716666667,0.004,-1.2,35.2
2019-03-22 01:00:00,3.5268555779441,6528.2535,1283.97324166667,147.280645833333,1402.554125,1269.99358333333,475.170741666667,3063.46341666667,1406.52554166667,8.48880175,189.183554166667,71.3363416666667,159.777458333333,223.189595833333,20.3487983333333,361.721720833333,28.4760695833333,304.9226625,4.45466183333333,160.187425,89.7307704166667,231.606454166667,0.004,-2,24
2019-03-22 02:00:00,3.06878902002174,5880.62633333333,1152.552275,150.1561,1323.74158333333,1102.75124583333,387.491983333333,2872.29195833333,1328.5195,8.73057354166667,169.3226125,63.2752020833333,149.473170833333,178.971775,16.91709375,283.090245833333,22.6943570833333,221.532433333333,3.5715964375,123.43494875,74.1599808333333,246.6098875,0.005,-2.6,14.9
2019-03-22 03:00:00,3.23457576920616,5363.23036666667,1117.81764333333,155.405923333333,1247.4417,948.83415,377.416713333333,2819.3852,1181.30633333333,6.30902454333333,171.742593333333,59.3654226666667,147.975966666667,167.186053333333,15.1864498,277.29388,19.9087783333333,210.795466666667,3.74387324666667,110.244396,66.108563,258.905823333333,0.004,-3.3,13.2
2019-03-22 04:00:00,3.4770455126975,5519.06520833333,1076.3773375,150.0166,1236.82408333333,875.914091666667,404.438520833333,2665.8225,1121.35659166667,3.99353999583333,177.811308333333,61.37297375,154.127291666667,185.336458333333,15.5390504166667,302.803291666667,19.10132,244.365341666667,2.57959446370833,115.950679166667,68.3682925,231.506775,0.002,-4.1,12
2019-03-22 05:00:00,2.80773388025331,5405.640875,991.2178,148.2115125,1163.3465,828.6102875,354.190941666667,2494.2335,1000.91094166667,2.56521894208333,165.570929166667,56.8611995833333,142.100375,172.848554166667,14.1585788333333,267.090416666667,16.1996204166667,205.498454166667,2.10081226583333,106.551128333333,62.80108125,233.841625,0.001,-4.6,12.2
2019-03-22 06:00:00,4.47574713746561,7704.6372,1211.8037,156.757146666667,1283.32606666667,703.2993,591.513703333333,2669.60353333333,1031.12481333333,2.44461574633333,219.4408,62.8911286666667,155.57091,267.999976666667,12.6516765666667,436.843066666667,19.1809826666667,386.05034,3.09621267,198.304363333333,103.679840333333,324.67813,0.001,-4.9,11.2
2019-03-22 07:00:00,5.56394070236039,15939.6450833333,1608.5175,165.000045833333,1596.70716666667,778.111858333333,852.4414875,2794.58716666667,1012.89322916667,2.8558030525,251.320879166667,71.8991325,162.678720833333,391.124166666667,14.8720053333333,616.7751,22.7495745833333,605.218891666667,4.5570660875,336.408733333333,168.043716666667,341.8800125,0.001,-5.4,9
2019-03-22 08:00:00,5.65154728778866,25398.6895,2233.24808333333,184.54335,1854.9575,830.440175,1370.42415,2996.5205,1000.64541666667,4.20299807916667,316.3666875,92.6383041666667,191.881116666667,609.308895833333,19.2515245833333,978.383279166667,25.0050916666667,946.273145833333,5.00233929166667,547.9181875,251.445379166667,364.358,0.001,-3.1,9.5
2019-03-22 09:00:00,7.52137523769649,31429.1927272727,2814.78522727273,204.238618181818,2529.4005,1068.26729545455,1536.13495454545,4190.64977272727,1203.19645454545,11.2757367727273,354.052827272727,121.758381818182,244.692154545455,656.701204545455,27.2241109090909,1007.38225,30.0391527272727,918.400831818182,8.40255077272727,516.053704545455,240.765027272727,356.853213636364,0.001,0.5,13.2
2019-03-23 00:00:00,1.01412217162994,4347.54972727273,464.893281818182,108.594354545455,768.579163636364,1188.46727272727,298.589963636364,1843.57209090909,1190.41036363636,21.5366436363636,138.697490909091,66.4057536363636,129.038563636364,146.427590909091,32.3961636363636,202.355172727273,24.9985136363636,186.231932727273,8.71380372727273,80.9377936363636,50.80398,452.519854545455,0.011,0.4,28
2019-03-23 01:00:00,1.11060613765752,4509.38983333333,476.254541666667,109.4946875,791.577625,1089.36230416667,317.6923875,1880.138875,1172.31979166667,22.33503875,149.796983333333,67.3381333333333,135.7793625,154.851658333333,32.8582329166667,206.924583333333,25.7608466666667,235.5276675,8.90688845833333,78.9108108333333,51.2853591666667,482.131804166667,0.003,-0.8,13.9
2019-03-23 02:00:00,1.35444754045928,4337.78426666667,521.183556666667,108.737445666667,806.434546666667,918.557696666667,352.585163333333,1991.2439,1123.84613333333,24.1791896666667,165.727066666667,71.7775176666667,146.460023333333,153.911853333333,34.9644213333333,217.747326666667,28.81905,228.299581,10.4998282333333,81.604344,52.1993066666667,535.141863333333,0.001,-1.7,18.9
2019-03-23 03:00:00,2.19378028049639,5183.42916666667,1017.12469583333,122.450745833333,1126.54176666667,825.2846125,740.523204166667,2258.64145833333,1217.81525,59.7327979166667,277.198770833333,118.080855,192.856516666667,298.837308333333,76.6628054166667,595.3130375,62.8108758333333,407.1842,27.8495320833333,198.023454166667,109.804536666667,554.675491666667,0.001,-2.2,7.8
2019-03-23 04:00:00,2.95719184577496,4911.17466666667,1140.24352083333,129.761633333333,1225.69975,772.604745833333,692.676058333333,2650.18729166667,1088.88127083333,43.9921133333333,276.063016666667,105.23796,193.646158333333,277.564683333333,53.57627125,545.185070833333,42.1547120833333,363.104954166667,16.7046179166667,193.996758333333,110.56761875,528.412820833333,0.002,-2.5,9.1
2019-03-23 05:00:00,2.57695414827609,4267.7432,1104.80216666667,122.939962,1064.76368,637.37649,732.898726666667,2382.2302,887.90933,32.572628,251.616853333333,90.538092,175.357116666667,262.836476666667,45.393091,472.258493333333,37.2778073333333,329.78862,12.1360528333333,174.995006666667,101.922644333333,440.59534,0.001,-2.9,8.8
2019-03-23 06:00:00,3.64395325593297,4179.51429166667,1368.21575,144.205520833333,1141.01742916667,617.37085,836.905483333333,2742.89491666667,915.568895833333,23.8838508333333,267.495075,79.3151195833333,177.873325,265.084629166667,35.576905,500.580283333333,25.6540333333333,334.2306875,6.95258929166667,168.1273625,97.5825045833333,468.036466666667,0.001,-3.5,9.8
2019-03-23 07:00:00,2.13988758555619,5201.87420833333,875.545945833333,122.452170833333,968.690275,575.4247375,537.7554625,2241.624625,773.909820833333,16.2114345833333,207.470366666667,72.9319195833333,157.765516666667,217.557470833333,25.78981625,360.154995833333,20.28673,251.4537,5.28899908333333,135.26709375,82.6721454166667,325.331379166667,0.001,-3.6,11.7
2019-03-23 08:00:00,5.33804612038636,9922.8968,1253.12551,166.298033333333,1170.01626333333,683.977986666667,742.420783333333,2746.57823333333,959.255023333333,14.3952253333333,274.016363333333,79.965965,178.02249,296.602396666667,25.1916463333333,509.72191,17.0876936666667,394.44742,4.93799073333333,216.442416666667,120.825314,390.9328,0.001,-2,16.4
2019-03-23 09:00:00,4.731571355466,10774.706875,1862.75779166667,162.0057375,1596.03533333333,914.414829166667,827.7090125,3908.48579166667,1111.9892875,16.0665209583333,307.739341666667,95.59684,204.029433333333,327.513329166667,29.74119125,527.847254166667,18.49559375,447.715120833333,6.63431908333333,265.486816666667,138.615858333333,373.758933333333,0.001,0.3,15.2
2019-03-23 10:00:00,4.12631684577496,9705.26633333333,1699.81941666667,143.4456,1711.195625,1115.52574166667,721.8125625,3824.283875,1193.573,19.8965395833333,264.539766666667,89.624655,215.720091666667,314.653770833333,29.1725329166667,473.544754166667,22.9215979166667,395.347179166667,8.70611529166667,221.161745833333,114.280640833333,289.297,0.002,3.5,12.7
2019-03-23 11:00:00,2.26399238789739,6671.20453333333,894.145403333333,119.380353333333,1213.48213333333,1217.22283333333,470.86809,2691.96146666667,1294.44506666667,14.961319,167.82519,69.8854296666667,184.04513,216.573416666667,22.431318,292.767483333333,15.2563603333333,252.524003333333,6.16776016666667,156.71387,79.2626416666667,155.073106666667,0.005,4.7,15.4
2019-03-23 12:00:00,2.27340882268279,6656.548,1379.8713,126.898445833333,1673.69185,1357.59191666667,981.306345833333,2972.86658333333,1381.81654166667,15.58464875,185.465133333333,77.4967783333333,250.161083333333,303.8237125,24.1257441666667,369.785470833333,15.8950683333333,290.344170833333,5.85576179166667,167.250454166667,80.1875954166667,125.766786666667,0.012,6.1,8.6
2019-03-23 13:00:00,2.89296584148916,8267.55595833333,1380.34800833333,128.544991666667,1810.76345833333,1502.35295833333,696.76205,3499.90716666667,1598.025375,20.8822825,210.166170833333,90.8159920833333,224.994754166667,316.827675,28.3335445833333,467.391258333333,23.1515529166667,397.653645833333,9.59971391666667,224.471595833333,106.835065833333,149.528608333333,0.018,7.1,11
2019-03-23 14:00:00,2.76260468240261,6867.66296666667,1032.60357,135.907343333333,1772.03926666667,1547.8359,651.437033333333,2772.71896666667,1662.4886,20.8030546666667,205.93266,88.949492,221.358276666667,303.223293333333,27.19193,412.490893333333,22.697774,383.62026,8.91518383333333,223.83808,103.025719333333,116.066900666667,0.024,9.2,13.5
2019-03-23 15:00:00,1.85454246625728,4814.5595,651.372679166667,120.45231,1223.68669166667,1326.703,439.371616666667,2170.71775,1371.293875,15.505033375,136.69974625,63.3403995833333,188.023933333333,201.611933333333,20.3460779166667,273.3079125,16.3629133333333,195.7742,5.89157983333333,148.01544875,63.6596120833333,88.01060125,0.026,9.7,12.7
2019-03-23 16:00:00,1.22188162061025,4016.33533333333,557.2401,99.1219929166667,955.124804166667,1225.68366666667,384.189291666667,1907.19008333333,1138.64136666667,13.506230625,116.376134583333,54.6374045833333,167.4545875,167.291066666667,17.2134904166667,209.415729166667,11.3039470833333,156.544766666667,4.38881295833333,103.373172083333,53.51701375,183.25815,0.028,10.9,9.3
2019-03-23 17:00:00,0.814203684513529,3820.9872,516.84035,91.5308226666667,847.630653333333,1135.2742,314.917673333333,1829.4987,1015.78544666667,13.4168653333333,99.1760273333333,48.5727153333333,149.718773333333,139.648486666667,16.4129876666667,164.624796666667,9.6515401,126.560126666667,3.57968574666667,85.7860543333333,47.6457513333333,301.522683333333,0.032,11.9,6.9
2019-03-23 18:00:00,0.839881612614341,3494.186,447.707045833333,94.97715625,724.9676375,1051.8640125,270.231416666667,1645.32004166667,949.452054166667,10.7011662916667,92.9407025,41.4926279166667,136.004066666667,124.0376375,15.1632829166667,127.2571125,8.07705391666667,102.5255175,2.2673778875,73.0766445833333,41.3560758333333,287.6038125,0.035,11.1,5.7
2019-03-23 19:00:00,1.45304064319069,4449.42604166667,1564.2676125,114.754145,1381.46591666667,1360.57945833333,457.182720833333,3768.47045833333,1354.57783333333,14.18881075,164.273745833333,59.5751220833333,160.758229166667,201.830879166667,22.56909875,291.944075,17.9483416666667,258.303466666667,6.81515633333333,129.396998333333,61.1261404166667,209.334491666667,0.036,8.6,6
2019-03-23 20:00:00,3.28911865924646,7370.73863333333,1330.8757,119.226325666667,1506.78779666667,1494.19053333333,871.62455,2603.5094,1918.80536666667,38.593107,325.96984,110.543967333333,190.098093333333,338.60298,52.2681273333333,551.939576666667,67.2953966666667,537.923473333333,24.9934556666667,308.234890666667,157.86432,388.62827,0.033,5.4,11.3
2019-03-23 21:00:00,1.26673234503934,3898.86304166667,491.0814625,87.16043125,781.239241666667,906.707779166667,396.062116666667,1373.84008333333,1029.9674,21.8702808333333,157.4954875,65.6486029166667,131.508725,184.1489375,31.0728470833333,236.201004166667,31.5186716666667,185.440258333333,12.3153374583333,109.559508333333,68.6336441666667,401.135054166667,0.023,3.7,12
2019-03-23 22:00:00,2.77610062048231,5167.89329166667,1069.37560416667,110.03350625,1156.25206666667,918.341683333333,538.547558333333,2501.20891666667,1263.76,21.4573904166667,216.6494125,74.63329,153.027666666667,210.981325,30.8598591666667,345.569041666667,31.89189875,262.291858333333,10.8447450416667,151.3793,88.7678529166667,424.157566666667,0.02,1.7,16.7
2019-03-23 23:00:00,3.64298432802405,4857.04753333333,1165.65544333333,125.233443333333,1118.84757666667,797.703713333333,559.90041,2551.77,1184.33020666667,13.6575334333333,222.266343333333,65.354123,155.543193333333,229.12658,21.346307,403.328413333333,21.1450253333333,339.741063333333,5.67088183333333,173.112733333333,97.2248763333333,439.708443333333,0.014,0.2,27.2
2019-03-24 00:00:00,3.69906211711911,3675.22046153846,1056.62681923077,123.713862307692,1020.16166923077,706.017092307692,451.074426923077,2599.28138461538,1044.59260769231,11.337938,199.516303846154,57.8397665384615,147.636026923077,193.599611538462,17.6676884615385,299.342588461538,16.5484,253.258480769231,4.24782626923077,124.779244230769,74.2646576923077,392.534688461538,0.005,-0.7,78.1
2019-03-24 01:00:00,4.16171832022005,2985.431625,1076.74750416667,126.847722916667,923.550125,617.046179166667,398.125841666667,2735.2685,923.081733333333,7.97094983333333,179.455008333333,48.4785683333333,138.8143875,169.505166666667,14.261677375,252.841891666667,11.4344725,224.053258333333,2.78347357083333,105.131839166667,65.4695333333333,408.401608333333,0.002,-1.6,29.7
2019-03-24 02:00:00,5.17634350412589,2510.28853333333,910.928813333333,104.083006,837.807903333333,593.450806666667,321.979696666667,2492.12053333333,799.896483333333,6.90276783333333,156.852236666667,41.755686,129.64935,138.26688,12.2068178666667,215.735696666667,10.2577702333333,179.287223333333,2.38350382,72.209376,49.688363,386.284993333333,0.002,-2.1,6.6
2019-03-24 03:00:00,3.9420631036909,2489.43166666667,1041.16337083333,101.686884166667,868.625154166667,513.11495,321.2576875,2788.294625,739.8905125,6.05731416666667,155.638120833333,39.6070491666667,127.322975,144.44895,11.3660090416667,212.8089,10.3764198333333,171.237666666667,2.05642375833333,77.7005254166667,50.4949504166667,359.808095833333,0.002,-2.9,6.7
2019-03-24 04:00:00,2.72513038124481,2534.83333333333,830.850404166667,97.6931329166667,802.369979166667,551.804241666667,365.026570833333,2177.22033333333,663.233225,7.63657991666667,148.165279166667,40.18206,128.7783125,157.8498375,11.81285025,212.311291666667,11.1392105833333,178.226295833333,1.9214846,103.716706666667,60.07956375,328.764358333333,0.002,-3.2,8.1
2019-03-24 05:00:00,3.11308283119042,2459.25606666667,880.341236666667,94.7510136666667,809.293056666667,570.744516666667,380.940293333333,2252.79253333333,653.578863333333,8.81780626666667,158.737493333333,42.129226,131.05315,166.8779,12.9368713333333,252.833893333333,11.3603693,214.39013,1.92047559666667,95.6135393333333,57.6961123333333,328.3064,0.001,-4,9.8
2019-03-24 06:00:00,2.66129256220816,2185.666,833.24965,85.24709625,732.5061,518.046183333333,333.269416666667,2198.77166666667,527.407995833333,6.80195766666667,154.103754166667,36.8794466666667,120.517166666667,154.7505875,11.367494875,219.649179166667,7.960641125,182.4311125,1.58776982916667,82.6074633333333,53.3252420833333,388.864145833333,0,-4.1,8.5
2019-03-24 07:00:00,2.54538833717137,2667.48729166667,693.373275,87.60594,686.961,430.0051625,352.116666666667,1841.22045833333,555.395195833333,7.09618495833333,151.488025,39.8539804166667,122.941804166667,172.415045833333,12.6343982083333,254.263033333333,9.86643158333333,204.7535,1.38376378916667,102.29416375,61.9771816666667,347.444620833333,0,-4.3,4.2
2019-03-24 08:00:00,3.9965064287085,6383.5908,1206.54885666667,96.2920576666667,926.413803333333,510.12615,621.991,2536.7605,681.971733333333,17.8610900333333,212.000603333333,61.083873,147.281836666667,288.8382,23.6246963,422.38468,22.4006974666667,376.18373,6.0323846,210.68102,111.673757,381.331783333333,0,-3.1,3.5
2019-03-24 09:00:00,3.08597262201752,5095.68145833333,1491.63795833333,96.5969933333333,1156.44183333333,659.8463375,545.2869625,3449.25983333333,761.521,17.8838845833333,198.365783333333,66.7230029166667,162.622925,267.002,22.3519695833333,374.9545,21.0395125,308.1707875,5.44249195833333,168.411123333333,92.5987616666667,301.65325,0.002,0.7,9
2019-03-24 10:00:00,1.79210238757756,4211.072875,1117.79592083333,90.4215475,1134.66837916667,793.8869875,419.483933333333,2935.8665,831.8351625,13.8003590416667,161.463404166667,64.94582,158.703254166667,207.46035,21.2942720833333,264.913125,16.97832625,216.963116666667,5.498956875,127.49068625,73.01343,256.28255,0.007,3.2,9.5
2019-03-24 11:00:00,1.67988838994435,4378.02236666667,626.778473333333,89.571298,975.452363333333,899.809343333333,379.377333333333,1926.04356666667,913.664873333333,12.1513676,140.63063,62.6532036666667,159.08686,184.48232,19.3261233333333,228.290313333333,13.8906156666667,176.33338,5.18133533333333,111.928154666667,64.2454963333333,185.83896,0.017,5,9
2019-03-24 12:00:00,1.33874504253822,3797.278375,641.001170833333,95.3039008333333,1026.23000416667,886.583233333333,384.399625,2058.90529166667,1105.6810125,12.10000525,128.629766666667,59.5411979166667,166.617241666667,186.1436375,18.53961625,214.22775,13.6826991666667,167.948979166667,4.26936766666667,119.096729583333,61.9021983333333,106.248840833333,0.024,6.1,9.8
2019-03-24 13:00:00,1.35150559713427,3730.57820833333,685.9358,102.5530825,1083.97680416667,870.192175,395.953458333333,2284.05891666667,1282.26483333333,13.8053091666667,132.016,59.4275229166667,171.555275,179.705645833333,19.9160475,220.823045833333,13.2855901666667,215.059541666667,4.87832504166667,143.312764166667,61.4667704166667,85.17144,0.028,7.8,6.4
2019-03-24 14:00:00,1.44681591505149,4306.38013333333,782.383686666667,103.571677666667,1295.3106,750.987723333333,431.257556666667,2597.2073,1352.72743333333,13.2508141,157.12739,66.118794,205.562136666667,196.337666666667,19.6991773333333,260.81523,16.0334366666667,166.271086666667,4.81131923333333,114.773323666667,55.6579686666667,116.266227666667,0.031,9.8,7.6
2019-03-24 15:00:00,1.05182180883388,3643.85279166667,540.7385625,95.0998029166667,961.6778,1167.05973333333,348.710541666667,2185.14958333333,1130.75039583333,11.9786678333333,127.2133325,52.9026283333333,234.062233333333,144.225970833333,16.977503375,156.327429583333,10.5120753333333,118.212378333333,3.7103290875,79.599046125,36.8940525833333,91.7316079166667,0.032,11.1,9.8
2019-03-24 16:00:00,0.300461907503358,2621.316,211.6438,91.86711,434.6872,882.8791,202.8746,1547.062,703.6643,6.042543,63.91027,26.1238,215.8855,66.54861,11.09399,51.05029,3.905968,28.11974,1.398677,14.83836,13.01181,74.5212,0.034,13.3,7.1
2019-03-25 16:00:00,0.0897725580502783,2034.54966666667,247.1218,386.721766666667,297.654,451.6103,158.733133333333,1928.219,350.3516,3.53632833333333,52.4696866666667,25.7928833333333,115.038966666667,97.5335466666667,16.95303,48.6356566666667,1.07192213333333,28.8742466666667,0,51.2647533333333,20.7862466666667,88.15355,0.034,13.7,4.3
2019-03-25 17:00:00,0.805114306275187,3043.57616666667,340.45873,446.284963333333,607.39129,456.035088683333,204.953,1679.8666,688.884056666667,1.25772622666667,78.1740323333333,23.4167256666667,119.639073333333,119.059899,11.3873940333333,71.9135023333333,4.34504746,54.6152026666667,0,69.9176876666667,32.3135153333333,127.582229666667,0.036,13.5,5
2019-03-25 18:00:00,0.754139477387578,2708.83204166667,381.985966666667,147.43252875,705.688604166667,654.156067083333,186.722533333333,1485.77254166667,688.159670833333,2.77448260833333,82.81181625,26.7380679166667,127.5889375,123.880298333333,10.3933348333333,151.798762916667,5.43656509583333,52.9734825,0.115993385,52.3995327916667,25.6559532916667,143.0250675,0.039,12.6,4.5
2019-03-25 19:00:00,0.554989678084821,2493.081875,564.924170833333,120.443908333333,1012.2007375,923.2166875,155.933225,1769.16933333333,733.193758333333,2.54832035,88.83601125,30.6172675,129.12275,117.9115525,10.3591947083333,65.4085641666667,4.90589295833333,37.1757258333333,0.0818719091666667,23.94402825,18.1146509166667,210.054108333333,0.039,11.5,5
2019-03-25 20:00:00,0.320308884986887,2080.6585,234.367463333333,100.982783,505.544833333333,765.253766666667,124.939636333333,1185.8443,513.37244,3.45402169666667,51.3208263333333,23.125615,113.53416,116.105601666667,6.4043825,56.402811,3.03124910333333,37.4876924,0,22.3111751666667,16.5869849,188.40038,0.034,8.9,8.1
2019-03-25 21:00:00,0.552783421768054,2516.10329166667,244.127529166667,97.5043270833333,471.569116666667,896.948958333333,155.016979166667,1284.23758333333,586.455658333333,5.17153995833333,61.8727983333333,29.3976795833333,123.148495833333,116.1429825,7.92950004166667,69.3624258333333,5.77767241666667,45.3734504166667,0.839032734583333,29.2955616666667,21.0572891666667,190.233091666667,0.03,6,10
2019-03-25 22:00:00,1.12391577352396,3065.93445833333,374.55075,95.1895566666667,651.9888625,978.438295833333,253.335645833333,1445.82466666667,722.682225,7.08825916666667,85.1571654166667,39.9489008333333,135.558408333333,149.490195833333,10.36658175,153.337989583333,11.0694602916667,111.5206075,1.92137399208333,78.8529666666667,38.23106875,204.033375,0.018,4.8,12.2
2019-03-25 23:00:00,0.806108583189407,2765.15836666667,367.518566666667,94.3531,615.266886666667,860.53487,214.292966666667,1431.9935,654.442586666667,7.439672,80.4534963333333,42.333312,134.195273333333,137.654737,10.1575599666667,113.752538,11.3050318666667,81.2274133333333,2.23767153333333,107.150301,32.5864226666667,179.54034,0.013,4.3,11.9
2019-03-26 00:00:00,2.39480749856074,3767.79533333333,658.629891666667,103.162314583333,884.511041666667,953.7442625,365.294920833333,1788.71629166667,925.547458333333,10.7676157083333,141.526041666667,60.35868375,149.417275,186.543208333333,17.1342335833333,214.73875625,18.677716375,176.780859583333,4.4494705125,118.278863333333,59.6389708333333,268.871670833333,0.013,3.3,9.3
2019-03-26 01:00:00,3.76256352747394,4951.87320833333,906.831666666667,118.923444583333,1293.24694166667,1052.08373333333,451.8559625,2183.276125,1271.10398333333,12.939010375,181.80399,75.4624854166667,166.052633333333,219.927091666667,22.7235745833333,287.949585,24.4501195833333,234.8758525,5.31128670833333,145.05478,81.6321454166667,298.480041666667,0.013,2.7,8.8
2019-03-26 02:00:00,2.62237491204504,3965.98853333333,763.887913333333,112.620610333333,1080.71888333333,975.22926,297.73735,2135.84313333333,1094.54634333333,9.48884323333333,147.099429666667,64.594395,149.800443333333,165.793063333333,17.552707,197.622557333333,17.5508443333333,142.924149333333,3.93011453333333,80.8929916666667,51.6702743333333,318.506083333333,0.017,2,8.5
2019-03-26 03:00:00,1.62454707989509,3421.67675,595.017991666667,101.825880833333,887.6507125,911.409266666667,255.382675,1784.48691666667,891.822325,7.72527758333333,112.71187375,53.7011008333333,144.242104166667,154.12024375,14.7720865416667,141.25191625,15.2915582916667,103.44004875,2.34526782416667,60.6344116666667,39.4232983333333,219.5167625,0.012,1.7,7.9
2019-03-26 04:00:00,2.12148387625536,3603.18995833333,622.335133333333,105.1725125,935.447483333333,852.331154166667,335.995466666667,1787.66225,904.975445833333,6.451892375,126.31504875,51.5279816666667,155.221966666667,167.04786125,14.9295962083333,181.768852916667,14.0358807916667,130.124959166667,1.89834574625,72.65434375,46.9761995833333,233.726729166667,0.01,1.1,7.4
2019-03-26 05:00:00,3.61029354570461,4462.0423,1018.79222666667,107.019079333333,1229.18943333333,806.88101,445.481833333333,2320.27053333333,1121.9473,9.7899044,187.398856666667,68.6291466666667,167.130273333333,210.63519,20.7253256666667,278.82681,21.3383026666667,212.245376666667,3.93381373333333,118.724546666667,76.1838963333333,321.89731,0.008,0.3,7.9
2019-03-26 06:00:00,2.83516037388856,3703.0215,1194.49689166667,110.928483333333,1169.4766,923.790783333333,384.704895833333,2755.04691666667,971.915016666667,15.89973375,169.8424,66.2909241666667,145.8389625,186.053316666667,23.7223220833333,251.581904166667,23.8109529166667,187.969958333333,6.06222195833333,104.686575,67.4939979166667,318.568745833333,0.007,0.4,5.7
2019-03-26 07:00:00,1.93991379613638,3285.23054166667,675.750745833333,112.508835,929.392670833333,561.66215,307.392695833333,1906.74683333333,819.6936625,12.3894979166667,138.540329166667,59.0783383333333,141.738904166667,165.325954166667,20.4817316666667,183.652054166667,19.9758891666667,138.572572916667,3.54646695833333,88.7177320833333,57.9403083333333,279.295758333333,0.012,0,5.2
2019-03-26 08:00:00,4.13284993283439,5250.96303333333,1398.01386,128.47259,1325.2946,349.042325,773.207513333333,2601.5382,933.6918,12.3967611533333,235.048766666667,79.3755246666667,160.6929,365.238086666667,24.997055,517.47086,24.922975,504.027556666667,5.28495946666667,306.750973333333,161.749953333333,341.361403333333,0.012,0.5,8.6
2019-03-26 09:00:00,3.76817421480201,4693.67333333333,1109.44255416667,114.69465,1204.98258333333,755.8664,686.487966666667,2247.82133333333,912.801475,14.061057625,224.492995833333,84.3189908333333,163.230054166667,331.7813375,27.0372270833333,463.583866666667,22.6778870833333,431.4534625,5.6950085,263.708320833333,140.966045833333,326.675116666667,0.005,2,11.5
2019-03-26 10:00:00,3.82765687967761,6208.10966666667,1339.56920833333,123.198216666667,1409.05175,977.288595833333,841.0606125,2459.822,1044.70559166667,16.2155121666667,254.597745833333,94.2304041666667,193.033575,386.203508333333,28.0132775,562.244620833333,21.6610216666667,514.509904166667,5.80697379166667,339.619870833333,166.777054166667,329.099454166667,0.008,2.9,21.8
2019-03-26 11:00:00,3.87926780528369,6377.24433333333,1704.5973,137.868803333333,2350.1994,889.6983,1024.41139666667,3199.24213333333,1215.40591,23.8081711333333,306.104203333333,110.083962333333,229.3977,422.50604,37.5236476666667,724.25168,26.4204243333333,614.239673333333,9.08923383333333,414.398616666667,186.481665666667,456.106136666667,0.005,2.7,10
2019-03-26 12:00:00,1.04977281232009,3456.48329166667,612.057533333333,110.530641666667,881.3309875,219.108527083333,385.516004166667,1902.10854166667,664.5451875,8.82349316666667,143.2943125,55.00138625,161.3594875,183.1457375,18.1586683333333,201.113825,13.1016699166667,175.931020833333,3.34808449166667,101.308411666667,61.99649625,271.1511625,0.009,4.4,7.4
2019-03-26 13:00:00,0.838291946523379,2568.85922333333,469.340736666667,104.478840333333,671.45268,262.625137466667,263.150977666667,1550.36323666667,508.421763333333,5.88136022666667,93.3181783333333,38.1216502666667,136.644531666667,138.484705,12.4596631666667,133.029828333333,7.626465,108.8663876,1.111590551,58.2179737666667,38.8619651666667,173.169846333333,0.02,6.7,4.3
2019-03-26 14:00:00,0.830606543849549,2297.74706666667,349.238836666667,130.117795,587.48714,224.9284729,197.376,1835.8594,577.28902,3.51579367333333,70.48619,24.7633066666667,126.352983333333,113.554987666667,8.73018413333333,74.5969736666667,4.3294081,47.2469213333333,0,71.2594913333333,28.365895,84.6392046666667,0.028,8.7,4.3
2019-03-26 15:00:00,0.822349421096398,3722.14620833333,338.169516666667,112.33060625,654.743679166667,193.25317375,224.704604166667,1508.63258333333,727.950483333333,3.200624371875,70.00916625,25.4590420833333,132.530316666667,126.513870833333,8.73144933333333,98.6694129166667,6.02107408333333,70.999935,0,80.1959541666667,32.7335991666667,87.22142375,0.033,8.6,3.5
2019-03-26 16:00:00,0.908539036013562,3635.92204166667,488.275833333333,158.23828,720.2786625,636.7230875,338.922741666667,2048.5785,1022.59236666667,5.99355345833333,94.9472216666667,37.74869625,155.540891666667,158.663095833333,11.721593625,169.3215875,5.83256433333333,135.7739575,0.545914537083333,128.77430375,57.3047908333333,174.52232125,0.035,9,2.1
2019-03-26 17:00:00,0.726764325465362,2746.5303,396.346086666667,129.190798333333,599.210163333333,616.134007,261.790533333333,1522.32126666667,631.197586666667,3.77283388,75.6219883333333,27.688701,128.345456666667,131.436324333333,8.55248006666667,112.316829666667,4.51758833666667,89.6784563333333,0.208677298,90.7614436666667,36.8377053333333,82.4797786666667,0.034,9.3,2.6
2019-03-26 18:00:00,0.782953351883836,2557.37445833333,723.9777875,107.313010416667,846.776408333333,602.112208333333,220.729983333333,2196.43604166667,625.7662,3.95237474166667,76.8594141666667,29.09140625,122.080054166667,127.929608333333,9.31444120833333,122.823878333333,5.45425295833333,76.4496795833333,1.35397662125,55.3054975,24.44197,117.28981875,0.035,8.8,2.3
2019-03-26 19:00:00,0.581285253949977,3112.24008333333,930.8211125,96.6698404166667,989.557033333333,670.414229166667,263.25535,2459.91266666667,698.6934,7.32292020833333,101.461456666667,35.0740208333333,136.909058333333,148.751929166667,12.101231125,153.103349583333,7.60994175,108.148504166667,2.44035214583333,57.5543345833333,31.1411366666667,170.174495833333,0.036,7.2,3.3
2019-03-26 20:00:00,1.23752706454295,3048.58813333333,729.296993333333,96.4394993333333,923.961573333333,817.15071,327.10911,1882.46156666667,725.220816666667,8.34935156666667,134.037465,42.875279,129.37243,174.365976666667,14.1336625666667,193.014442666667,11.3727592,156.389887333333,3.06509448666667,92.221689,51.9234193333333,207.03275,0.033,5.5,6.9
2019-03-26 21:00:00,2.45104170664619,4444.331125,770.712041666667,106.790220416667,989.815470833333,776.203166666667,422.185495833333,1683.178625,1027.63382916667,51.235063125,189.680291666667,79.56463625,151.282041666667,217.694866666667,58.5471604166667,264.2388,66.1266495833333,207.401909166667,27.474597625,127.288711666667,76.994855,389.1513125,0.024,3.9,9.3
2019-03-26 22:00:00,1.95496824026099,3598.30045833333,589.697,84.35085625,792.1952125,699.979995833333,333.3327625,1421.6441375,790.535341666667,31.1120568333333,143.076394166667,57.8236120833333,124.030054583333,176.632970833333,33.2695752083333,196.7643375,38.7309322916667,150.111242916667,16.2421087916667,89.01308625,58.7097608333333,463.078570833333,0.011,2.8,6.7
2019-03-26 23:00:00,1.27600838610631,2477.81993333333,453.47761,73.818249,543.019033333333,415.04793,314.146743333333,1125.64625333333,537.140723333333,16.245718,109.172981666667,42.0404616666667,104.295299333333,165.22005,20.6300450333333,198.201152,20.2855892,137.545433,6.07783598333333,74.9442196666667,52.607806,496.972016666667,0.01,2,17.9
2019-03-27 00:00:00,0.946540547239814,2401.60495833333,372.643179166667,68.9680629166667,463.087483333333,366.683279166667,265.9000625,956.985720833333,433.216429166667,8.32247845833333,100.551933333333,35.3966779166667,97.1957391666667,157.554795833333,13.736196625,168.179648333333,10.9885608333333,133.207922083333,2.25501900416667,73.9184616666667,46.80813,494.678566666667,0.011,1.9,1.8
2019-03-27 01:00:00,1.26566996897588,2580.55620833333,450.206370833333,67.4672354166667,482.067066666667,329.555325,343.983733333333,1041.0901625,532.578025,25.5066040833333,115.53300125,53.8642958333333,109.15801875,194.696291666667,32.7260254166667,256.710646666667,30.568118625,175.563361666667,10.5598329541667,91.6584170833333,56.74940625,491.609166666667,0.011,1.2,3.5
2019-03-27 02:00:00,1.29901746945564,2418.3503,438.493136666667,64.836141,517.278353333333,306.738243333333,350.175366666667,1058.64772,528.813246666667,27.0210126666667,125.601256666667,59.9553226666667,114.614538666667,192.751026666667,33.7347246666667,248.949563333333,33.9111783333333,171.60057,12.4086907333333,83.381373,59.4526343333333,509.800386666667,0.014,0.6,4.5
2019-03-27 03:00:00,1.21041861766775,2172.757625,416.534579166667,65.47501375,489.703516666667,317.358516666667,302.247795833333,1061.99298333333,429.361554166667,17.556260375,121.814925,48.0523416666667,107.033544583333,173.494779166667,23.71080875,213.012720833333,22.6023008333333,148.589745833333,6.61883941666667,71.2472258333333,56.45993875,489.591770833333,0.009,-0.3,3.7
2019-03-27 04:00:00,1.72399182018806,2135.24329166667,469.9894125,67.13273875,519.488970833333,373.059979166667,336.710766666667,1160.1485,464.755008333333,17.3586271666667,137.984066666667,47.1412170833333,107.035216666667,174.5216,22.8580125,244.128054166667,20.5347075,171.354141666667,6.38678733333333,83.5698404166667,64.28245625,583.9152125,0.006,-1.4,4.5
2019-03-27 05:00:00,2.44078432802405,2257.80506666667,657.309836666667,74.5357246666667,668.75651,222.367425666667,367.995643333333,1462.75723333333,482.301186666667,10.7699582666667,152.079076666667,40.7992753333333,109.638993333333,176.148003333333,14.8077716666667,255.34359,14.5086493333333,180.491576666667,3.37421386,91.933191,68.6606566666667,632.47551,0.001,-1.8,5.2
2019-03-27 06:00:00,3.20191310848845,2200.52166666667,1022.42537083333,80.3105095833333,755.52175,427.324396666667,385.4721375,2126.27854166667,509.707204166667,9.390487,154.4168375,36.6010008333333,93.8003608333333,171.174258333333,14.8061406666667,292.164620833333,10.5701817916667,232.075036666667,2.694329325,114.839900833333,73.08598625,614.085395833333,0.001,-1.7,3.3
2019-03-27 07:00:00,3.70407407407407,3118.39429166667,1207.038125,92.5330108333333,865.618425,357.544020833333,530.983266666667,2178.01395833333,579.3115375,9.49097320833333,175.785595833333,45.3047845833333,106.178344166667,232.291495833333,14.0865515,349.538333333333,12.4123472083333,298.035745833333,1.55276318333333,168.6742525,98.7152808333333,552.622608333333,0,-1.9,3.1
2019-03-27 08:00:00,4.84956732552932,8507.0344,1702.29246666667,97.3466266666667,1167.97626666667,357.706323,839.415066666667,2513.8514,624.189796666667,14.8029965666667,227.2848,70.839129,135.157596666667,354.889543333333,20.9483766666667,561.018993333333,23.8519106666667,521.99633,5.56192703850467,307.200203333333,165.921456666667,445.102136666667,0,-1.1,5.7
2019-03-27 09:00:00,3.63210788076506,6456.49875,1413.7935,91.0347983333333,1176.084,601.47945,784.565745833333,2151.68858333333,626.349670833333,17.10896375,215.7836125,79.21697125,139.168166666667,375.282583333333,24.881985,568.511133333333,24.6612666666667,520.566854166667,7.77904254166667,306.845266666667,165.352270833333,370.19385,0.001,-0.4,6.6
2019-03-27 10:00:00,5.46467344719503,9644.58175,1811.61091666667,109.82494125,1530.06358333333,723.501575,1129.4280625,2591.95466666667,819.713679166667,24.564755,279.8047375,101.091415833333,175.1278875,505.38955,32.4683579166667,853.058358333333,28.9396170833333,751.5506125,10.3984400416667,451.638625,223.842158333333,391.775108333333,0.003,0.3,5.7
2019-03-27 11:00:00,3.68603578967569,6094.576875,1105.5256,185.8861625,1209.822,813.8091,834.478575,2241.789375,812.3620375,23.6615475,219.1990625,96.7242375,175.4787125,387.5730125,35.2544425,611.32645,24.15378,566.7176875,8.949323625,334.7190625,183.7996625,577.8050125,0.004,2.1,7.9
2019-03-27 12:00:00,3.74447195036141,5136.9923,1010.20795666667,162.472125,1174.08296666667,596.791000333333,680.672246666667,2166.94883333333,826.797713333333,17.8703423333333,190.166056666667,85.2494726666667,160.936786666667,316.652386666667,26.8106896666667,505.41937,19.980222,425.953696666667,5.5423444,248.563026666667,139.420146666667,437.84535,0.005,3.1,10
2019-03-27 13:00:00,2.96311864325465,5014.81533333333,1027.1381625,112.537174583333,1244.16154166667,376.47332875,668.3134,1853.95791666667,826.712079166667,15.2730764583333,191.266433333333,80.95342625,165.147070833333,284.110541666667,25.424205,420.931383333333,18.4627291666667,356.511533333333,3.55284141666667,195.284933333333,116.632849166667,414.9137625,0.009,3.4,8.3
2019-03-27 14:00:00,1.92510659342416,4092.72629166667,840.271908333333,101.836780833333,1019.10880416667,211.771134583333,477.941933333333,1883.33966666667,643.657995833333,13.2314555833333,163.229370833333,69.6255125,142.704129166667,232.0830875,22.4951441666667,319.739145833333,18.5126857916667,263.011979166667,3.48003773541667,142.300627916667,85.98490125,281.917979166667,0.015,2.8,4.7
2019-03-27 15:00:00,1.96779953303909,3299.76556666667,1070.02599666667,96.8860506666667,995.89223,581.46631,465.115063333333,2529.06523333333,569.715423333333,11.9203598333333,157.360666666667,59.9878666666667,136.820996666667,230.824713333333,18.6004263333333,309.674986666667,10.4618517666667,271.810836666667,3.07617467333333,144.280656666667,82.207747,234.388536666667,0.019,3,4.7
2019-03-27 16:00:00,1.3407707765624,2717.925125,701.854375,139.120297083333,775.178775,692.576308333333,395.407475,1966.53166666667,626.229533333333,11.4705202916667,122.522752916667,43.9586445833333,127.09761625,200.378316666667,17.2601620416667,239.447736666667,9.81484920833333,218.410949166667,3.12361018333333,125.469530833333,66.7664625,171.246625,0.022,4.1,6.7
2019-03-27 17:00:00,0.317220652625855,1396.72145833333,227.140845833333,84.65035375,381.116216666667,586.730033333333,128.333388333333,1339.53100833333,398.834925,4.69910945833333,38.7806258333333,17.19797125,86.8097258333333,95.4676408333333,7.659687625,45.8576679166667,1.99030385833333,34.4500566666667,0,25.8956455416667,14.0665754583333,100.998255,0.024,5.4,3.5
2019-03-27 18:00:00,0.151975406511866,1211.9735,130.296016,71.8306383333333,273.092986666667,151.618027566667,103.715246333333,982.129786666667,243.342376666667,2.20515364533333,24.6400806666667,12.0223239666667,90.0034963333333,90.275147,4.98289333333333,28.464571,3.56470273666667,16.8563573333333,0,10.3817137333333,7.70867506666667,81.43859,0.029,4.9,1.8
2019-03-27 19:00:00,0.253149726699929,1406.91370833333,163.599733333333,100.444374166667,301.014170833333,0,137.227195833333,1038.75637083333,260.598816666667,1.61256739166667,29.4017025,12.5490160416667,106.979809583333,99.8602016666667,4.70202662916667,40.3896504166667,5.62509258333333,30.3354954166667,0,19.7291659583333,11.44789625,97.4792975,0.033,4.4,0.1
2019-03-27 20:00:00,0.169986757180324,1348.45016666667,154.747966666667,70.0276408333333,303.949291666667,217.074129583333,135.790091666667,972.6614,214.658516666667,3.15766239125,27.6241441666667,11.888910125,118.133445833333,92.86218625,3.90072941666667,31.0036620833333,1.40810366,15.79316825,0,8.27620191666667,7.143963375,89.9422041666667,0.033,3.2,-0.6
2019-03-27 21:00:00,0.165564147380541,1266.85433333333,162.985856666667,76.885726,277.34583,269.969654666667,139.479293333333,1030.52018333333,209.799236666667,3.79848023333333,23.6883553333333,11.2247834,119.50416,93.9973403333333,3.26706815,32.288125,0.6035038589,17.0197436666667,0,9.6418943,7.82323203333333,73.295139,0.033,2.4,1
2019-03-27 22:00:00,0.504321197946651,1356.46179166667,367.577883333333,77.45208375,610.465779166667,199.076410416667,173.0179125,1305.74428333333,233.738991666667,4.151804325,38.4093479166667,12.785539,118.466316666667,106.747494583333,3.96506418333333,64.76296125,2.890426625,39.6940620833333,0.0322801741666667,23.0801589166667,16.0746875,71.2363579166667,0.032,1.6,2
2019-03-27 23:00:00,0.850189111175078,1380.453,300.182020833333,78.1741391666667,507.415591666667,242.1256875,179.362695833333,1196.2438625,227.684354166667,4.06224295833333,40.1345583333333,12.9325984583333,119.505516666667,104.220939166667,4.38918470833333,61.821775,4.05763445833333,42.3411083333333,0,29.41341375,17.1378007916667,67.3697175,0.03,2.2,3.3
2019-03-28 00:00:00,0.62388284398388,1194.711,167.06895,62.60702,239.27525,231.9131,144.48345,933.1255,154.3857,0.3569764,30.11178,9.5355165,116.5404,94.518415,2.832098,41.087765,2.550963,24.323305,0,21.31003,11.332465,56.950995,0.028,2.2,-0.1
