"Date_Time","altimeter_set_1","air_temp_set_1","dew_point_temperature_set_1","relative_humidity_set_1","wind_speed_set_1","wind_direction_set_1","wind_gust_set_1","sea_level_pressure_set_1","weather_cond_code_set_1","cloud_layer_3_code_set_1","pressure_tendency_set_1","precip_accum_one_hour_set_1","precip_accum_three_hour_set_1","cloud_layer_1_code_set_1","cloud_layer_2_code_set_1","precip_accum_six_hour_set_1","precip_accum_24_hour_set_1","visibility_set_1","air_temp_high_6_hour_set_1","air_temp_low_6_hour_set_1","peak_wind_speed_set_1","ceiling_set_1","pressure_change_code_set_1","air_temp_high_24_hour_set_1","air_temp_low_24_hour_set_1","peak_wind_direction_set_1","wind_chill_set_1d","heat_index_set_1d","dew_point_temperature_set_1d","pressure_set_1d","temp_flag","wind_flag","spike_flag","dT_mt_over_valley","SBI_flag_1","SBI_flag_2","calm_flag","Event_ID_1","Event_ID_2","event_hours_1","Event_Start_1","Event_Stop_1","event_hours_2","Event_Start_2","Event_Stop_2","ozone","ws","wd","sig","tempamb","pm25"
2020-01-01,100169.33,0,0,100,1.54,30,NA,100370,721,NA,NA,0.025,NA,243,424,NA,NA,0.5,NA,NA,NA,731.52,NA,NA,NA,NA,-2.53,NA,0,89112.73,0,0,0,-1.7,0,0,1,NA,NA,NA,NA,NA,NA,NA,NA,"0.009",1,98,75,0,18.1
2020-01-01 01:00:00,100067.74,0,0,100,0,0,NA,100280,2481,904,8022,0.025,0.508,415,493,NA,NA,2.5,NA,NA,NA,1432.56,NA,NA,NA,NA,-2.81,NA,0,89022.36,0,0,0,-1.5,0,0,1,NA,NA,NA,NA,NA,NA,NA,NA,"0.007",0.9,106,65,-0.3,15.1
2020-01-01 02:00:00,100067.74,-1,-0.6,100,0,0,NA,100330,2481,654,NA,0.025,NA,26,373,NA,NA,1,NA,NA,NA,1066.8,NA,NA,NA,NA,-2.96,NA,-1,89022.36,0,0,0,-0.6,0,0,1,NA,NA,NA,NA,NA,NA,NA,NA,"0.006",1,227,86,-0.3,15.3
2020-01-01 03:00:00,100067.74,0,0,100,1.54,20,NA,100290,2481,NA,NA,0.025,NA,355,414,NA,NA,1.625,NA,NA,NA,1127.76,NA,NA,NA,NA,-2.175,NA,0,89022.36,0,0,0,-1.6,0,0,1,NA,NA,NA,NA,NA,NA,NA,NA,"0.005",1.1,50,79,-0.1,9.4
2020-01-01 04:00:00,100033.87,0,0,100,2.06,10,NA,100270,2481,NA,0,1.143,NA,284,304,2.286,4.826,3.5,1.7,-0.6,NA,899.16,NA,NA,NA,NA,-1.91,NA,0,88992.22,0,0,0,-1.7,0,0,0,NA,NA,NA,NA,NA,NA,NA,NA,"0.002",1.2,50,60,0.2,12.1
2020-01-01 05:00:00,100000.01,0,0,100,2.06,170,NA,100230,2481,NA,NA,2.921,NA,244,224,NA,NA,2,NA,NA,NA,792.48,NA,NA,NA,NA,-2.53,NA,0,88962.1,0,0,0,-1.7,0,0,0,NA,NA,NA,NA,NA,NA,NA,NA,"0.002",0.9,111,62,0.4,13.6
2020-01-01 06:00:00,99966.14,0,0,100,2.06,210,NA,100120,2481,704,NA,0.508,NA,314,473,NA,NA,2,NA,NA,NA,944.88,NA,NA,NA,NA,-2.53,NA,0,88931.97,0,0,0,-1.6,0,0,0,NA,NA,NA,NA,NA,NA,NA,NA,"0.012",1,152,41,0.9,9.7
2020-01-01 07:00:00,99864.55,0,0,100,2.57,60,NA,100010,2521,478,6019,0.254,4.318,66,242.5,NA,NA,2.5,NA,NA,NA,304.8,NA,NA,NA,NA,-2.86,NA,0,88841.59,0,0,0,-1.8,0,0,0,NA,NA,NA,NA,NA,NA,NA,NA,"0.029",2.4,266,35,2,3.9
2020-01-01 08:00:00,99864.55,1,0,100,2.06,40,NA,100110,13,403.5,NA,0.025,NA,266,368.5,NA,NA,10,NA,NA,NA,1112.52,NA,NA,NA,NA,-1.04,NA,1,88841.59,0,0,0,-3.1,0,0,0,NA,NA,NA,NA,NA,NA,NA,NA,"0.027",1.3,44,57,2.4,0
2020-01-01 09:00:00,99932.28,1,1.1,100,2.06,60,NA,100140,2481,434,NA,1.524,NA,254,348.5,NA,NA,5,NA,NA,NA,822.96,NA,NA,NA,NA,-1.36,NA,1,88901.85,0,0,0,-2.8,0,0,0,NA,NA,NA,NA,NA,NA,NA,NA,"0.017",0.9,303,57,1.8,-0.2
2020-01-01 10:00:00,99966.14,2,1.1,93.08,1.54,110,NA,100210,NA,504,1018,NA,NA,273,444,5.842,NA,10,2.8,-0.6,NA,822.96,NA,NA,NA,NA,-0.2,NA,0.98,88931.97,0,0,0,-4,0,0,1,NA,NA,NA,NA,NA,NA,NA,NA,"0.025",1.6,42,48,2.2,2.7
2020-01-01 11:00:00,99966.14,2,1.95,100,0,0,NA,100150,13,629,NA,0.025,NA,416,504,NA,NA,10,NA,NA,NA,1493.52,NA,NA,NA,NA,0.47,NA,2,88931.97,0,0,0,-3.9,0,0,1,NA,NA,NA,NA,NA,NA,NA,NA,"0.02",1.1,254,61,2.8,3.9
2020-01-01 12:00:00,99932.28,3,2.2,93.13,2.57,90,NA,100130,13,629,NA,0.025,NA,472,603,NA,NA,10,NA,NA,NA,1828.8,NA,NA,NA,NA,0.03,NA,1.98,88901.85,0,0,0,-4.8,0,0,0,NA,NA,NA,NA,NA,NA,NA,NA,"0.023",1.8,214,38,3.9,3.4
2020-01-01 13:00:00,99932.28,4,2.8,93.19,0,0,NA,100150,13,704,6003,0.025,0.025,422,503,NA,NA,10,NA,NA,NA,1524,NA,NA,NA,NA,NA,NA,2.99,88901.85,0,0,0,-5.9,0,0,1,NA,NA,NA,NA,NA,NA,NA,NA,"0.022",1.3,289,37,4.6,4.6
2020-01-01 14:00:00,100000.01,3,2.2,100,1.54,300,NA,100240,13,579,NA,0.025,NA,386,473,NA,NA,10,NA,NA,NA,1432.56,NA,NA,NA,NA,0.97,NA,3,88962.1,0,0,0,-5,0,0,1,NA,NA,NA,NA,NA,NA,NA,NA,"0.017",1.5,283,37,4.3,5.2
2020-01-01 15:00:00,100101.6,3,1.7,93.13,2.57,320,NA,100350,13,679,NA,0.025,NA,446,553,NA,NA,10,NA,NA,NA,1676.4,NA,NA,NA,NA,0.47,NA,1.98,89052.48,0,0,0,-5.1,0,0,0,NA,NA,NA,NA,NA,NA,NA,NA,"0.013",0.9,208,37,3.4,7
2020-01-01 16:00:00,100203.19,2,1.1,93.13,2.57,320,NA,100420,13,904,1025,0.025,NA,423,554,0.025,NA,10,3.9,1.1,NA,1676.4,NA,NA,NA,NA,-0.2,NA,1.98,89142.85,0,0,0,-4.5,0,0,0,NA,NA,NA,NA,NA,NA,NA,NA,"0.011",0.8,225,60,3.2,8.6
2020-01-01 17:00:00,100270.92,3,0.6,86.68,3.6,330,NA,100520,NA,954,NA,NA,NA,603,753,NA,NA,10,NA,NA,NA,1828.8,NA,NA,NA,NA,-0.34,NA,0.97,89203.11,0,0,0,-5.6,0,0,0,NA,NA,NA,NA,NA,NA,NA,NA,"0.007",0.8,75,54,2.6,6.8
2020-01-01 18:00:00,100338.65,2,0.6,86.68,2.06,340,NA,100570,NA,903.5,NA,NA,NA,506,604,NA,NA,10,NA,NA,NA,1828.8,NA,NA,NA,NA,-0.2,NA,0.97,89263.36,0,0,0,-4.8,0,0,0,NA,NA,NA,NA,NA,NA,NA,NA,"0.008",0.7,40,72,2.3,15.6
2020-01-01 19:00:00,100406.37,3,0,80.63,4.63,330,NA,100630,NA,NA,1018,NA,NA,652,1202,NA,NA,10,NA,NA,NA,1981.2,NA,NA,NA,NA,-1.22,NA,-0.05,89323.61,0,0,0,-5.9,0,0,0,NA,NA,NA,NA,NA,NA,NA,NA,"0.016",1,263,48,2.6,4.9
2020-01-01 20:00:00,100507.97,2.8,-0.6,78.29,4.12,340,NA,100740,NA,1103,NA,NA,NA,556,752,NA,NA,10,NA,NA,NA,1828.8,NA,NA,NA,NA,-0.97,NA,-1.05,89413.99,0,0,0,-5.9,0,0,0,NA,NA,NA,NA,NA,NA,NA,NA,"0.02",1.2,269,53,2.2,4.2
2020-01-01 21:00:00,100575.69,2,-0.6,80.49,4.63,320,NA,100810,NA,1078,NA,NA,NA,953,953,NA,NA,10,NA,NA,NA,2895.6,NA,NA,NA,NA,-2.21,NA,-1.05,89474.24,0,0,0,-5.3,0,0,0,NA,NA,NA,NA,NA,NA,NA,NA,"0.024",1,284,59,2,4.2
2020-01-01 22:00:00,100643.42,2,0,86.58,2.57,325,NA,100880,13,904,1022,0.025,NA,393,703,0.025,NA,10,3.3,1.1,NA,1981.2,NA,NA,NA,NA,-1.17,NA,-0.03,89534.49,0,0,0,-5.4,0,0,0,NA,NA,NA,NA,NA,NA,NA,NA,"0.034",1.6,230,34,2.6,3.2
2020-01-01 23:00:00,100677.29,1,0,93.02,2.06,320,NA,100910,NA,829,NA,NA,NA,502,603,NA,NA,10,NA,NA,NA,1676.4,NA,3.9,-0.6,NA,-1.36,NA,-0.02,89564.62,0,0,0,-4.7,0,0,0,NA,NA,NA,NA,NA,NA,NA,NA,"0.027",0.6,195,63,1.6,2.9
2020-01-02,100711.15,0,-1.1,93.02,2.06,290,NA,100900,NA,953,NA,NA,NA,552,903,NA,NA,10,NA,NA,NA,2743.2,NA,NA,NA,NA,-2.53,NA,-1.02,89594.75,0,0,0,-3.5,0,0,0,NA,NA,NA,NA,NA,NA,NA,NA,"0.013",0.6,188,65,-0.2,2.9
2020-01-02 01:00:00,100677.29,-1,-1.1,100,2.06,180,NA,100950,NA,852,3006,NA,NA,506,603,NA,NA,10,NA,NA,NA,2057.4,NA,NA,NA,NA,-3.99,NA,-1,89564.62,0,0,0,-2.8,0,0,0,NA,NA,NA,NA,NA,NA,NA,NA,"0.008",0.6,154,75,-1,1.4
2020-01-02 02:00:00,100745.01,-1,-0.6,100,1.54,60,NA,100960,NA,754,NA,NA,NA,496,603,NA,NA,10,NA,NA,NA,1676.4,NA,NA,NA,NA,-2.96,NA,-1,89624.87,0,0,0,-3.1,0,0,1,NA,NA,NA,NA,NA,NA,NA,NA,"0.007",0.8,170,69,-0.8,2.5
2020-01-02 03:00:00,100711.15,0,-1.1,92.96,1.54,10,NA,100870,41,1104,NA,0.127,NA,503,753,NA,NA,10,NA,NA,NA,1676.4,NA,NA,NA,NA,-1.82,NA,-1.02,89594.75,0,0,0,-4.1,0,0,1,NA,NA,NA,NA,NA,NA,NA,NA,"0.011",1,127,43,-0.3,2.4
2020-01-02 04:00:00,100677.29,-1,-0.6,100,1.54,130,NA,100890,NA,1004,8005,NA,NA,504,654,0.025,5.842,10,1.7,-1.1,NA,1828.8,NA,NA,NA,NA,-3.99,NA,-1,89564.62,0,0,0,-3,0,0,1,NA,NA,NA,NA,NA,NA,NA,NA,"0.017",0.9,74,63,0.2,1.9
2020-01-02 05:00:00,100677.29,0,-0.6,92.96,2.57,110,NA,100900,NA,NA,NA,NA,NA,452,504,NA,NA,10,NA,NA,NA,1524,NA,NA,NA,NA,-3.09,NA,-1.02,89564.62,0,0,0,-4.1,0,0,0,NA,NA,NA,NA,NA,NA,NA,NA,"0.026",1.6,200,53,1.3,1.5
2020-01-02 06:00:00,100677.29,0,-0.6,92.96,2.06,130,NA,100930,41,604,NA,0.127,NA,472,554,NA,NA,10,NA,NA,NA,1524,NA,NA,NA,NA,-2.865,NA,-1.02,89564.62,0,0,0,-4.2,0,0,0,NA,NA,NA,NA,NA,NA,NA,NA,"0.039",3.3,221,26,2.3,1
2020-01-02 07:00:00,100745.01,1,-0.6,86.48,1.54,10,NA,101020,20,NA,3013,0.127,0.025,389,654,NA,NA,9,NA,NA,NA,1173.48,NA,NA,NA,NA,-1.91,NA,-1.03,89624.87,0,0,0,-5.4,0,0,1,NA,NA,NA,NA,NA,NA,NA,NA,"0.038",3,223,25,2.1,1.2
2020-01-02 08:00:00,100880.47,0.3,-0.6,92.305,2.315,315,NA,101130,20,NA,NA,0.025,NA,423,704,NA,NA,10,NA,NA,NA,1280.16,NA,NA,NA,NA,-2.38,NA,-1.02,89745.38,0,0,0,-5,0,0,0,NA,NA,NA,NA,NA,NA,NA,NA,"0.033",1.8,240,61,1.5,0.5
2020-01-02 09:00:00,101049.79,0,-0.6,92.96,1.54,265,NA,101300,2500,369,NA,0.254,NA,216,313,NA,NA,3,NA,NA,NA,883.92,NA,NA,NA,NA,-1.82,NA,-1.02,89896.01,0,0,0,-5.3,0,0,1,NA,NA,NA,NA,NA,NA,NA,NA,"0.03",1.4,326,60,0.7,1
2020-01-02 10:00:00,101151.38,0,0,92.96,1.54,190,NA,101450,2500,654,3036,0.025,NA,216,503,0.254,NA,9,1.1,-0.6,NA,1676.4,NA,NA,NA,NA,-2.53,NA,-1.02,89986.38,0,0,0,-6,0,0,1,NA,NA,NA,NA,NA,NA,NA,NA,"0.03",1.2,168,44,-0.1,1.9
2020-01-02 11:00:00,101219.11,0.6,-1.1,93.02,1.54,80,NA,101490,41,804,NA,0.127,NA,416,553,NA,NA,10,NA,NA,NA,2286,NA,NA,NA,NA,-1.36,NA,-0.02,90046.64,0,0,0,-6.8,0,0,1,NA,NA,NA,NA,NA,NA,NA,NA,"0.033",2,191,47,0.2,-0.2
2020-01-02 12:00:00,101252.97,1,-0.6,86.48,2.57,160,NA,101560,NA,853,NA,NA,NA,482,603,NA,NA,10,NA,NA,NA,1524,NA,NA,NA,NA,-2.38,NA,-1.03,90076.76,0,0,0,-7.1,0,0,0,NA,NA,NA,NA,NA,NA,NA,NA,"0.037",1.9,275,49,-0.2,0.7
2020-01-02 13:00:00,101320.7,1,-1.7,86.48,1.54,190,NA,101600,20,754,1013,0.025,0.025,412,553,NA,NA,10,NA,NA,NA,1676.4,NA,NA,NA,NA,-0.905,NA,-1.03,90137.02,0,0,0,-7,0,0,1,NA,NA,NA,NA,NA,NA,NA,NA,"0.037",2.6,253,28,0.2,3.2
2020-01-02 14:00:00,101354.56,1,-2.8,75.17,4.12,290,NA,101640,20,803,NA,0.076,NA,422,602,NA,NA,10,NA,NA,NA,2438.4,NA,NA,NA,NA,-3.13,NA,-2.86,90167.14,0,0,0,-6.8,0,0,0,NA,NA,NA,NA,NA,NA,NA,NA,"0.034",1.6,255,35,0.8,1.9
2020-01-02 15:00:00,101388.43,1,-4.4,74.6,3.09,330,NA,101660,NA,NA,NA,NA,NA,703,854,NA,NA,10,NA,NA,NA,2286,NA,NA,NA,NA,-2.38,NA,-3.06,90197.27,0,0,0,-7.1,0,0,0,NA,NA,NA,NA,NA,NA,NA,NA,"0.038",2.8,259,24,1.5,0.2
2020-01-02 16:00:00,101490.02,1,-4.4,69.22,5.14,300,8.75,101790,NA,NA,3017,NA,NA,703,729,0.025,NA,10,1.1,0,NA,2133.6,NA,NA,NA,NA,-3.74,NA,-4.07,90287.65,0,0,0,-7.8,0,0,0,NA,NA,NA,NA,NA,NA,NA,NA,"0.037",2.1,255,25,1,-1.1
2020-01-02 17:00:00,101557.75,1,-3.9,69.22,3.09,300,NA,101860,NA,NA,NA,NA,NA,604,729,NA,NA,10,NA,NA,NA,1828.8,NA,NA,NA,NA,-2.53,NA,-4.07,90347.9,0,0,0,-8.4,0,0,0,NA,NA,NA,NA,NA,NA,NA,NA,"0.023",1.2,247,32,0.6,-0.7
2020-01-02 18:00:00,101625.47,0,-4.4,74.41,0,0,NA,101880,NA,NA,NA,NA,NA,504,NA,NA,NA,10,NA,NA,NA,1524,NA,NA,NA,NA,-2.455,NA,-4.06,90408.14,0,0,0,-7.1,0,0,1,NA,NA,NA,NA,NA,NA,NA,NA,"0.024",1.3,217,31,0.5,1.2
2020-01-02 19:00:00,101659.34,0,-3.9,74.41,2.06,280,NA,101910,NA,NA,1012,NA,NA,494,NA,NA,NA,10,NA,NA,NA,1493.52,NA,NA,NA,NA,-2.53,NA,-4.06,90438.28,0,0,0,-7,0,0,0,NA,NA,NA,NA,NA,NA,NA,NA,"0.03",0.8,248,49,0.7,2.9
2020-01-02 20:00:00,101659.34,0.6,-3.9,71.78,1.54,20,NA,101940,NA,NA,NA,NA,NA,503,604,NA,NA,10,NA,NA,NA,1524,NA,NA,NA,NA,-1.36,NA,-4.06,90438.28,0,0,0,-7.4,0,0,1,NA,NA,NA,NA,NA,NA,NA,NA,"0.028",0.8,250,58,0.7,3.4
2020-01-02 21:00:00,101693.2,-1,-2.8,86.26,1.54,90,NA,101990,NA,NA,NA,NA,NA,484,NA,NA,NA,10,NA,NA,NA,1463.04,NA,NA,NA,NA,-2.96,NA,-3.03,90468.4,0,0,0,-5.9,0,0,1,NA,NA,NA,NA,NA,NA,NA,NA,"0.019",1.1,11,45,0.4,4.4
2020-01-02 22:00:00,101727.07,0,-2.8,74.6,3.6,40,NA,102000,NA,NA,1007,NA,NA,474,NA,NA,NA,10,0.6,-0.6,NA,1432.56,NA,NA,NA,NA,-3.09,NA,-3.06,90498.53,0,0,0,-6.8,0,0,0,NA,NA,NA,NA,NA,NA,NA,NA,"0.034",1.3,287,49,0.5,5.1
2020-01-02 23:00:00,101760.93,-1,-2.2,92.22,2.57,30,NA,102020,2500,NA,NA,0.025,NA,434,NA,NA,NA,10,NA,NA,NA,1310.64,NA,1.1,-1.1,NA,-4.28,NA,-2.22,90528.65,0,0,0,-5.8,0,0,0,NA,NA,NA,NA,NA,NA,NA,NA,"0.035",0.9,80,49,-1,2.9
2020-01-03,101727.07,-1.7,-1.7,100,1.54,225,NA,102010,2500,NA,NA,0.254,NA,344,NA,NA,NA,3.25,NA,NA,NA,1036.32,NA,NA,NA,NA,-4.1,NA,-2,90498.53,0,0,0,-4.8,0,0,1,NA,NA,NA,NA,NA,NA,NA,NA,"0.031",0.7,174,55,-1.4,1
2020-01-03 01:00:00,101693.2,-2,-1.7,100,0,0,NA,101970,2500,NA,8005,0.254,0.508,72,384,NA,NA,2,NA,NA,NA,914.4,NA,NA,NA,NA,-4.1,NA,-2,90468.4,0,0,0,-3.8,0,0,1,NA,NA,NA,NA,NA,NA,NA,NA,"0.027",0.6,253,75,-1.6,1
2020-01-03 02:00:00,101693.2,-2,-1.7,100,0,0,NA,101990,NA,454,NA,0.025,NA,66,444,NA,NA,10,NA,NA,NA,1341.12,NA,NA,NA,NA,NA,NA,-2,90468.4,0,0,0,-3.4,0,0,1,NA,NA,NA,NA,NA,NA,NA,NA,"0.024",0.8,211,66,-1.7,1.2
2020-01-03 03:00:00,101727.07,-2,-1.7,100,0,0,NA,102040,NA,474,NA,NA,NA,404,464,NA,NA,10,NA,NA,NA,1219.2,NA,NA,NA,NA,-4.1,NA,-2,90498.53,0,0,0,-3,0,0,1,NA,NA,NA,NA,NA,NA,NA,NA,"0.023",0.6,109,76,-1.7,1.2
2020-01-03 04:00:00,101727.07,-2,-2.2,100,0,0,NA,102000,NA,NA,3,NA,NA,502,804,0.508,0.762,9,-0.6,-2.2,NA,1524,NA,NA,NA,NA,-4.1,NA,-2,90498.53,0,0,0,-2.7,0,0,1,NA,NA,NA,NA,NA,NA,NA,NA,"0.018",0.6,178,79,-1.7,2.2
2020-01-03 05:00:00,101693.2,-2,-1.7,100,0,0,NA,101990,31,NA,NA,NA,NA,804,804,NA,NA,7,NA,NA,NA,2438.4,NA,NA,NA,NA,-4.48,NA,-2,90468.4,0,0,0,-1.9,0,0,1,NA,NA,NA,NA,NA,NA,NA,NA,"0.012",0.9,204,72,-1.8,5.1
2020-01-03 06:00:00,101727.07,-2,-1.7,100,0,0,NA,102000,31,NA,NA,NA,NA,504,NA,NA,NA,6,NA,NA,NA,1524,NA,NA,NA,NA,-4.1,NA,-2,90498.53,0,0,0,-1.5,0,0,1,NA,NA,NA,NA,NA,NA,NA,NA,"0.009",1,185,85,-1.7,5.6
2020-01-03 07:00:00,101727.07,-2,-1.7,100,0,0,NA,102030,31,NA,3003,NA,NA,504,NA,NA,NA,6,NA,NA,NA,1524,NA,NA,NA,NA,-4.1,NA,-2,90498.53,0,0,0,-1.2,0,0,1,NA,NA,NA,NA,NA,NA,NA,NA,"0.007",0.8,238,83,-1.6,3.7
2020-01-03 08:00:00,101727.07,-2,-1.7,100,1.54,220,NA,102060,31,NA,NA,NA,NA,504,NA,NA,NA,4,NA,NA,NA,1524,NA,NA,NA,NA,-4.685,NA,-2,90498.53,0,0,0,-1.1,0,0,1,NA,NA,NA,NA,NA,NA,NA,NA,"0.004",0.9,205,82,-1.5,4.6
2020-01-03 09:00:00,101794.79,-1,-1.1,100,1.54,270,NA,102140,31,NA,NA,NA,NA,484,NA,NA,NA,7,NA,NA,NA,1463.04,NA,NA,NA,NA,-3.385,NA,-1,90558.78,0,0,0,-1.6,0,0,1,NA,NA,NA,NA,NA,NA,NA,NA,"0.02",0.9,300,71,-1,4.7
2020-01-03 10:00:00,101862.52,-1,-1.1,100,1.54,240,NA,102150,NA,NA,3012,NA,NA,504,604,NA,NA,10,0,-2.2,NA,1524,NA,NA,NA,NA,-3.7,NA,-1,90619.03,0,0,0,-1.2,0,0,1,NA,NA,NA,NA,NA,NA,NA,NA,"0.02",0.9,170,90,-0.3,5.6
2020-01-03 11:00:00,101896.38,0.6,-1.1,88.36,0,0,NA,102190,NA,NA,NA,NA,NA,506,704,NA,NA,10,NA,NA,NA,1676.4,NA,NA,NA,NA,-0.905,NA,-1.03,90649.15,0,0,0,-2.2,0,0,1,NA,NA,NA,NA,NA,NA,NA,NA,"0.022",1,87,79,1,8.3
2020-01-03 12:00:00,101896.38,1,0,86.48,0,0,NA,102170,NA,NA,NA,NA,NA,484,424,NA,NA,10,NA,NA,NA,1463.04,NA,NA,NA,NA,-0.68,NA,-1.03,90649.15,0,0,0,-2.4,0,0,1,NA,NA,NA,NA,NA,NA,NA,NA,"0.017",1.5,60,77,1.5,8.3
2020-01-03 13:00:00,101896.38,2,0.6,86.58,1.54,300,NA,102160,NA,NA,1,NA,NA,424,454,NA,NA,10,NA,NA,NA,1280.16,NA,NA,NA,NA,-0.72,NA,-0.03,90649.15,0,0,0,-2.9,0,0,1,NA,NA,NA,NA,NA,NA,NA,NA,"0.012",0.9,95,79,2.5,NA
2020-01-03 14:00:00,101896.38,2,0.6,86.68,3.09,290,NA,102190,NA,NA,NA,NA,NA,1,NA,NA,NA,10,NA,NA,NA,1463.04,NA,NA,NA,NA,-0.72,NA,0.97,90649.15,0,0,0,-3.5,0,0,0,NA,NA,NA,NA,NA,NA,NA,NA,"0.014",0.7,285,84,4.2,9.9
2020-01-03 15:00:00,101930.25,4,0.6,86.79,2.06,320,NA,102180,NA,NA,NA,NA,NA,1,NA,NA,NA,10,NA,NA,NA,NA,NA,NA,NA,NA,2.14,NA,1.97,90679.28,0,0,0,-5.4,0,0,0,NA,NA,NA,NA,NA,NA,NA,NA,"0.015",0.9,80,38,4.6,6.3
2020-01-03 16:00:00,101930.25,5,-0.6,65.13,2.57,330,8.75,102210,NA,NA,1006,NA,NA,1,NA,NA,NA,10,6.1,0,NA,NA,NA,NA,NA,NA,2.14,NA,-1.08,90679.28,0,0,0,-7,0,0,0,NA,NA,NA,NA,NA,NA,NA,NA,"0.017",1,109,66,4.8,1
2020-01-03 17:00:00,101964.11,2,-0.6,80.49,2.57,330,NA,102220,NA,NA,NA,NA,NA,1,NA,NA,NA,10,NA,NA,NA,NA,NA,NA,NA,NA,0.03,NA,-1.05,90709.41,0,0,0,-4.6,0,0,0,NA,NA,NA,NA,NA,NA,NA,NA,"0.004",0.9,201,64,3.1,2.7
2020-01-03 18:00:00,101930.25,1,-1.1,86.48,3.09,310,NA,102210,NA,NA,NA,NA,NA,1,NA,NA,NA,10,NA,NA,NA,NA,NA,NA,NA,NA,-1.91,NA,-1.03,90679.28,0,0,0,-3.9,0,0,0,NA,NA,NA,NA,NA,NA,NA,NA,"0.003",1,177,78,1.3,7.1
2020-01-03 19:00:00,101930.25,0,-1.1,92.96,2.06,180,NA,102210,NA,NA,6004,NA,NA,1,NA,NA,NA,10,NA,NA,NA,NA,NA,NA,NA,NA,-3.09,NA,-1.02,90679.28,0,0,0,-3.1,0,0,0,NA,NA,NA,NA,NA,NA,NA,NA,"0.002",0.8,140,61,0,9.4
2020-01-03 20:00:00,101896.38,-1,-2.2,96.37,0,0,NA,102190,NA,NA,NA,NA,NA,1,NA,NA,NA,10,NA,NA,NA,NA,NA,NA,NA,NA,-2.96,NA,-2,90649.15,0,0,0,-2,0,0,1,NA,NA,NA,NA,NA,NA,NA,NA,"0.002",0.7,110,71,-1.1,15.3
2020-01-03 21:00:00,101828.66,-2,-2.2,100,0,0,NA,102090,NA,NA,NA,NA,NA,1,NA,NA,NA,10,NA,NA,NA,NA,NA,NA,NA,NA,-4.1,NA,-2,90588.91,0,0,0,-1.1,0,0,1,NA,NA,NA,NA,NA,NA,NA,NA,"0.002",0.7,129,78,-2.1,10.2
2020-01-03 22:00:00,101727.07,-3,-3.3,100,0,0,NA,102030,NA,NA,8018,NA,NA,1,NA,NA,NA,10,4.4,-3.3,NA,NA,NA,NA,NA,NA,NA,NA,-3,90498.53,0,0,0,-0.2,0,0,1,NA,NA,NA,NA,NA,NA,NA,NA,"0.002",0.7,185,78,-2.9,11.4
2020-01-03 23:00:00,101659.34,-3,-3.3,100,0,0,NA,101890,31,NA,NA,NA,NA,1,NA,NA,NA,3,NA,NA,NA,NA,NA,6.1,-3.9,NA,-5.81,NA,-3,90438.28,0,0,0,-0.4,0,0,1,NA,NA,NA,NA,NA,NA,NA,NA,"0.002",0.6,151,79,-3.6,16.9
2020-01-04,101523.88,-5,-5.6,100,0,0,NA,101790,NA,NA,NA,NA,NA,1,NA,NA,NA,10,NA,NA,NA,NA,NA,NA,NA,NA,-8.37,NA,-5,90317.77,0,0,0,1.2,1,1,1,1,1,8,2020-01-04,2020-01-04 07:00:00,8,2020-01-04,2020-01-04 07:00:00,"0.002",0.9,205,63,-4.2,13.6
2020-01-04 01:00:00,101388.43,-5,-5.6,100,0,0,NA,101650,31,NA,5023,NA,NA,23,NA,NA,NA,1.25,NA,NA,NA,60.96,NA,NA,NA,NA,-7.53,NA,-5.61,90197.27,0,0,0,1.2,1,1,1,1,1,8,2020-01-04,2020-01-04 07:00:00,8,2020-01-04,2020-01-04 07:00:00,"0.002",0.9,166,81,-4.6,15.6
2020-01-04 02:00:00,101252.97,-6,-6.1,100,1.54,60,NA,101530,31,NA,NA,NA,NA,26,NA,NA,NA,9,NA,NA,NA,NA,NA,NA,NA,NA,-8.67,NA,-6,90076.76,0,0,0,2.6,1,1,1,1,1,8,2020-01-04,2020-01-04 07:00:00,8,2020-01-04,2020-01-04 07:00:00,"0.002",0.9,143,85,-4.9,10.2
2020-01-04 03:00:00,101117.52,-6.1,-6.1,100,1.54,290,NA,101380,31,NA,NA,NA,NA,15,NA,NA,NA,5,NA,NA,NA,30.48,NA,NA,NA,NA,-9.82,NA,-6.1,89956.26,0,0,0,2.8,1,1,1,1,1,8,2020-01-04,2020-01-04 07:00:00,8,2020-01-04,2020-01-04 07:00:00,"0.002",1.1,219,71,-5.2,9.2
2020-01-04 04:00:00,101049.79,-6,-6.1,100,1.54,300,NA,101290,31,NA,6029,NA,NA,1,NA,NA,NA,9,-2.8,-6.7,NA,NA,NA,NA,NA,NA,-8.79,NA,-6,89896.01,0,0,0,3.2,1,1,1,1,1,8,2020-01-04,2020-01-04 07:00:00,8,2020-01-04,2020-01-04 07:00:00,"0.002",1.1,234,75,-5,6.8
2020-01-04 05:00:00,100948.2,-6,-5,100,1.54,280,NA,101260,NA,NA,NA,NA,NA,1,NA,NA,NA,8,NA,NA,NA,NA,NA,NA,NA,NA,-9.1,NA,-6,89805.63,0,0,0,2.9,1,1,1,1,1,8,2020-01-04,2020-01-04 07:00:00,8,2020-01-04,2020-01-04 07:00:00,"0.003",1.1,209,66,-4.7,4.9
2020-01-04 06:00:00,100982.06,-5,-4.4,100,2.06,280,NA,101320,NA,NA,NA,NA,NA,1003,1104,NA,NA,10,NA,NA,NA,3352.8,NA,NA,NA,NA,-8.37,NA,-5,89835.75,0,0,0,2.2,1,1,0,1,1,8,2020-01-04,2020-01-04 07:00:00,8,2020-01-04,2020-01-04 07:00:00,"0.004",1.1,263,79,-4,3.4
2020-01-04 07:00:00,101015.92,-4,-3.3,100,2.06,110,NA,101340,NA,1104,3002,NA,NA,754,904,NA,NA,10,NA,NA,NA,2286,NA,NA,NA,NA,-7.2,NA,-4,89865.88,0,0,0,1.7,1,1,0,1,1,8,2020-01-04,2020-01-04 07:00:00,8,2020-01-04,2020-01-04 07:00:00,"0.002",1.6,94,82,-3.6,3.9
2020-01-04 08:00:00,101083.65,-2,-2.2,100,2.57,110,NA,101420,NA,1004,NA,NA,NA,392,604,NA,NA,10,NA,NA,NA,1828.8,NA,NA,NA,NA,-6.43,NA,-2,89926.13,0,0,0,-0.5,0,0,0,NA,NA,NA,NA,NA,NA,NA,NA,"0.008",1.8,151,83,-1.4,4.6
2020-01-04 09:00:00,101151.38,-1,-0.6,93.02,2.57,70,NA,101450,41,464,NA,0.127,NA,363,413.5,NA,NA,10,NA,NA,NA,1158.24,NA,NA,NA,NA,-3.7,NA,-1.03,89986.38,0,0,0,-1.3,0,0,0,NA,NA,NA,NA,NA,NA,NA,NA,"0.023",1.3,203,71,2.4,4.6
2020-01-04 10:00:00,101320.7,1,0,93.08,1.54,130,NA,101680,27,364,3025,0.254,NA,274,353.5,0.254,NA,10,2.2,-6.1,NA,883.92,NA,NA,NA,NA,-3.09,NA,-0.02,90137.02,0,0,0,-3.4,0,0,1,NA,NA,NA,NA,NA,NA,NA,NA,"0.033",2.6,250,27,3.8,2.2
2020-01-04 11:00:00,101456.15,3,-0.6,78.29,4.12,230,9.26,101770,13,568.5,NA,0.254,NA,256,294,NA,NA,10,NA,NA,NA,883.92,NA,NA,NA,NA,-1.07,NA,-0.65,90257.51,0,0,0,-5.9,0,0,0,NA,NA,NA,NA,NA,NA,NA,NA,"0.035",3.2,239,25,3,-1.9
2020-01-04 12:00:00,101557.75,2,-2.5,74.78,6.17,240,NA,101960,13,803,NA,0.025,NA,482,603,NA,NA,10,NA,NA,NA,1828.8,0,NA,NA,NA,-2.99,NA,-2.06,90347.9,0,0,0,-5.6,0,0,0,NA,NA,NA,NA,NA,NA,NA,NA,"0.041",5.1,255,22,3.5,-5.5
2020-01-04 13:00:00,101794.79,3,-2.1,69.43,5.915,275,9.26,102140,20,604,1030,0.025,0.254,483,554,NA,NA,10,NA,NA,13.38,1524,NA,NA,NA,270,-1.72,NA,-3.07,90558.78,0,0,0,-7.6,0,0,0,NA,NA,NA,NA,NA,NA,NA,NA,"0.043",3.4,291,33,3.4,-4.3
2020-01-04 14:00:00,101997.98,1,-4.4,69.43,6.69,320,10.29,102390,20,654,NA,0.076,NA,483,578.5,NA,NA,9,NA,NA,NA,1524,NA,NA,NA,NA,-4.26,NA,-3.07,90739.54,0,0,0,-6.8,0,0,0,NA,NA,NA,NA,NA,NA,NA,NA,"0.042",3.2,271,26,3.2,-0.7
2020-01-04 15:00:00,102133.43,1,-3.9,69.22,7.72,300,10.29,102530,20,703.5,NA,0.254,NA,436,503,NA,NA,9,NA,NA,NA,1524,NA,NA,NA,NA,-5.11,NA,-4.07,90860.04,0,0,0,-7.1,0,0,0,NA,NA,NA,NA,NA,NA,NA,NA,"0.04",3.4,251,23,1.7,0
2020-01-04 16:00:00,102302.75,0,-4.4,69,5.66,280,NA,102690,NA,928.5,1045,NA,NA,706,854,0.508,NA,10,3.3,0,NA,2590.8,NA,NA,NA,NA,-4.37,NA,-5.08,91010.67,0,0,0,-6.4,0,0,0,NA,NA,NA,NA,NA,NA,NA,NA,"0.039",3.4,267,28,0.9,2.9
2020-01-04 17:00:00,102404.34,0,-6.7,68.78,4.63,280,NA,102790,NA,953,NA,NA,NA,556,802,NA,NA,10,NA,NA,NA,2438.4,NA,NA,NA,NA,-5.21,NA,-6.08,91101.04,0,0,0,-7.4,0,0,0,NA,NA,NA,NA,NA,NA,NA,NA,"0.04",4.2,247,28,0.6,3.4
2020-01-04 18:00:00,102472.07,-1,-5.6,68.78,4.63,270,NA,102870,NA,803,NA,NA,NA,502,653,NA,NA,10,NA,NA,NA,1828.8,NA,NA,NA,NA,-5.6,NA,-6.08,91161.3,0,0,0,-6.8,0,0,0,NA,NA,NA,NA,NA,NA,NA,NA,"0.038",1.9,230,56,-0.5,2.9
2020-01-04 19:00:00,102539.8,-1,-5.6,68.78,3.09,300,NA,102920,NA,803,1023,NA,NA,483,603,NA,NA,10,NA,NA,NA,1752.6,NA,NA,NA,NA,-4.78,NA,-6.08,91221.55,0,0,0,-6.5,0,0,0,NA,NA,NA,NA,NA,NA,NA,NA,"0.035",1.2,154,65,-0.5,3.7
2020-01-04 20:00:00,102675.25,-1,-5.6,68.78,3.6,320,NA,103060,NA,NA,NA,NA,NA,503,552,NA,NA,10,NA,NA,NA,1524,NA,NA,NA,NA,-4.78,NA,-6.08,91342.05,0,0,0,-6.4,0,0,0,NA,NA,NA,NA,NA,NA,NA,NA,"0.028",1.1,233,60,-1,4.4
2020-01-04 21:00:00,102776.85,-2,-6.1,74.03,2.57,255,NA,103110,NA,NA,NA,NA,NA,1,NA,NA,NA,10,NA,NA,NA,NA,NA,NA,NA,NA,-5.47,NA,-6.07,91432.44,0,0,0,-5.4,0,0,0,NA,NA,NA,NA,NA,NA,NA,NA,"0.039",3.9,245,27,0.4,2.7
2020-01-04 22:00:00,102810.71,-2,-5.6,74.03,2.57,150,NA,103130,NA,NA,1024,NA,NA,1,702.5,NA,NA,10,0.6,-2.8,NA,2133.6,NA,NA,NA,NA,-5.535,NA,-6.07,91462.56,0,0,0,-5.5,0,0,0,NA,NA,NA,NA,NA,NA,NA,NA,"0.038",1.4,258,50,0.2,-0.2
2020-01-04 23:00:00,102844.57,-1,-6.1,68.78,2.06,200,NA,103120,NA,NA,NA,NA,NA,553,704,NA,NA,10,NA,NA,NA,1676.4,NA,3.3,-6.7,NA,-3.99,NA,-6.08,91492.68,0,0,0,-6.6,0,0,0,NA,NA,NA,NA,NA,NA,NA,NA,"0.029",1.2,89,74,-0.7,2.7
2020-01-05,102810.71,-1,-5,68.78,1.54,60,NA,103080,NA,NA,NA,NA,NA,654,704,NA,NA,10,NA,NA,NA,1981.2,NA,NA,NA,NA,-2.96,NA,-6.08,91462.56,0,0,0,-6.5,0,0,1,NA,NA,NA,NA,NA,NA,NA,NA,"0.035",1.3,269,66,0.1,6.3
2020-01-05 01:00:00,102776.85,1,-7.2,55.08,0,0,NA,103020,NA,NA,8006,NA,NA,604,NA,NA,NA,10,NA,NA,NA,1828.8,NA,NA,NA,NA,-0.68,NA,-7.11,91432.44,0,0,0,-8.6,0,0,1,NA,NA,NA,NA,NA,NA,NA,NA,"0.03",0.8,146,74,-0.3,5.6
2020-01-05 02:00:00,102742.98,1,-6.1,55.08,2.57,180,NA,103040,NA,NA,NA,NA,NA,604,NA,NA,NA,10,NA,NA,NA,1828.8,NA,NA,NA,NA,-2.38,NA,-7.11,91402.31,0,0,0,-8.8,0,0,0,NA,NA,NA,NA,NA,NA,NA,NA,"0.027",1,124,71,-0.4,4.9
2020-01-05 03:00:00,102709.12,0,-6.1,59.21,1.54,130,NA,103010,NA,NA,NA,NA,NA,604,NA,NA,NA,10,NA,NA,NA,1828.8,NA,NA,NA,NA,-1.59,NA,-7.1,91372.18,0,0,0,-7.9,0,0,1,NA,NA,NA,NA,NA,NA,NA,NA,"0.022",1,207,43,-1.3,2.9
2020-01-05 04:00:00,102641.39,-1,-6.7,68.56,3.09,170,NA,102950,NA,NA,8012,NA,NA,604,NA,NA,0.762,10,1.1,-2.2,NA,1828.8,NA,NA,NA,NA,-4.78,NA,-7.08,91311.93,0,0,0,-6.9,0,0,0,NA,NA,NA,NA,NA,NA,NA,NA,"0.028",1.5,259,54,-1.7,1.2
2020-01-05 05:00:00,102641.39,-1,-6.7,63.7,3.09,130,NA,102930,NA,NA,NA,NA,NA,654,NA,NA,NA,10,NA,NA,NA,1981.2,NA,NA,NA,NA,-4.78,NA,-7.09,91311.93,0,0,0,-7.1,0,0,0,NA,NA,NA,NA,NA,NA,NA,NA,"0.03",1.6,292,59,-1.7,4.4
2020-01-05 06:00:00,102573.66,-1,-7.2,63.7,4.63,130,NA,102900,NA,NA,NA,NA,NA,654,NA,NA,NA,10,NA,NA,NA,1981.2,NA,NA,NA,NA,-5.94,NA,-7.09,91251.67,0,0,0,-6.9,0,0,0,NA,NA,NA,NA,NA,NA,NA,NA,"0.03",1.7,283,51,-1.4,6.1
2020-01-05 07:00:00,102573.66,-1,-7.8,58.95,3.6,110,NA,102910,NA,NA,6004,NA,NA,656,1206,NA,NA,10,NA,NA,NA,2133.6,NA,NA,NA,NA,-5.33,NA,-8.1,91251.67,0,0,0,-6.8,0,0,0,NA,NA,NA,NA,NA,NA,NA,NA,"0.031",1.7,267,54,-1.8,2.7
2020-01-05 08:00:00,102573.66,-1,-7.2,63.45,3.6,120,NA,102910,NA,1203,NA,NA,NA,804,952.5,NA,NA,10,NA,NA,NA,2438.4,NA,NA,NA,NA,-5.94,NA,-7.29,91251.67,0,0,0,-7.6,0,0,0,NA,NA,NA,NA,NA,NA,NA,NA,"0.026",1,74,69,-2.2,2.2
2020-01-05 09:00:00,102573.66,-1,-7.2,63.7,3.09,110,NA,102910,NA,NA,NA,NA,NA,803,929,NA,NA,10,NA,NA,NA,2438.4,NA,NA,NA,NA,-4.78,NA,-7.09,91251.67,0,0,0,-7.4,0,0,0,NA,NA,NA,NA,NA,NA,NA,NA,"0.013",0.9,83,48,-1.9,3.4
2020-01-05 10:00:00,102573.66,-1,-7.2,63.7,3.09,120,NA,102880,NA,NA,8003,NA,NA,1,953,NA,NA,10,0,-1.7,NA,2819.4,NA,NA,NA,NA,-4.78,NA,-7.09,91251.67,0,0,0,-5.8,0,0,0,NA,NA,NA,NA,NA,NA,NA,NA,"0.024",1.1,37,55,-0.8,4.6
2020-01-05 11:00:00,102472.07,1,-7.2,54.8,2.57,120,NA,102680,NA,NA,NA,NA,NA,1,NA,NA,NA,10,NA,NA,NA,NA,NA,NA,NA,NA,-1.91,NA,-7.31,91161.3,0,0,0,-6.8,0,0,0,NA,NA,NA,NA,NA,NA,NA,NA,"0.029",0.9,355,59,0.9,3.2
2020-01-05 12:00:00,102336.62,2,-7.2,51.27,2.57,140,NA,102570,NA,NA,NA,NA,NA,1,NA,NA,NA,10,NA,NA,NA,NA,NA,NA,NA,NA,-1.08,NA,-7.12,91040.8,0,0,0,-6.8,0,0,0,NA,NA,NA,NA,NA,NA,NA,NA,"0.039",2.8,209,30,2.4,1.2
2020-01-05 13:00:00,102201.16,2,-7.2,51.27,1.54,90,NA,102410,NA,NA,6035,NA,NA,504,NA,NA,NA,10,NA,NA,NA,1524,NA,NA,NA,NA,-0.2,NA,-7.12,90920.29,0,0,0,-7.5,0,0,1,NA,NA,NA,NA,NA,NA,NA,NA,"0.042",2.4,196,34,3.6,-0.9
2020-01-05 14:00:00,102133.43,3,-7.2,47.75,0,0,NA,102400,NA,NA,NA,NA,NA,504,NA,NA,NA,10,NA,NA,NA,1524,NA,NA,NA,NA,1.61,NA,-7.12,90860.04,0,0,0,-8.9,0,0,1,NA,NA,NA,NA,NA,NA,NA,NA,"0.041",1.4,247,38,2.5,-0.2
2020-01-05 15:00:00,102133.43,2,-6.1,55.36,1.54,10,NA,102410,NA,NA,NA,NA,NA,604,NA,NA,NA,10,NA,NA,NA,1828.8,NA,NA,NA,NA,-0.2,NA,-6.21,90860.04,0,0,0,-8.2,0,0,1,NA,NA,NA,NA,NA,NA,NA,NA,"0.039",1.4,253,46,2.6,2.4
2020-01-05 16:00:00,102099.57,2,-6.1,55.36,0,0,NA,102390,NA,NA,6007,NA,NA,554,604,NA,NA,10,3.3,-0.6,NA,1676.4,NA,NA,NA,NA,0.47,NA,-6.21,90829.91,0,0,0,-8.5,0,0,1,NA,NA,NA,NA,NA,NA,NA,NA,"0.036",1.2,326,61,2.2,1.2
2020-01-05 17:00:00,102099.57,2,-5,55.36,0,0,NA,102310,NA,NA,NA,NA,NA,554,NA,NA,NA,10,NA,NA,NA,1676.4,NA,NA,NA,NA,-0.28,NA,-6.11,90829.91,0,0,0,-9,0,0,1,NA,NA,NA,NA,NA,NA,NA,NA,"0.031",1.1,272,46,1.6,-1.4
2020-01-05 18:00:00,102031.84,2,-5,55.36,2.06,170,NA,102310,NA,1003,NA,NA,NA,552,603,NA,NA,10,NA,NA,NA,1524,NA,NA,NA,NA,-1.17,NA,-6.11,90769.66,0,0,0,-8.9,0,0,0,NA,NA,NA,NA,NA,NA,NA,NA,"0.019",0.8,98,62,0.5,0.7
2020-01-05 19:00:00,102031.84,2,-5.6,55.36,1.54,260,NA,102300,NA,704,6008,NA,NA,503,654,NA,NA,10,NA,NA,NA,1981.2,NA,NA,NA,NA,-0.2,NA,-6.11,90769.66,0,0,0,-8.8,0,0,1,NA,NA,NA,NA,NA,NA,NA,NA,"0.008",0.6,114,63,-0.1,6.8
2020-01-05 20:00:00,101997.98,2,-6.1,55.36,2.57,190,NA,102300,NA,NA,NA,NA,NA,654,604,NA,NA,10,NA,NA,NA,1981.2,NA,NA,NA,NA,-1.36,NA,-6.11,90739.54,0,0,0,-8.7,0,0,0,NA,NA,NA,NA,NA,NA,NA,NA,"0.017",1.6,203,62,0.5,10.4
2020-01-05 21:00:00,102031.84,2,-4.4,59.74,4.12,170,NA,102340,NA,904,NA,NA,NA,482,554,NA,NA,10,NA,NA,NA,1676.4,NA,NA,NA,NA,-1.9,NA,-5.1,90769.66,0,0,0,-8.6,0,0,0,NA,NA,NA,NA,NA,NA,NA,NA,"0.04",3,234,32,1.4,7.6
2020-01-05 22:00:00,102099.57,0,-1.1,92.91,3.09,170,NA,102420,2500,534,3009,0.254,NA,224,503,0.254,NA,2,2.8,-1.1,NA,670.56,NA,NA,NA,NA,-3.855,NA,-1.415,90829.91,0,0,0,-6.4,0,0,0,NA,NA,NA,NA,NA,NA,NA,NA,"0.04",2.6,260,34,0.7,2.2
2020-01-05 23:00:00,102099.57,-1,-1.95,89.64,2.57,95,NA,102390,1260,828.5,NA,0.025,NA,424,553.5,NA,NA,9.5,NA,NA,NA,1676.4,NA,3.3,-2.2,NA,-4.29,NA,-2.025,90829.91,0,0,0,-5.4,0,0,0,NA,NA,NA,NA,NA,NA,NA,NA,"0.04",2.4,216,44,-0.1,-0.2
2020-01-06,102167.3,-2,-2.2,92.85,2.06,195,NA,102460,NA,904,NA,NA,NA,486,603,NA,NA,10,NA,NA,NA,1828.8,NA,NA,NA,NA,-4.57,NA,-3.02,90890.17,0,0,0,-4.8,0,0,0,NA,NA,NA,NA,NA,NA,NA,NA,"0.041",3.3,197,27,0.1,-1.9
2020-01-06 01:00:00,102235.02,-1,-4.4,80.04,2.06,290,NA,102530,20,753,3015,0.025,0.025,502,654,NA,NA,10,NA,NA,NA,1676.4,NA,NA,NA,NA,-4.37,NA,-4.05,90950.41,0,0,0,-6,0,0,0,NA,NA,NA,NA,NA,NA,NA,NA,"0.04",3.2,214,31,-0.2,0
2020-01-06 02:00:00,102302.75,-1,-4.4,80.04,5.14,290,NA,102600,20,NA,NA,0.025,NA,443,754,NA,NA,9,NA,NA,NA,1341.12,NA,NA,NA,NA,-6.25,NA,-4.05,91010.67,0,0,0,-6.3,0,0,0,NA,NA,NA,NA,NA,NA,NA,NA,"0.04",3.2,219,31,-0.6,-0.9
2020-01-06 03:00:00,102404.34,-2,-5,86.15,2.57,340,NA,102710,NA,NA,NA,NA,NA,1,NA,NA,NA,10,NA,NA,NA,1341.12,NA,NA,NA,NA,-5.47,NA,-4.03,91101.04,0,0,0,-5.8,0,0,0,NA,NA,NA,NA,NA,NA,NA,NA,"0.037",1.4,247,38,-1.2,-1.6
2020-01-06 04:00:00,102404.34,-2,-5.6,79.89,2.57,340,NA,102710,NA,1202,1013,NA,NA,506,1006,0.025,0.254,10,0.6,-2.2,NA,3657.6,NA,NA,NA,NA,-5.47,NA,-5.05,91101.04,0,0,0,-5.8,0,0,0,NA,NA,NA,NA,NA,NA,NA,NA,"0.033",1.1,240,53,-1.9,-0.4
2020-01-06 05:00:00,102404.34,-3,-4.4,79.74,1.54,240,NA,102680,NA,1203,NA,NA,NA,654,954,NA,NA,10,NA,NA,NA,1981.2,NA,NA,NA,NA,-5.64,NA,-6.05,91101.04,0,0,0,-4.6,0,0,1,NA,NA,NA,NA,NA,NA,NA,NA,"0.026",0.9,216,41,-2.5,0.2
2020-01-06 06:00:00,102404.34,-2,-4.4,86.15,1.54,120,NA,102720,NA,NA,NA,NA,NA,604,704,NA,NA,10,NA,NA,NA,1828.8,NA,NA,NA,NA,-5.25,NA,-4.03,91101.04,0,0,0,-5.3,0,0,1,NA,NA,NA,NA,NA,NA,NA,NA,"0.011",0.8,57,70,-2.7,2.7
2020-01-06 07:00:00,102370.48,-2,-3.9,86.15,2.06,100,NA,102660,NA,NA,8005,NA,NA,456,604,NA,NA,10,NA,NA,NA,1828.8,NA,NA,NA,NA,-4.86,NA,-4.03,91070.92,0,0,0,-5.3,0,0,0,NA,NA,NA,NA,NA,NA,NA,NA,"0.003",0.8,94,54,-2.3,3.2
2020-01-06 08:00:00,102336.62,-1,-3.9,80.04,2.06,120,NA,102630,NA,654,NA,NA,NA,464,604,NA,NA,10,NA,NA,NA,1463.04,NA,NA,NA,NA,-3.7,NA,-4.05,91040.8,0,0,0,-6.1,0,0,0,NA,NA,NA,NA,NA,NA,NA,NA,"0.005",0.9,129,74,-2,2.4
2020-01-06 09:00:00,102336.62,-2,-3.3,86.15,0,0,NA,102590,NA,729,NA,NA,NA,604,704,NA,NA,10,NA,NA,NA,2133.6,NA,NA,NA,NA,-2.96,NA,-4.03,91040.8,0,0,0,-4.9,0,0,1,NA,NA,NA,NA,NA,NA,NA,NA,"0.01",1,109,64,-1.1,2.4
2020-01-06 10:00:00,102268.89,1,-3.9,69.22,3.6,120,NA,102530,NA,NA,8012,NA,NA,604,NA,NA,NA,10,1.1,-3.9,NA,1828.8,NA,NA,NA,NA,-2.77,NA,-4.07,90980.54,0,0,0,-7.5,0,0,0,NA,NA,NA,NA,NA,NA,NA,NA,"BF",2.5,196,43,0.5,2.2
2020-01-06 11:00:00,102167.3,1,-3.9,69.22,5.66,150,NA,102420,NA,NA,NA,NA,NA,604,629,NA,NA,10,NA,NA,NA,1828.8,NA,NA,NA,NA,-3.74,NA,-4.07,90890.17,0,0,0,-7.3,0,0,0,NA,NA,NA,NA,NA,NA,NA,NA,"0.039",2,240,42,1.2,3.2
2020-01-06 12:00:00,102065.7,2,-3.3,69.43,5.66,130,NA,102290,NA,NA,NA,NA,NA,503,604,NA,NA,10,NA,NA,NA,1524,NA,NA,NA,NA,-2.75,NA,-3.07,90799.78,0,0,0,-7.7,0,0,0,NA,NA,NA,NA,NA,NA,NA,NA,"0.038",2,255,36,1.8,4.4
2020-01-06 13:00:00,101930.25,2,-2.2,69.43,5.14,140,NA,102140,NA,NA,8031,NA,NA,473,604,NA,NA,10,NA,NA,NA,1432.56,NA,NA,NA,NA,-2.21,NA,-3.07,90679.28,0,0,0,-7.4,0,0,0,NA,NA,NA,NA,NA,NA,NA,NA,"0.04",2.1,217,56,2.7,3.6
2020-01-06 14:00:00,101862.52,3,-2.2,69.64,4.63,150,NA,102110,NA,604,NA,NA,NA,463,579,NA,NA,10,NA,NA,NA,1432.56,NA,NA,NA,NA,-0.97,NA,-2.07,90619.03,0,0,0,-7.8,0,0,0,NA,NA,NA,NA,NA,NA,NA,NA,"0.031",1.6,101,50,2.4,3.2
2020-01-06 15:00:00,101862.52,3,-1.7,69.64,4.63,150,NA,102100,NA,654,NA,NA,NA,503,604,NA,NA,10,NA,NA,NA,1524,NA,NA,NA,NA,-0.97,NA,-2.07,90619.03,0,0,0,-7.5,0,0,0,NA,NA,NA,NA,NA,NA,NA,NA,"0.029",1.6,154,67,2.7,3.9
2020-01-06 16:00:00,101828.66,3,-1.1,74.96,4.63,150,NA,102110,NA,704,5005,NA,NA,464,553,NA,NA,10,3.3,0.6,NA,1463.04,NA,NA,NA,NA,-0.97,NA,-1.06,90588.91,0,0,0,-7.4,0,0,0,NA,NA,NA,NA,NA,NA,NA,NA,"0.039",3.1,255,24,2.9,4.2
2020-01-06 17:00:00,101828.66,2,-0.6,80.49,4.63,150,NA,102110,NA,NA,NA,NA,NA,464,494,NA,NA,10,NA,NA,NA,1493.52,NA,NA,NA,NA,-1.56,NA,-1.05,90588.91,0,0,0,-6.3,0,0,0,NA,NA,NA,NA,NA,NA,NA,NA,"0.038",3.4,247,32,2.4,2.7
2020-01-06 18:00:00,101828.66,1,-1.1,86.48,0,0,NA,102100,NA,654,NA,NA,NA,654,554,NA,NA,10,NA,NA,NA,1981.2,NA,NA,NA,NA,-1.17,NA,-1.03,90588.91,0,0,0,-5.1,0,0,1,NA,NA,NA,NA,NA,NA,NA,NA,"0.039",3.9,213,28,2.6,1.7
2020-01-06 19:00:00,101828.66,0,-1.1,92.28,1.54,260,NA,102120,NA,704,5001,NA,NA,654,604,NA,NA,10,NA,NA,NA,1981.2,NA,NA,NA,NA,-2.53,NA,-1.03,90588.91,0,0,0,-4,0,0,1,NA,NA,NA,NA,NA,NA,NA,NA,"0.037",2.3,239,32,2.7,1
2020-01-06 20:00:00,101828.66,0,-1.1,92.96,0,0,NA,102150,NA,NA,NA,NA,NA,654,NA,NA,NA,10,NA,NA,NA,1981.2,NA,NA,NA,NA,-2.175,NA,-1.02,90588.91,0,0,0,-3.7,0,0,1,NA,NA,NA,NA,NA,NA,NA,NA,"0.029",1.6,284,39,1.8,-1.1
2020-01-06 21:00:00,101862.52,0,-1.1,92.96,1.54,280,NA,102150,NA,NA,NA,NA,NA,604,654,NA,NA,10,NA,NA,NA,1981.2,NA,NA,NA,NA,-2.53,NA,-1.02,90619.03,0,0,0,-3.4,0,0,1,NA,NA,NA,NA,NA,NA,NA,NA,"0.023",0.9,140,73,0.6,0
2020-01-06 22:00:00,101862.52,0,-0.6,92.96,2.06,270,NA,102120,NA,NA,2,NA,NA,476,604,NA,NA,10,2.8,0,NA,1828.8,NA,NA,NA,NA,-3.09,NA,-1.02,90619.03,0,0,0,-3.2,0,0,0,NA,NA,NA,NA,NA,NA,NA,NA,"0.017",0.8,183,78,0.5,4.1
2020-01-06 23:00:00,101862.52,1,-0.6,86.48,1.54,40,NA,102120,NA,804,NA,NA,NA,602,804,NA,NA,10,NA,NA,NA,2286,NA,3.3,-3.9,NA,-1.36,NA,-1.03,90619.03,0,0,0,-4,0,0,1,NA,NA,NA,NA,NA,NA,NA,NA,"0.017",0.9,109,61,0.5,7
2020-01-07,101862.52,0,-1.1,92.96,0,0,NA,102100,NA,554,NA,NA,NA,603,604,NA,NA,10,NA,NA,NA,1828.8,NA,NA,NA,NA,-1.82,NA,-1.02,90619.03,0,0,0,-2.9,0,0,1,NA,NA,NA,NA,NA,NA,NA,NA,"0.012",1,28,78,0.6,6.6
2020-01-07 01:00:00,101828.66,0,-0.6,92.96,2.06,260,NA,102080,NA,604,8001,NA,NA,433,504,NA,NA,9,NA,NA,NA,1432.56,NA,NA,NA,NA,-2.53,NA,-1.02,90588.91,0,0,0,-2.8,0,0,0,NA,NA,NA,NA,NA,NA,NA,NA,"0.009",0.9,219,79,0.4,4.6
2020-01-07 02:00:00,101828.66,1,0,92.96,3.09,290,NA,102070,13,NA,NA,0.127,NA,464,NA,NA,NA,10,NA,NA,NA,1402.08,NA,NA,NA,NA,-2.77,NA,-0.02,90588.91,0,0,0,-3.7,0,0,0,NA,NA,NA,NA,NA,NA,NA,NA,"0.009",0.8,151,77,0.3,4.7
2020-01-07 03:00:00,101862.52,1,0,93.02,2.06,240,NA,102110,13,NA,NA,0.025,NA,464,NA,NA,NA,10,NA,NA,NA,1402.08,NA,NA,NA,NA,-1.36,NA,-0.02,90619.03,0,0,0,-3.6,0,0,0,NA,NA,NA,NA,NA,NA,NA,NA,"0.008",0.9,74,88,0.5,4.9
2020-01-07 04:00:00,101862.52,0.6,0,95.75,0,0,NA,102080,13,554,0,0.025,NA,356,453,0.025,NA,8,1.7,-0.6,NA,1371.6,NA,NA,NA,NA,-1.82,NA,-0.01,90619.03,0,0,0,-3.1,0,0,1,NA,NA,NA,NA,NA,NA,NA,NA,"0.007",0.7,154,78,0.5,6.1
2020-01-07 05:00:00,101794.79,1,0,93.02,1.54,80,NA,102020,NA,579,NA,NA,NA,396,494,NA,NA,9,NA,NA,NA,1463.04,NA,NA,NA,NA,-1.36,NA,-0.02,90558.78,0,0,0,-3.4,0,0,1,NA,NA,NA,NA,NA,NA,NA,NA,"0.003",1,105,80,0.4,8
2020-01-07 06:00:00,101727.07,1,0,93.02,0,0,NA,101980,NA,NA,NA,NA,NA,416,504,NA,NA,10,NA,NA,NA,1341.12,NA,NA,NA,NA,-0.68,NA,-0.02,90498.53,0,0,0,-3.3,0,0,1,NA,NA,NA,NA,NA,NA,NA,NA,"0.003",1,191,79,0.6,10.4
2020-01-07 07:00:00,101693.2,1,0,93.02,0,0,NA,101940,NA,NA,6015,NA,NA,434,494,NA,NA,9,NA,NA,NA,1310.64,NA,NA,NA,NA,-0.68,NA,-0.02,90468.4,0,0,0,-3.3,0,0,1,NA,NA,NA,NA,NA,NA,NA,NA,"0.002",1.1,75,81,0.6,9.7
2020-01-07 08:00:00,101659.34,1,0,93.02,0,0,NA,101930,NA,NA,NA,NA,NA,434,NA,NA,NA,9,NA,NA,NA,1310.64,NA,NA,NA,NA,-0.68,NA,-0.02,90438.28,0,0,0,-3.2,0,0,1,NA,NA,NA,NA,NA,NA,NA,NA,"0.002",1.1,211,74,0.6,7.3
2020-01-07 09:00:00,101659.34,1,0.8,100,0.77,25,NA,101920,31,NA,NA,NA,NA,424,604,NA,NA,4,NA,NA,NA,1280.16,NA,NA,NA,NA,-1.36,NA,0.8,90438.28,0,0,0,-3,0,0,1,NA,NA,NA,NA,NA,NA,NA,NA,"0.002",1,177,72,1,8
2020-01-07 10:00:00,101659.34,1,0.3,100,0,0,NA,101920,31,704,6001,NA,NA,463.5,554,NA,NA,4,1.1,0,NA,1402.08,NA,NA,NA,NA,-1.02,NA,1,90438.28,0,0,0,-2.8,0,0,1,NA,NA,NA,NA,NA,NA,NA,NA,"0.003",0.9,252,73,1.2,8
2020-01-07 11:00:00,101625.47,2,1.1,93.08,0,0,NA,101810,31,NA,NA,NA,NA,434,504,NA,NA,8,NA,NA,NA,1310.64,NA,NA,NA,NA,0.47,NA,0.98,90408.14,0,0,0,-3.5,0,0,1,NA,NA,NA,NA,NA,NA,NA,NA,"0.003",0.9,245,85,1.7,7.5
2020-01-07 12:00:00,101523.88,3,2.2,93.13,0,0,NA,101720,NA,NA,NA,NA,NA,463,554,NA,NA,9,NA,NA,NA,1402.08,NA,NA,NA,NA,0.97,NA,1.98,90317.77,0,0,0,-4.4,0,0,1,NA,NA,NA,NA,NA,NA,NA,NA,"0.003",1,75,85,2.4,7.8
2020-01-07 13:00:00,101422.29,5,2.2,86.79,0,0,NA,101580,NA,NA,8024,NA,NA,463,554,NA,NA,10,NA,NA,NA,1402.08,NA,NA,NA,NA,1.65,NA,1.98,90227.39,0,0,0,-6,0,0,1,NA,NA,NA,NA,NA,NA,NA,NA,"0.003",0.9,202,84,3.5,8.5
2020-01-07 14:00:00,101320.7,4,2.2,86.79,1.54,250,NA,101520,NA,NA,NA,NA,NA,494,579,NA,NA,10,NA,NA,NA,1493.52,NA,NA,NA,NA,1.89,NA,1.97,90137.02,0,0,0,-5.1,0,0,1,NA,NA,NA,NA,NA,NA,NA,NA,"0.003",0.8,219,68,4,10.2
2020-01-07 15:00:00,101286.84,6,0.6,75.5,1.54,30,NA,101430,NA,754,NA,NA,NA,476,604,NA,NA,10,NA,NA,NA,1676.4,NA,NA,NA,NA,5.34,NA,1.95,90106.89,0,0,0,-7.4,0,0,1,NA,NA,NA,NA,NA,NA,NA,NA,"0.003",0.8,151,81,4.6,9.3
2020-01-07 16:00:00,101219.11,4,1.7,80.78,1.54,130,NA,101400,NA,NA,8017,NA,NA,502,804,NA,NA,10,7.8,1.1,NA,2438.4,NA,NA,NA,NA,2.695,NA,0.96,90046.64,0,0,0,-5.5,0,0,1,NA,NA,NA,NA,NA,NA,NA,NA,"0.002",0.9,158,78,4.9,7.5
2020-01-07 17:00:00,101117.52,3,0.6,86.68,1.54,50,NA,101300,NA,1103,NA,NA,NA,506,904,NA,NA,10,NA,NA,NA,1524,NA,NA,NA,NA,1.61,NA,0.97,89956.26,0,0,0,-4.6,0,0,1,NA,NA,NA,NA,NA,NA,NA,NA,"0.007",1.2,168,79,4.6,6.6
2020-01-07 18:00:00,101049.79,2,0,86.68,0,0,NA,101230,NA,NA,NA,NA,NA,1204,NA,NA,NA,10,NA,NA,NA,3657.6,NA,NA,NA,NA,0.47,NA,-0.03,89896.01,0,0,0,-3.5,0,0,1,NA,NA,NA,NA,NA,NA,NA,NA,"0.006",1,277,68,3.7,5.4
2020-01-07 19:00:00,100948.2,2,0.6,93.02,0,0,NA,101140,NA,NA,6026,NA,NA,1104,NA,NA,NA,10,NA,NA,NA,3352.8,NA,NA,NA,NA,0.47,NA,-0.02,89805.63,0,0,0,-3.5,0,0,1,NA,NA,NA,NA,NA,NA,NA,NA,"0.002",0.7,221,75,1.5,9.4
2020-01-07 20:00:00,100880.47,1,0,93.02,0,0,NA,101070,NA,NA,NA,NA,NA,1103,NA,NA,NA,10,NA,NA,NA,3352.8,NA,NA,NA,NA,-0.68,NA,-0.02,89745.38,0,0,0,-2.5,0,0,1,NA,NA,NA,NA,NA,NA,NA,NA,"0.002",0.8,170,60,0.7,17.9
2020-01-07 21:00:00,100778.88,0,-0.6,92.96,0,0,NA,101010,NA,NA,NA,NA,NA,706,1102,NA,NA,10,NA,NA,NA,1981.2,NA,NA,NA,NA,-1.25,NA,-1.02,89655,0,0,0,-1.7,0,0,1,NA,NA,NA,NA,NA,NA,NA,NA,"0.002",0.9,264,52,0.5,12.6
2020-01-07 22:00:00,100711.15,0,-0.6,92.96,0,0,NA,100930,NA,1103,8020,NA,NA,603,828,NA,NA,10,4.4,-0.6,NA,1981.2,NA,NA,NA,NA,NA,NA,-1.02,89594.75,0,0,0,-1.7,0,0,1,NA,NA,NA,NA,NA,NA,NA,NA,"0.002",0.7,195,74,0.5,11.4
2020-01-07 23:00:00,100626.49,0,-1.1,92.96,2.06,190,NA,100820,31,753,NA,NA,NA,423,554,NA,NA,8,NA,NA,NA,1828.8,NA,7.8,-1.1,NA,-3.08,NA,-1.02,89519.43,0,0,0,-1.6,0,0,0,NA,NA,NA,NA,NA,NA,NA,NA,"0.002",0.9,298,73,0.4,12.6
2020-01-08,100507.97,-1,-1.7,100,1.54,30,NA,100700,30,753,NA,NA,NA,22,443,NA,NA,0.25,NA,NA,NA,30.48,NA,NA,NA,NA,-3.7,NA,-1.1,89413.99,0,0,0,-0.5,0,0,1,NA,NA,NA,NA,NA,NA,NA,NA,"0.003",1.4,130,68,-0.6,10.4
2020-01-08 01:00:00,100406.37,-1,-0.6,100,3.09,110,NA,100530,2521,902,8031,0.025,0.025,46,256,NA,NA,6,NA,NA,NA,2590.8,0,NA,NA,NA,-5.21,NA,-1,89323.61,0,0,0,-0.7,0,0,0,NA,NA,NA,NA,NA,NA,NA,NA,"0.006",1.7,333,57,-0.9,8
2020-01-08 02:00:00,100338.65,-2,-2.5,95.68,3.09,270,7.72,100630,30,NA,NA,NA,NA,25,449,NA,NA,0.5,NA,NA,NA,60.96,0,NA,NA,NA,-6.01,NA,-3,89263.36,0,0,0,-0.1,0,0,0,NA,NA,NA,NA,NA,NA,NA,NA,"0.007",1.9,220,63,-1.1,8.5
2020-01-08 03:00:00,100372.51,0,-0.6,100,3.09,60,7.72,100470,2495,1103,NA,0.508,NA,176,462,NA,NA,10,NA,NA,NA,1371.6,NA,NA,NA,NA,-3.7,NA,-0.02,89293.49,0,0,0,-2.1,0,0,0,NA,NA,NA,NA,NA,NA,NA,NA,"0.027",2.4,104,49,1.7,4.4
2020-01-08 04:00:00,100270.92,-1,-1.7,95.68,1.54,290,NA,100490,NA,603.5,8007,NA,NA,432,503,0.508,0.508,10,1.1,-2.8,NA,1386.84,NA,NA,NA,NA,-3.33,NA,-2,89203.11,0,0,0,-1.6,0,0,1,NA,NA,NA,NA,NA,NA,NA,NA,"0.02",1.4,226,62,1.2,4.4
2020-01-08 05:00:00,100270.92,-1,-1.1,100,1.54,30,NA,100470,NA,704,NA,NA,NA,472,554,NA,NA,10,NA,NA,NA,1432.56,NA,NA,NA,NA,-3.7,NA,-1,89203.11,0,0,0,-2,0,0,1,NA,NA,NA,NA,NA,NA,NA,NA,"0.015",1.5,123,67,0.5,5.9
2020-01-08 06:00:00,100237.06,-1,-1.1,100,1.54,100,NA,100470,NA,NA,NA,NA,NA,492,603,NA,NA,10,NA,NA,NA,1676.4,NA,NA,NA,NA,-3.33,NA,-1,89172.99,0,0,0,-2.3,0,0,1,NA,NA,NA,NA,NA,NA,NA,NA,"0.009",1.2,263,64,0.7,4.9
2020-01-08 07:00:00,100203.19,-1,-0.6,100,1.54,50,NA,100420,41,654,7006,0.127,0.025,446,553,NA,NA,9,NA,NA,NA,1676.4,NA,NA,NA,NA,-3.335,NA,-1.02,89142.85,0,0,0,-2.5,0,0,1,NA,NA,NA,NA,NA,NA,NA,NA,"0.031",2,255,57,2.5,3.7
2020-01-08 08:00:00,100203.19,1,-0.6,86.48,2.57,110,NA,100420,NA,704,NA,NA,NA,426,504,NA,NA,10,NA,NA,NA,1524,NA,NA,NA,NA,-1.54,NA,-1.03,89142.85,0,0,0,-4.7,0,0,0,NA,NA,NA,NA,NA,NA,NA,NA,"0.024",1.1,156,66,2.8,1
2020-01-08 09:00:00,100237.06,1,-0.6,86.48,2.315,190,NA,100480,NA,604,NA,NA,NA,472,554,NA,NA,10,NA,NA,NA,1463.04,NA,NA,NA,NA,-2.38,NA,-1.03,89172.99,0,0,0,-4.8,0,0,0,NA,NA,NA,NA,NA,NA,NA,NA,"0.015",1,203,65,2.4,1
2020-01-08 10:00:00,100270.92,1,0,92.96,1.54,210,NA,100490,NA,654,3004,NA,NA,416,483,0.025,NA,10,2.2,-1.7,NA,1463.04,NA,NA,NA,NA,-1.36,NA,-0.02,89203.11,0,0,0,-4.6,0,0,1,NA,NA,NA,NA,NA,NA,NA,NA,"0.021",1.3,273,39,2.8,3.2
2020-01-08 11:00:00,100237.06,2,0.6,93.02,2.06,50,NA,100420,NA,753,NA,NA,NA,433,553,NA,NA,10,NA,NA,NA,1493.52,NA,NA,NA,NA,-1.36,NA,-0.02,89172.99,0,0,0,-5.7,0,0,0,NA,NA,NA,NA,NA,NA,NA,NA,"0.027",1.5,286,39,4.2,3.9
2020-01-08 12:00:00,100203.19,3,-0.6,74.96,3.6,190,NA,100440,13,779,NA,NA,NA,452,553,NA,NA,10,NA,NA,NA,1524,NA,NA,NA,NA,-0.34,NA,-1.06,89142.85,0,0,0,-6.6,0,0,0,NA,NA,NA,NA,NA,NA,NA,NA,"0.037",2.6,252,25,4.4,1.9
2020-01-08 13:00:00,100203.19,3,0.6,86.68,4.12,300,NA,100400,13,704,6006,0.025,0.025,466,604,NA,NA,10,NA,NA,NA,2438.4,NA,NA,NA,NA,-0.21,NA,0.97,89142.85,0,0,0,-6.3,0,0,0,NA,NA,NA,NA,NA,NA,NA,NA,"0.039",3.1,217,35,3.8,1.2
2020-01-08 14:00:00,100203.19,3,0,80.63,3.6,300,NA,100480,13,904,NA,0.076,NA,372,552,NA,NA,10,NA,NA,NA,1447.8,NA,NA,NA,NA,-1.56,NA,-0.05,89142.85,0,0,0,-7,0,0,0,NA,NA,NA,NA,NA,NA,NA,NA,"0.039",3.2,280,21,4.6,-0.2
2020-01-08 15:00:00,100270.92,2,-2.2,78.59,3.345,295,10.8,100490,NA,903,NA,0.025,NA,422,703,NA,NA,10,NA,NA,NA,2133.6,NA,NA,NA,NA,-1.365,NA,-2.06,89203.11,0,0,0,-6.4,0,0,0,NA,NA,NA,NA,NA,NA,NA,NA,"0.035",2.4,298,27,3,-0.9
2020-01-08 16:00:00,100338.65,1,-2.8,74.6,4.12,290,NA,100620,NA,1103,3017,NA,NA,376,903,0.025,NA,10,4.4,0.6,NA,3048,NA,NA,NA,NA,-3.13,NA,-3.06,89263.36,0,0,0,-6.3,0,0,0,NA,NA,NA,NA,NA,NA,NA,NA,"0.035",2.2,274,29,2.2,0
2020-01-08 17:00:00,100406.37,1,-3.9,69.22,3.6,260,NA,100660,NA,853,NA,NA,NA,496,603,NA,NA,10,NA,NA,NA,1828.8,NA,NA,NA,NA,-2.77,NA,-4.07,89323.61,0,0,0,-6.8,0,0,0,NA,NA,NA,NA,NA,NA,NA,NA,"0.039",3.7,240,20,2,-0.9
2020-01-08 18:00:00,100440.24,1,-4.4,72.2,3.09,270,NA,100700,NA,903,NA,NA,NA,502,903,NA,NA,10,NA,NA,NA,2743.2,NA,NA,NA,NA,-2.77,NA,-4.07,89353.74,0,0,0,-7.5,0,0,0,NA,NA,NA,NA,NA,NA,NA,NA,"0.039",3.1,250,22,1.6,0.2
2020-01-08 19:00:00,100474.1,0,-6.1,69.22,2.06,290,NA,100720,NA,NA,1009,NA,NA,552,903,NA,NA,10,NA,NA,NA,2743.2,NA,NA,NA,NA,-2.53,NA,-4.07,89383.86,0,0,0,-7.1,0,0,0,NA,NA,NA,NA,NA,NA,NA,NA,"0.04",2.1,242,31,1.1,1.2
2020-01-08 20:00:00,100474.1,0,-6.1,63.94,2.06,270,NA,100740,NA,NA,NA,NA,NA,806,NA,NA,NA,10,NA,NA,NA,NA,NA,NA,NA,NA,-2.65,NA,-6.09,89383.86,0,0,0,-7.4,0,0,0,NA,NA,NA,NA,NA,NA,NA,NA,"0.042",3.3,226,22,0.7,2.9
2020-01-08 21:00:00,100507.97,0,-5.6,63.94,1.54,320,NA,100760,NA,NA,NA,NA,NA,754,NA,NA,NA,10,NA,NA,NA,2286,NA,NA,NA,NA,-1.82,NA,-6.09,89413.99,0,0,0,-7.7,0,0,1,NA,NA,NA,NA,NA,NA,NA,NA,"0.039",1.9,155,58,-0.1,2.4
2020-01-08 22:00:00,100541.83,0,-6.7,63.94,0,0,NA,100790,NA,854,3009,NA,NA,506,804,NA,NA,10,1.7,-1.1,NA,2438.4,NA,NA,NA,NA,-1.82,NA,-6.09,89444.12,0,0,0,-7.9,0,0,1,NA,NA,NA,NA,NA,NA,NA,NA,"0.039",1.1,241,72,0,-0.9
2020-01-08 23:00:00,100575.69,-1,-6.1,68.78,2.57,240,NA,100820,NA,NA,NA,NA,NA,853,878.5,NA,NA,10,NA,NA,NA,2743.2,NA,4.4,-2.8,NA,-4.28,NA,-6.08,89474.24,0,0,0,-7,0,0,0,NA,NA,NA,NA,NA,NA,NA,NA,"0.041",1.9,252,38,0.3,0
2020-01-09,100575.69,-1,-6.1,68.78,0,0,NA,100790,NA,NA,NA,NA,NA,753,804,NA,NA,10,NA,NA,NA,2286,NA,NA,NA,NA,-2.96,NA,-6.08,89474.24,0,0,0,-7.1,0,0,1,NA,NA,NA,NA,NA,NA,NA,NA,"0.038",1.1,334,50,-0.2,2.2
2020-01-09 01:00:00,100575.69,-1,-6.1,68.78,0,0,NA,100800,NA,NA,1001,NA,NA,703,904,NA,NA,10,NA,NA,NA,2133.6,NA,NA,NA,NA,-2.96,NA,-6.08,89474.24,0,0,0,-7.2,0,0,1,NA,NA,NA,NA,NA,NA,NA,NA,"0.025",0.7,135,50,-1.2,2.9
2020-01-09 02:00:00,100609.56,-1,-5,68.78,1.54,40,NA,100880,NA,NA,NA,NA,NA,504,NA,NA,NA,10,NA,NA,NA,1524,NA,NA,NA,NA,-2.96,NA,-6.08,89504.37,0,0,0,-7.3,0,0,1,NA,NA,NA,NA,NA,NA,NA,NA,"0.023",0.8,156,54,-1.4,2.4
2020-01-09 03:00:00,100677.29,-1,-4.4,80.04,2.57,50,NA,100910,20,854,NA,0.025,NA,403,603,NA,NA,9,NA,NA,NA,1219.2,NA,NA,NA,NA,-4.28,NA,-4.05,89564.62,0,0,0,-7.3,0,0,0,NA,NA,NA,NA,NA,NA,NA,NA,"0.026",0.8,13,59,-1.2,2.4
2020-01-09 04:00:00,100711.15,-1,-4.15,80.04,2.57,320,NA,100970,20,854,1011,0.025,NA,393,503,0.025,NA,10,0,-1.7,NA,1188.72,NA,NA,NA,NA,-4.28,NA,-4.05,89594.75,0,0,0,-7.2,0,0,0,NA,NA,NA,NA,NA,NA,NA,NA,"0.025",0.8,218,48,-1.4,2.2
2020-01-09 05:00:00,100711.15,-2,-3.9,86.15,1.54,250,NA,101010,NA,929,NA,NA,NA,703,879,NA,NA,10,NA,NA,NA,2438.4,NA,NA,NA,NA,-4.86,NA,-4.03,89594.75,0,0,0,-6.1,0,0,1,NA,NA,NA,NA,NA,NA,NA,NA,"0.026",0.9,257,52,-1.9,2.9
2020-01-09 06:00:00,100778.88,-2,-3.3,92.85,0,0,NA,101070,NA,954,NA,NA,NA,446,653,NA,NA,10,NA,NA,NA,2438.4,NA,NA,NA,NA,-5.25,NA,-3.02,89655,0,0,0,-6.1,0,0,1,NA,NA,NA,NA,NA,NA,NA,NA,"0.028",1,201,54,-2.2,2.9
2020-01-09 07:00:00,100846.6,-3,-3.3,96.34,0,0,NA,101140,NA,1104,3014,NA,NA,603,804,NA,NA,10,NA,NA,NA,2438.4,NA,NA,NA,NA,-5.25,NA,-3.02,89715.25,0,0,0,-5.1,0,0,1,NA,NA,NA,NA,NA,NA,NA,NA,"0.022",1.4,310,48,-2.2,0
2020-01-09 08:00:00,100914.33,-3,-3.9,92.79,1.54,20,NA,101220,NA,NA,NA,NA,NA,752,903,NA,NA,10,NA,NA,NA,2438.4,NA,NA,NA,NA,-5.25,NA,-4.02,89775.5,0,0,0,-5.4,0,0,1,NA,NA,NA,NA,NA,NA,NA,NA,"0.02",0.9,174,48,-2.8,NA
2020-01-09 09:00:00,100982.06,-2,-3.3,92.79,0,0,NA,101300,NA,NA,NA,NA,NA,502,703,NA,NA,10,NA,NA,NA,2133.6,NA,NA,NA,NA,-4.1,NA,-3.32,89835.75,0,0,0,-6.4,0,0,1,NA,NA,NA,NA,NA,NA,NA,NA,"0.018",0.8,8,69,-2.2,NA
2020-01-09 10:00:00,101049.79,-2,-2.8,92.85,0,0,NA,101320,NA,NA,1018,NA,NA,493,654,NA,NA,10,-1.1,-3.3,NA,1493.52,NA,NA,NA,NA,-4.1,NA,-3.02,89896.01,0,0,0,-6.4,0,0,1,NA,NA,NA,NA,NA,NA,NA,NA,"0.016",0.7,231,66,-1.6,2.4
2020-01-09 11:00:00,101049.79,0,-6.1,63.94,2.57,320,NA,101300,NA,704,NA,NA,NA,463,554,NA,NA,10,NA,NA,NA,1402.08,NA,NA,NA,NA,-3.58,NA,-6.09,89896.01,0,0,0,-8.3,0,0,0,NA,NA,NA,NA,NA,NA,NA,NA,"0.025",1.1,35,54,-0.6,2.4
2020-01-09 12:00:00,101049.79,-1,-4.15,80.04,5.66,310,7.72,101320,20,829,NA,0.025,NA,383,494,NA,NA,9,NA,NA,NA,1188.72,NA,NA,NA,NA,-6.54,NA,-4.05,89896.01,0,0,0,-6.4,0,0,0,NA,NA,NA,NA,NA,NA,NA,NA,"0.032",2.6,325,36,-1.1,3.9
2020-01-09 13:00:00,101049.79,-1,-8.9,63.7,6.69,300,NA,101310,20,NA,6002,0.025,0.025,654,854,NA,NA,10,NA,NA,NA,1981.2,NA,NA,NA,NA,-7.06,NA,-7.09,89896.01,0,0,0,-7.8,0,0,0,NA,NA,NA,NA,NA,NA,NA,NA,"0.038",2.6,243,38,-2.7,3.4
2020-01-09 14:00:00,101083.65,0,-10,50.68,7.2,310,9.77,101380,NA,954,NA,NA,NA,603,803,NA,NA,10,NA,NA,NA,2438.4,NA,NA,NA,NA,-6,NA,-9.12,89926.13,0,0,0,-8.2,0,0,0,NA,NA,NA,NA,NA,NA,NA,NA,"0.04",3.2,235,37,-0.8,1.5
2020-01-09 15:00:00,101185.24,-1,-12.2,42.95,7.2,310,9.77,101500,NA,1004,NA,NA,NA,656,803.5,NA,NA,10,NA,NA,NA,2438.4,NA,NA,NA,NA,-7.06,NA,-12.14,90016.51,0,0,0,-8.9,0,0,0,NA,NA,NA,NA,NA,NA,NA,NA,"0.04",3.4,269,29,-0.8,-0.4
2020-01-09 16:00:00,101320.7,-2,-7.2,54.23,4.63,290,NA,101720,NA,1204,3032,NA,NA,656,1103,0.025,NA,10,0,-2.8,NA,2209.8,NA,NA,NA,NA,-7.18,NA,-10.12,90137.02,0,0,0,-7.5,0,0,0,NA,NA,NA,NA,NA,NA,NA,NA,"0.039",3.2,248,27,-2.6,-0.7
2020-01-09 17:00:00,101422.29,-3,-7.8,68.34,3.6,290,NA,101770,NA,1203.5,NA,NA,NA,606,1153.5,NA,NA,10,NA,NA,NA,3657.6,NA,NA,NA,NA,-7.65,NA,-8.08,90227.39,0,0,0,-8.1,0,0,0,NA,NA,NA,NA,NA,NA,NA,NA,"0.037",2.3,224,29,-3.3,-3.1
2020-01-09 18:00:00,101490.02,-3,-8.3,68.34,3.09,310,NA,101840,NA,NA,NA,NA,NA,1103,753,NA,NA,10,NA,NA,NA,3352.8,NA,NA,NA,NA,-7.84,NA,-8.08,90287.65,0,0,0,-8.5,0,0,0,NA,NA,NA,NA,NA,NA,NA,NA,"0.035",2.1,225,29,-3.6,-1.9
2020-01-09 19:00:00,101523.88,-3,-8.9,68.34,3.09,330,NA,101900,NA,753,3016,NA,NA,476,554,NA,NA,10,NA,NA,NA,1676.4,NA,NA,NA,NA,-7.19,NA,-8.08,90317.77,0,0,0,-8.4,0,0,0,NA,NA,NA,NA,NA,NA,NA,NA,"0.035",2.6,227,29,-3.8,2.7
2020-01-09 20:00:00,101591.61,-3,-10,63.2,3.09,320,NA,101970,NA,804,NA,NA,NA,506,704,NA,NA,10,NA,NA,NA,2133.6,NA,NA,NA,NA,-7.65,NA,-9.09,90378.02,0,0,0,-8.8,0,0,0,NA,NA,NA,NA,NA,NA,NA,NA,"0.036",1.4,261,43,-4.3,1
2020-01-09 21:00:00,101693.2,-3,-11.1,53.94,5.14,320,NA,102070,NA,NA,NA,NA,NA,654,704,NA,NA,10,NA,NA,NA,1981.2,NA,NA,NA,NA,-8.76,NA,-11.12,90468.4,0,0,0,-9.4,0,0,0,NA,NA,NA,NA,NA,NA,NA,NA,"0.035",1.4,283,49,-4,-0.7
2020-01-09 22:00:00,101794.79,-4,-11.1,58.14,3.6,320,NA,102170,NA,NA,3023,NA,NA,604,NA,NA,NA,10,-2.2,-4.4,NA,1828.8,NA,NA,NA,NA,-8.87,NA,-11.1,90558.78,0,0,0,-8.8,0,0,0,NA,NA,NA,NA,NA,NA,NA,NA,"0.037",1.1,243,58,-4.2,-2.4
2020-01-09 23:00:00,101862.52,-5,-11.7,58.14,3.09,310,NA,102220,NA,NA,NA,NA,NA,503,NA,NA,NA,10,NA,NA,NA,1676.4,NA,0,-5.6,NA,-9.03,NA,-11.8,90619.03,0,0,0,-7.8,0,0,0,NA,NA,NA,NA,NA,NA,NA,NA,"0.042",2.5,267,36,-4.2,0.2
2020-01-10,101930.25,-6,-11.7,62.44,2.06,340,NA,102300,NA,NA,NA,NA,NA,502,NA,NA,NA,10,NA,NA,NA,1524,NA,NA,NA,NA,-9.53,NA,-12.09,90679.28,0,0,0,-7,0,0,0,NA,NA,NA,NA,NA,NA,NA,NA,"0.039",0.9,276,68,-5.2,2.7
2020-01-10 01:00:00,101964.11,-6,-11.7,62.44,3.09,330,NA,102350,NA,NA,1014,NA,NA,1,NA,NA,NA,10,NA,NA,NA,NA,NA,NA,NA,NA,-10.8,NA,-12.09,90709.41,0,0,0,-7.5,0,0,0,NA,NA,NA,NA,NA,NA,NA,NA,"0.027",0.9,164,70,-7,1.2
2020-01-10 02:00:00,102031.84,-7,-11.7,67.42,3.09,290,NA,102430,NA,NA,NA,NA,NA,1,NA,NA,NA,10,NA,NA,NA,NA,NA,NA,NA,NA,-12.01,NA,-12.08,90769.66,0,0,0,-7,0,0,0,NA,NA,NA,NA,NA,NA,NA,NA,"0.023",0.8,153,68,-8.1,4.7
2020-01-10 03:00:00,102099.57,-7,-11.7,67.42,0,0,NA,102500,NA,NA,NA,NA,NA,1,NA,NA,NA,10,NA,NA,NA,NA,NA,NA,NA,NA,-10.7,NA,-12.08,90829.91,0,0,0,-7.3,0,0,1,NA,NA,NA,NA,NA,NA,NA,NA,"0.024",1,100,68,-8.8,4.7
2020-01-10 04:00:00,102133.43,-8,-11.7,72.85,0,0,NA,102590,NA,NA,1016,NA,NA,1,NA,NA,NA,10,-4.4,-8.3,NA,NA,NA,NA,NA,NA,-10.96,NA,-12.07,90860.04,0,0,0,-6.2,0,0,1,NA,NA,NA,NA,NA,NA,NA,NA,"0.016",0.7,111,72,-10,3.4
2020-01-10 05:00:00,102133.43,-8,-12.2,72.85,0,0,NA,102580,NA,NA,NA,NA,NA,1,NA,NA,NA,10,NA,NA,NA,NA,NA,NA,NA,NA,-12.1,NA,-12.07,90860.04,0,0,0,-5.9,0,0,1,NA,NA,NA,NA,NA,NA,NA,NA,"0.009",0.6,160,73,-10.9,7.8
2020-01-10 06:00:00,102133.43,-9,-12.2,78.77,0,0,NA,102590,NA,NA,NA,NA,NA,1,NA,NA,NA,10,NA,NA,NA,NA,NA,NA,NA,NA,-12.1,NA,-12.05,90860.04,0,0,0,-5.1,0,0,1,NA,NA,NA,NA,NA,NA,NA,NA,"0.004",0.6,214,73,-11.3,7.3
2020-01-10 07:00:00,102133.43,-9,-11.7,78.77,0,0,NA,102590,NA,NA,8001,NA,NA,1,NA,NA,NA,10,NA,NA,NA,NA,NA,NA,NA,NA,-12.1,NA,-12.05,90860.04,0,0,0,-6.6,0,0,1,NA,NA,NA,NA,NA,NA,NA,NA,"0.002",0.8,183,69,-11.4,5.2
2020-01-10 08:00:00,102133.43,-9,-11.1,78.77,0,0,NA,102630,NA,NA,NA,NA,NA,1,NA,NA,NA,10,NA,NA,NA,NA,NA,NA,NA,NA,-12.92,NA,-12.05,90860.04,0,0,0,-5.7,0,0,1,NA,NA,NA,NA,NA,NA,NA,NA,"0.007",0.9,96,71,-10.2,5.6
2020-01-10 09:00:00,102133.43,-8,-10.6,78.94,0,0,NA,102550,NA,NA,NA,NA,NA,1103,NA,NA,NA,10,NA,NA,NA,3352.8,NA,NA,NA,NA,-11.53,NA,-11.05,90860.04,0,0,0,-6.2,0,0,1,NA,NA,NA,NA,NA,NA,NA,NA,"0.012",1.3,221,46,-9.1,3.4
2020-01-10 10:00:00,102065.7,-7,-11.7,67.42,1.54,150,NA,102420,NA,NA,8012,NA,NA,1004,NA,NA,NA,10,-6.1,-10,NA,3048,NA,NA,NA,NA,-10.61,NA,-12.08,90799.78,0,0,0,-5.9,0,0,1,NA,NA,NA,NA,NA,NA,NA,NA,"0.025",1.6,268,47,-7,2.9
2020-01-10 11:00:00,101930.25,-6,-11.7,62.44,1.54,150,NA,102300,NA,NA,NA,NA,NA,904,NA,NA,NA,10,NA,NA,NA,2743.2,NA,NA,NA,NA,-9.1,NA,-12.09,90679.28,0,0,0,-3.7,0,0,1,NA,NA,NA,NA,NA,NA,NA,NA,"0.027",1.5,287,54,-6.1,4.1
2020-01-10 12:00:00,101760.93,-5,-11.7,57.86,1.54,140,NA,102120,NA,NA,NA,NA,NA,854,904,NA,NA,10,NA,NA,NA,2590.8,NA,NA,NA,NA,-7.6,NA,-12.11,90528.65,0,0,0,-5.3,0,0,1,NA,NA,NA,NA,NA,NA,NA,NA,"0.027",1.3,185,51,-5.1,4.4
2020-01-10 13:00:00,101591.61,-4,-11.1,58.14,2.06,160,NA,101890,NA,NA,8047,NA,NA,704,804,NA,NA,10,NA,NA,NA,2133.6,0,NA,NA,NA,-7.2,NA,-11.1,90378.02,0,0,0,-6.4,0,0,0,NA,NA,NA,NA,NA,NA,NA,NA,"0.024",1.4,283,56,-4.5,5.6
2020-01-10 14:00:00,101422.29,-3,-10.6,53.94,2.57,130,NA,101760,NA,NA,NA,NA,NA,553,704,NA,NA,10,NA,NA,NA,1828.8,NA,NA,NA,NA,-6.65,NA,-11.12,90227.39,0,0,0,-7.5,0,0,0,NA,NA,NA,NA,NA,NA,NA,NA,"0.025",1.4,289,57,-3.9,6.6
2020-01-10 15:00:00,101286.84,-2,-10,50.09,1.54,150,NA,101650,NA,704,NA,NA,NA,503,654,NA,NA,10,NA,NA,NA,1524,NA,NA,NA,NA,-4.86,NA,-11.12,90106.89,0,0,0,-8.6,0,0,1,NA,NA,NA,NA,NA,NA,NA,NA,"0.024",1.1,177,75,-3.4,3.9
2020-01-10 16:00:00,101219.11,-2,-9.4,54.52,4.63,130,NA,101560,NA,704,6029,NA,NA,483,604,NA,NA,10,-1.1,-6.1,NA,1828.8,NA,NA,NA,NA,-6.43,NA,-9.11,90046.64,0,0,0,-8.3,0,0,0,NA,NA,NA,NA,NA,NA,NA,NA,"0.036",1.9,174,66,-2,2.2
2020-01-10 17:00:00,101083.65,-1,-7.8,58.95,5.66,110,9.26,101420,NA,654,NA,NA,NA,553,904,NA,NA,10,NA,NA,NA,1676.4,NA,NA,NA,NA,-6.81,NA,-8.1,89926.13,0,0,0,-8.8,0,0,0,NA,NA,NA,NA,NA,NA,NA,NA,"0.042",2.7,171,49,-1.6,-0.9
2020-01-10 18:00:00,100948.2,-2,-6.7,68.56,6.17,110,NA,101320,20,NA,NA,0.025,NA,503,604,NA,NA,10,NA,NA,NA,1524,NA,NA,NA,NA,-8.08,NA,-7.08,89805.63,0,0,0,-7.3,0,0,0,NA,NA,NA,NA,NA,NA,NA,NA,"0.038",2.2,81,71,-2.6,1.2
2020-01-10 19:00:00,100914.33,-3,-5.3,82.53,6.69,110,10.29,101320,2500,NA,6025,0.254,0.508,175,324,NA,NA,1,NA,NA,NA,518.16,NA,NA,NA,NA,-9.62,NA,-5.645,89775.5,0,0,0,-5.9,0,0,0,NA,NA,NA,NA,NA,NA,NA,NA,"0.035",2.3,30,62,-4.4,5.1
2020-01-10 20:00:00,100880.47,-3,-4.4,92.79,6.17,120,NA,101250,2500,NA,NA,0.762,NA,155,384,NA,NA,1.25,NA,NA,NA,579.12,NA,NA,NA,NA,-9.35,NA,-4.02,89745.38,0,0,0,-5.4,0,0,0,NA,NA,NA,NA,NA,NA,NA,NA,"0.034",2.2,68,54,-4.9,1.4
2020-01-10 21:00:00,100846.6,-3,-4.4,90.75,6.17,120,NA,101230,2500,NA,NA,0.025,NA,384,454,NA,NA,6,NA,NA,NA,1280.16,NA,NA,NA,NA,-9.35,NA,-4.025,89715.25,0,0,0,-4.9,0,0,0,NA,NA,NA,NA,NA,NA,NA,NA,"0.035",1.5,49,59,-4.5,0
2020-01-10 22:00:00,100812.74,-2,-4.4,86.15,4.63,100,NA,101150,NA,529,8005,NA,NA,166,444,1.524,NA,10,-1.1,-3.9,NA,1524,NA,NA,NA,NA,-7.18,NA,-4.03,89685.12,0,0,0,-5.4,0,0,0,NA,NA,NA,NA,NA,NA,NA,NA,"0.036",2,35,54,-3.9,1
2020-01-10 23:00:00,100778.88,-2,-4.4,81.77,4.12,110,NA,101110,NA,NA,NA,NA,NA,452,553,NA,NA,10,NA,NA,NA,1524,NA,-1.1,-10,NA,-6.83,NA,-4.05,89655,0,0,0,-4.9,0,0,0,NA,NA,NA,NA,NA,NA,NA,NA,"0.034",2.1,43,46,-3.9,1.5
2020-01-11,100711.15,-2,-5.6,79.74,2.06,120,NA,101010,NA,604,NA,NA,NA,443,554,NA,NA,10,NA,NA,NA,1341.12,NA,NA,NA,NA,-5.25,NA,-6.05,89594.75,0,0,0,-4.8,0,0,0,NA,NA,NA,NA,NA,NA,NA,NA,"0.033",1.9,48,65,-3.5,1.9
2020-01-11 01:00:00,100609.56,-2,-5,79.74,2.57,100,NA,100920,NA,604,8017,NA,NA,433,554,NA,NA,10,NA,NA,NA,1310.64,NA,NA,NA,NA,-5.99,NA,-6.05,89504.37,0,0,0,-4.6,0,0,0,NA,NA,NA,NA,NA,NA,NA,NA,"0.039",2.4,116,64,-1.8,1.9
2020-01-11 02:00:00,100643.42,-1,-5,79.74,4.12,110,NA,100980,NA,NA,NA,NA,NA,444,NA,NA,NA,10,NA,NA,NA,1341.12,NA,NA,NA,NA,-5.94,NA,-5.06,89534.49,0,0,0,-5.5,0,0,0,NA,NA,NA,NA,NA,NA,NA,NA,"0.035",1.9,31,61,-2.6,0
2020-01-11 03:00:00,100643.42,-3,-4.4,92.79,0,0,NA,100940,NA,NA,NA,NA,NA,444,NA,NA,NA,10,NA,NA,NA,1341.12,NA,NA,NA,NA,-5.25,NA,-4.02,89534.49,0,0,0,-3.3,0,0,1,NA,NA,NA,NA,NA,NA,NA,NA,"0.034",1.5,43,62,-2.9,-0.2
2020-01-11 04:00:00,100575.69,-3,-5.6,92.79,1.54,130,NA,100880,NA,NA,8002,NA,NA,473,554,NA,1.524,10,-0.6,-3.3,NA,1432.56,NA,NA,NA,NA,-8.42,NA,-4.02,89474.24,0,0,0,-3.3,0,0,1,NA,NA,NA,NA,NA,NA,NA,NA,"0.029",1.2,56,76,-3,1.4
2020-01-11 05:00:00,100575.69,-2.1,-5.85,75.75,2.315,110,NA,100840,NA,NA,NA,NA,NA,393.5,604,NA,NA,10,NA,NA,NA,1188.72,NA,NA,NA,NA,-5.71,NA,-6.07,89474.24,0,0,0,-4.2,0,0,0,NA,NA,NA,NA,NA,NA,NA,NA,"0.026",0.9,26,77,-3.2,1.7
2020-01-11 06:00:00,100541.83,-3,-5.6,79.74,0,0,NA,100840,NA,854,NA,NA,NA,496,603,NA,NA,10,NA,NA,NA,1676.4,NA,NA,NA,NA,-6.03,NA,-6.05,89444.12,0,0,0,-3.4,0,0,1,NA,NA,NA,NA,NA,NA,NA,NA,"0.017",1.1,213,74,-3.6,1
2020-01-11 07:00:00,100507.97,-4,-5.6,85.93,0,0,NA,100840,NA,753,6008,NA,NA,442,553,NA,NA,10,NA,NA,NA,1828.8,NA,NA,NA,NA,-6.39,NA,-6.04,89413.99,0,0,0,-2.5,0,0,1,NA,NA,NA,NA,NA,NA,NA,NA,"0.009",1.1,113,75,-4.1,2.2
2020-01-11 08:00:00,100507.97,-4,-6.1,85.93,1.54,140,NA,100840,NA,753.5,NA,NA,NA,453,652,NA,NA,10,NA,NA,NA,1402.08,NA,NA,NA,NA,-6.39,NA,-6.04,89413.99,0,0,0,-2.7,0,0,1,NA,NA,NA,NA,NA,NA,NA,NA,"0.015",1.4,5,68,-3.6,4.4
2020-01-11 09:00:00,100541.83,-3,-5.6,79.74,2.57,100,NA,100840,NA,NA,NA,NA,NA,681,652,NA,NA,10,NA,NA,NA,NA,NA,NA,NA,NA,-6.39,NA,-6.05,89444.12,0,0,0,-3.5,0,0,0,NA,NA,NA,NA,NA,NA,NA,NA,"0.023",1.3,357,70,-2.2,2.7
2020-01-11 10:00:00,100541.83,-1,-4.4,74.22,3.6,120,NA,100820,NA,804,3005,NA,NA,506,753,NA,NA,10,0,-4.4,NA,2743.2,NA,NA,NA,NA,-4.86,NA,-5.06,89444.12,0,0,0,-5.1,0,0,0,NA,NA,NA,NA,NA,NA,NA,NA,"0.028",1.6,46,48,-1.3,1.2
2020-01-11 11:00:00,100541.83,0,-3.9,74.41,4.12,120,NA,100770,NA,854,NA,NA,NA,486,602,NA,NA,10,NA,NA,NA,1676.4,NA,NA,NA,NA,-3.58,NA,-4.06,89444.12,0,0,0,-5.8,0,0,0,NA,NA,NA,NA,NA,NA,NA,NA,"0.029",1.4,41,54,-0.3,2.7
2020-01-11 12:00:00,100440.24,1,-2.8,74.6,5.14,110,NA,100710,NA,604,NA,NA,NA,446,554,NA,NA,10,NA,NA,NA,1676.4,NA,NA,NA,NA,-3.74,NA,-3.06,89353.74,0,0,0,-6.2,0,0,0,NA,NA,NA,NA,NA,NA,NA,NA,"0.029",1.6,57,52,0,2.2
2020-01-11 13:00:00,100406.37,1.7,-2.2,74.6,5.14,120,NA,100630,NA,554,8015,NA,NA,453,554,NA,NA,10,NA,NA,NA,1432.56,NA,NA,NA,NA,-2.75,NA,-3.06,89323.61,0,0,0,-6.5,0,0,0,NA,NA,NA,NA,NA,NA,NA,NA,"0.031",1.9,17,48,0.6,1
2020-01-11 14:00:00,100406.37,2,-1.7,74.78,4.63,120,NA,100660,NA,NA,NA,NA,NA,423,554,NA,NA,10,NA,NA,NA,1524,NA,NA,NA,NA,-2.21,NA,-2.06,89323.61,0,0,0,-6.4,0,0,0,NA,NA,NA,NA,NA,NA,NA,NA,"0.027",1.4,28,60,1.1,0
2020-01-11 15:00:00,100406.37,2,-1.1,80.49,5.66,140,NA,100690,NA,NA,NA,NA,NA,422,504,NA,NA,10,NA,NA,NA,1524,NA,NA,NA,NA,-2.75,NA,-1.05,89323.61,0,0,0,-6.5,0,0,0,NA,NA,NA,NA,NA,NA,NA,NA,"0.029",1.5,47,55,1,0.5
2020-01-11 16:00:00,100440.24,2,-0.6,80.49,6.17,140,NA,100720,NA,NA,3006,NA,NA,554,704,NA,NA,10,2.2,0,NA,1676.4,NA,NA,NA,NA,-2.99,NA,-1.05,89353.74,0,0,0,-6.5,0,0,0,NA,NA,NA,NA,NA,NA,NA,NA,"0.029",1.5,90,64,0.7,-0.9
2020-01-11 17:00:00,100474.1,1,-0.6,86.48,5.66,160,NA,100770,NA,704,NA,NA,NA,484,553,NA,NA,10,NA,NA,NA,1676.4,NA,NA,NA,NA,-4.01,NA,-1.03,89383.86,0,0,0,-5.9,0,0,0,NA,NA,NA,NA,NA,NA,NA,NA,"0.038",2.8,190,34,1.3,0.2
2020-01-11 18:00:00,100507.97,1,-0.6,86.48,5.14,160,NA,100770,NA,NA,NA,NA,NA,493,579,NA,NA,10,NA,NA,NA,1493.52,NA,NA,NA,NA,-3.74,NA,-1.03,89413.99,0,0,0,-6,0,0,0,NA,NA,NA,NA,NA,NA,NA,NA,"0.037",3.1,224,33,1.3,2.9
2020-01-11 19:00:00,100507.97,1,-0.6,86.48,5.66,160,NA,100800,NA,NA,1006,NA,NA,504,604,NA,NA,10,NA,NA,NA,1524,NA,NA,NA,NA,-4.01,NA,-1.03,89413.99,0,0,0,-6.1,0,0,0,NA,NA,NA,NA,NA,NA,NA,NA,"0.035",2.7,243,30,1.2,0.5
2020-01-11 20:00:00,100541.83,1,-0.6,86.48,5.66,160,NA,100830,NA,NA,NA,NA,NA,504,604,NA,NA,10,NA,NA,NA,1524,NA,NA,NA,NA,-4.01,NA,-1.03,89444.12,0,0,0,-6.1,0,0,0,NA,NA,NA,NA,NA,NA,NA,NA,"0.035",3.2,211,27,1.2,1.2
2020-01-11 21:00:00,100575.69,1,-1.7,80.49,4.12,170,NA,100830,NA,NA,NA,NA,NA,413,504,NA,NA,10,NA,NA,NA,1432.56,NA,NA,NA,NA,-2.77,NA,-1.05,89474.24,0,0,0,-6.3,0,0,0,NA,NA,NA,NA,NA,NA,NA,NA,"0.033",1.8,262,37,1.1,2.2
2020-01-11 22:00:00,100609.56,2,-4.4,69.22,4.12,190,NA,100890,NA,754,3012,NA,NA,426,503,NA,NA,10,2.2,1.1,NA,1524,NA,NA,NA,NA,-2.21,NA,-4.07,89504.37,0,0,0,-7.5,0,0,0,NA,NA,NA,NA,NA,NA,NA,NA,"0.035",2.5,243,34,1.4,2.5
2020-01-11 23:00:00,100643.42,1,-4.4,69.22,2.57,200,NA,100900,NA,1203,NA,NA,NA,456,953,NA,NA,10,NA,NA,NA,3048,NA,2.2,-4.4,NA,-1.36,NA,-4.07,89534.49,0,0,0,-6.9,0,0,0,NA,NA,NA,NA,NA,NA,NA,NA,"0.036",2.8,234,24,1.2,2
2020-01-12,100677.29,1,-5,69.22,0,0,NA,100890,NA,NA,NA,NA,NA,473,554,NA,NA,10,NA,NA,NA,1417.32,NA,NA,NA,NA,-0.68,NA,-4.07,89564.62,0,0,0,-7.3,0,0,1,NA,NA,NA,NA,NA,NA,NA,NA,"0.037",2.1,260,36,0.9,0
2020-01-12 01:00:00,100677.29,1,-4.4,64.18,2.06,250,NA,100880,NA,654,1,NA,NA,473,554,NA,NA,10,NA,NA,NA,1524,NA,NA,NA,NA,-1.36,NA,-5.09,89564.62,0,0,0,-7.7,0,0,0,NA,NA,NA,NA,NA,NA,NA,NA,"0.041",3,255,25,0.8,0
2020-01-12 02:00:00,100677.29,0,-4.4,74.41,0,0,NA,100910,NA,879,NA,NA,NA,456,603,NA,NA,10,NA,NA,NA,1676.4,NA,NA,NA,NA,-2.77,NA,-4.06,89564.62,0,0,0,-7.2,0,0,1,NA,NA,NA,NA,NA,NA,NA,NA,"0.041",2,274,34,0.3,-0.1
2020-01-12 03:00:00,100677.29,-1,-3.9,86.26,1.8,80,NA,100910,20,903.5,NA,0.025,NA,929,423,NA,NA,10,NA,NA,NA,2819.4,NA,NA,NA,NA,-3.7,NA,-3.03,89564.62,0,0,0,-6.6,0,0,1,NA,NA,NA,NA,NA,NA,NA,NA,"0.042",2.2,279,39,-0.1,-0.6
2020-01-12 04:00:00,100643.42,-1,-6.1,74.22,2.06,190,NA,100840,NA,NA,8003,NA,NA,1104,NA,0.025,NA,10,2.2,-1.1,NA,3352.8,NA,NA,NA,NA,-2.96,NA,-5.06,89534.49,0,0,0,-6.8,0,0,0,NA,NA,NA,NA,NA,NA,NA,NA,"0.042",1.8,227,46,0.1,0.2
2020-01-12 05:00:00,100609.56,0,-6.7,60.6,0,0,NA,100850,NA,NA,NA,NA,NA,1004,NA,NA,NA,10,NA,NA,NA,3048,NA,NA,NA,NA,-1.605,NA,-6.1,89504.37,0,0,0,-8,0,0,1,NA,NA,NA,NA,NA,NA,NA,NA,"0.04",1.3,238,56,-0.3,-1.7
2020-01-12 06:00:00,100575.69,0,-5.6,63.94,2.06,110,NA,100820,NA,NA,NA,NA,NA,904,954,NA,NA,10,NA,NA,NA,2743.2,NA,NA,NA,NA,-2.53,NA,-6.09,89474.24,0,0,0,-8.1,0,0,0,NA,NA,NA,NA,NA,NA,NA,NA,"0.036",1,270,71,-0.9,-0.7
2020-01-12 07:00:00,100575.69,-1,-5.6,68.78,3.09,120,NA,100810,NA,1204,7005,NA,NA,446,1004,NA,NA,10,NA,NA,NA,3048,NA,NA,NA,NA,-4.78,NA,-6.08,89474.24,0,0,0,-7.1,0,0,0,NA,NA,NA,NA,NA,NA,NA,NA,"0.042",2.6,207,46,-0.6,2
2020-01-12 08:00:00,100575.69,-1,-4.4,74.22,5.14,150,NA,100800,NA,NA,NA,NA,NA,904,1004,NA,NA,10,NA,NA,NA,2743.2,NA,NA,NA,NA,-6.25,NA,-5.06,89474.24,0,0,0,-7.1,0,0,0,NA,NA,NA,NA,NA,NA,NA,NA,"0.044",3.8,180,26,-0.6,2.7
2020-01-12 09:00:00,100575.69,-1,-4.4,80.04,5.14,160,NA,100820,NA,NA,NA,NA,NA,904,1104,NA,NA,10,NA,NA,NA,2743.2,NA,NA,NA,NA,-6.25,NA,-4.05,89474.24,0,0,0,-6.9,0,0,0,NA,NA,NA,NA,NA,NA,NA,NA,"0.043",3.2,177,32,-0.5,3
2020-01-12 10:00:00,100575.69,0,-3.9,74.41,5.14,160,NA,100770,NA,NA,8002,NA,NA,802,1103,NA,NA,10,0.6,-0.6,NA,1905,NA,NA,NA,NA,-5,NA,-4.06,89474.24,0,0,0,-7.4,0,0,0,NA,NA,NA,NA,NA,NA,NA,NA,"0.042",3.4,185,30,0.3,0.5
2020-01-12 11:00:00,100507.97,1,-4.4,69.22,5.66,150,NA,100650,NA,NA,NA,NA,NA,466,NA,NA,NA,10,NA,NA,NA,1371.6,NA,NA,NA,NA,-3.74,NA,-4.07,89413.99,0,0,0,-7.7,0,0,0,NA,NA,NA,NA,NA,NA,NA,NA,"0.042",3.1,194,26,1.2,2.2
2020-01-12 12:00:00,100372.51,2,-5,59.74,5.66,160,NA,100530,NA,NA,NA,NA,NA,496,NA,NA,NA,10,NA,NA,NA,1828.8,NA,NA,NA,NA,-2.75,NA,-5.1,89293.49,0,0,0,-7.8,0,0,0,NA,NA,NA,NA,NA,NA,NA,NA,"0.041",3.2,208,31,2,1.5
2020-01-12 13:00:00,100270.92,2,-5,55.64,7.2,160,NA,100400,NA,NA,7031,NA,NA,604,NA,NA,NA,10,NA,NA,NA,1828.8,NA,NA,NA,NA,-2.99,NA,-5.11,89203.11,0,0,0,-7.5,0,0,0,NA,NA,NA,NA,NA,NA,NA,NA,"0.042",4.1,191,24,2.2,1.5
2020-01-12 14:00:00,100135.46,3,-6.1,51.56,6.17,160,NA,100310,NA,NA,NA,NA,NA,604,754,NA,NA,10,NA,NA,NA,1981.2,NA,NA,NA,NA,-1.72,NA,-6.11,89082.6,0,0,0,-8.5,0,0,0,NA,NA,NA,NA,NA,NA,NA,NA,"0.042",3.4,191,22,2.9,0.8
2020-01-12 15:00:00,100033.87,3,-6.1,51.56,6.17,150,NA,100220,NA,NA,NA,NA,NA,604,804,NA,NA,10,NA,NA,NA,1981.2,NA,NA,NA,NA,-1.94,NA,-6.11,88992.22,0,0,0,-9.2,0,0,0,NA,NA,NA,NA,NA,NA,NA,NA,"0.042",3.4,179,26,2.9,-0.9
2020-01-12 16:00:00,100000.01,2,-5.6,55.36,5.66,150,11.32,100160,NA,NA,6021,NA,NA,604,754,NA,NA,10,2.8,0.6,NA,1828.8,NA,NA,NA,NA,-2.75,NA,-6.11,88962.1,0,0,0,-8.4,0,0,0,NA,NA,NA,NA,NA,NA,NA,NA,"0.042",4.5,177,24,2.2,-0.6
2020-01-12 17:00:00,99966.14,2,-5,59.74,7.2,150,11.83,100140,NA,NA,NA,NA,NA,464,704,NA,NA,10,NA,NA,NA,1402.08,NA,NA,NA,NA,-3.42,NA,-5.1,88931.97,0,0,0,-8.8,0,0,0,NA,NA,NA,NA,NA,NA,NA,NA,"0.041",5.5,177,21,1.6,0
2020-01-12 18:00:00,99898.42,2,-3.9,64.42,6.69,150,9.515,100090,NA,NA,NA,NA,NA,494,704,NA,NA,10,NA,NA,NA,1493.52,NA,NA,NA,NA,-3.22,NA,-4.09,88871.72,0,0,0,-8.9,0,0,0,NA,NA,NA,NA,NA,NA,NA,NA,"0.041",5.1,172,23,0.7,1.5
2020-01-12 19:00:00,99830.69,1,-4.4,69.22,6.69,130,NA,100050,NA,NA,8013,NA,NA,604,679,NA,NA,10,NA,NA,NA,1828.8,NA,NA,NA,NA,-4.5,NA,-4.07,88811.47,0,0,0,-7.8,0,0,0,NA,NA,NA,NA,NA,NA,NA,NA,"0.041",3.7,186,35,0.6,1.2
2020-01-12 20:00:00,99830.69,0,-2.2,80.19,8.23,140,11.32,100050,20,1104,NA,0.025,NA,484,603,NA,NA,10,NA,NA,14.4,1676.4,NA,NA,NA,160,-6.3,NA,-3.05,88811.47,0,0,0,-6.8,0,0,0,NA,NA,NA,NA,NA,NA,NA,NA,"0.041",3.3,167,32,0,1.5
2020-01-12 21:00:00,99762.96,0.8,-2.5,76.265,7.72,140,12.35,100010,NA,829,NA,NA,NA,331,578,NA,NA,10,NA,NA,NA,1676.4,NA,NA,NA,NA,-5.47,NA,-3.055,88751.22,0,0,0,-7.6,0,0,0,NA,NA,NA,NA,NA,NA,NA,NA,"0.041",3.7,164,32,0.1,0
2020-01-12 22:00:00,99796.82,0,-1.7,86.37,4.63,155,NA,100050,2500,494,5001,0.025,NA,175,433,0.254,NA,3.25,2.2,-0.6,NA,701.04,NA,NA,NA,NA,-5.105,NA,-2.03,88781.34,0,0,0,-6.7,0,0,0,NA,NA,NA,NA,NA,NA,NA,NA,"0.041",2.9,194,35,-0.4,-0.1
2020-01-12 23:00:00,99796.82,-1,-2.2,92.91,4.12,100,NA,100030,2500,1004,NA,0.025,NA,316,704.5,NA,NA,10,NA,NA,NA,3048,NA,2.8,-1.1,NA,-5.6,NA,-2.02,88781.34,0,0,0,-5.7,0,0,0,NA,NA,NA,NA,NA,NA,NA,NA,"0.041",1.6,254,43,-0.4,2.3
2020-01-13,99864.55,0,-7.2,74.41,4.12,190,NA,100130,NA,NA,NA,NA,NA,462,554,NA,NA,10,NA,NA,NA,1432.56,NA,NA,NA,NA,-4.01,NA,-4.06,88841.59,0,0,0,-7.5,0,0,0,NA,NA,NA,NA,NA,NA,NA,NA,"0.04",2.3,245,41,-1,1.7
2020-01-13 01:00:00,100000.01,0,-7.8,58.95,4.12,190,NA,100230,NA,1103,3018,NA,0.025,503,603,NA,NA,10,NA,NA,NA,1676.4,NA,NA,NA,NA,-4.37,NA,-8.1,88962.1,0,0,0,-8,0,0,0,NA,NA,NA,NA,NA,NA,NA,NA,"0.043",3.5,224,52,-0.9,1
2020-01-13 02:00:00,100067.74,-2,-7.2,68.56,6.69,170,10.285,100380,NA,1003,NA,NA,NA,553,704,NA,NA,10,NA,NA,NA,1676.4,NA,NA,NA,NA,-7.72,NA,-7.27,89022.36,0,0,0,-7.1,0,0,0,NA,NA,NA,NA,NA,NA,NA,NA,"0.044",3,268,54,-2.8,2.3
2020-01-13 03:00:00,100203.19,-3,-6.95,73.84,2.06,180,NA,100470,20,1003,NA,0.025,NA,362,553,NA,NA,10,NA,NA,NA,1676.4,NA,NA,NA,NA,-6.785,NA,-7.08,89142.85,0,0,0,-7.3,0,0,0,NA,NA,NA,NA,NA,NA,NA,NA,"0.039",1.3,56,70,-3.3,0.8
2020-01-13 04:00:00,100203.19,-3,-8.9,68.34,4.12,210,NA,100450,NA,NA,1018,NA,NA,272,NA,0.025,0.254,10,0.6,-3.9,NA,NA,NA,NA,NA,NA,-8.06,NA,-8.08,89142.85,0,0,0,-7.2,0,0,0,NA,NA,NA,NA,NA,NA,NA,NA,"0.035",1.5,73,66,-4.1,0.2
2020-01-13 05:00:00,100203.19,-4,-9.4,68.11,3.09,160,NA,100490,NA,NA,NA,NA,NA,1,NA,NA,NA,10,NA,NA,NA,NA,NA,NA,NA,NA,-8.06,NA,-9.08,89142.85,0,0,0,-6.6,0,0,0,NA,NA,NA,NA,NA,NA,NA,NA,"0.039",1.9,219,46,-3.2,2.7
2020-01-13 06:00:00,100237.06,-3,-9.4,63.2,2.06,150,NA,100510,NA,678.5,NA,NA,NA,423,653,NA,NA,10,NA,NA,NA,1524,NA,NA,NA,NA,-6.61,NA,-9.09,89172.99,0,0,0,-7.9,0,0,0,NA,NA,NA,NA,NA,NA,NA,NA,"0.033",1.3,274,74,-3.6,2
2020-01-13 07:00:00,100270.92,-4,-8.9,68.11,2.06,140,NA,100580,NA,852,3007,NA,NA,552,703,NA,NA,10,NA,NA,NA,2133.6,NA,NA,NA,NA,-8.87,NA,-9.08,89203.11,0,0,0,-7,0,0,0,NA,NA,NA,NA,NA,NA,NA,NA,"0.031",2,196,40,-4.2,0.5
2020-01-13 08:00:00,100304.78,-4,-7.8,73.65,6.17,170,NA,100670,NA,853,NA,NA,NA,486,703,NA,NA,10,NA,NA,NA,2362.2,NA,NA,NA,NA,-10.62,NA,-8.07,89233.23,0,0,0,-7,0,0,0,NA,NA,NA,NA,NA,NA,NA,NA,"0.041",2.9,192,34,-3.6,2.3
2020-01-13 09:00:00,100440.24,-4,-6.7,79.58,5.14,170,NA,100730,NA,NA,NA,NA,NA,1,NA,NA,NA,10,NA,NA,NA,NA,NA,NA,NA,NA,-9.67,NA,-7.05,89353.74,0,0,0,-6.8,0,0,0,NA,NA,NA,NA,NA,NA,NA,NA,"0.042",3.5,191,34,-3.6,2.5
2020-01-13 10:00:00,100507.97,-3,-7.2,68.56,4.63,180,NA,100820,NA,1004,3023,NA,NA,606,903,NA,NA,10,-2.2,-5,NA,1981.2,NA,NA,NA,NA,-8.06,NA,-7.08,89413.99,0,0,0,-7,0,0,0,NA,NA,NA,NA,NA,NA,NA,NA,"0.041",3,218,31,-3.6,1.7
2020-01-13 11:00:00,100609.56,-2,-7.2,68.56,3.09,190,NA,100880,NA,1003,NA,NA,NA,602,853,NA,NA,10,NA,NA,NA,2743.2,NA,NA,NA,NA,-5.99,NA,-7.08,89504.37,0,0,0,-7.9,0,0,0,NA,NA,NA,NA,NA,NA,NA,NA,"0.039",1.4,272,51,-2.8,2.4
2020-01-13 12:00:00,100643.42,-2,-13.3,42.63,5.14,250,8.23,100890,NA,929,NA,NA,NA,652,853.5,NA,NA,10,NA,NA,13.38,2438.4,NA,NA,NA,280,-7.18,NA,-13.14,89534.49,0,0,0,-7.7,0,0,0,NA,NA,NA,NA,NA,NA,NA,NA,"0.041",2.5,274,34,-2.4,1.7
2020-01-13 13:00:00,100643.42,-2,-11.7,46.23,4.63,240,7.2,100930,NA,904,1009,NA,NA,603,752,NA,NA,10,NA,NA,NA,1828.8,NA,NA,NA,NA,-6.83,NA,-12.13,89534.49,0,0,0,-8.7,0,0,0,NA,NA,NA,NA,NA,NA,NA,NA,"0.042",2.5,285,38,-2.6,NA
2020-01-13 14:00:00,100677.29,-2,-12.2,46.23,2.06,270,NA,101010,NA,854,NA,NA,NA,602,753,NA,NA,10,NA,NA,NA,1828.8,NA,NA,NA,NA,-4.86,NA,-12.13,89564.62,0,0,0,-8.8,0,0,0,NA,NA,NA,NA,NA,NA,NA,NA,"0.042",1.8,255,51,-2.6,0.7
2020-01-13 15:00:00,100711.15,-2,-11.7,46.23,1.54,260,NA,101030,NA,NA,NA,NA,NA,754,NA,NA,NA,10,NA,NA,NA,2286,NA,NA,NA,NA,-5.55,NA,-12.13,89594.75,0,0,0,-9.3,0,0,1,NA,NA,NA,NA,NA,NA,NA,NA,"0.042",1.8,283,44,-2.4,-0.2
2020-01-13 16:00:00,100745.01,-2,-10,46.23,2.06,270,NA,101060,NA,854,1008,NA,NA,553,704,NA,NA,10,-1.1,-2.8,NA,2133.6,NA,NA,NA,NA,-4.86,NA,-12.13,89624.87,0,0,0,-9.1,0,0,0,NA,NA,NA,NA,NA,NA,NA,NA,"0.039",1.3,280,52,-2.9,0.2
2020-01-13 17:00:00,100745.01,-3,-10,58.41,2.06,240,NA,101070,NA,903,NA,NA,NA,702,852.5,NA,NA,10,NA,NA,NA,2590.8,NA,NA,NA,NA,-6.34,NA,-10.1,89624.87,0,0,0,-8.8,0,0,0,NA,NA,NA,NA,NA,NA,NA,NA,"0.035",0.7,202,45,-3.4,2.9
2020-01-13 18:00:00,100711.15,-3,-8.9,63.2,1.54,200,NA,101020,NA,1104,NA,NA,NA,503,702,NA,NA,10,NA,NA,NA,1828.8,NA,NA,NA,NA,-5.25,NA,-9.09,89594.75,0,0,0,-9.1,0,0,1,NA,NA,NA,NA,NA,NA,NA,NA,"0.029",0.6,227,74,-3.7,2.9
2020-01-13 19:00:00,100643.42,-4,-8.3,68.11,1.54,200,NA,101010,NA,1104,8008,NA,NA,653,878.5,NA,NA,10,NA,NA,NA,1981.2,NA,NA,NA,NA,-6.39,NA,-9.08,89534.49,0,0,0,-7.6,0,0,1,NA,NA,NA,NA,NA,NA,NA,NA,"0.035",1.9,141,46,-4.2,2
2020-01-13 20:00:00,100609.56,-3,-7.8,68.34,0,0,NA,100950,NA,NA,NA,NA,NA,504,NA,NA,NA,10,NA,NA,NA,1524,NA,NA,NA,NA,-6.39,NA,-8.08,89504.37,0,0,0,-8,0,0,1,NA,NA,NA,NA,NA,NA,NA,NA,"0.04",2.7,104,38,-4.9,1.5
2020-01-13 21:00:00,100575.69,-4,-6.7,79.58,2.06,190,NA,100910,6,NA,NA,NA,NA,463,554,NA,NA,9,NA,NA,NA,1402.08,NA,NA,NA,NA,-7.52,NA,-7.05,89474.24,0,0,0,-6.7,0,0,0,NA,NA,NA,NA,NA,NA,NA,NA,"0.039",2.6,87,47,-5,0.7
2020-01-13 22:00:00,100541.83,-4,-6.7,79.58,0,0,NA,100880,2500,NA,6010,0.025,NA,454,554,0.025,NA,5,-2.2,-4.4,NA,1371.6,NA,NA,NA,NA,NA,NA,-7.05,89444.12,0,0,0,-6.3,0,0,1,NA,NA,NA,NA,NA,NA,NA,NA,"0.037",1.5,43,53,-5.4,0.6
2020-01-13 23:00:00,100507.97,-5,-6.7,85.82,0,0,NA,100830,2500,NA,NA,0.025,NA,474,NA,NA,NA,6,NA,NA,NA,1432.56,NA,0.6,-5,NA,-7.53,NA,-7.04,89413.99,0,0,0,-4.8,0,0,1,NA,NA,NA,NA,NA,NA,NA,NA,"0.038",1.6,32,46,-5.5,2.5
2020-01-14,100440.24,-5,-7.8,85.82,1.54,50,NA,100730,31,804,NA,0.025,NA,602,754,NA,NA,10,NA,NA,NA,2286,NA,NA,NA,NA,-8.87,NA,-7.04,89353.74,0,0,0,-4.8,0,0,1,NA,NA,NA,NA,NA,NA,NA,NA,"0.033",0.9,122,62,-6.1,2.5
2020-01-14 01:00:00,100372.51,-5,-8.3,85.71,2.06,110,NA,100680,NA,NA,8018,NA,0.025,604,804,NA,NA,10,NA,NA,NA,2133.6,NA,NA,NA,NA,-9.1,NA,-8.04,89293.49,0,0,0,-4.9,0,0,0,NA,NA,NA,NA,NA,NA,NA,NA,"0.029",0.9,200,59,-6.6,1.5
2020-01-14 02:00:00,100372.51,-6,-8.9,79.42,4.12,100,NA,100690,NA,NA,NA,NA,NA,604,704,NA,NA,10,NA,NA,NA,1828.8,NA,NA,NA,NA,-11.3,NA,-8.05,89293.49,0,0,0,-4,0,0,0,NA,NA,NA,NA,NA,NA,NA,NA,"0.023",0.9,197,70,-7.4,2.5
2020-01-14 03:00:00,100372.51,-6,-8.9,85.71,3.6,110,NA,100690,NA,NA,NA,NA,NA,604,704,NA,NA,10,NA,NA,NA,1828.8,NA,NA,NA,NA,-11.3,NA,-8.04,89293.49,0,0,0,-4.1,0,0,0,NA,NA,NA,NA,NA,NA,NA,NA,"0.026",0.9,251,48,-7.2,2.3
2020-01-14 04:00:00,100338.65,-6,-8.3,85.71,3.09,110,NA,100690,20,NA,8001,0.025,NA,503,629,0.025,NA,8,-4.4,-5.6,NA,1524,NA,NA,NA,NA,-10.8,NA,-8.04,89263.36,0,0,0,-4.1,0,0,0,NA,NA,NA,NA,NA,NA,NA,NA,"0.031",0.9,155,70,-6.8,2.8
2020-01-14 05:00:00,100338.65,-6,-7.8,85.71,3.09,140,NA,100660,20,NA,NA,0.025,NA,504,654,NA,NA,10,NA,NA,NA,1524,NA,NA,NA,NA,-10.8,NA,-8.04,89263.36,0,0,0,-4,0,0,0,NA,NA,NA,NA,NA,NA,NA,NA,"0.026",1.3,226,54,-6.9,1.8
2020-01-14 06:00:00,100304.78,-6,-7.8,85.71,0.77,55,NA,100690,2500,NA,NA,0.025,NA,504,629,NA,NA,4,NA,NA,NA,1524,NA,NA,NA,NA,-8.67,NA,-8.04,89233.23,0,0,0,-3.8,0,0,1,NA,NA,NA,NA,NA,NA,NA,NA,"0.026",1.1,215,46,-7,1
2020-01-14 07:00:00,100338.65,-6,-7.8,85.71,1.54,100,NA,100750,2500,NA,3003,0.254,0.254,194,NA,NA,NA,1.75,NA,NA,NA,579.12,NA,NA,NA,NA,-8.79,NA,-8.04,89263.36,0,0,0,-3.5,0,0,1,NA,NA,NA,NA,NA,NA,NA,NA,"0.025",0.5,228,56,-7,3
2020-01-14 08:00:00,100406.37,-6,-7.8,85.71,1.54,140,NA,100800,2500,1004,NA,0.025,NA,244,748.5,NA,NA,1.5,NA,NA,NA,731.52,NA,NA,NA,NA,-9.53,NA,-8.04,89323.61,0,0,0,-3.6,0,0,1,NA,NA,NA,NA,NA,NA,NA,NA,"0.025",0.9,36,81,-6.7,2.5
2020-01-14 09:00:00,100541.83,-6,-7.2,85.71,1.54,140,NA,100950,1265.5,603.5,NA,0.025,NA,263,493,NA,NA,2,NA,NA,NA,1112.52,NA,NA,NA,NA,-8.67,NA,-7.14,89444.12,0,0,0,-3.3,0,0,1,NA,NA,NA,NA,NA,NA,NA,NA,"0.018",1.1,196,71,-6.5,4
2020-01-14 10:00:00,100609.56,-4,-7.2,73.65,0,0,NA,100970,NA,NA,1022,NA,NA,552,752,0.254,NA,10,-3.3,-6.1,NA,1676.4,NA,NA,NA,NA,-6.39,NA,-8.07,89504.37,0,0,0,-5.2,0,0,1,NA,NA,NA,NA,NA,NA,NA,NA,"0.019",1.3,297,59,-6.1,7.9
2020-01-14 11:00:00,100609.56,-3,-6.7,73.84,1.54,130,NA,100970,NA,753,NA,NA,NA,702,652,NA,NA,10,NA,NA,NA,2209.8,NA,NA,NA,NA,-6.03,NA,-7.07,89504.37,0,0,0,-4.7,0,0,1,NA,NA,NA,NA,NA,NA,NA,NA,"0.025",1.2,211,72,-4.2,8
2020-01-14 12:00:00,100541.83,-2,-7.2,68.56,2.06,140,NA,100860,NA,753,NA,NA,NA,506,752,NA,NA,10,NA,NA,NA,2133.6,NA,NA,NA,NA,-5.25,NA,-7.08,89444.12,0,0,0,-5.9,0,0,0,NA,NA,NA,NA,NA,NA,NA,NA,"0.026",1,69,58,-1.7,6.1
2020-01-14 13:00:00,100541.83,-2,-5.6,68.56,1.54,160,NA,100880,20,704,5006,0.025,0.025,369.5,483.5,NA,NA,9,NA,NA,NA,1280.16,NA,NA,NA,NA,-5.11,NA,-7.08,89444.12,0,0,0,-5,0,0,1,NA,NA,NA,NA,NA,NA,NA,NA,"0.027",1.2,319,60,-1.4,4.2
2020-01-14 14:00:00,100541.83,-1,-7.8,68.78,1.54,40,NA,100870,NA,854,NA,NA,NA,443,603,NA,NA,10,NA,NA,NA,1676.4,NA,NA,NA,NA,-3.7,NA,-6.08,89444.12,0,0,0,-6.8,0,0,1,NA,NA,NA,NA,NA,NA,NA,NA,"0.03",1.2,38,56,-1.5,3.4
2020-01-14 15:00:00,100677.29,-2.8,-5,86.04,1.54,275,NA,101040,2403,703,NA,0.254,NA,203.5,554,NA,NA,1.875,NA,NA,NA,609.6,0,NA,NA,NA,-6.65,NA,-5.04,89564.62,0,0,0,-6.1,0,0,1,NA,NA,NA,NA,NA,NA,NA,NA,"0.033",1.8,286,41,-2.5,3.7
2020-01-14 16:00:00,100711.15,-3,-5,92.79,0,0,NA,101090,20,729,3017,0.025,NA,333,454,0.254,NA,8,-0.6,-3.9,NA,1158.24,NA,NA,NA,NA,-5.25,NA,-4.02,89594.75,0,0,0,-6.5,0,0,1,NA,NA,NA,NA,NA,NA,NA,NA,"0.027",1.3,45,42,-3.5,3.4
2020-01-14 17:00:00,100745.01,-3,-5.6,84.07,3.6,240,NA,101180,2420,NA,NA,0.254,NA,343,454,NA,NA,5,NA,NA,NA,1036.32,NA,NA,NA,NA,-8.01,NA,-5.64,89624.87,0,0,0,-7.7,0,0,0,NA,NA,NA,NA,NA,NA,NA,NA,"0.029",1.5,131,61,-3.8,2.9
2020-01-14 18:00:00,100846.6,-4,-6.1,85.93,0,0,NA,101250,NA,954,NA,NA,NA,702,828.5,NA,NA,10,NA,NA,NA,3048,NA,NA,NA,NA,-6.795,NA,-6.04,89715.25,0,0,0,-7,0,0,1,NA,NA,NA,NA,NA,NA,NA,NA,"0.028",1.4,119,73,-4.9,3.7
2020-01-14 19:00:00,100948.2,-4,-7.2,85.93,3.09,150,NA,101350,NA,904,3021,NA,0.254,486,703,NA,NA,10,NA,NA,NA,2133.6,NA,NA,NA,NA,-9.205,NA,-6.04,89805.63,0,0,0,-7.4,0,0,0,NA,NA,NA,NA,NA,NA,NA,NA,"0.029",2,235,45,-4.8,5.7
2020-01-14 20:00:00,101015.92,-4,-10,68.34,4.12,250,NA,101480,NA,854,NA,NA,NA,456,804,NA,NA,10,NA,NA,NA,2133.6,NA,NA,NA,NA,-9.07,NA,-8.08,89865.88,0,0,0,-7.6,0,0,0,NA,NA,NA,NA,NA,NA,NA,NA,"0.042",3.8,236,26,-4.2,4.9
2020-01-14 21:00:00,101151.38,-5,-8.9,73.45,2.06,280,NA,101580,NA,953,NA,NA,NA,486,703,NA,NA,10,NA,NA,NA,2590.8,NA,NA,NA,NA,-8.67,NA,-9.07,89986.38,0,0,0,-7,0,0,0,NA,NA,NA,NA,NA,NA,NA,NA,"0.044",4.6,238,17,-4.7,2.3
2020-01-14 22:00:00,101252.97,-6,-11.7,67.65,3.6,240,NA,101700,NA,NA,1030,NA,NA,556,753,0.254,NA,10,-2.8,-7.8,NA,2286,NA,NA,NA,NA,-11.59,NA,-11.08,90076.76,0,0,0,-6.6,0,0,0,NA,NA,NA,NA,NA,NA,NA,NA,"0.042",3,272,37,-6,0.3
2020-01-14 23:00:00,101354.56,-7,-10.6,73.06,2.06,240,NA,101800,NA,NA,NA,NA,NA,503,752,NA,NA,10,NA,NA,NA,1524,NA,-0.6,-7.8,NA,-11.87,NA,-11.07,90167.14,0,0,0,-6.2,0,0,0,NA,NA,NA,NA,NA,NA,NA,NA,"0.042",2.2,257,42,-6.9,-2.3
2020-01-15,101456.15,-6,-8.3,79.26,0,0,NA,101840,20,NA,NA,0.025,NA,363,554,NA,NA,6,NA,NA,NA,1097.28,NA,NA,NA,NA,-10.115,NA,-9.05,90257.51,0,0,0,-7.9,0,0,1,NA,NA,NA,NA,NA,NA,NA,NA,"0.042",2.1,270,49,-6.9,-3.5
2020-01-15 01:00:00,101557.75,-6.7,-8.3,88.34,2.57,310,NA,102000,2500,603,3028,0.025,0.025,344,503,NA,NA,2.5,NA,NA,NA,975.36,NA,NA,NA,NA,-10.7,NA,-8.32,90347.9,0,0,0,-7.1,0,0,0,NA,NA,NA,NA,NA,NA,NA,NA,"0.042",2.8,255,35,-6.8,-5.9
2020-01-15 02:00:00,101659.34,-7.8,-10.6,78.94,3.6,260,NA,102110,NA,NA,NA,NA,NA,486,604,NA,NA,10,NA,NA,NA,NA,NA,NA,NA,NA,-13.21,NA,-11.05,90438.28,0,0,0,-6.3,0,0,0,NA,NA,NA,NA,NA,NA,NA,NA,"0.034",1.7,328,74,-7.9,-3.8
2020-01-15 03:00:00,101794.79,-8,-11.7,78.77,1.54,100,NA,102230,NA,NA,NA,NA,NA,503,NA,NA,NA,10,NA,NA,NA,1524,NA,NA,NA,NA,-11.585,NA,-12.05,90558.78,0,0,0,-6.6,0,0,1,NA,NA,NA,NA,NA,NA,NA,NA,"0.026",1.1,207,76,-9.2,1.1
2020-01-15 04:00:00,101828.66,-8,-13.3,72.85,2.06,50,NA,102230,NA,NA,1020,NA,NA,493,NA,0.025,0.762,10,-6.1,-9.4,NA,1493.52,NA,NA,NA,NA,-13.04,NA,-12.07,90588.91,0,0,0,-6.7,0,0,0,NA,NA,NA,NA,NA,NA,NA,NA,"0.018",0.9,127,80,-11.1,4
2020-01-15 05:00:00,101828.66,-10,-13.9,72.65,1.54,90,NA,102300,NA,NA,NA,NA,NA,1,552,NA,NA,10,NA,NA,NA,1493.52,NA,NA,NA,NA,-12.67,NA,-14.05,90588.91,0,0,0,-5,0,0,1,NA,NA,NA,NA,NA,NA,NA,NA,"0.015",1,60,63,-12.2,4.7
2020-01-15 06:00:00,101862.52,-10,-14.4,78.61,2.06,100,NA,102390,NA,NA,NA,NA,NA,1,NA,NA,NA,10,NA,NA,NA,NA,NA,NA,NA,NA,-15.62,NA,-14.04,90619.03,0,0,0,-6.2,0,0,0,NA,NA,NA,NA,NA,NA,NA,NA,"0.014",0.9,77,87,-12.4,4.5
2020-01-15 07:00:00,101930.25,-12,-14.4,80.28,4.12,130,NA,102440,NA,NA,3012,NA,NA,1,NA,NA,NA,10,NA,NA,NA,NA,NA,NA,NA,NA,-19.14,NA,-14.05,90679.28,0,0,0,-3.7,0,0,0,NA,NA,NA,NA,NA,NA,NA,NA,"0.006",1.2,204,85,-12.8,5.4
2020-01-15 08:00:00,101964.11,-12,-15,78.27,3.09,120,NA,102460,NA,NA,NA,NA,NA,1,NA,NA,NA,10,NA,NA,NA,NA,NA,NA,NA,NA,-18.03,NA,-15.05,90709.41,0,0,0,-3.6,0,0,0,NA,NA,NA,NA,NA,NA,NA,NA,"0.004",1,233,80,-13.5,4
2020-01-15 09:00:00,101997.98,-11,-13.3,78.1,3.09,110,NA,102510,6,NA,NA,NA,NA,1,NA,NA,NA,10,NA,NA,NA,NA,NA,NA,NA,NA,-15.62,NA,-14.04,90739.54,0,0,0,-3.9,0,0,0,NA,NA,NA,NA,NA,NA,NA,NA,"0.011",0.7,114,71,-11.3,5
2020-01-15 10:00:00,102014.91,-8,-13.3,67.19,4.12,125,NA,NA,NA,NA,6,NA,NA,1,NA,NA,NA,10,-7.2,-12.8,NA,NA,NA,NA,NA,NA,-13.74,NA,-13.08,90754.6,0,0,0,-4.9,0,0,0,NA,NA,NA,NA,NA,NA,NA,NA,"0.027",0.8,93,65,-6.8,5.8
2020-01-15 11:00:00,101930.25,-7,-12.8,57.58,4.12,140,NA,102320,NA,NA,NA,NA,NA,1,NA,NA,NA,10,NA,NA,NA,NA,NA,NA,NA,NA,-12.01,NA,-13.11,90679.28,0,0,0,-3.7,0,0,0,NA,NA,NA,NA,NA,NA,NA,NA,"0.037",1,274,74,-5.7,4.4
2020-01-15 12:00:00,101794.79,-4,-13.3,49.48,6.17,120,NA,102140,NA,NA,NA,NA,NA,1,NA,NA,NA,10,NA,NA,NA,NA,NA,NA,NA,NA,-10.62,NA,-13.13,90558.78,0,0,0,-6,0,0,0,NA,NA,NA,NA,NA,NA,NA,NA,"0.035",1.3,76,66,-3.6,5.1
2020-01-15 13:00:00,101693.2,-2,-13.3,42.63,5.66,110,NA,102050,NA,NA,6034,NA,NA,1,NA,NA,NA,10,NA,NA,NA,NA,NA,NA,NA,NA,-7.8,NA,-13.14,90468.4,0,0,0,-7.9,0,0,0,NA,NA,NA,NA,NA,NA,NA,NA,"0.043",2.2,181,63,-0.7,4.2
2020-01-15 14:00:00,101591.61,-1,-13.9,36.5,5.14,110,NA,101960,NA,NA,NA,NA,NA,1,NA,NA,NA,10,NA,NA,NA,NA,NA,NA,NA,NA,-6.25,NA,-14.15,90378.02,0,0,0,-8.7,0,0,0,NA,NA,NA,NA,NA,NA,NA,NA,"0.045",3.2,159,52,-0.3,1.5
2020-01-15 15:00:00,101557.75,-1,-14.4,36.5,5.66,110,NA,101930,NA,NA,NA,NA,NA,1,NA,NA,NA,10,NA,NA,NA,NA,NA,NA,NA,NA,-6.54,NA,-14.15,90347.9,0,0,0,-9.3,0,0,0,NA,NA,NA,NA,NA,NA,NA,NA,"0.043",1.8,141,78,-0.4,1.5
2020-01-15 16:00:00,101490.02,-2,-13.3,42.63,6.17,110,NA,101850,NA,NA,8019,NA,NA,1,NA,NA,NA,10,-0.6,-7.2,NA,NA,NA,NA,NA,NA,-8.08,NA,-13.14,90287.65,0,0,0,-8.7,0,0,0,NA,NA,NA,NA,NA,NA,NA,NA,"0.042",2,137,48,-1.3,3.2
2020-01-15 17:00:00,101388.43,-3,-13.3,45.92,7.72,100,10.8,101810,NA,NA,NA,NA,NA,1,NA,NA,NA,10,NA,NA,NA,NA,NA,NA,NA,NA,-10.1,NA,-13.13,90197.27,0,0,0,-8,0,0,0,NA,NA,NA,NA,NA,NA,NA,NA,"0.037",2.4,72,31,-3,2.7
2020-01-15 18:00:00,101354.56,-2,-13.3,42.63,7.2,100,9.26,101790,NA,NA,NA,NA,NA,1,NA,NA,NA,10,NA,NA,NA,NA,NA,NA,NA,NA,-8.58,NA,-13.14,90167.14,0,0,0,-8.7,0,0,0,NA,NA,NA,NA,NA,NA,NA,NA,"0.041",3.5,107,24,-3.6,0.2
2020-01-15 19:00:00,101286.84,-3,-13.3,45.92,7.72,100,11.32,101710,NA,NA,7018,NA,NA,1106,NA,NA,NA,10,NA,NA,NA,NA,NA,NA,NA,NA,-10.1,NA,-13.13,90106.89,0,0,0,-6.9,0,0,0,NA,NA,NA,NA,NA,NA,NA,NA,"0.041",4.2,100,18,-3.8,1.5
2020-01-15 20:00:00,101219.11,-2,-13.3,42.63,8.23,100,11.32,101670,NA,NA,NA,NA,NA,754,904,NA,NA,10,NA,NA,NA,2286,NA,NA,NA,NA,-9.02,NA,-13.14,90046.64,0,0,0,-7.7,0,0,0,NA,NA,NA,NA,NA,NA,NA,NA,"0.042",3.5,104,22,-3,2.7
2020-01-15 21:00:00,101185.24,-2,-12.8,42.63,8.75,100,11.32,101610,NA,NA,NA,NA,NA,756,854,NA,NA,10,NA,NA,NA,2590.8,NA,NA,NA,NA,-9.23,NA,-13.14,90016.51,0,0,0,-6.9,0,0,0,NA,NA,NA,NA,NA,NA,NA,NA,"0.043",3.9,97,20,-2.4,2.9
2020-01-15 22:00:00,101185.24,-2,-13.3,42.63,8.75,100,11.83,NA,NA,NA,6005,NA,NA,704,804,NA,NA,10,-1.7,-3.3,NA,2133.6,NA,NA,NA,NA,-9.23,NA,-13.14,90016.51,0,0,0,-6.6,0,0,0,NA,NA,NA,NA,NA,NA,NA,NA,"0.042",3.1,81,23,-2.5,3.2
2020-01-15 23:00:00,101185.24,-2,-13.3,39.61,8.23,100,12.86,101550,NA,NA,NA,NA,NA,554,NA,NA,NA,10,NA,NA,NA,1676.4,NA,-0.6,-12.8,NA,-8.81,NA,-13.14,90016.51,0,0,0,-6.2,0,0,0,NA,NA,NA,NA,NA,NA,NA,NA,"0.041",2.3,66,31,-2.3,2.9
2020-01-16,101151.38,-2,-12.2,46.23,7.72,100,9.77,101480,NA,NA,NA,NA,NA,484,NA,NA,NA,10,NA,NA,NA,1463.04,NA,NA,NA,NA,-8.81,NA,-12.13,89986.38,0,0,0,-6.7,0,0,0,NA,NA,NA,NA,NA,NA,NA,NA,"0.041",2,47,37,-2.4,0.7
2020-01-16 01:00:00,101151.38,-2,-8.9,46.53,7.2,100,NA,101410,NA,NA,8006,NA,NA,504,NA,NA,NA,10,NA,NA,NA,1524,NA,NA,NA,NA,-8.58,NA,-11.13,89986.38,0,0,0,-6.5,0,0,0,NA,NA,NA,NA,NA,NA,NA,NA,"0.041",1.9,52,36,-2.4,-0.4
2020-01-16 02:00:00,101083.65,-1,-7.8,58.95,6.69,110,NA,101380,NA,NA,NA,NA,NA,604,NA,NA,NA,10,NA,NA,NA,1828.8,NA,NA,NA,NA,-7.29,NA,-8.1,89926.13,0,0,0,-7.3,0,0,0,NA,NA,NA,NA,NA,NA,NA,NA,"0.042",2.9,62,27,-2.5,0.9
2020-01-16 03:00:00,101083.65,-1,-7.8,58.95,6.69,100,NA,101350,NA,NA,NA,NA,NA,554,NA,NA,NA,10,NA,NA,NA,1676.4,NA,NA,NA,NA,-7.06,NA,-8.1,89926.13,0,0,0,-6.5,0,0,0,NA,NA,NA,NA,NA,NA,NA,NA,"0.043",3.9,98,21,-2,0.5
2020-01-16 04:00:00,101015.92,-1,-7.8,58.95,5.66,90,8.75,101300,NA,NA,8011,NA,NA,603,804,NA,NA,10,-0.6,-2.2,NA,2133.6,NA,NA,NA,NA,-6.54,NA,-8.1,89865.88,0,0,0,-5.9,0,0,0,NA,NA,NA,NA,NA,NA,NA,NA,"0.041",2.4,140,49,-2.2,1.4
2020-01-16 05:00:00,100982.06,-2,-8.3,63.45,2.06,290,NA,101280,NA,NA,NA,NA,NA,704,754,NA,NA,10,NA,NA,NA,2133.6,NA,NA,NA,NA,-6.03,NA,-8.09,89835.75,0,0,0,-4.5,0,0,0,NA,NA,NA,NA,NA,NA,NA,NA,"0.038",2,163,46,-2.7,2.3
2020-01-16 06:00:00,100948.2,-2,-8.3,63.45,2.06,90,NA,101220,NA,NA,NA,NA,NA,804,854,NA,NA,10,NA,NA,NA,2590.8,NA,NA,NA,NA,-4.78,NA,-8.09,89805.63,0,0,0,-3.6,0,0,0,NA,NA,NA,NA,NA,NA,NA,NA,"0.036",2.4,171,55,-2.5,1.7
2020-01-16 07:00:00,100880.47,-1,-9.15,54.52,5.66,110,NA,101180,NA,NA,8011,NA,NA,754,954,NA,NA,10,NA,NA,NA,2286,NA,NA,NA,NA,-6.25,NA,-9.11,89745.38,0,0,0,-4.1,0,0,0,NA,NA,NA,NA,NA,NA,NA,NA,"0.028",1.4,209,70,-2.8,1.9
2020-01-16 08:00:00,100846.6,-2,-8.9,58.68,5.66,140,NA,101110,NA,NA,NA,NA,NA,954,NA,NA,NA,10,NA,NA,NA,2895.6,NA,NA,NA,NA,-7.8,NA,-9.1,89715.25,0,0,0,-3,0,0,0,NA,NA,NA,NA,NA,NA,NA,NA,"0.016",1.4,237,47,-3,0.5
2020-01-16 09:00:00,100846.6,-1,-8.9,54.52,8.23,140,NA,101130,NA,NA,NA,NA,NA,1004,1004,NA,NA,10,NA,NA,NA,3048,NA,NA,NA,NA,-7.92,NA,-9.1,89715.25,0,0,0,-3.7,0,0,0,NA,NA,NA,NA,NA,NA,NA,NA,"0.024",1.3,230,53,-1.9,3.4
2020-01-16 10:00:00,100812.74,0,-8.3,54.8,8.23,140,NA,101060,NA,NA,6009,NA,NA,954,1104,NA,NA,10,0,-2.8,NA,2895.6,NA,NA,NA,NA,-6.96,NA,-8.11,89685.12,0,0,0,-3.8,0,0,0,NA,NA,NA,NA,NA,NA,NA,NA,"0.021",1.3,226,48,-0.6,6.1
2020-01-16 11:00:00,100711.15,1,-8.3,50.98,8.75,140,NA,100920,NA,NA,NA,NA,NA,1206,NA,NA,NA,10,NA,NA,NA,3352.8,NA,NA,NA,NA,-5.47,NA,-8.12,89594.75,0,0,0,-4.3,0,0,0,NA,NA,NA,NA,NA,NA,NA,NA,"0.021",1.5,202,68,0.6,5.4
2020-01-16 12:00:00,100575.69,1,-7.8,50.98,6.69,150,9.52,100770,NA,NA,NA,NA,NA,1206,NA,NA,NA,10,NA,NA,NA,NA,NA,NA,NA,NA,-4.5,NA,-8.12,89474.24,0,0,0,-3.9,0,0,0,NA,NA,NA,NA,NA,NA,NA,NA,"0.036",1.8,174,67,2.9,5.4
2020-01-16 13:00:00,100474.1,3,-7.8,44.19,5.66,160,9.77,100630,NA,NA,6034,NA,NA,1,NA,NA,NA,10,NA,NA,NA,NA,NA,NA,NA,NA,-1.94,NA,-8.13,89383.86,0,0,0,-5.7,0,0,0,NA,NA,NA,NA,NA,NA,NA,NA,"0.034",1.4,213,56,3.7,4.6
2020-01-16 14:00:00,100338.65,4,-6.7,44.49,3.6,155,7.72,100520,NA,NA,NA,NA,NA,1,NA,NA,NA,10,NA,NA,NA,NA,NA,NA,NA,NA,0.03,NA,-7.13,89263.36,0,0,0,-5.7,0,0,0,NA,NA,NA,NA,NA,NA,NA,NA,"0.026",0.8,211,67,3.8,5.4
2020-01-16 15:00:00,100304.78,2,-5.6,55.36,2.06,300,NA,100540,NA,NA,NA,NA,NA,1,NA,NA,NA,10,NA,NA,NA,NA,NA,NA,NA,NA,-0.2,NA,-6.11,89233.23,0,0,0,-3.8,0,0,0,NA,NA,NA,NA,NA,NA,NA,NA,"0.024",1.5,142,65,3.5,5.1
2020-01-16 16:00:00,100270.92,1,-6.1,59.48,2.57,280,NA,100510,NA,NA,6015,NA,NA,1006,1202,NA,NA,10,4.4,0,NA,3352.8,NA,NA,NA,NA,-1.91,NA,-6.1,89203.11,0,0,0,-3.3,0,0,0,NA,NA,NA,NA,NA,NA,NA,NA,"0.025",1.5,219,34,0.4,4.2
2020-01-16 17:00:00,100237.06,0,-6.1,63.94,1.54,270,NA,100480,NA,NA,NA,NA,NA,1206,NA,NA,NA,10,NA,NA,NA,NA,NA,NA,NA,NA,-2.96,NA,-6.09,89172.99,0,0,0,-2.6,0,0,1,NA,NA,NA,NA,NA,NA,NA,NA,"0.019",1.1,221,44,-0.4,5.4
2020-01-16 18:00:00,100203.19,-1,-5.6,68.78,1.54,270,NA,100440,NA,NA,NA,NA,NA,952,1202.5,NA,NA,10,NA,NA,NA,3657.6,NA,NA,NA,NA,-3.7,NA,-6.08,89142.85,0,0,0,-1.5,0,0,1,NA,NA,NA,NA,NA,NA,NA,NA,"0.015",0.8,188,71,-1.2,5.8
2020-01-16 19:00:00,100135.46,-2,-6.7,74.03,0,0,NA,100400,NA,NA,8012,NA,NA,856,1202,NA,NA,10,NA,NA,NA,NA,NA,NA,NA,NA,-4.86,NA,-6.07,89082.6,0,0,0,-0.3,0,0,1,NA,NA,NA,NA,NA,NA,NA,NA,"0.006",0.8,166,75,-2.3,5.4
2020-01-16 20:00:00,100135.46,-3,-5.6,79.74,1.54,200,NA,100380,NA,NA,NA,NA,NA,906,1104,NA,NA,10,NA,NA,NA,NA,NA,NA,NA,NA,-5.25,NA,-6.05,89082.6,0,0,0,0.2,0,1,1,NA,NA,NA,NA,NA,1,2020-01-16 20:00:00,2020-01-16 20:00:00,"0.003",0.9,156,68,-3,6.2
2020-01-16 21:00:00,100067.74,-2,-5.6,74.03,2.06,210,NA,100280,NA,NA,NA,NA,NA,906,1102.5,NA,NA,10,NA,NA,NA,3352.8,NA,NA,NA,NA,-5.25,NA,-6.05,89022.36,0,0,0,-0.5,0,0,0,NA,NA,NA,NA,NA,NA,NA,NA,"0.005",0.8,243,84,-3,8.1
2020-01-16 22:00:00,100000.01,-2,-6.1,74.03,2.57,310,NA,100280,NA,NA,6009,NA,NA,1,NA,NA,NA,10,0.6,-3.3,NA,NA,NA,NA,NA,NA,-5.47,NA,-6.07,88962.1,0,0,0,-0.7,0,0,0,NA,NA,NA,NA,NA,NA,NA,NA,"0.007",1.2,217,55,-3.2,8.6
2020-01-16 23:00:00,100000.01,-3,-5.6,79.74,2.06,300,NA,100250,NA,NA,NA,NA,NA,852,NA,NA,NA,10,NA,NA,NA,NA,NA,4.4,-3.9,NA,-6.03,NA,-6.04,88962.1,0,0,0,0.2,0,1,0,NA,NA,NA,NA,NA,2,2020-01-16 23:00:00,2020-01-17,"0.018",1.1,225,33,-3.4,7.1
2020-01-17,100000.01,-3,-5,85.93,1.54,280,NA,100250,NA,NA,NA,NA,NA,856,1104,NA,NA,10,NA,NA,NA,2743.2,NA,NA,NA,NA,-6.03,NA,-6.04,88962.1,0,0,0,0.3,0,1,1,NA,NA,NA,NA,NA,2,2020-01-16 23:00:00,2020-01-17,"0.023",1.3,227,36,-3.2,5
2020-01-17 01:00:00,100033.87,-3,-4.4,86.04,1.54,170,NA,100290,NA,1104,3004,NA,NA,853,1104,NA,NA,10,NA,NA,NA,2590.8,NA,NA,NA,NA,-5.25,NA,-5.04,88992.22,0,0,0,-0.2,0,0,1,NA,NA,NA,NA,NA,NA,NA,NA,"0.022",0.8,299,61,-3.2,4.2
2020-01-17 02:00:00,100135.46,-3,-3.9,92.79,2.06,310,NA,100390,NA,1104,NA,NA,NA,703,654,NA,NA,10,NA,NA,NA,2133.6,NA,NA,NA,NA,-6.01,NA,-4.02,89082.6,0,0,0,-0.4,0,0,0,NA,NA,NA,NA,NA,NA,NA,NA,"0.019",0.8,261,78,-3.3,6.8
2020-01-17 03:00:00,100338.65,0,-1.1,92.96,5.66,330,NA,100640,2500,394,NA,0.254,NA,104,253,NA,NA,1,NA,NA,NA,335.28,0,NA,NA,NA,-5.28,NA,-1.02,89263.36,0,0,0,-4.2,0,0,0,NA,NA,NA,NA,NA,NA,NA,NA,"0.02",1.2,154,75,-2.8,8
2020-01-17 04:00:00,100524.9,1,-0.6,86.48,5.14,330,8.75,100880,2500,NA,3053,0.254,NA,235,344,1.016,1.016,5.5,0.6,-3.9,NA,1249.68,NA,NA,NA,NA,-4.38,NA,-1.03,89429.055,0,0,0,-6,0,0,0,NA,NA,NA,NA,NA,NA,NA,NA,"0.025",1,169,70,-1.8,4.2
2020-01-17 05:00:00,100778.88,0,-2.2,86.37,5.14,310,NA,101100,20,NA,NA,0.025,NA,502,704,NA,NA,10,NA,NA,NA,1524,NA,NA,NA,NA,-4.7,NA,-2.03,89655,0,0,0,-6,0,0,0,NA,NA,NA,NA,NA,NA,NA,NA,"0.032",1.7,187,48,-1.1,4.6
2020-01-17 06:00:00,100948.2,0,-2.8,80.19,4.63,330,NA,101290,NA,954,NA,NA,NA,704,855,NA,NA,10,NA,NA,NA,2438.4,NA,NA,NA,NA,-4.7,NA,-3.05,89805.63,0,0,0,-7,0,0,0,NA,NA,NA,NA,NA,NA,NA,NA,"0.036",1.4,212,61,-1,6.1
2020-01-17 07:00:00,101185.24,0,-3.9,80.19,3.6,310,NA,101560,NA,954,3056,NA,0.025,433,553,NA,NA,10,NA,NA,NA,1310.64,NA,NA,NA,NA,-4.28,NA,-3.05,90016.51,0,0,0,-7.6,0,0,0,NA,NA,NA,NA,NA,NA,NA,NA,"0.034",2.6,241,28,-0.9,1.5
2020-01-17 08:00:00,101354.56,-2,-7.8,68.78,4.63,290,NA,101750,NA,NA,NA,NA,NA,473,553,NA,NA,10,NA,NA,NA,1371.6,NA,NA,NA,NA,-6.83,NA,-6.08,90167.14,0,0,0,-7,0,0,0,NA,NA,NA,NA,NA,NA,NA,NA,"0.036",2.8,239,29,-1.6,-1.4
2020-01-17 09:00:00,101523.88,-2,-9.4,63.45,4.63,270,NA,101890,NA,NA,NA,NA,NA,502,NA,NA,NA,10,NA,NA,NA,NA,NA,NA,NA,NA,-7.19,NA,-8.09,90317.77,0,0,0,-7.6,0,0,0,NA,NA,NA,NA,NA,NA,NA,NA,"0.037",4,242,22,-1.6,NA
2020-01-17 10:00:00,101727.07,-2,-10,54.52,1.54,150,NA,102070,NA,NA,1045,NA,NA,552,NA,0.025,NA,10,0.6,-3.9,NA,NA,NA,NA,NA,NA,-4.9,NA,-9.11,90498.53,0,0,0,-7.4,0,0,1,NA,NA,NA,NA,NA,NA,NA,NA,"0.038",4.2,241,21,-1.8,-1.4
2020-01-17 11:00:00,101828.66,-1,-9.4,50.39,3.09,270,NA,102140,NA,NA,NA,NA,NA,1,NA,NA,NA,10,NA,NA,NA,1828.8,NA,NA,NA,NA,-4.24,NA,-10.12,90588.91,0,0,0,-7.8,0,0,0,NA,NA,NA,NA,NA,NA,NA,NA,"0.039",3.3,250,26,-0.1,-0.9
2020-01-17 12:00:00,101862.52,0,-10,46.84,6.17,250,NA,102210,NA,NA,NA,NA,NA,554,NA,NA,NA,10,NA,NA,NA,1828.8,NA,NA,NA,NA,-5.28,NA,-10.13,90619.03,0,0,0,-8.8,0,0,0,NA,NA,NA,NA,NA,NA,NA,NA,"0.039",3.5,249,27,-0.3,0.5
2020-01-17 13:00:00,101896.38,1,-10,43.57,5.14,270,8.23,102240,NA,NA,1017,NA,NA,602,NA,NA,NA,10,NA,NA,NA,NA,NA,NA,NA,NA,-3.74,NA,-10.14,90649.15,0,0,0,-8.4,0,0,0,NA,NA,NA,NA,NA,NA,NA,NA,"0.04",2.5,270,32,0,2.7
2020-01-17 14:00:00,101997.98,1,-9.4,43.57,6.17,270,NA,102350,NA,NA,NA,NA,NA,506,NA,NA,NA,10,NA,NA,NA,NA,NA,NA,NA,NA,-4.26,NA,-10.14,90739.54,0,0,0,-7.7,0,0,0,NA,NA,NA,NA,NA,NA,NA,NA,"0.04",2.6,301,30,0.2,3.4
2020-01-17 15:00:00,102133.43,1,-10.6,43.57,4.63,310,NA,102430,NA,NA,NA,NA,NA,553,1103,NA,NA,10,NA,NA,NA,1828.8,NA,NA,NA,NA,-3.45,NA,-10.14,90860.04,0,0,0,-10,0,0,0,NA,NA,NA,NA,NA,NA,NA,NA,"0.04",3,307,31,0.5,4.1
2020-01-17 16:00:00,102167.3,-1,-10,46.53,3.09,350,NA,102470,NA,NA,1023,NA,NA,603,954,NA,NA,10,1.1,-1.7,NA,2895.6,NA,NA,NA,NA,-4.78,NA,-11.13,90890.17,0,0,0,-8.9,0,0,0,NA,NA,NA,NA,NA,NA,NA,NA,"0.037",2.2,313,33,-0.8,4.1
2020-01-17 17:00:00,102201.16,-2,-10,50.09,2.06,360,NA,102550,NA,1004,NA,NA,NA,1004,905,NA,NA,10,NA,NA,NA,3048,NA,NA,NA,NA,-4.86,NA,-11.12,90920.29,0,0,0,-8.7,0,0,0,NA,NA,NA,NA,NA,NA,NA,NA,"0.034",1.1,297,46,-1.8,1
2020-01-17 18:00:00,102268.89,-3,-10,63.2,2.57,300,NA,102610,NA,NA,NA,NA,NA,1004,1004,NA,NA,10,NA,NA,NA,3048,NA,NA,NA,NA,-6.65,NA,-9.09,90980.54,0,0,0,-8.1,0,0,0,NA,NA,NA,NA,NA,NA,NA,NA,"0.03",1.1,215,43,-2.6,0.7
2020-01-17 19:00:00,102302.75,-3,-10,58.41,2.57,310,NA,102660,NA,NA,1011,NA,NA,956,NA,NA,NA,10,NA,NA,NA,3048,NA,NA,NA,NA,-6.65,NA,-10.1,91010.67,0,0,0,-7.4,0,0,0,NA,NA,NA,NA,NA,NA,NA,NA,"0.023",1.1,193,40,-3.5,2.5
2020-01-17 20:00:00,102336.62,-4,-9.4,68.11,1.54,330,NA,102700,NA,NA,NA,NA,NA,804,NA,NA,NA,10,NA,NA,NA,2438.4,NA,NA,NA,NA,-6.39,NA,-9.08,91040.8,0,0,0,-6.1,0,0,1,NA,NA,NA,NA,NA,NA,NA,NA,"0.013",0.6,100,63,-4.3,2.8
2020-01-17 21:00:00,102370.48,-4,-8.3,68.11,1.54,320,NA,102760,NA,NA,NA,NA,NA,804,1004,NA,NA,10,NA,NA,NA,2438.4,NA,NA,NA,NA,-6.39,NA,-9.08,91070.92,0,0,0,-6.1,0,0,1,NA,NA,NA,NA,NA,NA,NA,NA,"0.018",0.9,77,64,-4.7,3.9
2020-01-17 22:00:00,102370.48,-4,-8.3,73.65,0,0,NA,102750,20,804,1007,0.025,NA,703,904,0.025,NA,10,-1.1,-5.6,NA,2133.6,NA,NA,NA,NA,-6.795,NA,-8.07,91070.92,0,0,0,-6.5,0,0,1,NA,NA,NA,NA,NA,NA,NA,NA,"0.025",0.8,134,47,-4.4,5.1
2020-01-17 23:00:00,102438.21,-4,-7.8,73.65,0,0,NA,102790,20,904,NA,0.025,NA,603,854,NA,NA,10,NA,NA,NA,2743.2,NA,1.1,-5.6,NA,-6.39,NA,-8.07,91131.18,0,0,0,-6.2,0,0,1,NA,NA,NA,NA,NA,NA,NA,NA,"0.012",0.9,216,59,-4.6,9
2020-01-18,102472.07,-4,-8.3,73.65,2.06,100,NA,102820,NA,854,NA,NA,NA,702,804,NA,NA,10,NA,NA,NA,1828.8,NA,NA,NA,NA,-7.755,NA,-8.07,91161.3,0,0,0,-5.8,0,0,0,NA,NA,NA,NA,NA,NA,NA,NA,"0.009",0.7,21,62,-5.2,10.9
2020-01-18 01:00:00,102472.07,-6,-7.8,79.42,1.54,40,NA,102820,NA,NA,1007,NA,0.025,702,903,NA,NA,10,NA,NA,NA,1981.2,NA,NA,NA,NA,-8.67,NA,-9.05,91161.3,0,0,0,-3.7,0,0,1,NA,NA,NA,NA,NA,NA,NA,NA,"0.009",0.6,189,69,-6.1,8.8
2020-01-18 02:00:00,102505.93,-4,-7.8,73.65,0,0,NA,102870,NA,NA,NA,NA,NA,604,NA,NA,NA,10,NA,NA,NA,1828.8,NA,NA,NA,NA,-6.39,NA,-8.07,91191.42,0,0,0,-5.5,0,0,1,NA,NA,NA,NA,NA,NA,NA,NA,"0.011",0.9,353,64,-5.1,6.4
2020-01-18 03:00:00,102539.8,-5,-7.2,85.82,1.54,280,NA,102890,NA,NA,NA,NA,NA,504,NA,NA,NA,10,NA,NA,NA,1524,NA,NA,NA,NA,-7.95,NA,-7.04,91221.55,0,0,0,-4.3,0,0,1,NA,NA,NA,NA,NA,NA,NA,NA,"0.009",0.6,251,54,-4.9,4.5
2020-01-18 04:00:00,102539.8,-5,-7.8,85.82,0,0,NA,102910,NA,NA,1007,NA,NA,506,754,0.025,NA,10,-3.9,-7.8,NA,2133.6,NA,NA,NA,NA,-7.53,NA,-7.04,91221.55,0,0,0,-4.2,0,0,1,NA,NA,NA,NA,NA,NA,NA,NA,"0.007",0.6,239,75,-5.1,7.8
2020-01-18 05:00:00,102539.8,-5,-7.2,85.82,0,0,NA,102930,NA,NA,NA,NA,NA,704,754,NA,NA,10,NA,NA,NA,2133.6,NA,NA,NA,NA,NA,NA,-7.04,91221.55,0,0,0,-3.9,0,0,1,NA,NA,NA,NA,NA,NA,NA,NA,"0.009",0.7,205,45,-5.2,11.4
2020-01-18 06:00:00,102539.8,-6,-7.2,88.45,0,0,NA,102980,NA,NA,NA,NA,NA,653,NA,NA,NA,10,NA,NA,NA,1905,NA,NA,NA,NA,-8.67,NA,-7.05,91221.55,0,0,0,-2.7,0,0,1,NA,NA,NA,NA,NA,NA,NA,NA,"0.005",0.6,242,64,-5.6,10.2
2020-01-18 07:00:00,102607.53,-6,-6.7,92.61,0,0,NA,103010,NA,NA,3005,NA,NA,604,804,NA,NA,10,NA,NA,NA,1828.8,NA,NA,NA,NA,-9.1,NA,-7.02,91281.81,0,0,0,-2.7,0,0,1,NA,NA,NA,NA,NA,NA,NA,NA,"0.006",0.8,207,50,-5.8,9.4
2020-01-18 08:00:00,102641.39,-4,-6.7,79.58,0,0,NA,103060,NA,NA,NA,NA,NA,704,779,NA,NA,10,NA,NA,NA,2133.6,NA,NA,NA,NA,NA,NA,-7.05,91311.93,0,0,0,-4.4,0,0,1,NA,NA,NA,NA,NA,NA,NA,NA,"0.01",0.7,218,39,-5.6,8.6
2020-01-18 09:00:00,102675.25,-4,-6.1,85.93,0,0,NA,103100,NA,NA,NA,NA,NA,654,NA,NA,NA,10,NA,NA,NA,1981.2,NA,NA,NA,NA,NA,NA,-6.04,91342.05,0,0,0,-4.4,0,0,1,NA,NA,NA,NA,NA,NA,NA,NA,"0.011",0.9,238,44,-4.8,8.5
2020-01-18 10:00:00,102709.12,-3,-6.7,73.84,0,0,NA,103130,NA,NA,2013,NA,NA,654,704,NA,NA,10,-2.8,-5.6,NA,1981.2,NA,NA,NA,NA,-5.25,NA,-7.07,91372.18,0,0,0,-4.8,0,0,1,NA,NA,NA,NA,NA,NA,NA,NA,"0.016",1.1,258,52,-3.6,9.9
2020-01-18 11:00:00,102742.98,-2,-6.7,68.56,0,0,NA,103070,NA,904,NA,NA,NA,603,754,NA,NA,10,NA,NA,NA,1828.8,NA,NA,NA,NA,-4.1,NA,-7.08,91402.31,0,0,0,-5.5,0,0,1,NA,NA,NA,NA,NA,NA,NA,NA,"0.02",0.6,183,72,-2.1,8
2020-01-18 12:00:00,102641.39,-2,-6.1,68.78,0,0,NA,102980,NA,NA,NA,NA,NA,654,854,NA,NA,10,NA,NA,NA,1981.2,NA,NA,NA,NA,NA,NA,-6.08,91311.93,0,0,0,-5,0,0,1,NA,NA,NA,NA,NA,NA,NA,NA,"0.021",0.6,210,74,-0.9,8.8
2020-01-18 13:00:00,102573.66,-1,-6.1,68.78,0,0,NA,102930,NA,NA,8015,NA,NA,703,829,NA,NA,10,NA,NA,NA,2133.6,NA,NA,NA,NA,-2.39,NA,-6.08,91251.67,0,0,0,-5.1,0,0,1,NA,NA,NA,NA,NA,NA,NA,NA,"0.02",0.9,226,68,-0.3,9.4
2020-01-18 14:00:00,102573.66,0,-5.6,63.94,1.54,70,NA,102930,NA,1203.5,NA,NA,NA,554,753,NA,NA,10,NA,NA,NA,1676.4,NA,NA,NA,NA,-1.82,NA,-6.09,91251.67,0,0,0,-5.6,0,0,1,NA,NA,NA,NA,NA,NA,NA,NA,"0.021",0.8,355,66,0.4,7.8
2020-01-18 15:00:00,102607.53,0,-5.6,63.94,1.54,290,NA,103020,NA,NA,NA,NA,NA,654,754,NA,NA,10,NA,NA,NA,1981.2,NA,NA,NA,NA,-1.82,NA,-6.09,91281.81,0,0,0,-6.2,0,0,1,NA,NA,NA,NA,NA,NA,NA,NA,"0.02",1.2,260,44,0.2,7.5
2020-01-18 16:00:00,102675.25,0,-6.1,63.94,2.06,320,NA,103040,NA,1004,3009,NA,NA,506,703,NA,NA,10,0.6,-2.8,NA,1676.4,NA,NA,NA,NA,-2.53,NA,-6.09,91342.05,0,0,0,-6.2,0,0,0,NA,NA,NA,NA,NA,NA,NA,NA,"0.015",0.8,323,58,-0.4,8.5
2020-01-18 17:00:00,102709.12,-1,-5,74.22,1.54,260,NA,103110,NA,NA,NA,NA,NA,654,729,NA,NA,10,NA,NA,NA,1981.2,NA,NA,NA,NA,-2.96,NA,-5.06,91372.18,0,0,0,-5.1,0,0,1,NA,NA,NA,NA,NA,NA,NA,NA,"0.018",1,320,64,-1.2,8.3
2020-01-18 18:00:00,102776.85,-1,-5.6,68.78,1.54,320,NA,103170,NA,NA,NA,NA,NA,604,1103,NA,NA,10,NA,NA,NA,1828.8,NA,NA,NA,NA,-3.385,NA,-6.08,91432.44,0,0,0,-5,0,0,1,NA,NA,NA,NA,NA,NA,NA,NA,"0.01",0.6,176,75,-1.6,10.7
2020-01-18 19:00:00,102810.71,-2,-5.6,74.03,2.06,280,NA,103210,NA,854,1014,NA,NA,476,804,NA,NA,10,NA,NA,NA,2438.4,NA,NA,NA,NA,-4.86,NA,-6.07,91462.56,0,0,0,-3.6,0,0,0,NA,NA,NA,NA,NA,NA,NA,NA,"0.004",0.7,156,61,-1.5,15.8
2020-01-18 20:00:00,102844.57,-2,-5,74.22,0,0,NA,103240,NA,904,NA,NA,NA,484,527.5,NA,NA,10,NA,NA,NA,1463.04,NA,NA,NA,NA,NA,NA,-6.05,91492.68,0,0,0,-3.5,0,0,1,NA,NA,NA,NA,NA,NA,NA,NA,"0.02",0.7,263,59,-1.6,5.4
2020-01-18 21:00:00,102878.44,-2,-5.6,79.89,0,0,NA,103290,NA,704,NA,NA,NA,484,503,NA,NA,10,NA,NA,NA,1463.04,NA,NA,NA,NA,-5.25,NA,-5.05,91522.81,0,0,0,-3.3,0,0,1,NA,NA,NA,NA,NA,NA,NA,NA,"0.021",0.6,219,76,-1.8,5.1
2020-01-18 22:00:00,102912.3,-2.8,-5.6,79.89,0,0,NA,103310,NA,NA,2010,NA,NA,413,604,NA,NA,10,-0.6,-2.8,NA,1249.68,NA,NA,NA,NA,-5.25,NA,-5.65,91552.94,0,0,0,-2.4,0,0,1,NA,NA,NA,NA,NA,NA,NA,NA,"0.026",0.7,239,57,-2,7.8
2020-01-18 23:00:00,102980.03,-2,-4.4,79.74,0,0,NA,103340,NA,NA,NA,NA,NA,433,604,NA,NA,10,NA,NA,NA,1310.64,NA,0.6,-7.8,NA,-4.1,NA,-6.05,91613.19,0,0,0,-3.1,0,0,1,NA,NA,NA,NA,NA,NA,NA,NA,"0.024",0.8,233,64,-2.2,10.4
2020-01-19,103013.89,-2,-4.4,86.15,0,0,NA,103390,NA,NA,NA,NA,NA,414,494,NA,NA,10,NA,NA,NA,1249.68,NA,NA,NA,NA,-4.1,NA,-4.03,91643.31,0,0,0,-2.9,0,0,1,NA,NA,NA,NA,NA,NA,NA,NA,"0.019",0.8,220,58,-2.3,9.7
2020-01-19 01:00:00,103047.76,-2,-4.4,86.15,0,0,NA,103380,NA,NA,1010,NA,NA,413,554,NA,NA,10,NA,NA,NA,1310.64,NA,NA,NA,NA,-4.1,NA,-4.03,91673.44,0,0,0,-2.6,0,0,1,NA,NA,NA,NA,NA,NA,NA,NA,"0.017",0.8,216,49,-2.2,9.7
2020-01-19 02:00:00,103115.48,-2,-3.9,86.15,0,0,NA,103470,NA,NA,NA,NA,NA,424,554,NA,NA,10,NA,NA,NA,1280.16,NA,NA,NA,NA,-4.1,NA,-4.03,91733.69,0,0,0,-2.1,0,0,1,NA,NA,NA,NA,NA,NA,NA,NA,"0.018",0.8,257,51,-2.4,8
2020-01-19 03:00:00,103149.35,-2,-3.9,86.15,0,0,NA,103480,NA,NA,NA,NA,NA,394,504,NA,NA,10,NA,NA,NA,1188.72,NA,NA,NA,NA,NA,NA,-4.03,91763.82,0,0,0,-1.8,0,0,1,NA,NA,NA,NA,NA,NA,NA,NA,"0.017",0.9,212,52,-2.3,8
2020-01-19 04:00:00,103149.35,-2,-3.9,86.15,0,0,NA,103510,NA,NA,1011,NA,NA,436,554,NA,NA,10,-1.7,-2.8,NA,1676.4,NA,NA,NA,NA,-4.86,NA,-4.03,91763.82,0,0,0,-1.7,0,0,1,NA,NA,NA,NA,NA,NA,NA,NA,"0.014",1,251,47,-2.2,8.8
2020-01-19 05:00:00,103183.21,-2,-3.9,86.15,1.54,290,NA,103540,NA,NA,NA,NA,NA,442,504,NA,NA,10,NA,NA,NA,1341.12,NA,NA,NA,NA,-5.165,NA,-4.03,91793.94,0,0,0,-1.5,0,0,1,NA,NA,NA,NA,NA,NA,NA,NA,"0.016",1.1,215,39,-2.2,9.4
2020-01-19 06:00:00,103217.08,-2,-3.9,86.15,0,0,NA,103570,NA,NA,NA,NA,NA,604,554,NA,NA,10,NA,NA,NA,1828.8,NA,NA,NA,NA,-4.1,NA,-4.03,91824.07,0,0,0,-1.4,0,0,1,NA,NA,NA,NA,NA,NA,NA,NA,"0.015",0.8,239,60,-2.2,10.4
2020-01-19 07:00:00,103217.08,-2,-3.9,86.15,1.54,115,NA,103600,NA,NA,5,NA,NA,603,NA,NA,NA,10,NA,NA,NA,1828.8,NA,NA,NA,NA,-4.86,NA,-4.03,91824.07,0,0,0,-1.6,0,0,1,NA,NA,NA,NA,NA,NA,NA,NA,"0.011",0.8,41,66,-2.4,6.6
2020-01-19 08:00:00,103217.08,-2,-3.9,86.15,1.54,190,NA,103590,NA,NA,NA,NA,NA,554,NA,NA,NA,10,NA,NA,NA,1676.4,NA,NA,NA,NA,-4.1,NA,-4.03,91824.07,0,0,0,-1.8,0,0,1,NA,NA,NA,NA,NA,NA,NA,NA,"0.011",1,238,48,-2.5,5.4
2020-01-19 09:00:00,103250.94,-1,-3.3,86.26,1.54,140,NA,103600,NA,NA,NA,NA,NA,554,NA,NA,NA,10,NA,NA,NA,1676.4,NA,NA,NA,NA,-3.7,NA,-3.03,91854.2,0,0,0,-2.6,0,0,1,NA,NA,NA,NA,NA,NA,NA,NA,"0.014",0.8,215,49,-1.8,9
2020-01-19 10:00:00,103217.08,1,-2.8,74.6,0,0,NA,103520,NA,NA,8002,NA,NA,554,NA,NA,NA,10,1.7,-2.2,NA,1676.4,NA,NA,NA,NA,NA,NA,-3.05,91824.07,0,0,0,-4,0,0,1,NA,NA,NA,NA,NA,NA,NA,NA,"0.019",0.9,8,61,0.3,9.7
2020-01-19 11:00:00,103149.35,2,-3.9,69.43,0,0,NA,103450,NA,NA,NA,NA,NA,1,NA,NA,NA,10,NA,NA,NA,NA,NA,NA,NA,NA,NA,NA,-3.07,91763.82,0,0,0,-2.8,0,0,1,NA,NA,NA,NA,NA,NA,NA,NA,"0.023",0.7,138,67,2.7,7.6
2020-01-19 12:00:00,103115.48,3,-3.9,60,0,0,NA,103340,NA,NA,NA,NA,NA,1,NA,NA,NA,10,NA,NA,NA,NA,NA,NA,NA,NA,NA,NA,-4.1,91733.69,0,0,0,-4.6,0,0,1,NA,NA,NA,NA,NA,NA,NA,NA,"0.028",0.9,294,73,3.8,8.8
2020-01-19 13:00:00,103013.89,4,-3.3,55.91,1.54,110,NA,103240,NA,NA,8021,NA,NA,1,NA,NA,NA,10,NA,NA,NA,NA,NA,NA,NA,NA,2.75,NA,-4.1,91643.31,0,0,0,-5.9,0,0,1,NA,NA,NA,NA,NA,NA,NA,NA,"0.031",0.8,117,62,5,11.1
2020-01-19 14:00:00,102912.3,5,-3.9,52.13,0,0,NA,103160,NA,NA,NA,NA,NA,1,NA,NA,NA,10,NA,NA,NA,NA,NA,NA,NA,NA,3.9,NA,-4.11,91552.94,0,0,0,-5.9,0,0,1,NA,NA,NA,NA,NA,NA,NA,NA,"0.033",0.7,352,63,6.5,11
2020-01-19 15:00:00,102878.44,6,-3.3,52.42,0,0,NA,103120,NA,NA,NA,NA,NA,1,NA,NA,NA,10,NA,NA,NA,NA,NA,NA,NA,NA,5.04,NA,-3.11,91522.81,0,0,0,-7.8,0,0,1,NA,NA,NA,NA,NA,NA,NA,NA,"0.034",0.8,250,42,6.7,9.1
2020-01-19 16:00:00,102844.57,5,-3.3,56.19,1.54,260,NA,103120,NA,NA,6010,NA,NA,1,NA,NA,NA,10,6.7,1.1,NA,NA,NA,NA,NA,NA,3.9,NA,-3.1,91492.68,0,0,0,-6.2,0,0,1,NA,NA,NA,NA,NA,NA,NA,NA,"0.031",1.1,269,27,5.3,8.1
2020-01-19 17:00:00,102844.57,2,-3.9,69.43,2.06,290,NA,103140,NA,NA,NA,NA,NA,1,NA,NA,NA,10,NA,NA,NA,NA,NA,NA,NA,NA,0.47,NA,-3.07,91492.68,0,0,0,-4.4,0,0,0,NA,NA,NA,NA,NA,NA,NA,NA,"0.01",0.5,170,44,1.8,5.9
2020-01-19 18:00:00,102844.57,-1,-4.4,80.04,2.06,330,NA,103160,NA,NA,NA,NA,NA,1,NA,NA,NA,10,NA,NA,NA,NA,NA,NA,NA,NA,-3.7,NA,-4.05,91492.68,0,0,0,-2.2,0,0,0,NA,NA,NA,NA,NA,NA,NA,NA,"0.003",0.5,100,62,-1.2,4.9
2020-01-19 19:00:00,102810.71,-1.1,-3.9,81.24,0,0,NA,103140,NA,NA,8005,NA,NA,1,NA,NA,NA,10,NA,NA,NA,NA,NA,NA,NA,NA,-2.96,NA,-4.03,91462.56,0,0,0,-2.9,0,0,1,NA,NA,NA,NA,NA,NA,NA,NA,"0.002",0.6,141,50,-2.7,9.2
2020-01-19 20:00:00,102810.71,-2,-4.4,86.15,0,0,NA,103150,NA,NA,NA,NA,NA,1,NA,NA,NA,10,NA,NA,NA,NA,NA,NA,NA,NA,-4.48,NA,-4.03,91462.56,0,0,0,-1.1,0,0,1,NA,NA,NA,NA,NA,NA,NA,NA,"0.002",0.5,168,74,-3.6,13.1
2020-01-19 21:00:00,102776.85,-2,-4.4,86.15,0,0,NA,103130,NA,NA,NA,NA,NA,1,NA,NA,NA,10,NA,NA,NA,NA,NA,NA,NA,NA,NA,NA,-4.03,91432.44,0,0,0,-0.3,0,0,1,NA,NA,NA,NA,NA,NA,NA,NA,"0.002",0.5,136,71,-4.4,11.6
2020-01-19 22:00:00,102709.12,-3,-5.6,84.07,0,0,NA,103030,NA,NA,8008,NA,NA,1,NA,NA,NA,10,3.9,-3.3,NA,NA,NA,NA,NA,NA,NA,NA,-5.05,91372.18,0,0,0,0.4,0,1,1,NA,4,NA,NA,NA,16,2020-01-19 22:00:00,2020-01-20 13:00:00,"0.004",0.6,177,66,-4.8,17.9
2020-01-19 23:00:00,102742.98,-3,-5.6,79.74,0,0,NA,103050,NA,NA,NA,NA,NA,1,NA,NA,NA,10,NA,NA,NA,NA,NA,6.7,-3.9,NA,-5.64,NA,-6.05,91402.31,0,0,0,0.4,0,1,1,NA,4,NA,NA,NA,16,2020-01-19 22:00:00,2020-01-20 13:00:00,"0.003",0.6,206,67,-5.5,18.4
2020-01-20,102675.25,-4,-6.7,85.93,0,0,NA,102960,NA,NA,NA,NA,NA,1,NA,NA,NA,10,NA,NA,NA,NA,NA,NA,NA,NA,-7.53,NA,-6.05,91342.05,0,0,0,1.7,1,1,1,2,4,14,2020-01-20,2020-01-20 13:00:00,16,2020-01-19 22:00:00,2020-01-20 13:00:00,"0.003",1,228,57,-5.9,18.9
2020-01-20 01:00:00,102607.53,-5,-7.8,85.93,0,0,NA,102910,NA,NA,8010,NA,NA,1,NA,NA,NA,10,NA,NA,NA,NA,NA,NA,NA,NA,NA,NA,-7.04,91281.81,0,0,0,3.1,1,1,1,2,4,14,2020-01-20,2020-01-20 13:00:00,16,2020-01-19 22:00:00,2020-01-20 13:00:00,"0.005",0.7,209,73,-6.4,10.2
2020-01-20 02:00:00,102573.66,-6,-7.8,92.61,0,0,NA,102880,NA,NA,NA,NA,NA,1,NA,NA,NA,10,NA,NA,NA,NA,NA,NA,NA,NA,-9.675,NA,-7.02,91251.67,0,0,0,4.2,1,1,1,2,4,14,2020-01-20,2020-01-20 13:00:00,16,2020-01-19 22:00:00,2020-01-20 13:00:00,"0.004",0.7,154,72,-6.8,9.7
2020-01-20 03:00:00,102573.66,-7,-7.8,92.55,0,0,NA,102830,NA,NA,NA,NA,NA,1,NA,NA,NA,9,NA,NA,NA,NA,NA,NA,NA,NA,-9.82,NA,-8.02,91251.67,0,0,0,5.6,1,1,1,2,4,14,2020-01-20,2020-01-20 13:00:00,16,2020-01-19 22:00:00,2020-01-20 13:00:00,"0.003",1,241,69,-7.1,8.9
2020-01-20 04:00:00,102505.93,-7,-7.2,92.55,0,0,NA,102800,31,NA,8011,NA,NA,1,NA,NA,NA,6.5,-2.8,-6.7,NA,60.96,NA,NA,NA,NA,NA,NA,-8.02,91191.42,0,0,0,5.2,1,1,1,2,4,14,2020-01-20,2020-01-20 13:00:00,16,2020-01-19 22:00:00,2020-01-20 13:00:00,"0.005",0.7,187,71,-7.3,9.1
2020-01-20 05:00:00,102404.34,-6,-6.7,92.61,0,0,NA,102760,31,NA,NA,NA,NA,22,NA,NA,NA,6,NA,NA,NA,60.96,NA,NA,NA,NA,-9.53,NA,-7.02,91101.04,0,0,0,4.7,1,1,1,2,4,14,2020-01-20,2020-01-20 13:00:00,16,2020-01-19 22:00:00,2020-01-20 13:00:00,"0.002",0.8,241,67,-7.4,8.6
2020-01-20 06:00:00,102370.48,-7,-7.8,92.55,0,0,NA,102760,31,NA,NA,NA,NA,26,NA,NA,NA,4,NA,NA,NA,60.96,NA,NA,NA,NA,NA,NA,-8.02,91070.92,0,0,0,6.1,1,1,1,2,4,14,2020-01-20,2020-01-20 13:00:00,16,2020-01-19 22:00:00,2020-01-20 13:00:00,"0.002",1,185,73,-7.2,6.8
2020-01-20 07:00:00,102370.48,-7,-8.3,92.55,0,0,NA,102710,31,NA,6016,NA,NA,1,NA,NA,NA,7,NA,NA,NA,NA,NA,NA,NA,NA,-10.26,NA,-8.02,91070.92,0,0,0,6.5,1,1,1,2,4,14,2020-01-20,2020-01-20 13:00:00,16,2020-01-19 22:00:00,2020-01-20 13:00:00,"0.002",0.8,184,55,-7.4,8.6
2020-01-20 08:00:00,102268.89,-7,-7.8,92.55,1.54,120,NA,102660,31,NA,NA,NA,NA,26,NA,NA,NA,6,NA,NA,NA,NA,NA,NA,NA,NA,-9.82,NA,-8.02,90980.54,0,0,0,6.8,1,1,1,2,4,14,2020-01-20,2020-01-20 13:00:00,16,2020-01-19 22:00:00,2020-01-20 13:00:00,"0.003",1.3,220,60,-7.4,10.5
2020-01-20 09:00:00,102235.02,-6,-6.65,92.61,0.77,100,NA,102640,31,NA,NA,NA,NA,23,NA,NA,NA,6,NA,NA,NA,60.96,NA,NA,NA,NA,-9.53,NA,-7.02,90950.41,0,0,0,6.3,1,1,1,2,4,14,2020-01-20,2020-01-20 13:00:00,16,2020-01-19 22:00:00,2020-01-20 13:00:00,"0.007",1,241,60,-5.8,8.5
2020-01-20 10:00:00,102201.16,-4,-4.4,92.67,0,0,NA,102560,31,NA,7012,NA,NA,1,NA,NA,NA,6,-3.3,-7.8,NA,NA,NA,NA,NA,NA,-6.795,NA,-6.02,90920.29,0,0,0,4.6,1,1,1,2,4,14,2020-01-20,2020-01-20 13:00:00,16,2020-01-19 22:00:00,2020-01-20 13:00:00,"0.014",1,229,53,-3.8,8
2020-01-20 11:00:00,102133.43,-2,-3.9,86.15,0,0,NA,102430,NA,NA,NA,NA,NA,1,NA,NA,NA,10,NA,NA,NA,NA,NA,NA,NA,NA,-5.25,NA,-4.03,90860.04,0,0,0,3.7,1,1,1,2,4,14,2020-01-20,2020-01-20 13:00:00,16,2020-01-19 22:00:00,2020-01-20 13:00:00,"0.018",0.9,236,50,-3.2,8.1
2020-01-20 12:00:00,101997.98,-1,-3.3,86.15,0,0,NA,102310,NA,NA,NA,NA,NA,1,NA,NA,NA,10,NA,NA,NA,NA,NA,NA,NA,NA,-2.96,NA,-3.34,90739.54,0,0,0,2.7,1,1,1,2,4,14,2020-01-20,2020-01-20 13:00:00,16,2020-01-19 22:00:00,2020-01-20 13:00:00,"0.019",1,231,50,-1.7,8
2020-01-20 13:00:00,101862.52,1,-3.3,74.6,0,0,NA,102180,NA,NA,8031,NA,NA,1,NA,NA,NA,10,NA,NA,NA,NA,NA,NA,NA,NA,-2.175,NA,-3.06,90619.03,0,0,0,0.6,1,1,1,2,4,14,2020-01-20,2020-01-20 13:00:00,16,2020-01-19 22:00:00,2020-01-20 13:00:00,"0.022",0.8,216,74,0.1,9.2
2020-01-20 14:00:00,101794.79,3,-5,60,0,0,NA,102050,NA,NA,NA,NA,NA,1,NA,NA,NA,10,NA,NA,NA,3657.6,NA,NA,NA,NA,0.925,NA,-4.1,90558.78,0,0,0,-0.5,0,0,1,NA,NA,NA,NA,NA,NA,NA,NA,"0.027",0.7,144,74,0.8,9.7
2020-01-20 15:00:00,101693.2,2,-4.4,60,0,0,NA,102020,NA,NA,NA,NA,NA,903,1103,NA,NA,10,NA,NA,NA,3048,NA,NA,NA,NA,0.47,NA,-4.1,90468.4,0,0,0,-0.9,0,0,1,NA,NA,NA,NA,NA,NA,NA,NA,"0.022",0.8,233,75,1,9
2020-01-20 16:00:00,101727.07,2,-3.3,64.42,0,0,NA,102050,NA,NA,5011,NA,NA,954,954,NA,NA,10,3.3,-3.3,NA,2895.6,NA,NA,NA,NA,0.47,NA,-4.09,90498.53,0,0,0,-1.3,0,0,1,NA,NA,NA,NA,NA,NA,NA,NA,"0.016",0.9,143,45,0.7,6.3
2020-01-20 17:00:00,101693.2,1.1,-2.8,74.6,2.06,120,NA,102000,41,904,NA,0.127,NA,552,753,NA,NA,10,NA,NA,NA,1676.4,NA,NA,NA,NA,-1.02,NA,-3.06,90468.4,0,0,0,-1.8,0,0,0,NA,NA,NA,NA,NA,NA,NA,NA,"0.008",1.6,245,40,0.4,5.6
2020-01-20 18:00:00,101659.34,1,-3.3,74.6,1.54,210,NA,102000,NA,NA,NA,NA,NA,654,804,NA,NA,10,NA,NA,NA,2286,NA,NA,NA,NA,-0.68,NA,-3.06,90438.28,0,0,0,-1.6,0,0,1,NA,NA,NA,NA,NA,NA,NA,NA,"0.008",0.9,210,69,0.1,9
2020-01-20 19:00:00,101625.47,1,-2.8,74.6,1.54,10,NA,101970,NA,1104,7010,NA,0.025,803,903.5,NA,NA,10,NA,NA,NA,2438.4,NA,NA,NA,NA,-1.36,NA,-3.06,90408.14,0,0,0,-1.5,0,0,1,NA,NA,NA,NA,NA,NA,NA,NA,"0.003",0.6,140,69,-0.1,10.9
2020-01-20 20:00:00,101591.61,-1,-2.8,86.26,0,0,NA,101920,NA,NA,NA,NA,NA,1104,1104,NA,NA,10,NA,NA,NA,3352.8,NA,NA,NA,NA,-2.96,NA,-3.03,90378.02,0,0,0,0.8,1,1,1,NA,NA,3,2020-01-20 20:00:00,2020-01-20 22:00:00,3,2020-01-20 20:00:00,2020-01-20 22:00:00,"0.002",0.8,204,59,-0.6,11.1
2020-01-20 21:00:00,101523.88,-1,-3.3,86.26,0,0,NA,101860,NA,NA,NA,NA,NA,902,702,NA,NA,10,NA,NA,NA,2743.2,NA,NA,NA,NA,-1.82,NA,-3.03,90317.77,0,0,0,0.8,1,1,1,NA,NA,3,2020-01-20 20:00:00,2020-01-20 22:00:00,3,2020-01-20 20:00:00,2020-01-20 22:00:00,"0.002",0.9,159,64,-1.2,11.4
2020-01-20 22:00:00,101490.02,-1,-2.8,86.26,0,0,NA,101800,NA,NA,6011,NA,NA,604,554,0.025,NA,10,1.7,-1.1,NA,1828.8,NA,NA,NA,NA,-2.96,NA,-3.03,90287.65,0,0,0,0.5,1,1,1,NA,NA,3,2020-01-20 20:00:00,2020-01-20 22:00:00,3,2020-01-20 20:00:00,2020-01-20 22:00:00,"0.003",0.6,184,71,-1.4,13.3
2020-01-20 23:00:00,101456.15,0,-2.8,80.19,0,0,NA,101720,NA,NA,NA,NA,NA,554,604,NA,NA,10,NA,NA,NA,1676.4,NA,3.3,-7.8,NA,NA,NA,-3.05,90257.51,0,0,0,-0.5,0,0,1,NA,NA,NA,NA,NA,NA,NA,NA,"0.003",0.8,183,65,-1.5,17.1
2020-01-21,101456.15,-1,-2.8,86.26,0,0,NA,101680,NA,NA,NA,NA,NA,554,NA,NA,NA,10,NA,NA,NA,1676.4,NA,NA,NA,NA,-3.81,NA,-3.03,90257.51,0,0,0,0.3,0,1,1,NA,NA,NA,NA,NA,3,2020-01-21,2020-01-21 02:00:00,"0.002",0.9,59,76,-1.4,15.6
2020-01-21 01:00:00,101354.56,-1,-3.3,86.26,0,0,NA,101590,NA,1204,8014,NA,NA,556,753,NA,NA,10,NA,NA,NA,2133.6,NA,NA,NA,NA,-2.745,NA,-3.03,90167.14,0,0,0,0.2,0,1,1,NA,NA,NA,NA,NA,3,2020-01-21,2020-01-21 02:00:00,"0.003",1.3,225,44,-1.4,11.1
2020-01-21 02:00:00,101320.7,-1,-2.8,86.26,0,0,NA,101560,NA,NA,NA,NA,NA,654,879,NA,NA,10,NA,NA,NA,1981.2,NA,NA,NA,NA,NA,NA,-3.03,90137.02,0,0,0,0.2,0,1,1,NA,NA,NA,NA,NA,3,2020-01-21,2020-01-21 02:00:00,"0.005",1,224,46,-1.8,11.9
2020-01-21 03:00:00,101286.84,-1,-3.9,86.26,0,0,NA,101540,NA,953.5,NA,NA,NA,703,904,NA,NA,10,NA,NA,NA,2057.4,NA,NA,NA,NA,-2.96,NA,-3.03,90106.89,0,0,0,-0.3,0,0,1,NA,NA,NA,NA,NA,NA,NA,NA,"0.003",0.8,217,68,-2.8,10.9
2020-01-21 04:00:00,101252.97,-2.8,-4.4,88.71,0,0,NA,101540,NA,NA,8007,NA,NA,953,954,NA,NA,10,0.6,-3.3,NA,2895.6,NA,NA,NA,NA,-5.64,NA,-4.03,90076.76,0,0,0,1.3,1,1,1,4,7,6,2020-01-21 04:00:00,2020-01-21 09:00:00,6,2020-01-21 04:00:00,2020-01-21 09:00:00,"0.003",0.7,153,60,-3.5,8.5
2020-01-21 05:00:00,101219.11,-2,-5,86.15,0,0,NA,101500,NA,NA,NA,NA,NA,756,954,NA,NA,10,NA,NA,NA,2438.4,NA,NA,NA,NA,-4.1,NA,-4.03,90046.64,0,0,0,0.7,1,1,1,4,7,6,2020-01-21 04:00:00,2020-01-21 09:00:00,6,2020-01-21 04:00:00,2020-01-21 09:00:00,"0.002",0.6,223,63,-3.7,8.3
2020-01-21 06:00:00,101185.24,-3,-4.4,92.79,0,0,NA,101430,NA,NA,NA,NA,NA,853,NA,NA,NA,10,NA,NA,NA,2590.8,NA,NA,NA,NA,NA,NA,-4.02,90016.51,0,0,0,1.6,1,1,1,4,7,6,2020-01-21 04:00:00,2020-01-21 09:00:00,6,2020-01-21 04:00:00,2020-01-21 09:00:00,"0.002",0.9,191,68,-3.8,8.5
2020-01-21 07:00:00,101151.38,-3,-4.4,92.79,0,0,NA,101420,NA,NA,6011,NA,NA,904,NA,NA,NA,10,NA,NA,NA,2743.2,NA,NA,NA,NA,-5.135,NA,-4.02,89986.38,0,0,0,2,1,1,1,4,7,6,2020-01-21 04:00:00,2020-01-21 09:00:00,6,2020-01-21 04:00:00,2020-01-21 09:00:00,"0.002",0.8,269,69,-3.3,9
2020-01-21 08:00:00,101151.38,-2,-3.9,86.15,0,0,NA,101430,NA,NA,NA,NA,NA,904,NA,NA,NA,9,NA,NA,NA,2743.2,NA,NA,NA,NA,-4.86,NA,-4.03,89986.38,0,0,0,0.8,1,1,1,4,7,6,2020-01-21 04:00:00,2020-01-21 09:00:00,6,2020-01-21 04:00:00,2020-01-21 09:00:00,"0.003",0.8,208,68,-3.3,12.2
2020-01-21 09:00:00,101151.38,-2,-3.3,86.26,0,0,NA,101420,NA,NA,NA,NA,NA,904,904,NA,NA,8,NA,NA,NA,2743.2,NA,NA,NA,NA,NA,NA,-3.03,89986.38,0,0,0,1,1,1,1,4,7,6,2020-01-21 04:00:00,2020-01-21 09:00:00,6,2020-01-21 04:00:00,2020-01-21 09:00:00,"0.004",0.9,203,59,-2.5,12.6
2020-01-21 10:00:00,101117.52,-1,-3.3,86.26,0,0,NA,101370,NA,NA,8002,NA,NA,904,904,NA,NA,10,0,-3.3,NA,2743.2,NA,NA,NA,NA,-2.96,NA,-3.03,89956.26,0,0,0,-0.1,0,0,1,NA,NA,NA,NA,NA,NA,NA,NA,"0.007",0.8,238,60,-1.6,9.2
2020-01-21 11:00:00,101083.65,0,-2.8,80.19,0,0,NA,101310,NA,NA,NA,NA,NA,804,NA,NA,NA,10,NA,NA,NA,2438.4,NA,NA,NA,NA,-0.905,NA,-3.05,89926.13,0,0,0,-0.2,0,0,1,NA,NA,NA,NA,NA,NA,NA,NA,"0.008",0.9,257,56,-0.8,10.4
2020-01-21 12:00:00,100982.06,1,-2.8,74.6,0,0,NA,101180,NA,NA,NA,NA,NA,704,NA,NA,NA,10,NA,NA,NA,2133.6,NA,NA,NA,NA,NA,NA,-3.06,89835.75,0,0,0,-1.3,0,0,1,NA,NA,NA,NA,NA,NA,NA,NA,"0.008",0.8,190,59,-0.3,12.6
2020-01-21 13:00:00,100914.33,2,-2.8,69.43,0,0,NA,101130,NA,NA,7020,NA,NA,654,1004,NA,NA,10,NA,NA,NA,3048,NA,NA,NA,NA,0.47,NA,-3.07,89775.5,0,0,0,-2.5,0,0,1,NA,NA,NA,NA,NA,NA,NA,NA,"0.009",0.9,121,58,0.7,13.8
2020-01-21 14:00:00,100812.74,3,-2.8,64.66,0,0,NA,101020,NA,NA,NA,NA,NA,1003,1004,NA,NA,10,NA,NA,NA,3048,NA,NA,NA,NA,1.61,NA,-3.08,89685.12,0,0,0,-3.5,0,0,1,NA,NA,NA,NA,NA,NA,NA,NA,"0.014",1,202,46,1.9,10.9
2020-01-21 15:00:00,100812.74,3,-2.2,69.64,0,0,NA,101080,NA,NA,NA,NA,NA,706,1003,NA,NA,10,NA,NA,NA,2286,NA,NA,NA,NA,1.61,NA,-2.07,89685.12,0,0,0,-3.4,0,0,1,NA,NA,NA,NA,NA,NA,NA,NA,"0.014",0.7,168,56,2,8.8
2020-01-21 16:00:00,100812.74,3,-2.2,69.64,2.06,270,NA,101100,NA,NA,6005,NA,NA,803,979,NA,NA,10,3.3,0,NA,2590.8,NA,NA,NA,NA,-0.2,NA,-2.07,89685.12,0,0,0,-4,0,0,0,NA,NA,NA,NA,NA,NA,NA,NA,"0.008",0.7,196,68,2.1,10.7
2020-01-21 17:00:00,100812.74,1,-1.7,80.34,1.54,250,NA,101080,NA,1104,NA,NA,NA,603,802,NA,NA,10,NA,NA,NA,2286,NA,NA,NA,NA,-0.68,NA,-2.05,89685.12,0,0,0,-2.3,0,0,1,NA,NA,NA,NA,NA,NA,NA,NA,"0.003",0.6,182,48,1.4,10.2
2020-01-21 18:00:00,100778.88,1,-1.7,80.34,0,0,NA,101070,NA,1104,NA,NA,NA,653,804,NA,NA,10,NA,NA,NA,2438.4,NA,NA,NA,NA,-1.13,NA,-2.05,89655,0,0,0,-2.6,0,0,1,NA,NA,NA,NA,NA,NA,NA,NA,"0.002",0.7,235,71,0.7,9.2
2020-01-21 19:00:00,100880.47,1,-0.55,86.48,2.57,320,NA,101170,2493,754,3006,0.762,1.016,176,373,NA,NA,6,NA,NA,NA,1066.8,NA,NA,NA,NA,-1.87,NA,-1.03,89745.38,0,0,0,-2.6,0,0,0,NA,NA,NA,NA,NA,NA,NA,NA,"0.003",1.7,146,61,0.3,10.6
2020-01-21 20:00:00,100982.06,1,-0.6,86.48,2.06,150,NA,101260,NA,704,NA,NA,NA,703,754,NA,NA,9,NA,NA,NA,2286,NA,NA,NA,NA,-1.36,NA,-1.03,89835.75,0,0,0,-4,0,0,0,NA,NA,NA,NA,NA,NA,NA,NA,"0.008",1.3,108,49,0.1,11.6
2020-01-21 21:00:00,101049.79,1,-0.6,86.48,1.54,90,NA,101370,NA,1104,NA,NA,NA,556,904,NA,NA,8,NA,NA,NA,2743.2,NA,NA,NA,NA,-0.68,NA,-1.03,89896.01,0,0,0,-4.3,0,0,1,NA,NA,NA,NA,NA,NA,NA,NA,"0.005",0.9,210,68,0,11.4
2020-01-21 22:00:00,101151.38,1,0,86.48,1.54,40,NA,101420,NA,NA,1024,NA,NA,556,1104,1.016,NA,9,2.2,0,NA,3352.8,NA,NA,NA,NA,-1.825,NA,-1.03,89986.38,0,0,0,-5.1,0,0,1,NA,NA,NA,NA,NA,NA,NA,NA,"0.004",1.1,97,73,0.1,10.2
2020-01-21 23:00:00,101252.97,0,-1.7,92.96,2.06,260,NA,101530,NA,1103,NA,NA,NA,602,1203,NA,NA,9,NA,NA,NA,1981.2,NA,3.3,-3.3,NA,-3.09,NA,-1.02,90076.76,0,0,0,-4.8,0,0,0,NA,NA,NA,NA,NA,NA,NA,NA,"0.017",1.3,184,56,0.5,8
2020-01-22,101286.84,0,-1.7,92.96,1.54,50,NA,101520,NA,NA,NA,NA,NA,553,1103,NA,NA,10,NA,NA,NA,1676.4,NA,NA,NA,NA,-2.73,NA,-1.02,90106.89,0,0,0,-4.8,0,0,1,NA,NA,NA,NA,NA,NA,NA,NA,"0.04",1.8,238,24,1.9,5.1
2020-01-22 01:00:00,101286.84,1,-1.7,80.34,2.06,60,NA,101540,NA,NA,1014,NA,NA,554,604,NA,NA,10,NA,NA,NA,1828.8,NA,NA,NA,NA,-1.36,NA,-2.05,90106.89,0,0,0,-5.8,0,0,0,NA,NA,NA,NA,NA,NA,NA,NA,"0.038",1.5,235,50,1.6,2.4
2020-01-22 02:00:00,101354.56,1,-1.7,81.55,1.54,100,NA,101570,NA,1104,NA,NA,NA,503,654,NA,NA,10,NA,NA,NA,1524,NA,NA,NA,NA,-1.36,NA,-2.03,90167.14,0,0,0,-5.9,0,0,1,NA,NA,NA,NA,NA,NA,NA,NA,"0.035",1.2,206,44,1.3,4.9
2020-01-22 03:00:00,101354.56,1,-2.2,80.34,2.06,130,7.2,101600,NA,853,NA,NA,NA,506,628,NA,NA,10,NA,NA,NA,1828.8,NA,NA,NA,NA,-1.36,NA,-2.05,90167.14,0,0,0,-6,0,0,0,NA,NA,NA,NA,NA,NA,NA,NA,"0.035",1.9,256,28,0.9,5.8
2020-01-22 04:00:00,101422.29,1,-2.2,80.34,5.14,160,NA,101670,NA,904,3011,NA,NA,502,703,NA,1.016,10,1.7,-0.6,NA,2133.6,NA,NA,NA,NA,-3.45,NA,-2.05,90227.39,0,0,0,-6,0,0,0,NA,NA,NA,NA,NA,NA,NA,NA,"0.038",1.4,255,45,0.8,4.1
2020-01-22 05:00:00,101456.15,1,-2.8,80.34,4.12,160,NA,101710,NA,852,NA,NA,NA,482,653,NA,NA,10,NA,NA,NA,1981.2,NA,NA,NA,NA,-3.13,NA,-2.05,90257.51,0,0,0,-6,0,0,0,NA,NA,NA,NA,NA,NA,NA,NA,"0.04",2.3,239,42,1.9,3.2
2020-01-22 06:00:00,101490.02,1,-2.2,74.6,2.06,120,NA,101770,NA,852.5,NA,NA,NA,496,603.5,NA,NA,10,NA,NA,NA,1752.6,NA,NA,NA,NA,-1.83,NA,-3.06,90287.65,0,0,0,-6,0,0,0,NA,NA,NA,NA,NA,NA,NA,NA,"0.039",2,240,30,1.7,1.2
2020-01-22 07:00:00,101557.75,0,-2.8,80.19,0,0,NA,101800,NA,NA,3012,NA,NA,504,554,NA,NA,10,NA,NA,NA,1524,NA,NA,NA,NA,-1.82,NA,-3.05,90347.9,0,0,0,-5,0,0,1,NA,NA,NA,NA,NA,NA,NA,NA,"0.035",2.1,244,24,1.6,0.5
2020-01-22 08:00:00,101625.47,1,-3.3,74.6,2.06,160,NA,101870,NA,NA,NA,NA,NA,483,554,NA,NA,10,NA,NA,NA,1463.04,NA,NA,NA,NA,-0.72,NA,-3.06,90408.14,0,0,0,-6,0,0,0,NA,NA,NA,NA,NA,NA,NA,NA,"0.037",2,227,42,2.1,-1.4
2020-01-22 09:00:00,101659.34,2,-2.2,69.43,3.09,180,NA,101920,NA,1004,NA,NA,NA,482,604,NA,NA,10,NA,NA,NA,1828.8,NA,NA,NA,NA,-1.17,NA,-3.07,90438.28,0,0,0,-7,0,0,0,NA,NA,NA,NA,NA,NA,NA,NA,"0.038",2.5,238,23,2.4,-2.9
2020-01-22 10:00:00,101727.07,2.8,-2.2,69.64,2.57,120,NA,101970,NA,NA,1015,NA,NA,493,604,NA,NA,10,2.8,-0.6,NA,1676.4,NA,NA,NA,NA,0.25,NA,-2.07,90498.53,0,0,0,-7.5,0,0,0,NA,NA,NA,NA,NA,NA,NA,NA,"0.039",2.5,217,27,2.4,-0.2
2020-01-22 11:00:00,101727.07,4,-3.3,64.9,3.6,180,NA,101940,NA,NA,NA,NA,NA,503,603,NA,NA,10,NA,NA,NA,1524,NA,NA,NA,NA,0.28,NA,-2.08,90498.53,0,0,0,-8.6,0,0,0,NA,NA,NA,NA,NA,NA,NA,NA,"0.041",3.3,210,24,3.5,0.2
2020-01-22 12:00:00,101693.2,4,-3.3,55.91,3.09,190,NA,101920,NA,NA,NA,NA,NA,553,NA,NA,NA,10,NA,NA,NA,1828.8,NA,NA,NA,NA,1.895,NA,-3.11,90468.4,0,0,0,-8.4,0,0,0,NA,NA,NA,NA,NA,NA,NA,NA,"0.041",2.2,215,26,4.5,4.7
2020-01-22 13:00:00,101693.2,6,-3.3,52.42,5.66,250,9.26,101890,NA,NA,5001,NA,NA,553,703,NA,NA,10,NA,NA,NA,1676.4,NA,NA,NA,NA,2.3,NA,-3.11,90468.4,0,0,0,-10.4,0,0,0,NA,NA,NA,NA,NA,NA,NA,NA,"0.041",2.8,238,21,4.9,4.1
2020-01-22 14:00:00,101760.93,7,-3.3,48.93,6.17,290,NA,101940,13,703,NA,0.025,NA,473,629,NA,NA,10,NA,NA,NA,1828.8,NA,NA,NA,NA,3.37,NA,-3.11,90528.65,0,0,0,-11.2,0,0,0,NA,NA,NA,NA,NA,NA,NA,NA,"0.041",2.5,224,33,4.8,0.3
2020-01-22 15:00:00,101794.79,5,-3.9,52.13,4.12,270,NA,102030,NA,NA,NA,NA,NA,656,952,NA,NA,10,NA,NA,NA,NA,NA,NA,NA,NA,1.79,NA,-4.11,90558.78,0,0,0,-9.4,0,0,0,NA,NA,NA,NA,NA,NA,NA,NA,"0.04",1.8,266,48,4.9,2.7
2020-01-22 16:00:00,101896.38,4,-3.9,55.91,4.12,270,NA,102090,NA,NA,3015,NA,NA,902,904,0.025,NA,10,7.2,2.8,NA,2590.8,NA,NA,NA,NA,0.56,NA,-4.1,90649.15,0,0,0,-8.7,0,0,0,NA,NA,NA,NA,NA,NA,NA,NA,"0.039",1.3,164,58,3.7,-2.6
2020-01-22 17:00:00,101896.38,3,-4.4,60,1.54,30,NA,102130,NA,NA,NA,NA,NA,703,804,NA,NA,10,NA,NA,NA,2133.6,NA,NA,NA,NA,0.88,NA,-4.1,90649.15,0,0,0,-8,0,0,1,NA,NA,NA,NA,NA,NA,NA,NA,"0.017",0.6,126,72,3,-1.9
2020-01-22 18:00:00,101930.25,3,-3.9,60,2.06,340,NA,102170,NA,1103,NA,NA,NA,603,854,NA,NA,10,NA,NA,NA,1828.8,NA,NA,NA,NA,0.97,NA,-4.1,90679.28,0,0,0,-8.2,0,0,0,NA,NA,NA,NA,NA,NA,NA,NA,"0.02",1,59,60,2.7,1.9
2020-01-22 19:00:00,101964.11,2,-3.3,69.43,0,0,NA,102200,NA,NA,1007,NA,NA,753,928.5,NA,NA,10,NA,NA,NA,2286,NA,NA,NA,NA,1.61,NA,-3.07,90709.41,0,0,0,-7,0,0,1,NA,NA,NA,NA,NA,NA,NA,NA,"0.023",1,132,59,2.4,-0.2
2020-01-22 20:00:00,101964.11,2,-3.3,69.43,0,0,NA,102230,NA,NA,NA,NA,NA,704,904,NA,NA,10,NA,NA,NA,2133.6,NA,NA,NA,NA,0.47,NA,-3.07,90709.41,0,0,0,-6.9,0,0,1,NA,NA,NA,NA,NA,NA,NA,NA,"0.015",0.7,150,69,1.5,2.5
2020-01-22 21:00:00,101997.98,2,-2.8,69.43,0,0,NA,102260,NA,704,NA,NA,NA,406,493,NA,NA,10,NA,NA,NA,2133.6,NA,NA,NA,NA,-1.36,NA,-3.07,90739.54,0,0,0,-6.9,0,0,1,NA,NA,NA,NA,NA,NA,NA,NA,"0.016",0.9,119,45,1.2,5.6
2020-01-22 22:00:00,102031.84,1,-2.2,80.34,2.06,290,NA,102250,NA,554,1006,NA,NA,504,483,NA,NA,10,3.9,0.6,NA,1676.4,NA,NA,NA,NA,-1.36,NA,-2.05,90769.66,0,0,0,-5.7,0,0,0,NA,NA,NA,NA,NA,NA,NA,NA,"0.016",0.6,210,75,1.2,5.6
2020-01-22 23:00:00,102031.84,1,-1.1,80.34,2.57,140,NA,102260,NA,1104,NA,NA,NA,502,753,NA,NA,10,NA,NA,NA,1828.8,NA,7.2,-0.6,NA,-2.38,NA,-2.05,90769.66,0,0,0,-5.5,0,0,0,NA,NA,NA,NA,NA,NA,NA,NA,"0.029",1,79,37,0.9,4.6
2020-01-23,102031.84,1,-1.1,86.48,2.57,160,NA,102240,NA,1104,NA,NA,NA,503,903,NA,NA,10,NA,NA,NA,1524,NA,NA,NA,NA,-1.91,NA,-1.03,90769.66,0,0,0,-5.3,0,0,0,NA,NA,NA,NA,NA,NA,NA,NA,"0.031",1.1,131,46,0.6,1.7
2020-01-23 01:00:00,102031.84,1,-1.1,86.48,1.54,30,NA,102230,NA,NA,3002,NA,NA,444,504,NA,NA,10,NA,NA,NA,1341.12,NA,NA,NA,NA,-0.68,NA,-1.03,90769.66,0,0,0,-5.3,0,0,1,NA,NA,NA,NA,NA,NA,NA,NA,"0.022",0.8,137,46,0,2.4
2020-01-23 02:00:00,102065.7,1,-1.1,86.48,0,0,NA,102290,NA,NA,NA,NA,NA,444,504,NA,NA,10,NA,NA,NA,1341.12,NA,NA,NA,NA,-1.82,NA,-1.03,90799.78,0,0,0,-5,0,0,1,NA,NA,NA,NA,NA,NA,NA,NA,"0.017",0.7,158,54,-0.1,4.7
2020-01-23 03:00:00,102099.57,0.6,-1.1,86.48,0,0,NA,102300,NA,NA,NA,NA,NA,484,504,NA,NA,10,NA,NA,NA,1463.04,NA,NA,NA,NA,-0.68,NA,-1.03,90829.91,0,0,0,-4.4,0,0,1,NA,NA,NA,NA,NA,NA,NA,NA,"0.016",0.8,200,51,-0.2,3.4
2020-01-23 04:00:00,102099.57,1,-1.1,86.48,0,0,NA,102310,NA,NA,1004,NA,NA,504,NA,NA,NA,10,1.7,0,NA,1524,NA,NA,NA,NA,-0.56,NA,-1.03,90829.91,0,0,0,-4.6,0,0,1,NA,NA,NA,NA,NA,NA,NA,NA,"0.018",0.6,195,52,-0.1,3.2
2020-01-23 05:00:00,102099.57,0,-1.1,92.96,0,0,NA,102370,NA,NA,NA,NA,NA,506,654,NA,NA,10,NA,NA,NA,1676.4,NA,NA,NA,NA,NA,NA,-1.02,90829.91,0,0,0,-3.3,0,0,1,NA,NA,NA,NA,NA,NA,NA,NA,"0.014",0.7,180,56,-0.3,3.9
2020-01-23 06:00:00,102133.43,1,-1.1,86.48,0,0,NA,102380,NA,NA,NA,NA,NA,494,NA,NA,NA,10,NA,NA,NA,1493.52,NA,NA,NA,NA,-1.36,NA,-1.03,90860.04,0,0,0,-4.2,0,0,1,NA,NA,NA,NA,NA,NA,NA,NA,"0.008",0.5,189,64,-0.4,6.3
2020-01-23 07:00:00,102133.43,0,-1.1,92.96,0,0,NA,102380,20,754,2,0.025,0.025,484,729,NA,NA,9,NA,NA,NA,1463.04,NA,NA,NA,NA,-1.82,NA,-1.02,90860.04,0,0,0,-3.1,0,0,1,NA,NA,NA,NA,NA,NA,NA,NA,"0.005",0.7,191,41,-0.4,9.2
2020-01-23 08:00:00,102133.43,0,-0.6,92.96,0,0,NA,102390,NA,704,NA,NA,NA,444,704,NA,NA,8,NA,NA,NA,1341.12,NA,NA,NA,NA,NA,NA,-1.02,90860.04,0,0,0,-2.9,0,0,1,NA,NA,NA,NA,NA,NA,NA,NA,"0.004",0.6,184,52,-0.3,9.2
2020-01-23 09:00:00,102133.43,1,-0.6,86.48,0,0,NA,102420,2500,654,NA,0.025,NA,434,554,NA,NA,7,NA,NA,NA,1310.64,NA,NA,NA,NA,NA,NA,-1.03,90860.04,0,0,0,-3.7,0,0,1,NA,NA,NA,NA,NA,NA,NA,NA,"0.005",0.6,197,63,-0.1,8.6
2020-01-23 10:00:00,102167.3,1,0,93.02,0,0,NA,102410,31,854,1003,0.025,NA,433,653,0.025,NA,10,1.1,-0.6,NA,1310.64,NA,NA,NA,NA,NA,NA,-0.02,90890.17,0,0,0,-2.9,0,0,1,NA,NA,NA,NA,NA,NA,NA,NA,"0.009",0.6,138,69,0.6,10.6
2020-01-23 11:00:00,102133.43,2,0,86.58,0,0,NA,102380,NA,NA,NA,NA,NA,434,604,NA,NA,10,NA,NA,NA,1310.64,NA,NA,NA,NA,NA,NA,-0.03,90860.04,0,0,0,-3.2,0,0,1,NA,NA,NA,NA,NA,NA,NA,NA,"0.01",0.7,159,61,0.9,9.7
2020-01-23 12:00:00,102099.57,2,0,86.58,0,0,NA,102290,NA,NA,NA,NA,NA,414,NA,NA,NA,10,NA,NA,NA,1249.68,NA,NA,NA,NA,NA,NA,-0.03,90829.91,0,0,0,-2.9,0,0,1,NA,NA,NA,NA,NA,NA,NA,NA,"0.008",0.6,162,71,1.4,9.9
2020-01-23 13:00:00,101997.98,3,0,80.63,0,0,NA,102200,NA,NA,8017,NA,NA,384,NA,NA,NA,10,NA,NA,NA,1158.24,NA,NA,NA,NA,NA,NA,-0.05,90739.54,0,0,0,-3.6,0,0,1,NA,NA,NA,NA,NA,NA,NA,NA,"0.009",0.7,131,60,2.2,11.6
2020-01-23 14:00:00,101964.11,3,0,80.63,0,0,NA,102190,NA,NA,NA,NA,NA,404,NA,NA,NA,10,NA,NA,NA,1219.2,NA,NA,NA,NA,0.97,NA,-0.05,90709.41,0,0,0,-3,0,0,1,NA,NA,NA,NA,NA,NA,NA,NA,"0.006",0.7,301,61,2.6,18.6
2020-01-23 15:00:00,101930.25,3,0,80.63,0,0,NA,102130,NA,NA,NA,NA,NA,394,NA,NA,NA,10,NA,NA,NA,1188.72,NA,NA,NA,NA,NA,NA,-0.05,90679.28,0,0,0,-2.9,0,0,1,NA,NA,NA,NA,NA,NA,NA,NA,"0.007",0.8,21,65,3.1,13.6
2020-01-23 16:00:00,101896.38,3,0.6,86.68,1.54,280,NA,102140,NA,NA,5005,NA,NA,394,NA,NA,NA,10,3.3,1.1,NA,1188.72,NA,NA,NA,NA,1.175,NA,0.97,90649.15,0,0,0,-2.9,0,0,1,NA,NA,NA,NA,NA,NA,NA,NA,"0.005",0.8,357,60,3.2,19.4
2020-01-23 17:00:00,101896.38,2,0,86.68,0,0,NA,102130,NA,NA,NA,NA,NA,404,504,NA,NA,10,NA,NA,NA,1219.2,NA,NA,NA,NA,1.155,NA,0.97,90649.15,0,0,0,-1.9,0,0,1,NA,NA,NA,NA,NA,NA,NA,NA,"0.003",0.6,348,58,2.7,8
2020-01-23 18:00:00,101862.52,2,0,86.58,0,0,NA,102100,NA,554,NA,NA,NA,482,554,NA,NA,10,NA,NA,NA,1463.04,NA,NA,NA,NA,NA,NA,-0.03,90619.03,0,0,0,-1.9,0,0,1,NA,NA,NA,NA,NA,NA,NA,NA,"0.002",0.7,160,73,2.3,10.9
2020-01-23 19:00:00,101828.66,2,0,86.58,0,0,NA,102060,NA,NA,8009,NA,NA,474,704,NA,NA,10,NA,NA,NA,1432.56,NA,NA,NA,NA,0.7,NA,-0.03,90588.91,0,0,0,-1.8,0,0,1,NA,NA,NA,NA,NA,NA,NA,NA,"0.002",0.7,298,68,2.1,14.1
2020-01-23 20:00:00,101794.79,2,0,86.58,0,0,NA,102050,NA,NA,NA,NA,NA,484,494,NA,NA,10,NA,NA,NA,1463.04,NA,NA,NA,NA,0.25,NA,-0.03,90558.78,0,0,0,-1.8,0,0,1,NA,NA,NA,NA,NA,NA,NA,NA,"0.002",0.8,174,63,1.7,17.6
2020-01-23 21:00:00,101794.79,2,0,88.46,0,0,NA,102020,NA,854,NA,NA,NA,426,548.5,NA,NA,10,NA,NA,NA,1432.56,NA,NA,NA,NA,0.865,NA,-0.02,90558.78,0,0,0,-1.7,0,0,1,NA,NA,NA,NA,NA,NA,NA,NA,"0.002",0.7,177,77,1.6,19.3
2020-01-23 22:00:00,101760.93,1,-0.6,93.02,0,0,NA,102000,NA,854,8005,NA,NA,483,804,NA,NA,10,2.8,0.6,NA,1463.04,NA,NA,NA,NA,-0.68,NA,-0.02,90528.65,0,0,0,-0.7,0,0,1,NA,NA,NA,NA,NA,NA,NA,NA,"0.002",0.6,75,67,1.1,17.4
2020-01-23 23:00:00,101727.07,1,-0.6,86.48,0,0,NA,101960,NA,803,NA,NA,NA,552,853,NA,NA,10,NA,NA,NA,2667,NA,3.3,-0.6,NA,NA,NA,-1.03,90498.53,0,0,0,-0.8,0,0,1,NA,NA,NA,NA,NA,NA,NA,NA,"0.003",0.6,145,70,0.5,18.4
2020-01-24,101659.34,1,-0.6,86.48,0,0,NA,101860,NA,1003,NA,NA,NA,553,904,NA,NA,10,NA,NA,NA,1676.4,NA,NA,NA,NA,NA,NA,-1.03,90438.28,0,0,0,-0.8,0,0,1,NA,NA,NA,NA,NA,NA,NA,NA,"0.002",0.6,113,68,-0.5,15.3
2020-01-24 01:00:00,101591.61,0,-1.1,92.96,0,0,NA,101800,31,1002,8017,NA,NA,553,806,NA,NA,7,NA,NA,NA,1676.4,NA,NA,NA,NA,-1.82,NA,-1.02,90378.02,0,0,0,0,0,1,1,NA,NA,NA,NA,NA,5,2020-01-24 01:00:00,2020-01-24 05:00:00,"0.003",0.6,124,67,-1.5,17.6
2020-01-24 02:00:00,101557.75,-1,-2.2,92.91,0,0,NA,101790,31,NA,NA,NA,NA,556,NA,NA,NA,7,NA,NA,NA,NA,NA,NA,NA,NA,NA,NA,-2.02,90347.9,0,0,0,0.9,1,1,1,NA,NA,2,2020-01-24 02:00:00,2020-01-24 03:00:00,5,2020-01-24 01:00:00,2020-01-24 05:00:00,"0.002",0.6,131,68,-2.4,9.4
2020-01-24 03:00:00,101523.88,-1.7,-2.2,92.91,0,0,NA,101750,NA,NA,NA,NA,NA,1,NA,NA,NA,8,NA,NA,NA,NA,NA,NA,NA,NA,-2.96,NA,-2.02,90317.77,0,0,0,1.4,1,1,1,NA,NA,2,2020-01-24 02:00:00,2020-01-24 03:00:00,5,2020-01-24 01:00:00,2020-01-24 05:00:00,"0.002",0.6,196,76,-2.9,9
2020-01-24 04:00:00,101490.02,-1,-2.2,92.91,0,0,NA,101720,31,NA,8008,NA,NA,1,NA,NA,NA,6,1.1,-2.2,NA,NA,NA,NA,NA,NA,-3.53,NA,-2.02,90287.65,0,0,0,0.3,0,1,1,NA,NA,NA,NA,NA,5,2020-01-24 01:00:00,2020-01-24 05:00:00,"0.002",0.5,129,75,-3.1,9.9
2020-01-24 05:00:00,101456.15,-2,-2.5,92.88,0,0,NA,101720,31,1104,NA,NA,NA,32,1052,NA,NA,6,NA,NA,NA,3352.8,NA,NA,NA,NA,-4.1,NA,-2.52,90257.51,0,0,0,1.1,1,1,1,NA,NA,1,2020-01-24 05:00:00,2020-01-24 05:00:00,5,2020-01-24 01:00:00,2020-01-24 05:00:00,"0.002",0.7,143,53,-3.3,9.9
2020-01-24 06:00:00,101456.15,-1,-2.2,92.91,0,0,NA,101690,NA,1104,NA,NA,NA,603,953,NA,NA,9,NA,NA,NA,1828.8,NA,NA,NA,NA,NA,NA,-2.02,90257.51,0,0,0,-0.6,0,0,1,NA,NA,NA,NA,NA,NA,NA,NA,"0.002",0.8,205,55,-3.2,8.5
2020-01-24 07:00:00,101422.29,-2,-2.2,92.91,0,0,NA,101690,31,NA,6004,NA,NA,42,603,NA,NA,8,NA,NA,NA,1828.8,NA,NA,NA,NA,-3.53,NA,-2.02,90227.39,0,0,0,0.8,1,1,1,NA,NA,1,2020-01-24 07:00:00,2020-01-24 07:00:00,1,2020-01-24 07:00:00,2020-01-24 07:00:00,"0.002",0.9,131,70,-2.5,8
2020-01-24 08:00:00,101422.29,-1,-1.1,92.91,0,0,NA,101660,31,NA,NA,NA,NA,46,554,NA,NA,6,NA,NA,NA,1676.4,NA,NA,NA,NA,-2.96,NA,-2.02,90227.39,0,0,0,-0.5,0,0,1,NA,NA,NA,NA,NA,NA,NA,NA,"0.002",1.3,246,46,-1.8,9
2020-01-24 09:00:00,101422.29,0,-0.6,92.96,0,0,NA,101690,31,NA,NA,NA,NA,484,504,NA,NA,5,NA,NA,NA,1463.04,NA,NA,NA,NA,NA,NA,-1.02,90227.39,0,0,0,-1.3,0,0,1,NA,NA,NA,NA,NA,NA,NA,NA,"0.003",0.5,207,73,-1.5,9.4
2020-01-24 10:00:00,101456.15,1,-0.6,93.02,0,0,NA,101750,31,NA,3005,NA,NA,554,554,NA,NA,6,1.1,-2.8,NA,1676.4,NA,NA,NA,NA,-0.68,NA,-0.61,90257.51,0,0,0,-1.9,0,0,1,NA,NA,NA,NA,NA,NA,NA,NA,"0.003",0.9,223,46,-0.7,11.1
2020-01-24 11:00:00,101523.88,1,0.3,93.02,1.54,295,NA,101760,2493,NA,NA,0.025,NA,374,NA,NA,NA,4,NA,NA,NA,1127.76,NA,NA,NA,NA,-0.68,NA,-0.02,90317.77,0,0,0,-1.2,0,0,1,NA,NA,NA,NA,NA,NA,NA,NA,"0.004",0.9,216,54,-0.2,11.6
2020-01-24 12:00:00,101523.88,1,0.6,100,0,0,NA,101760,2493,484,NA,0.508,NA,46,353,NA,NA,3,NA,NA,NA,1051.56,NA,NA,NA,NA,-0.68,NA,1,90317.77,0,0,0,-1.2,0,0,1,NA,NA,NA,NA,NA,NA,NA,NA,"0.005",0.9,210,44,0.1,7.8
2020-01-24 13:00:00,101490.02,2,1.1,93.08,0,0,NA,101690,31,459,8003,0.254,0.762,53,373.5,NA,NA,5,NA,NA,NA,960.12,NA,NA,NA,NA,NA,NA,0.98,90287.65,0,0,0,-2.3,0,0,1,NA,NA,NA,NA,NA,NA,NA,NA,"0.008",0.6,95,70,1.9,6.4
2020-01-24 14:00:00,101456.15,2,1.4,93.08,0,0,NA,101690,31,503,NA,NA,NA,52,363,NA,NA,5,NA,NA,NA,1493.52,NA,NA,NA,NA,0.47,NA,1.38,90257.51,0,0,0,-2.1,0,0,1,NA,NA,NA,NA,NA,NA,NA,NA,"0.009",0.8,59,74,3,7.3
2020-01-24 15:00:00,101490.02,3,2.2,93.13,0,0,NA,101730,31,554,NA,NA,NA,473,553,NA,NA,7,NA,NA,NA,1524,NA,NA,NA,NA,1.61,NA,1.98,90287.65,0,0,0,-3.5,0,0,1,NA,NA,NA,NA,NA,NA,NA,NA,"0.015",0.7,108,54,5.2,7.4
2020-01-24 16:00:00,101523.88,3,2.2,93.13,0,0,NA,101780,31,604,3008,NA,NA,76,554,0.762,NA,8.5,3.9,0,NA,1676.4,NA,NA,NA,NA,1.495,NA,1.98,90317.77,0,0,0,-3.4,0,0,1,NA,NA,NA,NA,NA,NA,NA,NA,"0.009",1.2,274,35,4.4,8.1
2020-01-24 17:00:00,101557.75,2,0.6,96.46,1.54,250,NA,101850,31,753.5,NA,NA,NA,473,603,NA,NA,6,NA,NA,NA,1432.56,NA,NA,NA,NA,0.47,NA,1.98,90347.9,0,0,0,-3.5,0,0,1,NA,NA,NA,NA,NA,NA,NA,NA,"0.003",1,283,62,2.7,9.4
2020-01-24 18:00:00,101557.75,1,-0.6,100,0,0,NA,101850,31,753,NA,NA,NA,554,703,NA,NA,5,NA,NA,NA,1828.8,NA,NA,NA,NA,-1.605,NA,0.98,90347.9,0,0,0,-2.9,0,0,1,NA,NA,NA,NA,NA,NA,NA,NA,"0.002",1.2,97,59,1.4,16.3
2020-01-24 19:00:00,101557.75,0,0,100,0,0,NA,101870,31,853,1004,NA,NA,552,704,NA,NA,4,NA,NA,NA,1981.2,NA,NA,NA,NA,-2.65,NA,0,90347.9,0,0,0,-2.2,0,0,1,NA,NA,NA,NA,NA,NA,NA,NA,"0.002",1.3,192,52,0.5,11.9
2020-01-24 20:00:00,101591.61,1,1.1,100,2.06,300,NA,101810,31,804,NA,0.508,NA,333,554,NA,NA,7,NA,NA,NA,1036.32,NA,NA,NA,NA,-1.635,NA,1,90378.02,0,0,0,-3.6,0,0,0,NA,NA,NA,NA,NA,NA,NA,NA,"0.002",1.5,78,38,0.8,11.9
2020-01-24 21:00:00,101591.61,1,0.6,100,2.57,240,NA,101870,2493,904,NA,0.762,NA,267.5,704,NA,NA,6,NA,NA,NA,822.96,NA,NA,NA,NA,-1.91,NA,1,90378.02,0,0,0,-3.7,0,0,0,NA,NA,NA,NA,NA,NA,NA,NA,"0.003",1.3,222,48,1.2,8.8
2020-01-24 22:00:00,101625.47,0,0,100,2.06,105,NA,101910,31,604,3006,0.076,NA,266,497.5,1.27,NA,3,2.8,-0.6,NA,1676.4,NA,NA,NA,NA,-2.53,NA,0,90408.14,0,0,0,-2.6,0,0,0,NA,NA,NA,NA,NA,NA,NA,NA,"0.002",0.8,88,62,0.7,8.5
2020-01-24 23:00:00,101659.34,-1,-0.6,100,0,0,NA,101930,31,NA,NA,NA,NA,472.5,553,NA,NA,2.5,NA,NA,NA,1676.4,NA,3.9,-2.8,NA,-2.96,NA,-1,90438.28,0,0,0,-1.6,0,0,1,NA,NA,NA,NA,NA,NA,NA,NA,"0.002",1.1,122,65,0.3,12.1
2020-01-25,101659.34,-1,-0.85,100,1.54,80,NA,101940,31,NA,NA,NA,NA,1,NA,NA,NA,4,NA,NA,NA,NA,NA,NA,NA,NA,-2.96,NA,-1,90438.28,0,0,0,-1.9,0,0,1,NA,NA,NA,NA,NA,NA,NA,NA,"0.002",0.9,223,73,-0.3,12.3
2020-01-25 01:00:00,101659.34,-2,-1.7,100,1.54,270,NA,101950,30,NA,3001,NA,NA,25,NA,NA,NA,0.25,NA,NA,NA,60.96,NA,NA,NA,NA,-4.1,NA,-2,90438.28,0,0,0,-1,0,0,1,NA,NA,NA,NA,NA,NA,NA,NA,"0.011",1.7,226,29,0.2,8.8
2020-01-25 02:00:00,101693.2,-1,-1.1,100,0,0,NA,101950,31,804,NA,0.076,NA,423.5,492.5,NA,NA,6,NA,NA,NA,1371.6,NA,NA,NA,NA,-2.745,NA,-1,90468.4,0,0,0,-2.1,0,0,1,NA,NA,NA,NA,NA,NA,NA,NA,"0.03",2,205,42,1.9,3.2
2020-01-25 03:00:00,101693.2,-1,-0.6,100,1.8,110,NA,101940,1281,654,NA,0.127,NA,263,654,NA,NA,5,NA,NA,NA,1127.76,NA,NA,NA,NA,-3.095,NA,-1,90468.4,0,0,0,-2.2,0,0,1,NA,NA,NA,NA,NA,NA,NA,NA,"0.021",1.3,340,57,1.1,0.7
2020-01-25 04:00:00,101727.07,-1,-0.6,100,1.54,40,NA,102000,2521,954,3006,0.076,NA,196,393,0.254,2.286,5,0.6,-2.2,NA,1188.72,NA,NA,NA,NA,-2.96,NA,-1,90498.53,0,0,0,-2.1,0,0,1,NA,NA,NA,NA,NA,NA,NA,NA,"0.011",0.9,141,70,0.3,2.9
2020-01-25 05:00:00,101760.93,-1,-1,100,0.77,115,NA,102030,31,629,NA,0.025,NA,176,492.5,NA,NA,3.25,NA,NA,NA,1463.04,NA,NA,NA,NA,-3.99,NA,-1,90528.65,0,0,0,-1.9,0,0,1,NA,NA,NA,NA,NA,NA,NA,NA,"0.007",0.9,217,62,-0.2,3.4
2020-01-25 06:00:00,101727.07,-1,-0.6,100,0,0,NA,102010,2493,504,NA,0.254,NA,16,93,NA,NA,1.5,NA,NA,NA,274.32,NA,NA,NA,NA,-2.96,NA,-1,90498.53,0,0,0,-1.9,0,0,1,NA,NA,NA,NA,NA,NA,NA,NA,"0.005",0.8,78,53,-0.6,6.6
2020-01-25 07:00:00,101727.07,-2,-2.2,100,0,0,NA,102060,30,NA,3001,NA,0.254,26,777.5,NA,NA,0.5,NA,NA,NA,45.72,NA,NA,NA,NA,-4.1,NA,-2,90498.53,0,0,0,-0.9,0,0,1,NA,NA,NA,NA,NA,NA,NA,NA,"0.002",0.9,130,58,-1.8,7.8
2020-01-25 08:00:00,101794.79,-2,-1.7,100,1.54,80,NA,102090,30,NA,NA,0.025,NA,23,74,NA,NA,0.24,NA,NA,NA,60.96,NA,NA,NA,NA,-4.94,NA,-2,90558.78,0,0,0,-1,0,0,1,NA,NA,NA,NA,NA,NA,NA,NA,"0.003",1,267,67,-2,4.7
2020-01-25 09:00:00,101828.66,-2,-1.7,100,1.54,220,NA,102100,30,804,NA,NA,NA,55,754,NA,NA,0.25,NA,NA,NA,152.4,NA,NA,NA,NA,-4.1,NA,-2,90588.91,0,0,0,-0.6,0,0,1,NA,NA,NA,NA,NA,NA,NA,NA,"0.006",0.8,91,67,-1.5,2.9
2020-01-25 10:00:00,101828.66,-1.85,-1.1,100,0,0,NA,102080,30,NA,4,NA,NA,54,NA,0.254,NA,0.5,-0.6,-2.8,NA,152.4,NA,NA,NA,NA,-3.9,NA,-1.85,90588.91,0,0,0,0.25,0,1,1,NA,NA,NA,NA,NA,1,2020-01-25 10:00:00,2020-01-25 10:00:00,"0.009",0.7,22,49,-0.6,5.6
2020-01-25 11:00:00,101760.93,-1,-1.1,100,0,0,NA,102030,30,NA,NA,NA,NA,44,NA,NA,NA,0.5,NA,NA,NA,121.92,NA,NA,NA,NA,-2.96,NA,-1,90528.65,0,0,0,-0.7,0,0,1,NA,NA,NA,NA,NA,NA,NA,NA,"0.008",0.7,30,74,0.7,10.9
2020-01-25 12:00:00,101727.07,0,0,100,2.57,280,NA,102030,9,NA,NA,NA,NA,24,504,NA,NA,0.5,NA,NA,NA,60.96,NA,NA,NA,NA,-3.09,NA,0,90498.53,0,0,0,-1.8,0,0,0,NA,NA,NA,NA,NA,NA,NA,NA,"0.011",1.1,277,61,1.2,11.1
2020-01-25 13:00:00,101727.07,1,0.6,100,1.54,300,NA,102010,2493,504,8002,0.025,0.025,42.5,383,NA,NA,8,NA,NA,NA,822.96,NA,NA,NA,NA,-1.36,NA,1,90498.53,0,0,0,-3,0,0,1,NA,NA,NA,NA,NA,NA,NA,NA,"0.012",1,332,65,1.1,11.4
2020-01-25 14:00:00,101693.2,0,0,100,2.06,230,NA,101990,2521,384,NA,0.254,NA,26,253,NA,NA,5,NA,NA,NA,91.44,NA,NA,NA,NA,-2.53,NA,0,90468.4,0,0,0,-2.1,0,0,0,NA,NA,NA,NA,NA,NA,NA,NA,"0.017",0.7,180,47,1.5,11.9
2020-01-25 15:00:00,101727.07,1,0.6,100,0,0,NA,101990,2521,504,NA,0.127,NA,53,423,NA,NA,5,NA,NA,NA,152.4,NA,NA,NA,NA,NA,NA,1,90498.53,0,0,0,-3,0,0,1,NA,NA,NA,NA,NA,NA,NA,NA,"0.013",0.6,59,64,1.6,8.3
2020-01-25 16:00:00,101693.2,1,0,100,0,0,NA,101980,2493,424,8001,0.254,NA,408.5,504,0.762,NA,6,1.1,-1.1,NA,1280.16,NA,NA,NA,NA,-1.82,NA,1,90468.4,0,0,0,-3.2,0,0,1,NA,NA,NA,NA,NA,NA,NA,NA,"0.013",0.6,83,46,1.6,7.3
2020-01-25 17:00:00,101727.07,0,0,100,0.77,130,NA,102010,31,NA,NA,NA,NA,366,474,NA,NA,5,NA,NA,NA,1432.56,NA,NA,NA,NA,-2.53,NA,0,90498.53,0,0,0,-2.5,0,0,1,NA,NA,NA,NA,NA,NA,NA,NA,"0.008",0.6,211,54,1.3,7.6
2020-01-25 18:00:00,101760.93,0,0,100,0,0,NA,102070,31,NA,NA,NA,NA,16,499,NA,NA,4,NA,NA,NA,1524,NA,NA,NA,NA,-1.82,NA,0,90528.65,0,0,0,-2.4,0,0,1,NA,NA,NA,NA,NA,NA,NA,NA,"0.012",0.8,332,53,0.9,6.3
2020-01-25 19:00:00,101794.79,0,-0.6,100,0,0,NA,102120,31,NA,3010,NA,NA,494,554,NA,NA,4,NA,NA,NA,1676.4,NA,NA,NA,NA,NA,NA,0,90558.78,0,0,0,-2.2,0,0,1,NA,NA,NA,NA,NA,NA,NA,NA,"0.013",0.4,183,79,0.8,9
2020-01-25 20:00:00,101828.66,-1,-0.6,100,0,0,NA,102130,31,NA,NA,NA,NA,506,754,NA,NA,1.875,NA,NA,NA,2286,NA,NA,NA,NA,-2.73,NA,-1,90588.91,0,0,0,-1.1,0,0,1,NA,NA,NA,NA,NA,NA,NA,NA,"0.008",0.7,75,66,0.8,9.9
2020-01-25 21:00:00,101828.66,-1,-0.85,100,0,0,NA,102110,30,754,NA,NA,NA,22,754,NA,NA,0.25,NA,NA,NA,2286,NA,NA,NA,NA,NA,NA,-1,90588.91,0,0,0,-1.1,0,0,1,NA,NA,NA,NA,NA,NA,NA,NA,"0.005",0.6,208,57,0.6,11.1
2020-01-25 22:00:00,101828.66,-1,-1.1,100,0,0,NA,102140,30,704,3001,NA,NA,23,444,NA,NA,0.25,0,-1.1,NA,60.96,NA,NA,NA,NA,-2.96,NA,-1,90588.91,0,0,0,-1,0,0,1,NA,NA,NA,NA,NA,NA,NA,NA,"0.008",0.6,173,76,0.4,9.7
2020-01-25 23:00:00,101828.66,-1,-1.1,100,0,0,NA,102130,30,464,NA,NA,NA,24,213,NA,NA,0.5,NA,NA,NA,350.52,NA,1.1,-2.8,NA,NA,NA,-1,90588.91,0,0,0,-1,0,0,1,NA,NA,NA,NA,NA,NA,NA,NA,"0.006",0.6,219,60,0.3,9.4
2020-01-26,101828.66,-1,-1.1,100,0,0,NA,102120,30,NA,NA,NA,NA,35,NA,NA,NA,0.5,NA,NA,NA,91.44,NA,NA,NA,NA,NA,NA,-1,90588.91,0,0,0,-1,0,0,1,NA,NA,NA,NA,NA,NA,NA,NA,"0.005",0.7,173,46,0.2,13.3
2020-01-26 01:00:00,101794.79,-1,-1.1,100,0,0,NA,102040,30,NA,8005,NA,NA,25,NA,NA,NA,0.25,NA,NA,NA,60.96,NA,NA,NA,NA,-3.7,NA,-1,90558.78,0,0,0,-0.9,0,0,1,NA,NA,NA,NA,NA,NA,NA,NA,"0.004",0.8,158,51,-0.2,13.3
2020-01-26 02:00:00,101760.93,-1,-1.1,100,0,0,NA,102090,30,NA,NA,NA,NA,25,NA,NA,NA,0.24,NA,NA,NA,60.96,NA,NA,NA,NA,-2.96,NA,-1,90528.65,0,0,0,-1.1,0,0,1,NA,NA,NA,NA,NA,NA,NA,NA,"0.006",1.3,165,37,-1,10.4
2020-01-26 03:00:00,101794.79,-1,-1.1,100,0,0,NA,102060,30,NA,NA,NA,NA,25,NA,NA,NA,0.24,NA,NA,NA,60.96,NA,NA,NA,NA,NA,NA,-1,90558.78,0,0,0,-1.7,0,0,1,NA,NA,NA,NA,NA,NA,NA,NA,"0.01",1.1,176,38,-1.2,7.1
2020-01-26 04:00:00,101760.93,-1,-1.1,100,0,0,NA,102050,30,NA,8001,NA,NA,25,NA,NA,1.016,0.24,-0.6,-1.7,NA,60.96,NA,NA,NA,NA,-2.96,NA,-1,90528.65,0,0,0,-1.5,0,0,1,NA,NA,NA,NA,NA,NA,NA,NA,"0.01",0.8,186,43,-1.1,6.6
2020-01-26 05:00:00,101727.07,-1,-1.1,100,0,0,NA,102020,30,NA,NA,NA,NA,25,NA,NA,NA,0.24,NA,NA,NA,60.96,NA,NA,NA,NA,NA,NA,-1,90498.53,0,0,0,-2,0,0,1,NA,NA,NA,NA,NA,NA,NA,NA,"0.012",0.7,235,47,-1.3,5.4
2020-01-26 06:00:00,101693.2,-1,-1.1,100,0,0,NA,101980,30,NA,NA,NA,NA,25,NA,NA,NA,0.24,NA,NA,NA,60.96,NA,NA,NA,NA,NA,NA,-1,90468.4,0,0,0,-2.4,0,0,1,NA,NA,NA,NA,NA,NA,NA,NA,"0.016",1.1,225,44,-1.4,4.2
2020-01-26 07:00:00,101659.34,-1,-1.1,100,0,0,NA,101940,30,NA,8009,NA,NA,25,NA,NA,NA,0.25,NA,NA,NA,60.96,NA,NA,NA,NA,-2.96,NA,-1,90438.28,0,0,0,-2.7,0,0,1,NA,NA,NA,NA,NA,NA,NA,NA,"0.018",1.2,213,45,-1.8,4.1
2020-01-26 08:00:00,101625.47,-1,-1.1,100,0,0,NA,101900,30,NA,NA,NA,NA,35,NA,NA,NA,0.25,NA,NA,NA,91.44,NA,NA,NA,NA,-2.96,NA,-1,90408.14,0,0,0,-2.7,0,0,1,NA,NA,NA,NA,NA,NA,NA,NA,"0.016",1.1,212,52,-1.9,5.4
2020-01-26 09:00:00,101591.61,-1,-1.1,100,1.54,230,NA,101890,30,NA,NA,NA,NA,25,NA,NA,NA,0.25,NA,NA,NA,60.96,NA,NA,NA,NA,-3.33,NA,-1,90378.02,0,0,0,-2.4,0,0,1,NA,NA,NA,NA,NA,NA,NA,NA,"0.016",1.3,224,43,-1.9,5.1
2020-01-26 10:00:00,101591.61,-1,-1.1,100,1.54,310,NA,101880,31,NA,5005,NA,NA,34,NA,NA,NA,1.375,-0.6,-1.7,NA,91.44,NA,NA,NA,NA,-3.07,NA,-1,90378.02,0,0,0,-1.8,0,0,1,NA,NA,NA,NA,NA,NA,NA,NA,"0.016",1.1,222,69,-1.1,3.4
2020-01-26 11:00:00,101591.61,0,0,100,1.54,290,NA,101850,NA,704,NA,NA,NA,52,604,NA,NA,8,NA,NA,NA,914.4,NA,NA,NA,NA,-1.82,NA,0,90378.02,0,0,0,-1.8,0,0,1,NA,NA,NA,NA,NA,NA,NA,NA,"0.015",0.7,185,65,-0.2,4.7
2020-01-26 12:00:00,101557.75,1,0,97.875,0,0,NA,101810,NA,474,NA,NA,NA,73,483,NA,NA,10,NA,NA,NA,213.36,NA,NA,NA,NA,-0.68,NA,0.495,90347.9,0,0,0,-2.6,0,0,1,NA,NA,NA,NA,NA,NA,NA,NA,"0.017",0.9,237,70,1.1,5.6
2020-01-26 13:00:00,101506.95,1,0.6,100,0,0,NA,101770,2500,414,8008,0.127,0.025,79,323,NA,NA,5.5,NA,NA,NA,975.36,NA,NA,NA,NA,-0.68,NA,1,90302.71,0,0,0,-2.2,0,0,1,NA,NA,NA,NA,NA,NA,NA,NA,"0.019",0.9,263,46,1.5,6.3
2020-01-26 14:00:00,101490.02,1,0.6,100,0,0,NA,101740,2500,304,NA,0.508,NA,56,244,NA,NA,2.5,NA,NA,NA,701.04,NA,NA,NA,NA,NA,NA,1,90287.65,0,0,0,-2.6,0,0,1,NA,NA,NA,NA,NA,NA,NA,NA,"0.02",0.6,194,57,1.5,3.7
2020-01-26 15:00:00,101490.02,1,0.6,100,1.54,290,NA,101750,2500,304,NA,0.254,NA,44,233,NA,NA,2.5,NA,NA,NA,121.92,NA,NA,NA,NA,-0.68,NA,1,90287.65,0,0,0,-1.3,0,0,1,NA,NA,NA,NA,NA,NA,NA,NA,"0.018",1,115,57,1.4,1.7
2020-01-26 16:00:00,101490.02,1,0.6,100,1.54,290,NA,101780,31,NA,3001,NA,NA,54,NA,1.016,NA,5,1.1,-0.6,NA,152.4,NA,NA,NA,NA,-0.68,NA,1,90287.65,0,0,0,-2.1,0,0,1,NA,NA,NA,NA,NA,NA,NA,NA,"0.014",1,76,48,1.1,3.7
2020-01-26 17:00:00,101523.88,1,0,100,0,0,NA,101840,31,414,NA,0.127,NA,75,164,NA,NA,4,NA,NA,NA,487.68,NA,NA,NA,NA,-1.82,NA,1,90317.77,0,0,0,-2.5,0,0,1,NA,NA,NA,NA,NA,NA,NA,NA,"0.012",0.8,335,50,0.5,4.9
2020-01-26 18:00:00,101557.75,0,0,100,1.54,270,NA,101900,31,364,NA,0.025,NA,92,183,NA,NA,1,NA,NA,NA,274.32,NA,NA,NA,NA,-1.82,NA,0,90347.9,0,0,0,-2,0,0,1,NA,NA,NA,NA,NA,NA,NA,NA,"0.01",0.8,344,48,0.4,7.1
2020-01-26 19:00:00,101625.47,0,0,100,1.54,290,NA,101930,31,854,1012,NA,0.025,456,1004,NA,NA,5,NA,NA,NA,3048,NA,NA,NA,NA,-1.82,NA,0,90408.14,0,0,0,-2.2,0,0,1,NA,NA,NA,NA,NA,NA,NA,NA,"0.01",0.6,290,71,0.4,7.8
2020-01-26 20:00:00,101659.34,0,0,100,0,0,NA,101930,31,1004,NA,NA,NA,46,132.5,NA,NA,1.75,NA,NA,NA,3048,NA,NA,NA,NA,-2.53,NA,0,90438.28,0,0,0,-2.9,0,0,1,NA,NA,NA,NA,NA,NA,NA,NA,"0.009",0.9,100,56,0.4,9.9
2020-01-26 21:00:00,101659.34,0,-0.6,100,0,0,NA,101960,31,NA,NA,NA,NA,23,554,NA,NA,0.75,NA,NA,NA,1676.4,NA,NA,NA,NA,NA,NA,0,90438.28,0,0,0,-3.1,0,0,1,NA,NA,NA,NA,NA,NA,NA,NA,"0.007",0.6,183,57,0.3,10.9
2020-01-26 22:00:00,101693.2,-1,-0.3,100,0,0,NA,101990,30.5,529,3007,NA,NA,26,504,0.025,NA,0.625,0.6,-0.6,NA,1676.4,NA,NA,NA,NA,-2.96,NA,-1,90468.4,0,0,0,-2.3,0,0,1,NA,NA,NA,NA,NA,NA,NA,NA,"0.006",0.7,186,60,0.1,7.8
2020-01-26 23:00:00,101727.07,0,0,100,0,0,NA,102010,31,NA,NA,NA,NA,24,NA,NA,NA,1.25,NA,NA,NA,60.96,NA,1.1,-1.7,NA,NA,NA,0,90498.53,0,0,0,-3.3,0,0,1,NA,NA,NA,NA,NA,NA,NA,NA,"0.005",0.7,349,52,0,8.1
2020-01-27,101760.93,0,-0.3,100,0,0,NA,102020,9,NA,NA,NA,NA,35,NA,NA,NA,0.25,NA,NA,NA,91.44,NA,NA,NA,NA,-2.39,NA,0,90528.65,0,0,0,-3.3,0,0,1,NA,NA,NA,NA,NA,NA,NA,NA,"0.005",0.7,213,61,-0.4,10.4
2020-01-27 01:00:00,101760.93,0,0,100,0,0,NA,102050,9,NA,1005,NA,NA,35,NA,NA,NA,0.25,NA,NA,NA,91.44,NA,NA,NA,NA,NA,NA,0,90528.65,0,0,0,-3.5,0,0,1,NA,NA,NA,NA,NA,NA,NA,NA,"0.011",0.8,215,54,-0.6,9.7
2020-01-27 02:00:00,101794.79,0,0,100,0,0,NA,102100,9,NA,NA,NA,NA,25,NA,NA,NA,0.24,NA,NA,NA,60.96,NA,NA,NA,NA,NA,NA,0,90558.78,0,0,0,-3.8,0,0,1,NA,NA,NA,NA,NA,NA,NA,NA,"0.012",0.6,162,72,-0.6,5.1
2020-01-27 03:00:00,101862.52,0,0,100,1.54,100,NA,102130,9,NA,NA,NA,NA,25,NA,NA,NA,0.24,NA,NA,NA,60.96,NA,NA,NA,NA,-2.53,NA,0,90619.03,0,0,0,-3.8,0,0,1,NA,NA,NA,NA,NA,NA,NA,NA,"0.01",0.8,26,72,-0.6,1.9
2020-01-27 04:00:00,101862.52,0,0,100,0,0,NA,102130,9,NA,7,NA,NA,35,NA,NA,1.016,0.25,0,-0.6,NA,91.44,NA,NA,NA,NA,-2.53,NA,0,90619.03,0,0,0,-4.1,0,0,1,NA,NA,NA,NA,NA,NA,NA,NA,"0.009",0.9,201,57,-0.6,4.6
2020-01-27 05:00:00,101862.52,0,0,100,0,0,NA,102130,31,464,NA,NA,NA,36,103,NA,NA,0.75,NA,NA,NA,121.92,NA,NA,NA,NA,-1.82,NA,0,90619.03,0,0,0,-4.4,0,0,1,NA,NA,NA,NA,NA,NA,NA,NA,"0.008",0.8,58,64,-0.6,5.6
2020-01-27 06:00:00,101862.52,0,0,100,0,0,NA,102140,9,NA,NA,NA,NA,35,NA,NA,NA,0.5,NA,NA,NA,91.44,NA,NA,NA,NA,-2.96,NA,0,90619.03,0,0,0,-4.5,0,0,1,NA,NA,NA,NA,NA,NA,NA,NA,"0.005",0.9,146,57,-0.7,4.6
2020-01-27 07:00:00,101896.38,-0.3,-0.6,100,0,0,NA,102180,19.5,NA,3004,NA,NA,25,NA,NA,NA,0.375,NA,NA,NA,60.96,NA,NA,NA,NA,NA,NA,-0.805,90649.15,0,0,0,-4.3,0,0,1,NA,NA,NA,NA,NA,NA,NA,NA,"0.003",0.7,101,64,-0.7,5.1
2020-01-27 08:00:00,101930.25,-1,-0.6,100,0,0,NA,102210,30,NA,NA,NA,NA,25,NA,NA,NA,0.24,NA,NA,NA,60.96,NA,NA,NA,NA,-2.96,NA,-1,90679.28,0,0,0,-3.4,0,0,1,NA,NA,NA,NA,NA,NA,NA,NA,"0.004",1,221,49,-0.8,5.8
2020-01-27 09:00:00,101964.11,-1,0,100,0,0,NA,102240,30,NA,NA,NA,NA,25,NA,NA,NA,0.13,NA,NA,NA,60.96,NA,NA,NA,NA,-2.96,NA,-1,90709.41,0,0,0,-3,0,0,1,NA,NA,NA,NA,NA,NA,NA,NA,"0.006",0.8,121,53,-0.6,8.5
2020-01-27 10:00:00,101997.98,0,0,100,1.54,90,NA,102300,31,618.5,3010,0.254,NA,26,372,0.254,NA,2,0,-0.6,NA,883.92,NA,NA,NA,NA,-2.96,NA,0,90739.54,0,0,0,-3.7,0,0,1,NA,NA,NA,NA,NA,NA,NA,NA,"0.007",1.1,23,54,0,8.3
2020-01-27 11:00:00,102031.84,0,0,100,1.54,260,NA,102340,31,803,NA,NA,NA,24,753,NA,NA,0.75,NA,NA,NA,60.96,NA,NA,NA,NA,-2.175,NA,0,90769.66,0,0,0,-2.9,0,0,1,NA,NA,NA,NA,NA,NA,NA,NA,"0.008",1.2,232,43,0.5,9
2020-01-27 12:00:00,102031.84,1,1.1,100,2.06,80,NA,102300,31,NA,NA,NA,NA,24,703,NA,NA,1.25,NA,NA,NA,60.96,NA,NA,NA,NA,-1.36,NA,1,90769.66,0,0,0,-3,0,0,0,NA,NA,NA,NA,NA,NA,NA,NA,"0.013",1.5,63,33,1.9,9.3
2020-01-27 13:00:00,101997.98,4,0.6,75.32,2.06,250,NA,102190,31,NA,8003,NA,NA,553,703,NA,NA,10,NA,NA,NA,1676.4,NA,NA,NA,NA,2.14,NA,0.94,90739.54,0,0,0,-7.4,0,0,0,NA,NA,NA,NA,NA,NA,NA,NA,"0.022",1.3,83,41,4.1,8.6
2020-01-27 14:00:00,101997.98,6,-2.8,60.77,5.66,280,8.23,102210,NA,NA,NA,NA,NA,652,804,NA,NA,10,NA,NA,NA,1981.2,NA,NA,NA,NA,2.1,NA,-1.09,90739.54,0,0,0,-8.9,0,0,0,NA,NA,NA,NA,NA,NA,NA,NA,"0.03",1.2,229,48,5.2,7.6
2020-01-27 15:00:00,102031.84,6,-4.4,52.42,5.14,260,9.77,102260,NA,NA,NA,NA,NA,556,928.5,NA,NA,10,NA,NA,NA,2743.2,NA,NA,NA,NA,2.52,NA,-3.11,90769.66,0,0,0,-9.7,0,0,0,NA,NA,NA,NA,NA,NA,NA,NA,"0.04",2.9,257,20,5.6,5
2020-01-27 16:00:00,102099.57,4,-4.4,55.91,4.63,250,NA,102360,NA,NA,3012,NA,NA,506,903,NA,NA,10,6.1,0,NA,1676.4,NA,NA,NA,NA,0.56,NA,-4.11,90829.91,0,0,0,-7.9,0,0,0,NA,NA,NA,NA,NA,NA,NA,NA,"0.039",2.5,242,22,4.6,0
2020-01-27 17:00:00,102133.43,2,-3.3,64.42,4.12,290,NA,102390,NA,NA,NA,NA,NA,577,653,NA,NA,10,NA,NA,NA,1981.2,NA,NA,NA,NA,-1.73,NA,-4.09,90860.04,0,0,0,-6.6,0,0,0,NA,NA,NA,NA,NA,NA,NA,NA,"0.035",1.6,222,30,2.9,-2.9
2020-01-27 18:00:00,102133.43,1,-3.9,69.22,2.57,290,NA,102440,NA,NA,NA,NA,NA,803,656,NA,NA,10,NA,NA,NA,2438.4,NA,NA,NA,NA,-1.91,NA,-4.07,90860.04,0,0,0,-6.4,0,0,0,NA,NA,NA,NA,NA,NA,NA,NA,"0.021",1.2,257,33,1.2,1.7
2020-01-27 19:00:00,102167.3,0,-3.9,74.41,1.54,20,NA,102480,NA,NA,1005,NA,NA,802,NA,NA,NA,10,NA,NA,NA,2438.4,NA,NA,NA,NA,-1.82,NA,-4.06,90890.17,0,0,0,-6.4,0,0,1,NA,NA,NA,NA,NA,NA,NA,NA,"0.022",1,96,48,0.7,6.8
2020-01-27 20:00:00,102133.43,-2,-4.4,86.15,0.77,5,NA,102450,NA,NA,NA,NA,NA,1,NA,NA,NA,10,NA,NA,NA,NA,NA,NA,NA,NA,-4.1,NA,-4.03,90860.04,0,0,0,-4.8,0,0,1,NA,NA,NA,NA,NA,NA,NA,NA,"0.014",0.8,96,67,-1.4,7.5
2020-01-27 21:00:00,102133.43,-1,-3.9,80.04,2.06,300,NA,102430,NA,NA,NA,NA,NA,1,NA,NA,NA,10,NA,NA,NA,NA,NA,NA,NA,NA,-3.7,NA,-4.05,90860.04,0,0,0,-6,0,0,0,NA,NA,NA,NA,NA,NA,NA,NA,"0.01",0.8,203,56,-2.7,6.1
2020-01-27 22:00:00,102133.43,-2,-4.4,86.15,2.06,150,NA,102430,NA,NA,6004,NA,NA,1,NA,NA,NA,10,3.3,-2.2,NA,NA,NA,NA,NA,NA,-4.86,NA,-4.03,90860.04,0,0,0,-4.9,0,0,0,NA,NA,NA,NA,NA,NA,NA,NA,"0.007",0.8,65,64,-2.6,7.3
2020-01-27 23:00:00,102099.57,-1,-5,80.04,1.54,110,NA,102390,NA,NA,NA,NA,NA,1206,NA,NA,NA,10,NA,NA,NA,NA,NA,6.1,-2.2,NA,-3.7,NA,-4.05,90829.91,0,0,0,-4.8,0,0,1,NA,NA,NA,NA,NA,NA,NA,NA,"0.004",0.8,200,55,-2.5,11.4
2020-01-28,102065.7,-2,-4.4,79.89,0,0,NA,102280,NA,NA,NA,NA,NA,952,NA,NA,NA,10,NA,NA,NA,2667,NA,NA,NA,NA,-4.1,NA,-5.05,90799.78,0,0,0,-4.2,0,0,1,NA,NA,NA,NA,NA,NA,NA,NA,"0.006",0.8,78,51,-2.8,10.2
2020-01-28 01:00:00,101930.25,-1,-3.9,80.04,1.54,120,NA,102150,NA,1204,8018,NA,NA,703,1003,NA,NA,10,NA,NA,NA,2286,NA,NA,NA,NA,-2.96,NA,-4.05,90679.28,0,0,0,-5.4,0,0,1,NA,NA,NA,NA,NA,NA,NA,NA,"0.017",0.9,84,73,-2,5.4
2020-01-28 02:00:00,101862.52,-2,-3.3,92.85,0,0,NA,102100,NA,NA,NA,NA,NA,554,NA,NA,NA,10,NA,NA,NA,1676.4,NA,NA,NA,NA,-4.1,NA,-3.02,90619.03,0,0,0,-4.3,0,0,1,NA,NA,NA,NA,NA,NA,NA,NA,"0.016",0.8,150,83,-1.8,4.4
2020-01-28 03:00:00,101828.66,-1,-2.8,86.26,0,0,NA,102030,NA,NA,NA,NA,NA,504,NA,NA,NA,10,NA,NA,NA,1524,NA,NA,NA,NA,-2.96,NA,-3.03,90588.91,0,0,0,-5,0,0,1,NA,NA,NA,NA,NA,NA,NA,NA,"0.01",0.7,167,59,-2,6.3
2020-01-28 04:00:00,101760.93,-1,-3.3,86.26,0,0,NA,102000,NA,NA,6016,NA,NA,554,NA,NA,0.254,10,-0.6,-2.2,NA,1676.4,NA,NA,NA,NA,-3.7,NA,-3.03,90528.65,0,0,0,-4.4,0,0,1,NA,NA,NA,NA,NA,NA,NA,NA,"0.012",0.8,129,61,-1.5,3.9
2020-01-28 05:00:00,101727.07,-1,-2.8,86.26,0,0,NA,101990,NA,NA,NA,NA,NA,504,604,NA,NA,10,NA,NA,NA,1524,NA,NA,NA,NA,-2.96,NA,-3.03,90498.53,0,0,0,-3.5,0,0,1,NA,NA,NA,NA,NA,NA,NA,NA,"0.011",0.8,235,58,-1.5,3.9
2020-01-28 06:00:00,101727.07,-1,-2.2,86.26,0,0,NA,101980,20,604,NA,0.025,NA,464,604,NA,NA,9,NA,NA,NA,1402.08,NA,NA,NA,NA,-2.96,NA,-3.03,90498.53,0,0,0,-2.9,0,0,1,NA,NA,NA,NA,NA,NA,NA,NA,"0.01",0.9,209,58,-1.6,5.1
2020-01-28 07:00:00,101693.2,-1,-2.2,92.91,0,0,NA,102000,NA,554,6005,NA,0.025,396,504,NA,NA,8,NA,NA,NA,1524,NA,NA,NA,NA,-2.96,NA,-2.02,90468.4,0,0,0,-2.7,0,0,1,NA,NA,NA,NA,NA,NA,NA,NA,"0.01",1,202,48,-1.7,2.4
2020-01-28 08:00:00,101693.2,-1,-2.2,92.91,0,0,NA,102010,2500,729,NA,0.025,NA,372,503,NA,NA,5,NA,NA,NA,1463.04,NA,NA,NA,NA,-3.015,NA,-2.02,90468.4,0,0,0,-2.5,0,0,1,NA,NA,NA,NA,NA,NA,NA,NA,"0.012",1,206,56,-1.9,1.7
2020-01-28 09:00:00,101693.2,-1,-2.2,92.91,0,0,NA,102000,NA,754,NA,0.025,NA,176,503,NA,NA,10,NA,NA,NA,1524,NA,NA,NA,NA,-2.96,NA,-2.02,90468.4,0,0,0,-1.9,0,0,1,NA,NA,NA,NA,NA,NA,NA,NA,"0.015",1.2,237,47,-1.5,3.9
2020-01-28 10:00:00,101693.2,-1,-2.2,86.37,1.54,290,NA,101990,NA,504,8001,NA,NA,182,474,0.025,NA,10,0,-1.1,NA,1310.64,NA,NA,NA,NA,-2.96,NA,-2.03,90468.4,0,0,0,-1.2,0,0,1,NA,NA,NA,NA,NA,NA,NA,NA,"0.017",1.4,254,52,-0.6,4.7
2020-01-28 11:00:00,101693.2,0,-2.2,86.37,2.06,260,NA,101930,NA,NA,NA,NA,NA,424,434,NA,NA,10,NA,NA,NA,1310.64,NA,NA,NA,NA,-2.53,NA,-2.03,90468.4,0,0,0,-1.1,0,0,0,NA,NA,NA,NA,NA,NA,NA,NA,"0.02",1.3,227,43,0.2,3.7
2020-01-28 12:00:00,101591.61,1,-1.7,80.34,0,0,NA,101850,NA,NA,NA,NA,NA,503,NA,NA,NA,10,NA,NA,NA,1493.52,NA,NA,NA,NA,-0.68,NA,-2.05,90378.02,0,0,0,-1.9,0,0,1,NA,NA,NA,NA,NA,NA,NA,NA,"0.022",1.4,211,57,0.9,5.4
2020-01-28 13:00:00,101557.75,2,-0.6,80.49,1.54,230,NA,101800,NA,NA,6014,NA,NA,483,553,NA,NA,10,NA,NA,NA,1463.04,NA,NA,NA,NA,0.47,NA,-1.05,90347.9,0,0,0,-2.5,0,0,1,NA,NA,NA,NA,NA,NA,NA,NA,"0.022",1.3,252,51,1.9,5.6
2020-01-28 14:00:00,101523.88,3,-0.6,74.96,0,0,NA,101750,NA,NA,NA,NA,NA,503,NA,NA,NA,10,NA,NA,NA,1524,NA,NA,NA,NA,1.61,NA,-1.06,90317.77,0,0,0,-3.1,0,0,1,NA,NA,NA,NA,NA,NA,NA,NA,"0.026",0.8,319,72,3.5,1
2020-01-28 15:00:00,101523.88,4,0,75.14,0,0,NA,101740,NA,NA,NA,NA,NA,853,1104,NA,NA,10,NA,NA,NA,2590.8,NA,NA,NA,NA,2.14,NA,-0.06,90317.77,0,0,0,-4.4,0,0,1,NA,NA,NA,NA,NA,NA,NA,NA,"0.02",1.2,8,38,3.1,0
2020-01-28 16:00:00,101523.88,3,0.6,80.63,2.06,280,NA,101820,NA,804,3002,NA,NA,804,954,NA,NA,10,4.4,0,NA,2438.4,NA,NA,NA,NA,0.97,NA,-0.05,90317.77,0,0,0,-4.4,0,0,0,NA,NA,NA,NA,NA,NA,NA,NA,"0.015",0.7,322,50,2.8,4.7
2020-01-28 17:00:00,101659.34,2,1.1,93.08,4.375,320,9.26,101940,41,589,NA,0.508,NA,225,374,NA,NA,9.5,NA,NA,NA,1066.8,NA,NA,NA,NA,-1.78,NA,0.98,90438.28,0,0,0,-3.8,0,0,0,NA,NA,NA,NA,NA,NA,NA,NA,"0.013",0.9,172,46,1.7,2.7
2020-01-28 18:00:00,101727.07,2,0.85,93.08,2.06,275,NA,102010,13,504,NA,0.254,NA,458.5,368,NA,NA,10,NA,NA,NA,1584.96,NA,NA,NA,NA,-0.64,NA,0.98,90498.53,0,0,0,-4.3,0,0,0,NA,NA,NA,NA,NA,NA,NA,NA,"0.025",2.1,93,37,1,-0.6
2020-01-28 19:00:00,101794.79,1,0.6,100,1.54,155,NA,102090,31,604,1021,NA,1.524,82,293,NA,NA,6,NA,NA,NA,1371.6,NA,NA,NA,NA,-0.68,NA,1,90558.78,0,0,0,-3.8,0,0,1,NA,NA,NA,NA,NA,NA,NA,NA,"0.023",0.9,54,58,1.5,0
2020-01-28 20:00:00,101862.52,1,0.3,100,0,0,NA,102150,31,854,NA,NA,NA,493,702,NA,NA,6,NA,NA,NA,1493.52,NA,NA,NA,NA,-0.68,NA,1,90619.03,0,0,0,-4,0,0,1,NA,NA,NA,NA,NA,NA,NA,NA,"0.012",0.8,157,55,0.8,2.9
2020-01-28 21:00:00,101930.25,1,0,93.02,0,0,NA,102250,NA,NA,NA,NA,NA,94,493,NA,NA,8,NA,NA,NA,274.32,NA,NA,NA,NA,-0.68,NA,-0.02,90679.28,0,0,0,-4.5,0,0,1,NA,NA,NA,NA,NA,NA,NA,NA,"0.007",0.7,221,69,0.4,6.1
2020-01-28 22:00:00,102031.84,1,0,93.02,0,0,NA,102340,31,704,1018,NA,NA,75,143,1.524,NA,6,2.8,0.6,NA,243.84,NA,NA,NA,NA,-0.68,NA,-0.02,90769.66,0,0,0,-4.5,0,0,1,NA,NA,NA,NA,NA,NA,NA,NA,"0.003",0.7,49,71,0.2,7.3
2020-01-28 23:00:00,102099.57,0,0,100,0,0,NA,102390,31,754,NA,NA,NA,102,153.5,NA,NA,1.25,NA,NA,NA,457.2,NA,4.4,-2.2,NA,-1.82,NA,0,90829.91,0,0,0,-3.3,0,0,1,NA,NA,NA,NA,NA,NA,NA,NA,"0.003",0.7,335,55,0.2,7.8
2020-01-29,102133.43,1,0,93.02,0,0,NA,102410,31,804,NA,NA,NA,216,462,NA,NA,4,NA,NA,NA,1402.08,NA,NA,NA,NA,NA,NA,-0.02,90860.04,0,0,0,-4.3,0,0,1,NA,NA,NA,NA,NA,NA,NA,NA,"0.003",0.6,158,60,0,9.9
2020-01-29 01:00:00,102167.3,1,0,93.02,0,0,NA,102420,31,704,3006,NA,NA,74,654,NA,NA,8,NA,NA,NA,213.36,NA,NA,NA,NA,-0.68,NA,-0.02,90890.17,0,0,0,-4.2,0,0,1,NA,NA,NA,NA,NA,NA,NA,NA,"0.002",0.5,72,63,0.1,10.9
2020-01-29 02:00:00,102201.16,1,0,93.02,0,0,NA,102470,31,704,NA,NA,NA,26,124,NA,NA,0.75,NA,NA,NA,365.76,NA,NA,NA,NA,-1.82,NA,-0.02,90920.29,0,0,0,-4.1,0,0,1,NA,NA,NA,NA,NA,NA,NA,NA,"0.002",0.7,234,65,0.2,8.8
2020-01-29 03:00:00,102235.02,1,0,93.02,0,0,NA,102460,31,NA,NA,NA,NA,25,NA,NA,NA,0.75,NA,NA,NA,60.96,NA,NA,NA,NA,NA,NA,-0.02,90950.41,0,0,0,-4.3,0,0,1,NA,NA,NA,NA,NA,NA,NA,NA,"0.003",0.5,153,71,0.2,9.7
2020-01-29 04:00:00,102235.02,1,0,93.02,1.54,340,NA,102520,9,NA,3003,NA,NA,44,64,NA,1.524,0.5,1.1,0,NA,121.92,NA,NA,NA,NA,-0.68,NA,-0.02,90950.41,0,0,0,-4.5,0,0,1,NA,NA,NA,NA,NA,NA,NA,NA,"0.006",0.7,297,57,0.3,10.2
2020-01-29 05:00:00,102302.75,1,0,93.02,1.54,290,NA,102570,31,NA,NA,NA,NA,74,NA,NA,NA,4,NA,NA,NA,213.36,NA,NA,NA,NA,-0.68,NA,-0.02,91010.67,0,0,0,-4.9,0,0,1,NA,NA,NA,NA,NA,NA,NA,NA,"0.012",0.6,187,54,0.2,9.7
2020-01-29 06:00:00,102336.62,1,0,93.02,1.54,310,NA,102620,31,NA,NA,NA,NA,35,NA,NA,NA,1.25,NA,NA,NA,91.44,NA,NA,NA,NA,-0.905,NA,-0.02,91040.8,0,0,0,-4.7,0,0,1,NA,NA,NA,NA,NA,NA,NA,NA,"0.012",0.5,255,71,0.2,10.4
2020-01-29 07:00:00,102370.48,1,0,95.75,0,0,NA,102610,9,NA,1007,NA,NA,40,NA,NA,NA,0.5,NA,NA,NA,106.68,NA,NA,NA,NA,-0.905,NA,-0.01,91070.92,0,0,0,-5.1,0,0,1,NA,NA,NA,NA,NA,NA,NA,NA,"0.012",0.8,303,53,0.1,9.4
2020-01-29 08:00:00,102336.62,1,0,93.02,0,0,NA,102630,9,NA,NA,NA,NA,40,NA,NA,NA,0.25,NA,NA,NA,106.68,NA,NA,NA,NA,-1.82,NA,-0.02,91040.8,0,0,0,-4.9,0,0,1,NA,NA,NA,NA,NA,NA,NA,NA,"0.011",0.9,292,51,0.1,7.3
2020-01-29 09:00:00,102370.48,1,0.6,100,0,0,NA,102650,9,NA,NA,NA,NA,35,NA,NA,NA,0.24,NA,NA,NA,91.44,NA,NA,NA,NA,-1.82,NA,1,91070.92,0,0,0,-4.9,0,0,1,NA,NA,NA,NA,NA,NA,NA,NA,"0.014",0.9,160,54,0.2,5.6
2020-01-29 10:00:00,102370.48,1,0.6,100,0,0,NA,102600,31,NA,8001,NA,NA,54,74,NA,NA,7,1.1,0,NA,152.4,NA,NA,NA,NA,-1.36,NA,1,91070.92,0,0,0,-4.9,0,0,1,NA,NA,NA,NA,NA,NA,NA,NA,"0.015",0.7,353,85,0.7,3.7
2020-01-29 11:00:00,102302.75,2,1.1,93.08,2.06,170,NA,102530,31,NA,NA,NA,NA,43,454,NA,NA,7,NA,NA,NA,121.92,NA,NA,NA,NA,-0.68,NA,0.98,91010.67,0,0,0,-5.6,0,0,0,NA,NA,NA,NA,NA,NA,NA,NA,"0.017",0.9,247,58,1.3,6.1
2020-01-29 12:00:00,102235.02,2,1.4,93.13,0,0,NA,102400,NA,NA,NA,NA,NA,43,464,NA,NA,9,NA,NA,NA,1371.6,NA,NA,NA,NA,1.61,NA,1.98,90950.41,0,0,0,-5.2,0,0,1,NA,NA,NA,NA,NA,NA,NA,NA,"0.019",1.1,103,48,2.4,8.3
2020-01-29 13:00:00,102031.84,4,1.7,86.79,1.54,150,NA,102250,NA,NA,8029,NA,NA,76,479,NA,NA,10,NA,NA,NA,1493.52,NA,NA,NA,NA,2.445,NA,1.97,90769.66,0,0,0,-7,0,0,1,NA,NA,NA,NA,NA,NA,NA,NA,"0.021",1,59,67,5.3,8
2020-01-29 14:00:00,101930.25,4,2.2,86.79,1.54,250,NA,102110,NA,NA,NA,NA,NA,503,NA,NA,NA,10,NA,NA,NA,1524,NA,NA,NA,NA,2.14,NA,1.97,90679.28,0,0,0,-6.8,0,0,1,NA,NA,NA,NA,NA,NA,NA,NA,"0.023",0.9,338,64,6.4,10
2020-01-29 15:00:00,101862.52,4,2.2,86.79,1.54,230,NA,102050,NA,NA,NA,NA,NA,502,1003,NA,NA,10,NA,NA,NA,2895.6,NA,NA,NA,NA,2.75,NA,1.97,90619.03,0,0,0,-6.8,0,0,1,NA,NA,NA,NA,NA,NA,NA,NA,"0.023",1.1,313,36,5.7,9.6
2020-01-29 16:00:00,101794.79,4,1.1,80.78,1.54,300,NA,102000,NA,1004,6022,NA,NA,496,954,NA,NA,10,4.4,1.1,NA,2895.6,NA,NA,NA,NA,2.75,NA,0.96,90558.78,0,0,0,-6.9,0,0,1,NA,NA,NA,NA,NA,NA,NA,NA,"0.021",0.9,312,55,4.2,3.8
2020-01-29 17:00:00,101760.93,3,1.1,86.68,1.54,290,NA,101990,NA,NA,NA,NA,NA,754,NA,NA,NA,10,NA,NA,NA,2286,NA,NA,NA,NA,1.61,NA,0.97,90528.65,0,0,0,-6.2,0,0,1,NA,NA,NA,NA,NA,NA,NA,NA,"0.011",0.8,319,66,3.8,3.2
2020-01-29 18:00:00,101727.07,3,1.1,86.68,0,0,NA,101950,NA,NA,NA,NA,NA,606,704,NA,NA,10,NA,NA,NA,2133.6,NA,NA,NA,NA,0.97,NA,0.97,90498.53,0,0,0,-6.3,0,0,1,NA,NA,NA,NA,NA,NA,NA,NA,"0.004",0.7,102,82,3.4,7.6
2020-01-29 19:00:00,101693.2,2,0.6,86.68,0,0,NA,101890,NA,1054,8011,NA,NA,553,704,NA,NA,10,NA,NA,NA,1676.4,NA,NA,NA,NA,0.47,NA,0.97,90468.4,0,0,0,-5.5,0,0,1,NA,NA,NA,NA,NA,NA,NA,NA,"0.014",1.2,133,54,3.8,7.1
2020-01-29 20:00:00,101659.34,2,0.6,93.08,2.57,290,NA,101930,NA,1103,NA,NA,NA,552,953.5,NA,NA,10,NA,NA,NA,2743.2,NA,NA,NA,NA,-0.72,NA,0.97,90438.28,0,0,0,-5.5,0,0,0,NA,NA,NA,NA,NA,NA,NA,NA,"0.031",1.2,271,39,4.3,2.7
2020-01-29 21:00:00,101693.2,2,0.6,89.15,3.09,310,NA,101950,NA,854,NA,NA,NA,484,753,NA,NA,10,NA,NA,NA,1463.04,NA,NA,NA,NA,-0.93,NA,0.58,90468.4,0,0,0,-5.5,0,0,0,NA,NA,NA,NA,NA,NA,NA,NA,"0.019",0.9,246,64,3,-0.4
2020-01-29 22:00:00,101727.07,3,0,86.68,3.09,330,NA,101940,13,NA,1005,0.025,NA,444,629,0.025,NA,10,3.9,1.1,NA,1402.08,NA,NA,NA,NA,0.03,NA,0.97,90498.53,0,0,0,-6.1,0,0,0,NA,NA,NA,NA,NA,NA,NA,NA,"0.019",0.7,224,54,2.5,0.2
2020-01-29 23:00:00,101760.93,2,0.6,93.08,2.57,270,NA,102010,NA,NA,NA,NA,NA,503,754,NA,NA,10,NA,NA,NA,1524,NA,4.4,0,NA,-1.08,NA,0.98,90528.65,0,0,0,-5.1,0,0,0,NA,NA,NA,NA,NA,NA,NA,NA,"0.021",1.2,217,40,2,4.4
2020-01-30,101760.93,2,0,86.58,6.17,300,NA,101950,NA,1004,NA,NA,NA,456,506,NA,NA,10,NA,NA,NA,3048,NA,NA,NA,NA,-2.99,NA,-0.03,90528.65,0,0,0,-5,0,0,0,NA,NA,NA,NA,NA,NA,NA,NA,"0.029",1.6,221,27,1.7,3.7
2020-01-30 01:00:00,101794.79,2,-0.6,86.58,5.14,320,NA,102030,NA,NA,3010,NA,NA,1,NA,NA,NA,10,NA,NA,NA,NA,NA,NA,NA,NA,-2.49,NA,-0.03,90558.78,0,0,0,-5.1,0,0,0,NA,NA,NA,NA,NA,NA,NA,NA,"0.028",1.5,39,61,1,-1.4
2020-01-30 02:00:00,101896.38,2,-1.1,80.49,3.6,350,NA,102140,NA,NA,NA,NA,NA,1,NA,NA,NA,10,NA,NA,NA,NA,NA,NA,NA,NA,-1.91,NA,-1.05,90649.15,0,0,0,-5.8,0,0,0,NA,NA,NA,NA,NA,NA,NA,NA,"0.025",1.4,114,53,0.4,-2.1
2020-01-30 03:00:00,101964.11,2,-2.2,74.78,3.6,320,NA,102170,NA,NA,NA,NA,NA,552,NA,NA,NA,10,NA,NA,NA,NA,NA,NA,NA,NA,-1.56,NA,-2.06,90709.41,0,0,0,-6.5,0,0,0,NA,NA,NA,NA,NA,NA,NA,NA,"0.028",1.6,243,48,1.2,-0.2
2020-01-30 04:00:00,102065.7,2,-2.8,69.47,3.6,320,NA,102330,NA,NA,3028,NA,NA,506,NA,NA,NA,10,2.8,1.1,NA,NA,NA,NA,NA,NA,-1.56,NA,-2.87,90799.78,0,0,0,-7,0,0,0,NA,NA,NA,NA,NA,NA,NA,NA,"0.022",1.4,111,54,-0.2,1.9
2020-01-30 05:00:00,102235.02,2,-3.3,69.43,4.63,330,NA,102510,NA,NA,NA,NA,NA,442,NA,NA,NA,10,NA,NA,NA,NA,NA,NA,NA,NA,-2.21,NA,-3.07,90950.41,0,0,0,-7.8,0,0,0,NA,NA,NA,NA,NA,NA,NA,NA,"0.022",1.3,94,50,-0.3,0
2020-01-30 06:00:00,102370.48,2,-3.9,69.22,4.63,340,NA,102680,NA,NA,NA,NA,NA,1,NA,NA,NA,10,NA,NA,NA,NA,NA,NA,NA,NA,-2.21,NA,-4.07,91070.92,0,0,0,-8.4,0,0,0,NA,NA,NA,NA,NA,NA,NA,NA,"0.016",1.1,118,62,-0.8,-2.1
2020-01-30 07:00:00,102438.21,1,-4.4,69.22,4.63,350,NA,102720,NA,NA,1032,NA,NA,1,NA,NA,NA,10,NA,NA,NA,NA,NA,NA,NA,NA,-3.13,NA,-4.07,91131.18,0,0,0,-7.8,0,0,0,NA,NA,NA,NA,NA,NA,NA,NA,"0.005",0.7,137,72,-1.9,1.9
2020-01-30 08:00:00,102505.93,0,-3.9,74.315,3.09,250,NA,102830,NA,NA,NA,NA,NA,1,NA,NA,NA,10,NA,NA,NA,NA,NA,NA,NA,NA,-3.18,NA,-4.065,91191.42,0,0,0,-7.2,0,0,0,NA,NA,NA,NA,NA,NA,NA,NA,"0.004",0.7,123,74,-2.5,7.8
2020-01-30 09:00:00,102607.53,2,-3.3,69.22,2.57,280,NA,102870,NA,NA,NA,NA,NA,1,NA,NA,NA,10,NA,NA,NA,NA,NA,NA,NA,NA,-1.17,NA,-4.07,91281.81,0,0,0,-8.9,0,0,0,NA,NA,NA,NA,NA,NA,NA,NA,"0.01",0.7,147,55,1,9
2020-01-30 10:00:00,102675.25,3,-3.9,64.42,1.54,250,NA,102920,NA,NA,3020,NA,NA,1,NA,NA,NA,10,3.3,-0.6,NA,NA,NA,NA,NA,NA,-0.2,NA,-4.09,91342.05,0,0,0,-9,0,0,1,NA,NA,NA,NA,NA,NA,NA,NA,"0.028",0.8,109,43,3.2,9
2020-01-30 11:00:00,102709.12,3,-3.9,64.66,1.54,250,NA,102940,NA,NA,NA,NA,NA,1,NA,NA,NA,10,NA,NA,NA,NA,NA,NA,NA,NA,1.61,NA,-3.08,91372.18,0,0,0,-7.6,0,0,1,NA,NA,NA,NA,NA,NA,NA,NA,"0.03",0.8,147,81,3.7,6.3
2020-01-30 12:00:00,102675.25,6,-5.6,48.64,0,0,NA,102860,NA,NA,NA,NA,NA,1,NA,NA,NA,10,NA,NA,NA,NA,NA,NA,NA,NA,4.47,NA,-4.11,91342.05,0,0,0,-10,0,0,1,NA,NA,NA,NA,NA,NA,NA,NA,"0.033",0.9,295,57,5.5,4
2020-01-30 13:00:00,102641.39,6,-5.6,41.8,0,0,NA,102830,NA,NA,8006,NA,NA,1,NA,NA,NA,10,NA,NA,NA,NA,NA,NA,NA,NA,5.325,NA,-6.13,91311.93,0,0,0,-8.1,0,0,1,NA,NA,NA,NA,NA,NA,NA,NA,"0.037",1.6,290,36,6.2,4.8
2020-01-30 14:00:00,102573.66,6.7,-4.4,42.1,0,0,NA,102770,NA,NA,NA,NA,NA,1,NA,NA,NA,10,NA,NA,NA,NA,NA,NA,NA,NA,5.91,NA,-5.13,91251.67,0,0,0,-9,0,0,1,NA,NA,NA,NA,NA,NA,NA,NA,"0.041",2,221,26,6.4,1.1
2020-01-30 15:00:00,102573.66,7,-5,42.1,2.06,290,NA,102760,NA,NA,NA,NA,NA,1,NA,NA,NA,10,NA,NA,NA,NA,NA,NA,NA,NA,5.22,NA,-5.13,91251.67,0,0,0,-10.4,0,0,0,NA,NA,NA,NA,NA,NA,NA,NA,"0.038",1.7,289,34,6.6,1.8
2020-01-30 16:00:00,102539.8,6,-6.1,44.46,1.54,310,NA,102700,NA,NA,8012,NA,NA,1,NA,NA,NA,10,7.2,2.8,NA,NA,NA,NA,NA,NA,5.04,NA,-6.13,91221.55,0,0,0,-8.6,0,0,1,NA,NA,NA,NA,NA,NA,NA,NA,"0.035",1.3,306,41,5.7,5
2020-01-30 17:00:00,102438.21,4,-4.4,55.91,0,0,NA,102660,NA,NA,NA,NA,NA,1,NA,NA,NA,10,NA,NA,NA,NA,NA,NA,NA,NA,2.75,NA,-4.5,91131.18,0,0,0,-8.7,0,0,1,NA,NA,NA,NA,NA,NA,NA,NA,"0.013",0.8,144,33,3.1,3.4
2020-01-30 18:00:00,102438.21,0,-4.4,72.2,1.54,250,NA,102720,NA,NA,NA,NA,NA,1,NA,NA,NA,10,NA,NA,NA,NA,NA,NA,NA,NA,-1.02,NA,-4.07,91131.18,0,0,0,-5.1,0,0,1,NA,NA,NA,NA,NA,NA,NA,NA,"0.011",0.8,104,56,0.4,6.1
2020-01-30 19:00:00,102404.34,-1,-5,79.89,0,0,NA,102690,NA,NA,6009,NA,NA,1,NA,NA,NA,10,NA,NA,NA,NA,NA,NA,NA,NA,-4.1,NA,-5.05,91101.04,0,0,0,-4.2,0,0,1,NA,NA,NA,NA,NA,NA,NA,NA,"0.008",0.7,113,55,-1.4,10.4
2020-01-30 20:00:00,102370.48,-2,-5.6,74.03,2.06,320,NA,102680,NA,NA,NA,NA,NA,1,NA,NA,NA,10,NA,NA,NA,NA,NA,NA,NA,NA,-4.86,NA,-6.07,91070.92,0,0,0,-3.1,0,0,0,NA,NA,NA,NA,NA,NA,NA,NA,"0.003",0.7,144,67,-2.8,10.9
2020-01-30 21:00:00,102302.75,-2.8,-5,79.74,1.54,100,NA,102550,NA,NA,NA,NA,NA,1,NA,NA,NA,10,NA,NA,NA,NA,NA,NA,NA,NA,-5.635,NA,-6.05,91010.67,0,0,0,-2.7,0,0,1,NA,NA,NA,NA,NA,NA,NA,NA,"0.002",0.6,123,55,-3.7,9.7
2020-01-30 22:00:00,102235.02,-3,-6.1,79.74,2.06,120,NA,102520,NA,NA,6015,NA,NA,1,NA,NA,NA,10,5,-3.3,NA,NA,NA,NA,NA,NA,-5.99,NA,-6.05,90950.41,0,0,0,-2,0,0,0,NA,NA,NA,NA,NA,NA,NA,NA,"0.003",0.9,208,54,-4.1,9.7
2020-01-30 23:00:00,102302.75,-3,-6.1,79.58,1.54,290,NA,102590,NA,NA,NA,NA,NA,1,NA,NA,NA,10,NA,NA,NA,NA,NA,7.2,-3.9,NA,-5.64,NA,-6.15,91010.67,0,0,0,-1.9,0,0,1,NA,NA,NA,NA,NA,NA,NA,NA,"0.003",0.8,204,62,-4.1,11.6
2020-01-31,102302.75,-2,-4.4,79.74,1.54,110,NA,102470,NA,NA,NA,NA,NA,1202,1203,NA,NA,10,NA,NA,NA,3657.6,NA,NA,NA,NA,-4.86,NA,-6.05,91010.67,0,0,0,-2.2,0,0,1,NA,NA,NA,NA,NA,NA,NA,NA,"0.006",0.9,260,81,-3.4,9.9
2020-01-31 01:00:00,102235.02,-2,-3.9,86.15,1.54,130,NA,102480,NA,1203,1001,NA,NA,703,1102,NA,NA,10,NA,NA,NA,2057.4,NA,NA,NA,NA,-4.1,NA,-4.03,90950.41,0,0,0,-1.8,0,0,1,NA,NA,NA,NA,NA,NA,NA,NA,"0.006",1,52,80,-2.8,6.8
2020-01-31 02:00:00,102268.89,-2,-3.9,86.15,0,0,NA,102530,NA,NA,NA,NA,NA,604,754,NA,NA,10,NA,NA,NA,1828.8,NA,NA,NA,NA,-4.1,NA,-4.03,90980.54,0,0,0,-2,0,0,1,NA,NA,NA,NA,NA,NA,NA,NA,"0.007",1.1,166,79,-2.2,4.1
2020-01-31 03:00:00,102302.75,-2,-3.3,92.85,0,0,NA,102540,NA,NA,NA,NA,NA,604,NA,NA,NA,10,NA,NA,NA,1828.8,NA,NA,NA,NA,-3.36,NA,-3.02,91010.67,0,0,0,-2.1,0,0,1,NA,NA,NA,NA,NA,NA,NA,NA,"0.006",0.9,248,65,-2.1,4.2
2020-01-31 04:00:00,102302.75,-2,-3.3,92.85,0,0,NA,102520,NA,NA,2,NA,NA,604,704,NA,NA,10,-1.1,-3.9,NA,1828.8,NA,NA,NA,NA,-4.31,NA,-3.02,91010.67,0,0,0,-2.1,0,0,1,NA,NA,NA,NA,NA,NA,NA,NA,"0.006",0.7,284,86,-2,8.3
2020-01-31 05:00:00,102201.16,-2,-2.8,92.85,2.57,290,NA,102490,NA,NA,NA,NA,NA,554,NA,NA,NA,10,NA,NA,NA,1676.4,NA,NA,NA,NA,-5.47,NA,-3.02,90920.29,0,0,0,-2.2,0,0,0,NA,NA,NA,NA,NA,NA,NA,NA,"0.002",1,213,84,-2.7,10.4
2020-01-31 06:00:00,102201.16,-1,-2.8,86.26,1.54,250,NA,102520,NA,NA,NA,NA,NA,504,NA,NA,NA,10,NA,NA,NA,1524,NA,NA,NA,NA,-4.53,NA,-3.03,90920.29,0,0,0,-2.6,0,0,1,NA,NA,NA,NA,NA,NA,NA,NA,"0.002",0.9,197,63,-2.7,10.4
2020-01-31 07:00:00,102167.3,-1,-2.8,86.26,0,0,NA,102470,NA,NA,7010,NA,NA,504,604,NA,NA,10,NA,NA,NA,1828.8,NA,NA,NA,NA,-3.7,NA,-3.03,90890.17,0,0,0,-1.5,0,0,1,NA,NA,NA,NA,NA,NA,NA,NA,"0.002",0.8,233,76,-2.1,9
2020-01-31 08:00:00,102133.43,-1,-2.8,86.26,2.06,130,NA,102460,NA,778.5,NA,NA,NA,653,703,NA,NA,10,NA,NA,NA,2438.4,NA,NA,NA,NA,-3.7,NA,-3.03,90860.04,0,0,0,-0.7,0,0,0,NA,NA,NA,NA,NA,NA,NA,NA,"0.003",0.9,167,76,-2.2,10.6
2020-01-31 09:00:00,102133.43,0,-3.3,80.19,2.57,120,NA,102460,NA,NA,NA,NA,NA,443,554,NA,NA,10,NA,NA,NA,1371.6,NA,NA,NA,NA,-3.09,NA,-3.05,90860.04,0,0,0,-1.3,0,0,0,NA,NA,NA,NA,NA,NA,NA,NA,"0.004",0.9,130,82,-1.5,NA
2020-01-31 10:00:00,102133.43,2,-2.8,69.43,2.06,110,NA,102410,NA,NA,8003,NA,NA,483,704,NA,NA,10,2.8,-1.7,NA,1463.04,NA,NA,NA,NA,-0.72,NA,-3.06,90860.04,0,0,0,-2.3,0,0,0,NA,NA,NA,NA,NA,NA,NA,NA,"0.014",1.1,84,72,1.7,11.1
2020-01-31 11:00:00,102133.43,3.9,-1.1,69.64,2.06,140,NA,102410,NA,NA,NA,NA,NA,464,NA,NA,NA,10,NA,NA,NA,1402.08,NA,NA,NA,NA,1.425,NA,-2.07,90860.04,0,0,0,-3.8,0,0,0,NA,NA,NA,NA,NA,NA,NA,NA,"0.019",0.9,283,63,5.3,8.5
2020-01-31 12:00:00,102031.84,5,-0.6,65.13,2.06,110,NA,102270,NA,NA,NA,NA,NA,434,NA,NA,NA,10,NA,NA,NA,1310.64,NA,NA,NA,NA,2.75,NA,-1.08,90769.66,0,0,0,-4.3,0,0,0,NA,NA,NA,NA,NA,NA,NA,NA,"0.015",1.2,273,55,5.6,16.3
2020-01-31 13:00:00,101964.11,6,-0.6,65.37,1.54,120,NA,102160,NA,NA,8018,NA,NA,404,NA,NA,NA,10,NA,NA,NA,1219.2,NA,NA,NA,NA,5.04,NA,-0.08,90709.41,0,0,0,-5.3,0,0,1,NA,NA,NA,NA,NA,NA,NA,NA,"0.016",1,286,63,5.9,9.9
2020-01-31 14:00:00,101862.52,9,1.7,61.02,0,0,NA,102060,NA,NA,NA,NA,NA,424,NA,NA,NA,10,NA,NA,NA,1280.16,NA,NA,NA,NA,6.75,NA,0.92,90619.03,0,0,0,-7.9,0,0,1,NA,NA,NA,NA,NA,NA,NA,NA,"0.018",1.5,241,48,7.7,9.8
2020-01-31 15:00:00,101896.38,9,2.8,63.39,3.09,240,NA,102040,NA,703,NA,NA,NA,444,503,NA,NA,10,NA,NA,NA,1371.6,NA,NA,NA,NA,7.35,NA,2.92,90649.15,0,0,0,-7.9,0,0,0,NA,NA,NA,NA,NA,NA,NA,NA,"0.033",2.2,244,33,10.5,5.9
2020-01-31 16:00:00,101896.38,10,2.8,61.76,3.09,240,NA,102080,NA,804,5002,NA,NA,426,503,NA,NA,10,10.6,2.8,NA,1524,NA,NA,NA,NA,8.78,NA,2.93,90649.15,0,0,0,-9,0,0,0,NA,NA,NA,NA,NA,NA,NA,NA,"0.034",3.3,259,27,11,1.8
2020-01-31 17:00:00,101964.11,9,2.8,66.05,0,0,NA,102140,NA,804,NA,NA,NA,414,504,NA,NA,10,NA,NA,NA,1249.68,NA,NA,NA,NA,8.805,NA,2.93,90709.41,0,0,0,-7.9,0,0,1,NA,NA,NA,NA,NA,NA,NA,NA,"0.034",2,284,38,10.3,1.1
2020-01-31 18:00:00,101997.98,9,3.3,66.05,2.06,100,NA,102160,NA,NA,NA,NA,NA,414,474,NA,NA,10,NA,NA,NA,1249.68,NA,NA,NA,NA,7.98,NA,2.93,90739.54,0,0,0,-7.8,0,0,0,NA,NA,NA,NA,NA,NA,NA,NA,"0.032",1.3,328,53,10.1,-0.3
2020-01-31 19:00:00,101964.11,9,3.3,66.05,2.57,70,NA,102100,NA,NA,1,NA,NA,454,604,NA,NA,10,NA,NA,NA,1371.6,NA,NA,NA,NA,7.59,NA,2.93,90709.41,0,0,0,-7.6,0,0,0,NA,NA,NA,NA,NA,NA,NA,NA,"0.026",1,47,51,9.7,0
2020-01-31 20:00:00,101930.25,10,2.8,61.76,2.06,80,NA,102110,NA,NA,NA,NA,NA,504,604,NA,NA,10,NA,NA,NA,1676.4,NA,NA,NA,NA,8.47,NA,2.93,90679.28,0,0,0,-8.5,0,0,0,NA,NA,NA,NA,NA,NA,NA,NA,"0.024",1.1,57,76,9.4,2.6
2020-01-31 21:00:00,101930.25,8,2.8,70.68,2.06,20,NA,102060,NA,NA,NA,NA,NA,484,554,NA,NA,10,NA,NA,NA,1463.04,NA,NA,NA,NA,7.32,NA,2.94,90679.28,0,0,0,-6.5,0,0,0,NA,NA,NA,NA,NA,NA,NA,NA,"0.033",1.5,308,54,10.5,4
2020-01-31 22:00:00,101896.38,10,2.2,57.52,1.54,80,NA,102030,NA,NA,8001,NA,NA,504,604,NA,NA,10,11.1,7.8,NA,1524,NA,NA,NA,NA,7.26,NA,2.12,90649.15,0,0,0,-8.6,0,0,1,NA,NA,NA,NA,NA,NA,NA,NA,"0.036",1.8,276,51,10.9,0.9
2020-01-31 23:00:00,101930.25,10,1.1,57.52,1.54,40,NA,102020,NA,NA,NA,NA,NA,554,604,NA,NA,10,NA,NA,NA,1676.4,NA,11.7,-2.8,NA,7.59,NA,1.92,90679.28,0,0,0,-8.6,0,0,1,NA,NA,NA,NA,NA,NA,NA,NA,"0.038",2.5,289,49,10.9,-1.8
2020-02-01,101896.38,9,0.6,57.25,2.06,40,NA,101960,NA,NA,NA,NA,NA,1,NA,NA,NA,10,NA,NA,NA,1828.8,NA,NA,NA,NA,7.98,NA,0.91,90649.15,0,0,0,-7.8,0,0,0,NA,NA,NA,NA,NA,NA,NA,NA,"0.037",1.1,226,67,10.1,-0.5
2020-02-01 01:00:00,101828.66,8.3,0,56.99,2.06,60,NA,101900,NA,NA,8009,NA,NA,1,NA,NA,NA,10,NA,NA,NA,NA,NA,NA,NA,NA,7.59,NA,-0.09,90588.91,0,0,0,-7.7,0,0,0,NA,NA,NA,NA,NA,NA,NA,NA,"0.032",0.9,89,68,8.4,0.3
2020-02-01 02:00:00,101794.79,7,-1.1,56.72,1.54,50,NA,101840,NA,NA,NA,NA,NA,1,NA,NA,NA,10,NA,NA,NA,NA,NA,NA,NA,NA,6.18,NA,-1.1,90558.78,0,0,0,-6.5,0,0,1,NA,NA,NA,NA,NA,NA,NA,NA,"0.025",1.2,79,50,6.3,0.6
2020-02-01 03:00:00,101727.07,5,-1.1,65.13,2.06,90,NA,101750,NA,NA,NA,NA,NA,1,NA,NA,NA,10,NA,NA,NA,NA,NA,NA,NA,NA,4.47,NA,-1.08,90498.53,0,0,0,-4.6,0,0,0,NA,NA,NA,NA,NA,NA,NA,NA,"0.023",1.5,48,69,5,0.7
2020-02-01 04:00:00,101625.47,5,-2.8,60.77,1.54,50,NA,101640,NA,NA,8021,NA,NA,1,NA,NA,NA,10,11.7,3.3,NA,NA,NA,NA,NA,NA,4.18,NA,-2.08,90408.14,0,0,0,-4.7,0,0,1,NA,NA,NA,NA,NA,NA,NA,NA,"0.027",1.7,79,68,4.9,-1.1
2020-02-01 05:00:00,101523.88,9,-5,39.63,4.63,140,7.72,101550,NA,NA,NA,NA,NA,1,NA,NA,NA,10,NA,NA,NA,NA,NA,NA,NA,NA,6.49,NA,-4.12,90317.77,0,0,0,-8.6,0,0,0,NA,NA,NA,NA,NA,NA,NA,NA,"0.035",1.9,82,81,7.5,-0.4
2020-02-01 06:00:00,101422.29,10,-6.1,34.36,4.12,140,NA,101420,NA,NA,NA,NA,NA,1,NA,NA,NA,10,NA,NA,NA,NA,NA,NA,NA,NA,6.72,NA,-5.13,90227.39,0,0,0,-9.4,0,0,0,NA,NA,NA,NA,NA,NA,NA,NA,"0.043",1.9,80,80,11,1.4
2020-02-01 07:00:00,101354.56,11,-6.7,29.79,3.09,195,11.32,101330,NA,NA,8025,NA,NA,1,NA,NA,NA,10,NA,NA,NA,NA,NA,NA,NA,NA,8.19,NA,-6.13,90167.14,0,0,0,-10,0,0,0,NA,NA,NA,NA,NA,NA,NA,NA,"0.049",3.6,262,41,13.2,1.8
2020-02-01 08:00:00,101219.11,13,-6.1,26.11,11.32,250,16.46,101190,NA,NA,NA,NA,NA,1,NA,NA,NA,10,NA,NA,NA,NA,NA,NA,NA,NA,NA,NA,-6.12,90046.64,0,0,0,-11.9,0,0,0,NA,NA,NA,NA,NA,NA,NA,NA,"0.049",5.8,259,22,13.8,2.8
2020-02-01 09:00:00,101219.11,13,-5.6,26.11,11.83,260,15.175,101170,NA,NA,NA,NA,NA,1,NA,NA,NA,10,NA,NA,NA,NA,NA,NA,NA,NA,NA,NA,-6.11,90046.64,0,0,0,-11.4,0,0,0,NA,NA,NA,NA,NA,NA,NA,NA,"0.048",6.7,264,18,14,2.1
2020-02-01 10:00:00,101185.24,14,-5.6,23.65,12.86,260,16.46,101130,NA,NA,6012,NA,NA,1,NA,NA,NA,10,15,7.8,NA,NA,NA,NA,NA,NA,NA,NA,-6.1,90016.51,0,0,0,-11.9,0,0,0,NA,NA,NA,NA,NA,NA,NA,NA,"0.048",6.4,265,19,14.1,2.5
2020-02-01 11:00:00,101151.38,15,-5,22.94,13.38,260,16.46,101090,NA,NA,NA,NA,NA,1,NA,NA,NA,10,NA,NA,NA,NA,NA,NA,NA,NA,NA,NA,-6.1,89986.38,0,0,0,-11.3,0,0,0,NA,NA,NA,NA,NA,NA,NA,NA,"0.048",6.6,264,18,15,3.1
2020-02-01 12:00:00,101117.52,16,-5,23.22,11.83,260,16.98,101100,NA,NA,NA,NA,NA,1,NA,NA,NA,10,NA,NA,NA,NA,NA,NA,NA,NA,NA,NA,-5.09,89956.26,0,0,0,-11.9,0,0,0,NA,NA,NA,NA,NA,NA,NA,NA,"0.048",7.2,265,18,15.5,1.6
2020-02-01 13:00:00,101083.65,15,-5.6,23.22,10.8,240,16.98,101040,NA,1002,8011,NA,NA,902,1006,NA,NA,10,NA,NA,NA,NA,NA,NA,NA,NA,NA,NA,-6.08,89926.13,0,0,0,-10.9,0,0,0,NA,NA,NA,NA,NA,NA,NA,NA,"0.048",8.5,253,18,15.1,1.3
2020-02-01 14:00:00,101117.52,14,-5,26.4,9.77,250,14.405,101130,NA,NA,NA,NA,NA,853,928.5,NA,NA,10,NA,NA,NA,2743.2,NA,NA,NA,NA,NA,NA,-5.11,89956.26,0,0,0,-10.2,0,0,0,NA,NA,NA,NA,NA,NA,NA,NA,"0.047",7.4,249,18,14,3.8
2020-02-01 15:00:00,101117.52,13,-4.4,30.39,6.17,260,14.405,101140,NA,NA,NA,NA,NA,904,NA,NA,NA,10,NA,NA,17.49,2743.2,NA,NA,NA,260,NA,NA,-4.11,89956.26,0,0,0,-10.4,0,0,0,NA,NA,NA,NA,NA,NA,NA,NA,"0.045",5.7,252,18,13,3.3
2020-02-01 16:00:00,101117.52,12,-1.7,34.97,7.72,270,13.89,101180,NA,NA,1008,NA,NA,754,804,NA,NA,10,15.6,10.6,18.52,2438.4,NA,NA,NA,290,NA,NA,-3.11,89956.26,0,0,0,-10.7,0,0,0,NA,NA,NA,NA,NA,NA,NA,NA,"0.044",5.6,263,16,12,2.5
2020-02-01 17:00:00,101219.11,9,0.6,49.51,8.23,260,12.35,101280,13,NA,NA,0.025,NA,604,604,NA,NA,10,NA,NA,14.92,1828.8,NA,NA,NA,270,6.09,NA,-1.1,90046.64,0,0,0,-8.6,0,0,0,NA,NA,NA,NA,NA,NA,NA,NA,"0.041",4.5,265,16,9.4,4.5
2020-02-01 18:00:00,101354.56,6.5,NA,72.985,6.43,285,NA,NA,13,NA,NA,NA,NA,464,NA,NA,NA,10,NA,NA,NA,1402.08,NA,NA,NA,NA,2.69,NA,1.945,90167.14,0,0,0,-7.4,0,0,0,NA,NA,NA,NA,NA,NA,NA,NA,"0.039",3.1,259,20,6.6,2.1
2020-02-01 19:00:00,101388.43,5,1.7,80.92,3.6,330,NA,101420,NA,904,18,NA,0.025,602,854,NA,NA,10,NA,NA,NA,2438.4,NA,NA,NA,NA,1.79,NA,1.96,90197.27,0,0,0,-6.6,0,0,0,NA,NA,NA,NA,NA,NA,NA,NA,"0.039",2.5,266,19,5.4,0.3
2020-02-01 20:00:00,101388.43,4,0.6,86.79,4.12,300,NA,101470,13,854,NA,0.025,NA,503,804,NA,NA,10,NA,NA,NA,1524,NA,NA,NA,NA,0.56,NA,1.97,90197.27,0,0,0,-6.5,0,0,0,NA,NA,NA,NA,NA,NA,NA,NA,"0.041",2.8,273,19,4.4,0.7
2020-02-01 21:00:00,101422.29,3.15,0.85,85.45,4.375,310,NA,101470,13,704,NA,0.025,NA,301,453,NA,NA,10,NA,NA,NA,1478.28,NA,NA,NA,NA,-0.285,NA,0.965,90227.39,0,0,0,-6.35,0,0,0,NA,NA,NA,NA,NA,NA,NA,NA,"0.042",3.3,287,23,3.8,0.7
2020-02-01 22:00:00,101388.43,3,0,86.68,3.09,330,NA,101440,NA,NA,4,NA,NA,504,754,0.025,NA,10,10.6,2.8,NA,1524,NA,NA,NA,NA,-0.21,NA,0.97,90197.27,0,0,0,-6.9,0,0,0,NA,NA,NA,NA,NA,NA,NA,NA,"0.046",3.9,271,25,3.2,-1.4
2020-02-01 23:00:00,101388.43,2,0,86.58,3.09,330,NA,101420,NA,NA,NA,NA,NA,504,NA,NA,NA,10,NA,NA,NA,1524,NA,15.6,2.2,NA,-1.17,NA,-0.03,90197.27,0,0,0,-6.3,0,0,0,NA,NA,NA,NA,NA,NA,NA,NA,"0.044",2.4,293,36,2.9,-1.4
2020-02-02,101354.56,2,0,86.58,3.6,320,NA,101400,NA,NA,NA,NA,NA,553,704,NA,NA,10,NA,NA,NA,1676.4,NA,NA,NA,NA,-1.56,NA,-0.03,90167.14,0,0,0,-6.6,0,0,0,NA,NA,NA,NA,NA,NA,NA,NA,"0.041",0.6,34,57,1.6,0.7
2020-02-02 01:00:00,101354.56,1,-0.6,86.58,5.66,320,NA,101430,2500,NA,6003,0.025,0.025,464,704,NA,NA,5,NA,NA,NA,1402.08,NA,NA,NA,NA,-4.01,NA,-0.62,90167.14,0,0,0,-5.9,0,0,0,NA,NA,NA,NA,NA,NA,NA,NA,"0.04",0.6,357,36,0.9,1.2
2020-02-02 02:00:00,101388.43,-0.6,-1.7,92.91,8.23,330,11.83,101500,2500,NA,NA,0.254,NA,198.5,264,NA,NA,1,NA,NA,13.38,624.84,NA,NA,NA,320,-7.295,NA,-1.87,90197.27,0,0,0,-4.5,0,0,0,NA,NA,NA,NA,NA,NA,NA,NA,"0.043",0.6,331,34,-0.7,2.2
2020-02-02 03:00:00,101388.43,-1,-2.2,92.91,6.69,320,11.83,101520,2500,NA,NA,0.254,NA,284,NA,NA,NA,1.875,NA,NA,NA,853.44,NA,NA,NA,NA,-7.19,NA,-2.02,90197.27,0,0,0,-5.5,0,0,0,NA,NA,NA,NA,NA,NA,NA,NA,"0.045",0.6,332,39,-1.7,-0.7
2020-02-02 04:00:00,101422.29,-1,-1.95,92.91,4.12,310,NA,101560,2500,NA,1006,0.025,NA,254,NA,0.762,0.762,2.5,2.8,-1.1,NA,762,NA,NA,NA,NA,-5.66,NA,-2.02,90227.39,0,0,0,-5.6,0,0,0,NA,NA,NA,NA,NA,NA,NA,NA,"0.044",0.6,336,67,-1.8,-1.6
2020-02-02 05:00:00,101422.29,-1,-2.75,86.26,3.6,320,NA,101640,NA,1204,NA,NA,NA,529,704,NA,NA,10,NA,NA,NA,1676.4,NA,NA,NA,NA,-5.21,NA,-3.03,90227.39,0,0,0,-6.9,0,0,0,NA,NA,NA,NA,NA,NA,NA,NA,"0.042",0.7,110,45,-1.6,-0.6
2020-02-02 06:00:00,101490.02,-2,-3.9,86.15,4.12,320,NA,101740,NA,NA,NA,NA,NA,1202,NA,NA,NA,10,NA,NA,NA,3657.6,NA,NA,NA,NA,-6.81,NA,-4.03,90287.65,0,0,0,-6.6,0,0,0,NA,NA,NA,NA,NA,NA,NA,NA,"0.042",0.7,137,62,-1.2,-0.4
2020-02-02 07:00:00,101490.02,-2,-4.4,86.15,5.14,320,NA,101740,NA,NA,1009,NA,NA,1,NA,NA,NA,10,NA,NA,NA,NA,NA,NA,NA,NA,-7.18,NA,-4.03,90287.65,0,0,0,-7.2,0,0,0,NA,NA,NA,NA,NA,NA,NA,NA,"0.04",0.5,6,73,-1.2,1
2020-02-02 08:00:00,101557.75,-1.1,-5.6,74.22,4.12,320,NA,101780,NA,NA,NA,NA,NA,1202,NA,NA,NA,10,NA,NA,NA,NA,NA,NA,NA,NA,-5.94,NA,-5.06,90347.9,0,0,0,-8.2,0,0,0,NA,NA,NA,NA,NA,NA,NA,NA,"0.038",0.6,46,72,-1.2,1.9
2020-02-02 09:00:00,101557.75,-2,-4.4,79.89,3.09,310,NA,101810,NA,NA,NA,NA,NA,496,NA,NA,NA,10,NA,NA,NA,1524,NA,NA,NA,NA,-5.21,NA,-5.05,90347.9,0,0,0,-7.4,0,0,0,NA,NA,NA,NA,NA,NA,NA,NA,"0.036",1.1,58,57,-0.9,0.7
2020-02-02 10:00:00,101591.61,-1,-6.1,68.78,3.09,350,NA,101830,NA,NA,1006,NA,NA,1,NA,NA,NA,10,-0.6,-2.2,NA,NA,NA,NA,NA,NA,-4.78,NA,-6.08,90378.02,0,0,0,-8.6,0,0,0,NA,NA,NA,NA,NA,NA,NA,NA,"0.034",1.2,34,42,-0.6,1.9
2020-02-02 11:00:00,101557.75,-1,-6.7,68.78,4.12,310,NA,101800,NA,NA,NA,NA,NA,552,NA,NA,NA,10,NA,NA,NA,NA,NA,NA,NA,NA,-4.78,NA,-6.08,90347.9,0,0,0,-8.1,0,0,0,NA,NA,NA,NA,NA,NA,NA,NA,"0.039",1.3,323,30,-0.4,3.4
2020-02-02 12:00:00,101523.88,0,-6.1,63.94,4.12,320,NA,101760,NA,NA,NA,NA,NA,1,706,NA,NA,10,NA,NA,NA,NA,NA,NA,NA,NA,-4.37,NA,-6.09,90317.77,0,0,0,-8.7,0,0,0,NA,NA,NA,NA,NA,NA,NA,NA,"0.039",1.5,330,34,-0.3,2.4
2020-02-02 13:00:00,101456.15,0,-6.7,59.21,4.12,310,NA,101720,NA,NA,8011,NA,NA,456,553,NA,NA,10,NA,NA,NA,1600.2,NA,NA,NA,NA,-4.37,NA,-7.1,90257.51,0,0,0,-9.3,0,0,0,NA,NA,NA,NA,NA,NA,NA,NA,"0.039",1.3,331,32,-0.4,2.2
2020-02-02 14:00:00,101422.29,0,-8.9,59.21,3.6,330,NA,101690,NA,NA,NA,NA,NA,496,NA,NA,NA,10,NA,NA,NA,NA,NA,NA,NA,NA,-3.99,NA,-7.1,90227.39,0,0,0,-9.6,0,0,0,NA,NA,NA,NA,NA,NA,NA,NA,"0.039",1.3,343,40,-0.3,3.2
2020-02-02 15:00:00,101422.29,1,-11.7,40.24,3.6,350,NA,101700,NA,NA,NA,NA,NA,1,NA,NA,NA,10,NA,NA,NA,NA,NA,NA,NA,NA,-3.09,NA,-11.14,90227.39,0,0,0,-11.7,0,0,0,NA,NA,NA,NA,NA,NA,NA,NA,"0.039",1.3,3,39,-0.3,3.4
2020-02-02 16:00:00,101422.29,-1,-8.9,54.52,3.09,300,NA,101730,NA,NA,5003,NA,NA,656,NA,NA,NA,10,1.1,-2.2,NA,NA,NA,NA,NA,NA,-5.21,NA,-9.11,90227.39,0,0,0,-8.4,0,0,0,NA,NA,NA,NA,NA,NA,NA,NA,"0.041",1.1,349,34,-0.3,1.9
2020-02-02 17:00:00,101456.15,-3,-10,63.2,2.57,290,NA,101760,NA,NA,NA,NA,NA,1,NA,NA,NA,10,NA,NA,NA,NA,NA,NA,NA,NA,-6.65,NA,-9.09,90257.51,0,0,0,-8,0,0,0,NA,NA,NA,NA,NA,NA,NA,NA,"0.036",1,288,43,-1.8,3.9
2020-02-02 18:00:00,101456.15,-5,-11.1,62.2,2.06,320,NA,101820,NA,NA,NA,NA,NA,1,NA,NA,NA,10,NA,NA,NA,NA,NA,NA,NA,NA,-8.95,NA,-11.1,90257.51,0,0,0,-6.9,0,0,0,NA,NA,NA,NA,NA,NA,NA,NA,"0.023",1.5,129,60,-3.3,6.8
2020-02-02 19:00:00,101490.02,-6,-10,67.65,3.09,310,NA,101880,NA,NA,3006,NA,NA,1,NA,NA,NA,10,NA,NA,NA,NA,NA,NA,NA,NA,-10.8,NA,-11.08,90287.65,0,0,0,-6.1,0,0,0,NA,NA,NA,NA,NA,NA,NA,NA,"0.031",1.2,325,62,-4.1,3.9
2020-02-02 20:00:00,101523.88,-6,-10.6,73.25,2.57,290,NA,101890,NA,NA,NA,NA,NA,1,NA,NA,NA,10,NA,NA,NA,NA,NA,NA,NA,NA,-10.8,NA,-10.07,90317.77,0,0,0,-6.4,0,0,0,NA,NA,NA,NA,NA,NA,NA,NA,"0.033",0.9,317,64,-5.5,-0.1
2020-02-02 21:00:00,101523.88,-7,-11.1,73.06,0,0,NA,101940,NA,NA,NA,NA,NA,1,NA,NA,NA,10,NA,NA,NA,NA,NA,NA,NA,NA,-11.4,NA,-11.07,90317.77,0,0,0,-5.1,0,0,1,NA,NA,NA,NA,NA,NA,NA,NA,"0.024",0.8,233,38,-6.6,-0.3
2020-02-02 22:00:00,101557.75,-8,-12.2,72.85,1.54,190,NA,101940,NA,NA,4,NA,NA,1,NA,NA,NA,10,-1.7,-8.9,NA,NA,NA,NA,NA,NA,-10.96,NA,-12.07,90347.9,0,0,0,-3.7,0,0,1,NA,NA,NA,NA,NA,NA,NA,NA,"0.02",0.8,228,52,-7.8,4
2020-02-02 23:00:00,101523.88,-9,-13.3,78.61,1.54,320,NA,101930,NA,NA,NA,NA,NA,1,NA,NA,NA,10,NA,NA,NA,NA,NA,2.2,-10,NA,-13.24,NA,-13.05,90317.77,0,0,0,-3,0,0,1,NA,NA,NA,NA,NA,NA,NA,NA,"0.017",0.8,201,43,-9,5.2
2020-02-03,101523.88,-10,-13.3,78.61,0,0,NA,101940,NA,NA,NA,NA,NA,1,NA,NA,NA,10,NA,NA,NA,NA,NA,NA,NA,NA,-13.24,NA,-13.05,90317.77,0,0,0,-1.9,0,0,1,NA,NA,NA,NA,NA,NA,NA,NA,"0.015",1.1,180,63,-9.7,1
2020-02-03 01:00:00,101523.88,-10,-13.3,78.61,0,0,NA,101950,NA,NA,5000,NA,NA,1,NA,NA,NA,10,NA,NA,NA,NA,NA,NA,NA,NA,-14.88,NA,-13.05,90317.77,0,0,0,-1.2,0,0,1,NA,NA,NA,NA,NA,NA,NA,NA,"0.013",1,193,54,-10.4,1.1
2020-02-03 02:00:00,101557.75,-10.6,-13.3,78.61,0,0,NA,101990,NA,NA,NA,NA,NA,1,NA,NA,NA,10,NA,NA,NA,NA,NA,NA,NA,NA,NA,NA,-13.05,90347.9,0,0,0,-1,0,0,1,NA,NA,NA,NA,NA,NA,NA,NA,"0.011",2.2,176,57,-10.8,-0.1
2020-02-03 03:00:00,101591.61,-11,-13.9,85.11,0,0,NA,102020,NA,NA,NA,NA,NA,1,NA,NA,NA,10,NA,NA,NA,NA,NA,NA,NA,NA,NA,NA,-13.04,90378.02,0,0,0,-0.5,0,0,1,NA,NA,NA,NA,NA,NA,NA,NA,"0.007",1,190,74,-11.6,-0.6
2020-02-03 04:00:00,101659.34,-12,-14.4,84.99,0,0,NA,102140,NA,NA,3013,NA,NA,1,NA,NA,NA,10,-8.3,-12.2,NA,NA,NA,NA,NA,NA,-15.53,NA,-14.04,90438.28,0,0,0,1,1,1,1,NA,NA,1,2020-02-03 04:00:00,2020-02-03 04:00:00,1,2020-02-03 04:00:00,2020-02-03 04:00:00,"0.015",0.9,47,67,-11.6,2.5
2020-02-03 05:00:00,101693.2,-12,-13.9,84.99,0,0,NA,102170,NA,NA,NA,NA,NA,1,NA,NA,NA,10,NA,NA,NA,NA,NA,NA,NA,NA,NA,NA,-14.04,90468.4,0,0,0,-0.699999999999999,0,0,1,NA,NA,NA,NA,NA,NA,NA,NA,"0.006",0.7,225,52,-12.2,5.9
2020-02-03 06:00:00,101760.93,-12,-14.4,84.99,0,0,NA,102300,NA,NA,NA,NA,NA,1,NA,NA,NA,10,NA,NA,NA,NA,NA,NA,NA,NA,NA,NA,-14.04,90528.65,0,0,0,-0.5,0,0,1,NA,NA,NA,NA,NA,NA,NA,NA,"0.004",0.7,206,54,-12.4,6.6
2020-02-03 07:00:00,101794.79,-12,-15,84.99,0,0,NA,102380,NA,NA,3014,NA,NA,1,NA,NA,NA,10,NA,NA,NA,NA,NA,NA,NA,NA,NA,NA,-14.04,90558.78,0,0,0,-0.9,0,0,1,NA,NA,NA,NA,NA,NA,NA,NA,"0.002",0.7,225,35,-12.6,5.9
2020-02-03 08:00:00,101862.52,-12,-14.4,84.99,0,0,NA,102400,NA,NA,NA,NA,NA,1,NA,NA,NA,10,NA,NA,NA,NA,NA,NA,NA,NA,NA,NA,-14.04,90619.03,0,0,0,-2.4,0,0,1,NA,NA,NA,NA,NA,NA,NA,NA,"0.005",0.7,205,47,-12.5,8.6
2020-02-03 09:00:00,101896.38,-9,-11.7,78.77,0,0,NA,102420,NA,NA,NA,NA,NA,1,NA,NA,NA,10,NA,NA,NA,NA,NA,NA,NA,NA,-15.53,NA,-12.05,90649.15,0,0,0,-3.3,0,0,1,NA,NA,NA,NA,NA,NA,NA,NA,"0.015",0.9,173,62,-9.9,8.5
2020-02-03 10:00:00,101930.25,-8,-11.4,78.855,0,0,NA,102440,NA,NA,1009,NA,NA,1,NA,NA,NA,10,-7.2,-13.3,NA,NA,NA,NA,NA,NA,NA,NA,-11.06,90679.28,0,0,0,-3.1,0,0,1,NA,NA,NA,NA,NA,NA,NA,NA,"0.023",1.3,232,72,-7.8,5.1
2020-02-03 11:00:00,101930.25,-7,-10,73.06,0,0,NA,102400,NA,NA,NA,NA,NA,1,NA,NA,NA,10,NA,NA,NA,NA,NA,NA,NA,NA,-9.245,NA,-11.07,90679.28,0,0,0,-1.1,0,0,1,NA,NA,NA,NA,NA,NA,NA,NA,"0.026",1.3,270,77,-6.4,3.2
2020-02-03 12:00:00,101862.52,-5,-10.6,73.25,0,0,NA,102320,NA,NA,NA,NA,NA,1,NA,NA,NA,10,NA,NA,NA,NA,NA,NA,NA,NA,-6.84,NA,-10.07,90619.03,0,0,0,-2.8,0,0,1,NA,NA,NA,NA,NA,NA,NA,NA,"0.032",2.2,312,72,-4.5,2.4
2020-02-03 13:00:00,101794.79,-4,-10,58.14,0,0,NA,102250,NA,NA,8013,NA,NA,1,NA,NA,NA,10,NA,NA,NA,NA,NA,NA,NA,NA,-6.96,NA,-11.1,90558.78,0,0,0,-4.8,0,0,1,NA,NA,NA,NA,NA,NA,NA,NA,"0.034",2.7,336,74,-3.1,3.2
2020-02-03 14:00:00,101794.79,-3,-10.6,58.41,1.54,260,NA,102240,NA,NA,NA,NA,NA,1,NA,NA,NA,10,NA,NA,NA,NA,NA,NA,NA,NA,-5.25,NA,-10.1,90558.78,0,0,0,-5.5,0,0,1,NA,NA,NA,NA,NA,NA,NA,NA,"0.036",2.7,44,68,-1.9,5.6
2020-02-03 15:00:00,101828.66,-2,-9.4,54.23,2.57,290,NA,102300,NA,NA,NA,NA,NA,703,853,NA,NA,10,NA,NA,NA,2133.6,NA,NA,NA,NA,-5.47,NA,-10.12,90588.91,0,0,0,-7.6,0,0,0,NA,NA,NA,NA,NA,NA,NA,NA,"0.037",3.1,3,53,-2,2.7
2020-02-03 16:00:00,101862.52,-3,-8.9,62.76,2.06,300,NA,102360,NA,NA,3008,NA,NA,654,NA,NA,NA,10,-2.2,-7.8,NA,1981.2,NA,NA,NA,NA,-5.25,NA,-9.09,90619.03,0,0,0,-7.1,0,0,0,NA,NA,NA,NA,NA,NA,NA,NA,"0.035",2.6,43,56,-2.2,-1.4
2020-02-03 17:00:00,101930.25,-3,-8.9,68.34,1.54,230,NA,102440,NA,NA,NA,NA,NA,506,754,NA,NA,10,NA,NA,NA,2286,NA,NA,NA,NA,-6.03,NA,-8.08,90679.28,0,0,0,-8.4,0,0,1,NA,NA,NA,NA,NA,NA,NA,NA,"0.031",2.3,93,44,-2.8,0.7
2020-02-03 18:00:00,101997.98,-3,-9.4,63.2,0,0,NA,102500,NA,NA,NA,NA,NA,754,NA,NA,NA,10,NA,NA,NA,2286,NA,NA,NA,NA,-5.25,NA,-9.09,90739.54,0,0,0,-8.5,0,0,1,NA,NA,NA,NA,NA,NA,NA,NA,"0.036",1.6,258,57,-2.9,3.2
2020-02-03 19:00:00,102065.7,-3,-9.4,63.2,1.54,340,NA,102590,NA,NA,1019,NA,NA,754,804,NA,NA,10,NA,NA,NA,2438.4,NA,NA,NA,NA,-5.25,NA,-9.09,90799.78,0,0,0,-8.6,0,0,1,NA,NA,NA,NA,NA,NA,NA,NA,"0.039",1.6,275,54,-3.2,3.7
2020-02-03 20:00:00,102133.43,-3,-10,59.73,1.54,330,NA,102620,NA,NA,NA,NA,NA,754,804,NA,NA,10,NA,NA,NA,2438.4,NA,NA,NA,NA,-5.81,NA,-10.1,90860.04,0,0,0,-8.8,0,0,1,NA,NA,NA,NA,NA,NA,NA,NA,"0.038",0.9,301,70,-3.4,1.9
2020-02-03 21:00:00,102167.3,-3,-10,58.41,1.54,350,NA,102660,NA,NA,NA,NA,NA,854,904,NA,NA,10,NA,NA,NA,2743.2,NA,NA,NA,NA,-5.25,NA,-10.1,90890.17,0,0,0,-9.1,0,0,1,NA,NA,NA,NA,NA,NA,NA,NA,"0.037",1.1,270,60,-3.6,2
2020-02-03 22:00:00,102235.02,-5,-11.1,62.95,1.54,250,NA,102700,NA,NA,1014,NA,NA,904,854,NA,NA,10,-2.2,-5.6,NA,2743.2,NA,NA,NA,NA,-7.2,NA,-11.08,90950.41,0,0,0,-7.1,0,0,1,NA,NA,NA,NA,NA,NA,NA,NA,"0.03",1.2,286,52,-4.1,4.2
2020-02-03 23:00:00,102235.02,-5,-9.4,71.18,0,0,NA,102700,NA,NA,NA,NA,NA,506,854,NA,NA,10,NA,NA,NA,2590.8,NA,-2.2,-13.3,NA,-6.39,NA,-9.08,90950.41,0,0,0,-7.1,0,0,1,NA,NA,NA,NA,NA,NA,NA,NA,"0.025",1.2,227,49,-4.6,16.9
2020-02-04,102268.89,-6,-10.6,73.25,0,0,NA,102730,NA,NA,NA,NA,NA,854,NA,NA,NA,10,NA,NA,NA,2590.8,NA,NA,NA,NA,NA,NA,-10.07,90980.54,0,0,0,-6.3,0,0,1,NA,NA,NA,NA,NA,NA,NA,NA,"0.03",1.1,252,51,-5.1,7.5
2020-02-04 01:00:00,102302.75,-8,-11.1,78.94,1.54,270,NA,102740,NA,NA,1005,NA,NA,1,NA,NA,NA,10,NA,NA,NA,NA,NA,NA,NA,NA,-11.87,NA,-11.07,91010.67,0,0,0,-4.5,0,0,1,NA,NA,NA,NA,NA,NA,NA,NA,"0.033",1,285,59,-5.8,5.6
2020-02-04 02:00:00,102302.75,-8,-10.6,78.77,0,0,NA,102730,NA,NA,NA,NA,NA,803,NA,NA,NA,10,NA,NA,NA,2438.4,NA,NA,NA,NA,-11.985,NA,-11.05,91010.67,0,0,0,-4.5,0,0,1,NA,NA,NA,NA,NA,NA,NA,NA,"0.031",0.9,291,48,-6.4,2.3
2020-02-04 03:00:00,102302.75,-7,-10,79.1,0,0,NA,102740,NA,NA,NA,NA,NA,754,754,NA,NA,10,NA,NA,NA,2286,NA,NA,NA,NA,-9.82,NA,-10.05,91010.67,0,0,0,-5.7,0,0,1,NA,NA,NA,NA,NA,NA,NA,NA,"0.025",1,9,67,-7.1,3.8
2020-02-04 04:00:00,102336.62,-7,-9.4,85.59,1.54,280,NA,102780,NA,NA,3005,NA,NA,654,704,NA,NA,10,-4.4,-8.9,NA,2133.6,NA,NA,NA,NA,-9.82,NA,-9.04,91040.8,0,0,0,-5.7,0,0,1,NA,NA,NA,NA,NA,NA,NA,NA,"0.021",0.8,28,65,-7,5.4
2020-02-04 05:00:00,102370.48,-8,-10,85.47,0,0,NA,102810,NA,NA,NA,NA,NA,496,602,NA,NA,10,NA,NA,NA,1981.2,NA,NA,NA,NA,-10.83,NA,-10.04,91070.92,0,0,0,-4.6,0,0,1,NA,NA,NA,NA,NA,NA,NA,NA,"0.017",0.4,224,65,-7.5,2.7
2020-02-04 06:00:00,102370.48,-8,-10,85.36,1.54,290,NA,102810,NA,NA,NA,NA,NA,504,NA,NA,NA,10,NA,NA,NA,1524,NA,NA,NA,NA,-11.87,NA,-11.04,91070.92,0,0,0,-4.7,0,0,1,NA,NA,NA,NA,NA,NA,NA,NA,"0.006",0.6,239,45,-8.9,1.8
2020-02-04 07:00:00,102404.34,-8,-11.1,85.36,2.06,300,NA,102910,NA,NA,3008,NA,NA,494,NA,NA,NA,10,NA,NA,NA,1493.52,NA,NA,NA,NA,-11.87,NA,-11.04,91101.04,0,0,0,-4.9,0,0,0,NA,NA,NA,NA,NA,NA,NA,NA,"0.003",0.7,207,48,-9.8,5.4
2020-02-04 08:00:00,102438.21,-9,-10,85.36,0,0,NA,102890,NA,NA,NA,NA,NA,502,NA,NA,NA,10,NA,NA,NA,NA,NA,NA,NA,NA,-13.78,NA,-11.04,91131.18,0,0,0,-4.1,0,0,1,NA,NA,NA,NA,NA,NA,NA,NA,"0.006",0.5,196,57,-9.5,8.4
2020-02-04 09:00:00,102505.93,-7,-9.4,79.26,1.54,290,NA,102930,NA,NA,NA,NA,NA,1,NA,NA,NA,10,NA,NA,NA,NA,NA,NA,NA,NA,-9.59,NA,-9.05,91191.42,0,0,0,-6,0,0,1,NA,NA,NA,NA,NA,NA,NA,NA,"0.018",0.6,248,57,-6,8.8
2020-02-04 10:00:00,102505.93,-4,-10,68.11,2.06,290,NA,102880,NA,NA,3,NA,NA,1,NA,NA,NA,10,-2.8,-10,NA,NA,NA,NA,NA,NA,-7.53,NA,-9.08,91191.42,0,0,0,-8.5,0,0,0,NA,NA,NA,NA,NA,NA,NA,NA,"0.025",0.7,295,59,-4.1,7.5
2020-02-04 11:00:00,102404.34,-2,-12.8,46.23,3.6,320,NA,102740,NA,NA,NA,NA,NA,1,NA,NA,NA,10,NA,NA,NA,NA,NA,NA,NA,NA,-6.43,NA,-12.13,91101.04,0,0,0,-8.9,0,0,0,NA,NA,NA,NA,NA,NA,NA,NA,"0.035",0.8,19,62,-2.4,4.9
2020-02-04 12:00:00,102302.75,-1,-12.8,40.55,4.12,340,NA,102700,NA,NA,NA,NA,NA,1,NA,NA,NA,10,NA,NA,NA,NA,NA,NA,NA,NA,-5.94,NA,-13.14,91010.67,0,0,0,-10.1,0,0,0,NA,NA,NA,NA,NA,NA,NA,NA,"0.038",0.7,313,47,-1.1,3.7
2020-02-04 13:00:00,102167.3,-1,-13.9,39.61,5.14,330,NA,102600,NA,NA,6027,NA,NA,1,NA,NA,NA,10,NA,NA,NA,NA,NA,NA,NA,NA,-6.25,NA,-13.14,90890.17,0,0,0,-10.3,0,0,0,NA,NA,NA,NA,NA,NA,NA,NA,NA,0.7,338,36,-0.8,2.9
2020-02-04 14:00:00,102167.3,-1,-12.8,36.82,6.17,320,NA,102560,NA,NA,NA,NA,NA,1002,NA,NA,NA,10,NA,NA,NA,NA,NA,NA,NA,NA,-6.81,NA,-13.15,90890.17,0,0,0,-9.5,0,0,0,NA,NA,NA,NA,NA,NA,NA,NA,NA,0.6,306,36,-0.9,2.2
2020-02-04 15:00:00,102167.3,-1,-11.7,42.95,5.66,260,NA,102560,NA,954,NA,NA,NA,853,803,NA,NA,10,NA,NA,NA,2590.8,NA,NA,NA,NA,-6.54,NA,-12.14,90890.17,0,0,0,-10,0,0,0,NA,NA,NA,NA,NA,NA,NA,NA,"0.04",0.5,291,28,-1.3,1.9
2020-02-04 16:00:00,102133.43,-2,-8.9,50.09,5.14,260,NA,102560,NA,829,8004,NA,NA,493,604,NA,NA,10,0,-2.8,NA,1493.52,NA,NA,NA,NA,-7.5,NA,-11.12,90860.04,0,0,0,-9.5,0,0,0,NA,NA,NA,NA,NA,NA,NA,NA,"0.037",0.5,271,31,-2,1.2
2020-02-04 17:00:00,102099.57,-4,-6.1,85.93,4.12,320,NA,102500,2500,NA,NA,0.254,NA,254,474,NA,NA,1.25,NA,NA,NA,762,NA,NA,NA,NA,-8.87,NA,-6.13,90829.91,0,0,0,-8,0,0,0,NA,NA,NA,NA,NA,NA,NA,NA,"0.035",0.6,292,51,-4.1,1.3
2020-02-04 18:00:00,101997.98,-4,-6.1,85.93,3.09,10,NA,102450,2500,NA,NA,0.254,NA,254,NA,NA,NA,1.875,NA,NA,NA,762,NA,NA,NA,NA,-8.4,NA,-6.04,90739.54,0,0,0,-7.9,0,0,0,NA,NA,NA,NA,NA,NA,NA,NA,"0.032",0.6,346,60,-5.3,4
2020-02-04 19:00:00,101964.11,-4,-6.1,85.93,2.06,330,NA,102430,2500,NA,6009,0.254,0.762,194,704,NA,NA,1.5,NA,NA,NA,579.12,NA,NA,NA,NA,-7.2,NA,-6.04,90709.41,0,0,0,-7.7,0,0,0,NA,NA,NA,NA,NA,NA,NA,NA,"0.034",0.6,304,56,-5.5,5.2
2020-02-04 20:00:00,101896.38,-4,-6.1,85.93,2.06,300,NA,102340,20,NA,NA,0.025,NA,496,704,NA,NA,10,NA,NA,NA,2133.6,NA,NA,NA,NA,-7.2,NA,-6.04,90649.15,0,0,0,-7.5,0,0,0,NA,NA,NA,NA,NA,NA,NA,NA,"0.035",0.6,253,69,-5.6,4.7
2020-02-04 21:00:00,101896.38,-4,-5.6,85.93,1.54,270,NA,102290,NA,704,NA,NA,NA,476,603.5,NA,NA,10,NA,NA,NA,1676.4,NA,NA,NA,NA,-6.39,NA,-6.04,90649.15,0,0,0,-7.3,0,0,1,NA,NA,NA,NA,NA,NA,NA,NA,"0.032",0.6,226,62,-5.4,2.9
2020-02-04 22:00:00,101862.52,-4,-7.2,80.76,0,0,NA,102250,NA,NA,5006,NA,NA,504,NA,0.762,NA,10,-2.8,-5,NA,1524,NA,NA,NA,NA,-7.53,NA,-7.05,90619.03,0,0,0,-7,0,0,1,NA,NA,NA,NA,NA,NA,NA,NA,"0.03",0.4,61,66,-5.2,0
2020-02-04 23:00:00,101862.52,-4,-6.7,79.58,0,0,NA,102230,NA,NA,NA,NA,NA,504,NA,NA,NA,10,NA,NA,NA,1524,NA,0,-10,NA,-6.39,NA,-7.05,90619.03,0,0,0,-6.9,0,0,1,NA,NA,NA,NA,NA,NA,NA,NA,"0.026",0.7,21,52,-4.9,2.2
2020-02-05,101828.66,-4,-6.7,83.93,1.54,340,NA,102150,NA,NA,NA,NA,NA,464,NA,NA,NA,10,NA,NA,NA,1402.08,NA,NA,NA,NA,-6.39,NA,-6.74,90588.91,0,0,0,-6.8,0,0,1,NA,NA,NA,NA,NA,NA,NA,NA,"0.025",0.6,352,57,-5.1,4.4
2020-02-05 01:00:00,101760.93,-4,-6.1,79.58,2.06,320,NA,102100,2500,NA,8012,0.025,0.025,444,484,NA,NA,6,NA,NA,NA,1341.12,NA,NA,NA,NA,-7.2,NA,-7.05,90528.65,0,0,0,-6.5,0,0,0,NA,NA,NA,NA,NA,NA,NA,NA,"0.022",0.6,62,51,-5,7.1
2020-02-05 02:00:00,101760.93,-4,-6.1,85.93,0,0,NA,102100,2500,NA,NA,0.025,NA,434,NA,NA,NA,4,NA,NA,NA,1310.64,NA,NA,NA,NA,-6.795,NA,-6.04,90528.65,0,0,0,-6.4,0,0,1,NA,NA,NA,NA,NA,NA,NA,NA,"0.022",0.7,259,48,-5.1,6.1
2020-02-05 03:00:00,101727.07,-4,-6.1,85.93,0,0,NA,102080,2500,NA,NA,0.025,NA,504,NA,NA,NA,3.5,NA,NA,NA,1524,NA,NA,NA,NA,-6.39,NA,-6.04,90498.53,0,0,0,-6.1,0,0,1,NA,NA,NA,NA,NA,NA,NA,NA,"0.028",0.5,224,48,-5.4,1
2020-02-05 04:00:00,101693.2,-4,-6.1,85.93,0,0,NA,102060,20,NA,8006,0.025,NA,444,NA,0.025,0.762,8,-4.4,-4.4,NA,1341.12,NA,NA,NA,NA,NA,NA,-6.04,90468.4,0,0,0,-5.6,0,0,1,NA,NA,NA,NA,NA,NA,NA,NA,"0.026",0.8,103,56,-5.4,3.4
2020-02-05 05:00:00,101659.34,-4,-5.6,85.93,0,0,NA,102050,2500,NA,NA,0.254,NA,289,434,NA,NA,1.875,NA,NA,NA,868.68,NA,NA,NA,NA,NA,NA,-6.04,90438.28,0,0,0,-5.5,0,0,1,NA,NA,NA,NA,NA,NA,NA,NA,"0.021",0.5,208,64,-5.3,3.4
2020-02-05 06:00:00,101625.47,-4,-5.6,85.93,0,0,NA,102000,2500,NA,NA,0.254,NA,474,484,NA,NA,5,NA,NA,NA,1432.56,NA,NA,NA,NA,NA,NA,-6.04,90408.14,0,0,0,-5.2,0,0,1,NA,NA,NA,NA,NA,NA,NA,NA,"0.016",0.8,242,43,-5.3,2.7
2020-02-05 07:00:00,101557.75,-4,-5.6,85.93,0,0,NA,101960,31,1104,6012,0.025,0.762,483,604,NA,NA,8,NA,NA,NA,1463.04,NA,NA,NA,NA,NA,NA,-6.04,90347.9,0,0,0,-5,0,0,1,NA,NA,NA,NA,NA,NA,NA,NA,"0.014",1,104,63,-5.3,5.4
2020-02-05 08:00:00,101557.75,-4,-5.6,85.93,0,0,NA,101950,31,NA,NA,NA,NA,503,1104,NA,NA,7,NA,NA,NA,1524,NA,NA,NA,NA,-6.39,NA,-6.04,90347.9,0,0,0,-4.9,0,0,1,NA,NA,NA,NA,NA,NA,NA,NA,"0.015",0.9,2,73,-4.8,4.7
2020-02-05 09:00:00,101523.88,-3,-5.3,85.93,0,0,NA,101890,2500,654,NA,0.025,NA,373,504,NA,NA,6,NA,NA,NA,1127.76,NA,NA,NA,NA,NA,NA,-6.04,90317.77,0,0,0,-5.2,0,0,1,NA,NA,NA,NA,NA,NA,NA,NA,"0.016",0.8,105,59,-3.6,6.1
2020-02-05 10:00:00,101490.02,-3,-4.7,86.04,0.77,140,NA,101860,31,554,8005,NA,NA,293,384,0.762,NA,3.75,-2.8,-4.4,NA,883.92,NA,NA,NA,NA,-5.25,NA,-5.04,90287.65,0,0,0,-4.6,0,0,1,NA,NA,NA,NA,NA,NA,NA,NA,"0.017",1,111,72,-2.5,8.3
2020-02-05 11:00:00,101456.15,-3,-4.4,86.15,1.54,260,NA,101820,31,504,NA,0.025,NA,96,413,NA,NA,3,NA,NA,NA,1036.32,NA,NA,NA,NA,-5.25,NA,-4.03,90257.51,0,0,0,-3.9,0,0,1,NA,NA,NA,NA,NA,NA,NA,NA,"0.02",1,129,72,-2.5,8.8
2020-02-05 12:00:00,101388.43,-2,-3.9,86.15,0,0,NA,101690,2500,344,NA,0.254,NA,66,263,NA,NA,1.25,NA,NA,NA,731.52,NA,NA,NA,NA,NA,NA,-4.03,90197.27,0,0,0,-4.5,0,0,1,NA,NA,NA,NA,NA,NA,NA,NA,"0.024",0.7,356,67,-2.2,7.1
2020-02-05 13:00:00,101320.7,-2,-3.9,86.15,0,0,NA,101620,2500,364,8020,0.254,0.508,76,273,NA,NA,2,NA,NA,NA,822.96,NA,NA,NA,NA,-4.1,NA,-3.34,90137.02,0,0,0,-4.2,0,0,1,NA,NA,NA,NA,NA,NA,NA,NA,"0.023",1,91,58,-1.6,6.4
2020-02-05 14:00:00,101252.97,-2,-3.3,92.85,1.54,300,NA,101570,2500,424,NA,0.025,NA,243,334,NA,NA,1.5,NA,NA,NA,853.44,NA,NA,NA,NA,-4.1,NA,-3.02,90076.76,0,0,0,-3.8,0,0,1,NA,NA,NA,NA,NA,NA,NA,NA,"0.024",0.8,284,70,-1.7,6.6
2020-02-05 15:00:00,101202.175,-2,-2.8,92.85,1.54,290,NA,101500,2500,344,NA,0.254,NA,56,243,NA,NA,1,NA,NA,NA,640.08,NA,NA,NA,NA,-4.1,NA,-3.02,90031.575,0,0,0,-4,0,0,1,NA,NA,NA,NA,NA,NA,NA,NA,"0.025",0.9,234,74,-1.8,3.4
2020-02-05 16:00:00,101151.38,-2,-2.8,92.85,0,0,NA,101490,2500,364,7006,0.254,NA,205,258.5,1.778,NA,1,-1.1,-2.8,NA,731.52,NA,NA,NA,NA,-4.1,NA,-3.02,89986.38,0,0,0,-3.9,0,0,1,NA,NA,NA,NA,NA,NA,NA,NA,"0.021",1.9,230,73,-2.1,4.4
2020-02-05 17:00:00,101151.38,-2,-2.2,100,0,0,NA,101490,2500,NA,NA,0.508,NA,174,NA,NA,NA,0.75,NA,NA,NA,518.16,NA,NA,NA,NA,-4.1,NA,-2,89986.38,0,0,0,-3.8,0,0,1,NA,NA,NA,NA,NA,NA,NA,NA,"0.018",2.1,332,54,-2.5,7.1
2020-02-05 18:00:00,101100.585,-2,-2.2,100,0,0,NA,101400,2500,NA,NA,0.254,NA,379,704,NA,NA,2.5,NA,NA,NA,1143,NA,NA,NA,NA,NA,NA,-2,89941.195,0,0,0,-3.6,0,0,1,NA,NA,NA,NA,NA,NA,NA,NA,"0.02",1.1,315,67,-2.6,6.6
2020-02-05 19:00:00,101049.79,-2,-2.2,92.85,2.06,260,NA,101410,31,NA,8009,0.025,1.27,464,NA,NA,NA,6,NA,NA,NA,1402.08,NA,NA,NA,NA,-4.86,NA,-3.02,89896.01,0,0,0,-3.4,0,0,0,NA,NA,NA,NA,NA,NA,NA,NA,"0.025",1.2,233,65,-2.5,5.2
2020-02-05 20:00:00,101049.79,-2,-2.8,92.85,2.06,290,NA,101380,2500,NA,NA,0.025,NA,394,NA,NA,NA,2.5,NA,NA,NA,1188.72,NA,NA,NA,NA,-4.86,NA,-3.02,89896.01,0,0,0,-3.1,0,0,0,NA,NA,NA,NA,NA,NA,NA,NA,"0.025",1.2,268,72,-2.5,3.7
2020-02-05 21:00:00,101015.92,-2,-2.8,92.85,2.06,310,NA,101310,31,NA,NA,0.025,NA,444,NA,NA,NA,6,NA,NA,NA,1341.12,NA,NA,NA,NA,-4.86,NA,-3.02,89865.88,0,0,0,-2.9,0,0,0,NA,NA,NA,NA,NA,NA,NA,NA,"0.027",0.6,258,62,-2.6,4.4
2020-02-05 22:00:00,100982.06,-2,-2.8,92.85,0,0,NA,101280,2500,NA,6009,0.254,NA,424,NA,1.524,NA,5,-1.1,-2.2,NA,1280.16,NA,NA,NA,NA,-4.1,NA,-3.02,89835.75,0,0,0,-2.6,0,0,1,NA,NA,NA,NA,NA,NA,NA,NA,"0.022",0.7,253,78,-2.5,3.9
2020-02-05 23:00:00,100948.2,-2,-3.3,92.85,0,0,NA,101260,2500,414,NA,0.254,NA,306,384,NA,NA,2.5,NA,NA,NA,1249.68,NA,-1.1,-4.4,NA,-4.1,NA,-3.02,89805.63,0,0,0,-2.4,0,0,1,NA,NA,NA,NA,NA,NA,NA,NA,"0.018",0.5,275,75,-2.5,4.4
2020-02-06,100880.47,-2,-2.8,92.85,0,0,NA,101190,2500,404,NA,0.025,NA,106,282,NA,NA,2.5,NA,NA,NA,1188.72,NA,NA,NA,NA,-4.1,NA,-3.02,89745.38,0,0,0,-2.1,0,0,1,NA,NA,NA,NA,NA,NA,NA,NA,"0.026",0.3,224,63,-2.7,4.6
2020-02-06 01:00:00,100880.47,-2,-3.3,92.85,0,0,NA,101190,2500,414,5006,0.254,0.508,372,284,NA,NA,3.5,NA,NA,NA,1249.68,NA,NA,NA,NA,-4.1,NA,-3.02,89745.38,0,0,0,-1.9,0,0,1,NA,NA,NA,NA,NA,NA,NA,NA,"0.025",0.5,251,54,-2.7,4.7
2020-02-06 02:00:00,100880.47,-2,-2.8,92.85,0,0,NA,101160,31,NA,NA,NA,NA,434,NA,NA,NA,6,NA,NA,NA,1310.64,NA,NA,NA,NA,NA,NA,-3.02,89745.38,0,0,0,-1.7,0,0,1,NA,NA,NA,NA,NA,NA,NA,NA,"0.022",0.4,295,53,-2.7,5.6
2020-02-06 03:00:00,100880.47,-2,-2.8,92.85,0,0,NA,101180,31,NA,NA,NA,NA,434,NA,NA,NA,5,NA,NA,NA,1310.64,NA,NA,NA,NA,-4.1,NA,-3.02,89745.38,0,0,0,-1.3,0,0,1,NA,NA,NA,NA,NA,NA,NA,NA,"0.015",0.6,236,72,-2.5,6.6
2020-02-06 04:00:00,100880.47,-2,-2.8,92.85,0,0,NA,101170,31,NA,6002,NA,NA,444,NA,0.508,4.572,5,-1.7,-2.2,NA,1341.12,NA,NA,NA,NA,-4.1,NA,-3.02,89745.38,0,0,0,-1.2,0,0,1,NA,NA,NA,NA,NA,NA,NA,NA,"0.013",0.6,231,57,-2.6,6.8
2020-02-06 05:00:00,100880.47,-2,-2.8,92.85,0,0,NA,101190,2500,NA,NA,0.025,NA,384,NA,NA,NA,2.75,NA,NA,NA,1158.24,NA,NA,NA,NA,NA,NA,-3.02,89745.38,0,0,0,-0.9,0,0,1,NA,NA,NA,NA,NA,NA,NA,NA,"0.012",0.5,144,74,-2.6,7.1
2020-02-06 06:00:00,100914.33,-2,-2.2,96.37,0,0,NA,101220,2500,NA,NA,0.025,NA,364,604,NA,NA,3.5,NA,NA,NA,1097.28,NA,NA,NA,NA,-3.93,NA,-2.02,89775.5,0,0,0,-1,0,0,1,NA,NA,NA,NA,NA,NA,NA,NA,"0.007",0.4,95,51,-2.4,9.9
2020-02-06 07:00:00,100948.2,-1.85,-2.2,92.91,0,0,NA,101270,31,604,3006,0.025,0.025,74,604,NA,NA,5,NA,NA,NA,213.36,NA,NA,NA,NA,-3.415,NA,-2.115,89805.63,0,0,0,-1.35,0,0,1,NA,NA,NA,NA,NA,NA,NA,NA,"0.003",0.5,227,64,-2,12.6
2020-02-06 08:00:00,101015.92,-1.1,-2.2,92.91,0,0,NA,101340,2500,NA,NA,0.254,NA,72,454,NA,NA,2.5,NA,NA,NA,1371.6,NA,NA,NA,NA,-2.96,NA,-2.02,89865.88,0,0,0,-2.5,0,0,1,NA,NA,NA,NA,NA,NA,NA,NA,"0.003",0.5,107,68,-1.8,13.3
2020-02-06 09:00:00,101049.79,-1,-2.2,92.91,0,0,NA,101360,31,NA,NA,0.025,NA,413,529,NA,NA,2.5,NA,NA,NA,1249.68,NA,NA,NA,NA,NA,NA,-2.02,89896.01,0,0,0,-3,0,0,1,NA,NA,NA,NA,NA,NA,NA,NA,"0.006",0.6,23,76,-0.9,10.7
2020-02-06 10:00:00,101083.65,-1,-1.1,92.96,1.54,90,NA,101380,31,754,3005,NA,NA,556,498,0.254,NA,3,0,-1.7,NA,2133.6,NA,NA,NA,NA,-2.96,NA,-1.02,89926.13,0,0,0,-3.6,0,0,1,NA,NA,NA,NA,NA,NA,NA,NA,"0.008",0.8,85,74,0.2,9
2020-02-06 11:00:00,101083.65,1,-0.6,88.4,0,0,NA,101380,31,NA,NA,NA,NA,904,854,NA,NA,4,NA,NA,NA,2743.2,NA,NA,NA,NA,-2.53,NA,-1.02,89926.13,0,0,0,-4.8,0,0,1,NA,NA,NA,NA,NA,NA,NA,NA,"0.008",0.9,300,55,1.6,11.1
2020-02-06 12:00:00,101083.65,1.7,-0.6,84.68,1.54,130,NA,101330,31,NA,NA,NA,NA,854,904,NA,NA,8,NA,NA,NA,2590.8,NA,NA,NA,NA,0.47,NA,-1.03,89926.13,0,0,0,-5.3,0,0,1,NA,NA,NA,NA,NA,NA,NA,NA,"0.008",0.7,223,43,2.2,18.4
2020-02-06 13:00:00,101049.79,3,-1.1,74.96,0,0,NA,101280,NA,NA,8004,NA,NA,804,954,NA,NA,10,NA,NA,NA,2895.6,NA,NA,NA,NA,0.47,NA,-1.06,89896.01,0,0,0,-7,0,0,1,NA,NA,NA,NA,NA,NA,NA,NA,"0.011",1,50,48,3,10.7
2020-02-06 14:00:00,101049.79,3,-2.2,69.64,2.06,270,NA,101290,NA,NA,NA,NA,NA,1004,NA,NA,NA,10,NA,NA,NA,3048,NA,NA,NA,NA,1.54,NA,-2.07,89896.01,0,0,0,-7.1,0,0,0,NA,NA,NA,NA,NA,NA,NA,NA,"0.016",0.8,95,42,3.5,9.2
2020-02-06 15:00:00,101049.79,3,0,69.64,2.06,180,NA,101340,NA,NA,NA,NA,NA,1103,NA,NA,NA,10,NA,NA,NA,3352.8,NA,NA,NA,NA,0.97,NA,-2.07,89896.01,0,0,0,-7.2,0,0,0,NA,NA,NA,NA,NA,NA,NA,NA,"0.021",1.2,218,37,3.5,5.4
2020-02-06 16:00:00,101083.65,3,-1.1,78.77,1.54,130,NA,101350,NA,NA,1003,NA,NA,1103,NA,NA,NA,10,3.9,-0.6,NA,3352.8,NA,NA,NA,NA,1.61,NA,-1.06,89926.13,0,0,0,-7.1,0,0,1,NA,NA,NA,NA,NA,NA,NA,NA,"0.031",0.5,244,25,2.6,2.7
2020-02-06 17:00:00,101083.65,2,-0.6,80.49,1.54,110,NA,101340,NA,NA,NA,NA,NA,1104,NA,NA,NA,10,NA,NA,NA,3352.8,NA,NA,NA,NA,-0.34,NA,-1.05,89926.13,0,0,0,-7,0,0,1,NA,NA,NA,NA,NA,NA,NA,NA,"0.03",0.6,245,22,1.9,2.2
2020-02-06 18:00:00,101083.65,2,-1.1,80.49,3.09,100,NA,101370,NA,NA,NA,NA,NA,1004,954,NA,NA,10,NA,NA,NA,3048,NA,NA,NA,NA,-1.17,NA,-1.05,89926.13,0,0,0,-7.6,0,0,0,NA,NA,NA,NA,NA,NA,NA,NA,"0.021",0.6,264,44,1.3,3.7
2020-02-06 19:00:00,101117.52,2,-2.2,80.49,2.57,100,NA,101390,NA,954,3004,NA,NA,553,754,NA,NA,10,NA,NA,NA,1676.4,NA,NA,NA,NA,-0.72,NA,-1.05,89956.26,0,0,0,-7.3,0,0,0,NA,NA,NA,NA,NA,NA,NA,NA,"0.017",1.1,155,64,1.1,4.7
2020-02-06 20:00:00,101151.38,1,-0.6,86.48,3.345,330,NA,101440,2500,NA,NA,0.025,NA,344,NA,NA,NA,3,NA,NA,NA,1036.32,NA,NA,NA,NA,-2.145,NA,-1.03,89986.38,0,0,0,-6.3,0,0,0,NA,NA,NA,NA,NA,NA,NA,NA,"0.032",1.1,281,45,1,2.4
2020-02-06 21:00:00,101168.31,1,0,93.02,1.54,340,NA,101420,2500,NA,NA,0.762,NA,125,154,NA,NA,1,NA,NA,NA,411.48,NA,NA,NA,NA,-1.635,NA,-0.02,90001.445,0,0,0,-6.4,0,0,1,NA,NA,NA,NA,NA,NA,NA,NA,"0.025",0.9,181,44,-0.6,3.4
2020-02-06 22:00:00,101117.52,1,0,93.02,0,0,NA,101370,2500,NA,8002,0.762,NA,66,134,2.54,NA,1,2.8,0,NA,396.24,NA,NA,NA,NA,NA,NA,-0.02,89956.26,0,0,0,-6.4,0,0,1,NA,NA,NA,NA,NA,NA,NA,NA,"0.022",0.9,224,48,-0.7,4.7
2020-02-06 23:00:00,101117.52,0,0,100,0,0,NA,101340,2500,NA,NA,0.508,NA,44,104,NA,NA,1,NA,NA,NA,121.92,NA,3.9,-2.2,NA,-1.82,NA,0,89956.26,0,0,0,-5.3,0,0,1,NA,NA,NA,NA,NA,NA,NA,NA,"0.027",1.4,39,66,-0.7,3.9
2020-02-07,101083.65,1,0,93.02,0,0,NA,101300,2500,NA,NA,0.508,NA,74,94,NA,NA,1.5,NA,NA,NA,213.36,NA,NA,NA,NA,-0.68,NA,-0.02,89926.13,0,0,0,-6.3,0,0,1,NA,NA,NA,NA,NA,NA,NA,NA,"0.026",1.2,25,65,-0.7,3.4
2020-02-07 01:00:00,101083.65,0,-0.6,92.96,0,0,NA,101290,2500,NA,6004,0.254,2.032,44,NA,NA,NA,2,NA,NA,NA,121.92,NA,NA,NA,NA,-1.82,NA,-1.02,89926.13,0,0,0,-5.3,0,0,1,NA,NA,NA,NA,NA,NA,NA,NA,"0.025",1.5,146,55,-0.7,4.2
2020-02-07 02:00:00,101049.79,0,-0.6,92.96,0,0,NA,101300,2500,NA,NA,0.025,NA,23,84,NA,NA,1,NA,NA,NA,91.44,NA,NA,NA,NA,-1.82,NA,-1.02,89896.01,0,0,0,-5.4,0,0,1,NA,NA,NA,NA,NA,NA,NA,NA,"0.016",1.5,215,77,-0.8,4.9
2020-02-07 03:00:00,101083.65,0,-0.6,92.96,0,0,NA,101320,2500,NA,NA,0.254,NA,63,114,NA,NA,0.75,NA,NA,NA,182.88,NA,NA,NA,NA,NA,NA,-1.02,89926.13,0,0,0,-5.3,0,0,1,NA,NA,NA,NA,NA,NA,NA,NA,"0.028",1.4,239,65,-0.8,3.9
2020-02-07 04:00:00,101117.52,-1,-1.1,100,0,0,NA,101350,30,404,1004,NA,NA,66,404,2.286,5.08,0.5,0.6,-0.6,NA,548.64,NA,NA,NA,NA,NA,NA,-1,89956.26,0,0,0,-4.1,0,0,1,NA,NA,NA,NA,NA,NA,NA,NA,"0.03",2.2,250,55,-0.9,3.9
2020-02-07 05:00:00,101151.38,-1,-0.6,100,0,0,NA,101420,30,NA,NA,NA,NA,35,NA,NA,NA,0.5,NA,NA,NA,91.44,NA,NA,NA,NA,NA,NA,-1,89986.38,0,0,0,-3.9,0,0,1,NA,NA,NA,NA,NA,NA,NA,NA,"0.025",1.4,162,55,-0.9,2.7
2020-02-07 06:00:00,101219.11,0,-0.6,92.96,0,0,NA,101460,9,NA,NA,NA,NA,45,64,NA,NA,0.5,NA,NA,NA,121.92,NA,NA,NA,NA,NA,NA,-1.02,90046.64,0,0,0,-4.8,0,0,1,NA,NA,NA,NA,NA,NA,NA,NA,"0.016",1.2,191,77,-1,3.2
2020-02-07 07:00:00,101286.84,0,-0.8,92.96,0,0,NA,101530,9,NA,3015,NA,NA,104.5,NA,NA,NA,0.5,NA,NA,NA,304.8,NA,NA,NA,NA,NA,NA,-1.02,90106.89,0,0,0,-4.6,0,0,1,NA,NA,NA,NA,NA,NA,NA,NA,"0.005",1.1,186,62,-1.1,6.6
2020-02-07 08:00:00,101320.7,-0.3,-0.6,96.065,0,0,NA,101600,31,394,NA,NA,NA,108.5,113,NA,NA,1.5,NA,NA,NA,335.28,NA,NA,NA,NA,-1.82,NA,-1,90137.02,0,0,0,-4.3,0,0,1,NA,NA,NA,NA,NA,NA,NA,NA,"0.005",0.9,175,57,-0.8,7.1
2020-02-07 09:00:00,101354.56,-1,-1.1,100,0,0,NA,101650,31,124,NA,NA,NA,36,72,NA,NA,0.75,NA,NA,NA,365.76,NA,NA,NA,NA,-2.73,NA,-1,90167.14,0,0,0,-3.5,0,0,1,NA,NA,NA,NA,NA,NA,NA,NA,"0.013",1.9,227,64,-0.3,6.1
2020-02-07 10:00:00,101422.29,0,-0.85,92.96,0,0,NA,101730,9,NA,3015,NA,NA,36,114,NA,NA,0.24,0,-0.6,NA,335.28,NA,NA,NA,NA,NA,NA,-1.02,90227.39,0,0,0,-4.3,0,0,1,NA,NA,NA,NA,NA,NA,NA,NA,"0.025",0.9,257,54,0.6,5.6
2020-02-07 11:00:00,101456.15,0,-0.6,92.96,0,0,NA,101720,9,853.5,NA,NA,NA,25,603,NA,NA,0.25,NA,NA,NA,60.96,NA,NA,NA,NA,NA,NA,-1.02,90257.51,0,0,0,-3.4,0,0,1,NA,NA,NA,NA,NA,NA,NA,NA,"0.031",1.5,198,55,1.7,3.4
2020-02-07 12:00:00,101456.15,1,-0.3,93.02,0,0,NA,101700,31,1203,NA,NA,NA,802,1204,NA,NA,5,NA,NA,NA,3657.6,NA,NA,NA,NA,NA,NA,-0.02,90257.51,0,0,0,-4.1,0,0,1,NA,NA,NA,NA,NA,NA,NA,NA,"0.027",1.2,111,49,1.9,4.2
2020-02-07 13:00:00,101422.29,2,0,86.58,0,0,NA,101620,NA,1104,8007,NA,NA,752,904,NA,NA,10,NA,NA,NA,2286,NA,NA,NA,NA,0.135,NA,-0.03,90227.39,0,0,0,-5.6,0,0,1,NA,NA,NA,NA,NA,NA,NA,NA,"0.031",1.9,240,66,1.5,5.6
2020-02-07 14:00:00,101422.29,2,0,86.58,1.54,80,NA,101650,20,904,NA,0.025,NA,604,778.5,NA,NA,10,NA,NA,NA,1828.8,NA,NA,NA,NA,0.47,NA,-0.03,90227.39,0,0,0,-5.9,0,0,1,NA,NA,NA,NA,NA,NA,NA,NA,"0.027",1.5,15,65,1.8,3.9
2020-02-07 15:00:00,101422.29,2,0,86.58,1.54,240,NA,101680,13,554,NA,0.025,NA,383,504,NA,NA,9,NA,NA,NA,1158.24,NA,NA,NA,NA,-0.56,NA,-0.03,90227.39,0,0,0,-5.8,0,0,1,NA,NA,NA,NA,NA,NA,NA,NA,"0.028",1.4,250,39,1.2,4.2
2020-02-07 16:00:00,101422.29,1,0,93.02,0,0,NA,101640,2500,554,0,0.025,NA,363,494,0.025,NA,4.25,2.2,0,NA,1127.76,NA,NA,NA,NA,-0.68,NA,-0.02,90227.39,0,0,0,-4.9,0,0,1,NA,NA,NA,NA,NA,NA,NA,NA,"0.025",1.1,243,61,0.8,4.9
2020-02-07 17:00:00,101354.56,1,0,93.02,0,0,NA,101580,1265.5,NA,NA,0.025,NA,86,454,NA,NA,4,NA,NA,NA,1432.56,NA,NA,NA,NA,-0.68,NA,-0.02,90167.14,0,0,0,-4.8,0,0,1,NA,NA,NA,NA,NA,NA,NA,NA,"0.013",0.8,293,53,0.5,5.1
2020-02-07 18:00:00,101286.84,1,0,93.02,2.06,130,NA,101460,31,494,NA,0.025,NA,256,359,NA,NA,6,NA,NA,NA,1493.52,NA,NA,NA,NA,-1.36,NA,-0.02,90106.89,0,0,0,-4.6,0,0,0,NA,NA,NA,NA,NA,NA,NA,NA,"0.007",2.9,205,79,0.2,8.1
2020-02-07 19:00:00,101117.52,1,0,93.02,1.54,135,NA,101350,31,504,8026,NA,0.025,206,344.5,NA,NA,3,NA,NA,NA,975.36,NA,NA,NA,NA,-0.68,NA,-0.02,89956.26,0,0,0,-3.9,0,0,1,NA,NA,NA,NA,NA,NA,NA,NA,"0.004",2.7,96,65,0.2,9.4
2020-02-07 20:00:00,101015.92,1,0,93.02,0,0,NA,101240,31,494,NA,NA,NA,23,333,NA,NA,1.25,NA,NA,NA,822.96,NA,NA,NA,NA,-0.68,NA,-0.02,89865.88,0,0,0,-3.7,0,0,1,NA,NA,NA,NA,NA,NA,NA,NA,"0.003",2,288,60,0.2,9.4
2020-02-07 21:00:00,100948.2,1,0,93.02,0,0,NA,101160,31,494,NA,NA,NA,24,383,NA,NA,1,NA,NA,NA,60.96,NA,NA,NA,NA,NA,NA,-0.02,89805.63,0,0,0,-3.4,0,0,1,NA,NA,NA,NA,NA,NA,NA,NA,"0.003",2.4,169,67,0,10.7
2020-02-07 22:00:00,100846.6,0,-0.3,100,0,0,NA,101030,31,434,8029,NA,NA,34,394,0.025,NA,1.125,1.1,0,NA,91.44,NA,NA,NA,NA,-1.82,NA,0,89715.25,0,0,0,-2,0,0,1,NA,NA,NA,NA,NA,NA,NA,NA,"0.002",3.1,180,77,-0.1,11.1
2020-02-07 23:00:00,100711.15,0,0,100,1.54,200,NA,100900,9,704,NA,NA,NA,25,183,NA,NA,0.25,NA,NA,NA,60.96,NA,2.2,-0.6,NA,-1.82,NA,0,89594.75,0,0,0,-1.8,0,0,1,NA,NA,NA,NA,NA,NA,NA,NA,"0.004",2,255,55,-0.5,10.7
2020-02-08,100507.97,0,0,100,0,0,NA,100690,9,NA,NA,0.076,NA,25,NA,NA,NA,0.24,NA,NA,NA,60.96,NA,NA,NA,NA,-1.82,NA,0,89413.99,0,0,0,-1.9,0,0,1,NA,NA,NA,NA,NA,NA,NA,NA,"0.013",1.3,229,82,-0.8,9.4
2020-02-08 01:00:00,100406.37,1,0,95.75,2.06,90,NA,100530,2493,979,6031,0.508,0.762,293,423.5,NA,NA,3,NA,NA,NA,883.92,NA,NA,NA,NA,-2.38,NA,-0.01,89323.61,0,0,0,-2.8,0,0,0,NA,NA,NA,NA,NA,NA,NA,NA,"0.01",1.3,128,77,-0.4,7.3
2020-02-08 02:00:00,100304.78,0.6,0,95.75,2.06,205,NA,100490,31,653,NA,0.025,NA,333,473,NA,NA,1.5,NA,NA,NA,1219.2,NA,NA,NA,NA,-1.83,NA,-0.01,89233.23,0,0,0,-2.6,0,0,0,NA,NA,NA,NA,NA,NA,NA,NA,"0.022",1.1,31,67,0.9,5.1
2020-02-08 03:00:00,100270.92,1,0.3,96.46,3.6,310,NA,100540,2493,554,NA,0.508,NA,36,363,NA,NA,4,NA,NA,NA,1005.84,NA,NA,NA,NA,-3.07,NA,0,89203.11,0,0,0,-3.2,0,0,0,NA,NA,NA,NA,NA,NA,NA,NA,"0.024",0.8,278,63,0.9,4.2
2020-02-08 04:00:00,100372.51,1,0.6,100,4.375,335,8.745,100590,2493,1104,3006,0.762,NA,169.5,323,2.54,2.54,7,1.1,0,NA,822.96,NA,NA,NA,NA,-3.29,NA,1,89293.49,0,0,0,-3.9,0,0,0,NA,NA,NA,NA,NA,NA,NA,NA,"0.031",0.9,332,55,0.8,4.2
2020-02-08 05:00:00,100406.37,2,-1.1,80.49,5.14,320,8.23,100630,NA,1204,NA,NA,NA,486,1202.5,NA,NA,10,NA,NA,NA,1463.04,NA,NA,NA,NA,-2.49,NA,-1.05,89323.61,0,0,0,-6.4,0,0,0,NA,NA,NA,NA,NA,NA,NA,NA,"0.032",1.3,151,42,0.4,3.4
2020-02-08 06:00:00,100507.97,2,-2.2,74.78,2.06,325,NA,100710,NA,954,NA,NA,NA,506,703,NA,NA,10,NA,NA,NA,2133.6,NA,NA,NA,NA,-0.615,NA,-2.06,89413.99,0,0,0,-6.9,0,0,0,NA,NA,NA,NA,NA,NA,NA,NA,"0.026",0.6,125,61,-0.1,2.7
2020-02-08 07:00:00,100541.83,1,-2.8,74.6,1.54,130,NA,100810,NA,903,3018,NA,NA,473,703,NA,NA,10,NA,NA,NA,1676.4,NA,NA,NA,NA,-0.68,NA,-3.06,89444.12,0,0,0,-6.4,0,0,1,NA,NA,NA,NA,NA,NA,NA,NA,"0.037",0.6,201,48,0.6,4.4
2020-02-08 08:00:00,100609.56,1,-2.8,80.34,2.57,130,NA,100860,NA,NA,NA,NA,NA,554,604,NA,NA,10,NA,NA,NA,1676.4,NA,NA,NA,NA,-1.91,NA,-2.05,89504.37,0,0,0,-6.6,0,0,0,NA,NA,NA,NA,NA,NA,NA,NA,"0.029",0.7,171,50,0.9,3.2
2020-02-08 09:00:00,100677.29,2,-2.8,64.66,0,0,NA,100910,NA,1103,NA,NA,NA,603,1103,NA,NA,10,NA,NA,NA,1828.8,NA,NA,NA,NA,-1.56,NA,-3.08,89564.62,0,0,0,-7.4,0,0,1,NA,NA,NA,NA,NA,NA,NA,NA,"0.037",1.1,241,22,2.2,2.7
2020-02-08 10:00:00,100745.01,3,-3.9,64.66,1.54,30,NA,100990,NA,NA,3019,NA,NA,553,654,NA,NA,10,3.3,0,NA,1676.4,NA,NA,NA,NA,1.61,NA,-3.08,89624.87,0,0,0,-8.1,0,0,1,NA,NA,NA,NA,NA,NA,NA,NA,"0.037",1.1,191,37,2.8,3.9
2020-02-08 11:00:00,100812.74,3,-2.2,69.64,2.06,280,NA,101060,NA,804,NA,NA,NA,603,604,NA,NA,10,NA,NA,NA,1828.8,NA,NA,NA,NA,0.605,NA,-2.07,89685.12,0,0,0,-8.4,0,0,0,NA,NA,NA,NA,NA,NA,NA,NA,"0.036",1.3,307,39,3,1.9
2020-02-08 12:00:00,100880.47,2,-1.05,80.49,2.57,345,NA,101120,20,704,NA,0.025,NA,307.5,448.5,NA,NA,8,NA,NA,NA,1127.76,NA,NA,NA,NA,-0.72,NA,-1.05,89745.38,0,0,0,-6.3,0,0,0,NA,NA,NA,NA,NA,NA,NA,NA,"0.038",1.1,352,58,3.1,1.5
2020-02-08 13:00:00,100948.2,2,-0.6,80.49,3.09,330,NA,101190,2500,654,2017,0.025,0.025,302,552,NA,NA,8,NA,NA,NA,1219.2,NA,NA,NA,NA,-1.36,NA,-1.05,89805.63,0,0,0,-6.5,0,0,0,NA,NA,NA,NA,NA,NA,NA,NA,"0.037",1.2,348,33,3,1.7
2020-02-08 14:00:00,100982.06,1,0,93.02,1.54,210,NA,101290,2500,853,NA,0.254,NA,373,678,NA,NA,10,NA,NA,NA,1188.72,NA,NA,NA,NA,-1.36,NA,-0.02,89835.75,0,0,0,-4.6,0,0,1,NA,NA,NA,NA,NA,NA,NA,NA,"0.034",1,99,47,0.3,0.7
2020-02-08 15:00:00,101185.24,1.05,0,92.685,1.8,20,NA,101420,2500,653.5,NA,0.381,NA,143,312,NA,NA,1.75,NA,NA,NA,563.88,NA,NA,NA,NA,-1.36,NA,-0.02,90016.51,0,0,0,-4.45,0,0,1,NA,NA,NA,NA,NA,NA,NA,NA,"0.035",0.6,58,44,1.1,1.9
2020-02-08 16:00:00,101286.84,1,0,93.02,2.06,300,NA,101560,2500,444,3033,0.025,NA,414,408.5,0.762,NA,9,3.3,0.6,NA,1249.68,NA,NA,NA,NA,-1.36,NA,-0.02,90106.89,0,0,0,-5.8,0,0,0,NA,NA,NA,NA,NA,NA,NA,NA,"0.034",0.9,176,39,0.4,2.2
2020-02-08 17:00:00,101422.29,1,0,93.02,1.54,150,NA,101730,NA,554,NA,NA,NA,312,454,NA,NA,10,NA,NA,NA,1219.2,NA,NA,NA,NA,-1.13,NA,-0.02,90227.39,0,0,0,-6.4,0,0,1,NA,NA,NA,NA,NA,NA,NA,NA,"0.029",0.9,189,45,0.4,0.7
2020-02-08 18:00:00,101574.68,1,-0.3,93.02,3.09,110,9.26,101900,2500,854,NA,0.254,NA,106,288,NA,NA,10,NA,NA,NA,868.68,NA,NA,NA,NA,-2.38,NA,-0.02,90362.96,0,0,0,-6.8,0,0,0,NA,NA,NA,NA,NA,NA,NA,NA,"0.034",2.5,84,33,-0.2,-1.4
2020-02-08 19:00:00,101760.93,1,-3.9,69.22,2.57,100,NA,102100,20,374,3046,0.025,0.254,146,254,NA,NA,10,NA,NA,NA,883.92,NA,NA,NA,NA,-2.77,NA,-4.07,90528.65,0,0,0,-7.9,0,0,0,NA,NA,NA,NA,NA,NA,NA,NA,"0.04",2.1,47,40,-0.5,-2.9
2020-02-08 20:00:00,101930.25,0,-2.2,86.37,2.06,290,NA,102280,NA,NA,NA,NA,NA,374,434,NA,NA,10,NA,NA,NA,1188.72,NA,NA,NA,NA,-3.64,NA,-2.03,90679.28,0,0,0,-7.2,0,0,0,NA,NA,NA,NA,NA,NA,NA,NA,"0.038",1.5,46,49,-0.2,-0.9
2020-02-08 21:00:00,102065.7,-1,-6.1,68.78,3.09,110,NA,102360,NA,NA,NA,NA,NA,704,804,NA,NA,10,NA,NA,NA,2133.6,NA,NA,NA,NA,-4.75,NA,-6.08,90799.78,0,0,0,-7.6,0,0,0,NA,NA,NA,NA,NA,NA,NA,NA,"0.04",1.8,103,37,-0.4,0.7
2020-02-08 22:00:00,102167.3,-1,-8.9,63.45,3.6,90,NA,102480,NA,NA,1035,NA,NA,754,854,0.254,NA,10,1.1,-1.7,NA,2286,NA,NA,NA,NA,-5.21,NA,-8.09,90890.17,0,0,0,-8.4,0,0,0,NA,NA,NA,NA,NA,NA,NA,NA,"0.041",2.4,88,29,-1.1,1.9
2020-02-08 23:00:00,102268.89,-2,-7.8,63.45,3.6,120,NA,102600,NA,1004,NA,NA,NA,653,804,NA,NA,10,NA,NA,NA,1981.2,NA,3.3,-3.3,NA,-6.83,NA,-8.09,90980.54,0,0,0,-8,0,0,0,NA,NA,NA,NA,NA,NA,NA,NA,"0.042",2.5,50,39,-2,2.5
2020-02-09,102336.62,-3,-7.8,68.34,4.12,120,NA,102670,NA,1004,NA,NA,NA,1104,1004,NA,NA,10,NA,NA,NA,3352.8,NA,NA,NA,NA,-7.18,NA,-8.08,91040.8,0,0,0,-7.3,0,0,0,NA,NA,NA,NA,NA,NA,NA,NA,"0.042",2.2,21,68,-2.4,-0.9
2020-02-09 01:00:00,102404.34,-3,-8.3,68.34,3.6,110,NA,102710,NA,NA,1016,NA,NA,1003,1003,NA,NA,10,NA,NA,NA,3200.4,NA,NA,NA,NA,-7.65,NA,-8.08,91101.04,0,0,0,-7.6,0,0,0,NA,NA,NA,NA,NA,NA,NA,NA,"0.038",1.6,111,67,-3.3,-0.2
2020-02-09 02:00:00,102438.21,-3.9,-8.3,71.41,3.6,110,NA,102750,NA,NA,NA,NA,NA,754,NA,NA,NA,10,NA,NA,NA,2286,NA,NA,NA,NA,-8.27,NA,-8.08,91131.18,0,0,0,-6.7,0,0,0,NA,NA,NA,NA,NA,NA,NA,NA,"0.034",1.7,149,51,-4.5,4.1
2020-02-09 03:00:00,102505.93,-4,-7.8,73.65,0,0,NA,102820,NA,NA,NA,NA,NA,704,NA,NA,NA,10,NA,NA,NA,2133.6,NA,NA,NA,NA,-8.4,NA,-8.07,91191.42,0,0,0,-6.6,0,0,1,NA,NA,NA,NA,NA,NA,NA,NA,"0.03",1,247,62,-5.7,4.9
2020-02-09 04:00:00,102505.93,-4,-8.9,73.65,2.06,350,NA,102860,NA,NA,1011,NA,NA,654,NA,NA,1.016,10,-1.1,-5,NA,1981.2,NA,NA,NA,NA,-7.2,NA,-8.07,91191.42,0,0,0,-7.9,0,0,0,NA,NA,NA,NA,NA,NA,NA,NA,"0.028",1.2,128,62,-5.7,4.6
2020-02-09 05:00:00,102539.8,-6,-10,79.26,0,0,NA,102920,NA,NA,NA,NA,NA,496,NA,NA,NA,10,NA,NA,NA,NA,NA,NA,NA,NA,-9.82,NA,-9.05,91221.55,0,0,0,-5.9,0,0,1,NA,NA,NA,NA,NA,NA,NA,NA,"0.031",0.8,121,65,-6.7,4.2
2020-02-09 06:00:00,102539.8,-8,-10.6,85.47,0,0,NA,102920,NA,NA,NA,NA,NA,1,NA,NA,NA,10,NA,NA,NA,NA,NA,NA,NA,NA,-10.96,NA,-10.04,91221.55,0,0,0,-2.7,0,0,1,NA,NA,NA,NA,NA,NA,NA,NA,"0.02",0.5,147,82,-8.4,6.1
2020-02-09 07:00:00,102505.93,-9,-10.6,85.36,0,0,NA,102930,NA,NA,8001,NA,NA,402,NA,NA,NA,10,NA,NA,NA,1219.2,NA,NA,NA,NA,-10.96,NA,-11.04,91191.42,0,0,0,-2.8,0,0,1,NA,NA,NA,NA,NA,NA,NA,NA,"0.009",0.5,198,57,-9.1,6.1
2020-02-09 08:00:00,102539.8,-8,-9.4,85.47,0,0,NA,102930,NA,NA,NA,NA,NA,433,NA,NA,NA,10,NA,NA,NA,1310.64,NA,NA,NA,NA,-10.96,NA,-10.04,91221.55,0,0,0,-2,0,0,1,NA,NA,NA,NA,NA,NA,NA,NA,"0.016",0.7,209,61,-7.9,9.4
2020-02-09 09:00:00,102505.93,-6,-9.4,79.26,2.06,150,NA,102860,NA,NA,NA,NA,NA,434,NA,NA,NA,10,NA,NA,NA,1310.64,NA,NA,NA,NA,-9.53,NA,-9.05,91191.42,0,0,0,-2.2,0,0,0,NA,NA,NA,NA,NA,NA,NA,NA,"0.029",0.7,229,62,-5.6,8
2020-02-09 10:00:00,102472.07,-6,-8.3,79.26,0,0,NA,102850,NA,NA,8004,NA,NA,1,NA,NA,NA,10,-5,-10,NA,NA,NA,NA,NA,NA,-8.445,NA,-9.05,91161.3,0,0,0,-2.7,0,0,1,NA,NA,NA,NA,NA,NA,NA,NA,"0.032",0.8,88,62,-4.7,3.2
2020-02-09 11:00:00,102472.07,-4,-7.8,73.65,0,0,NA,102790,NA,NA,NA,NA,NA,1,NA,NA,NA,10,NA,NA,NA,NA,NA,NA,NA,NA,-6.96,NA,-8.07,91161.3,0,0,0,-3.8,0,0,1,NA,NA,NA,NA,NA,NA,NA,NA,"0.032",0.7,109,56,-3.5,3.9
2020-02-09 12:00:00,102336.62,-3,-7.2,73.65,1.54,260,NA,102650,NA,NA,NA,NA,NA,503,1003,NA,NA,10,NA,NA,NA,1524,NA,NA,NA,NA,-5.25,NA,-7.27,91040.8,0,0,0,-4.2,0,0,1,NA,NA,NA,NA,NA,NA,NA,NA,"0.033",1.2,332,73,-2.7,3.9
2020-02-09 13:00:00,102201.16,-3,-7.2,73.84,0,0,NA,102550,NA,1003,8025,NA,NA,503,604,NA,NA,10,NA,NA,NA,1524,NA,NA,NA,NA,NA,NA,-7.07,90920.29,0,0,0,-3.6,0,0,1,NA,NA,NA,NA,NA,NA,NA,NA,"0.033",1,131,59,-2.1,4.4
2020-02-09 14:00:00,102133.43,-2,-6.7,68.56,0,0,NA,102450,NA,NA,NA,NA,NA,494,554,NA,NA,10,NA,NA,NA,1493.52,NA,NA,NA,NA,-4.1,NA,-7.08,90860.04,0,0,0,-4.7,0,0,1,NA,NA,NA,NA,NA,NA,NA,NA,"0.033",1,237,58,-2.3,4.9
2020-02-09 15:00:00,102065.7,-2,-6.1,68.56,2.06,270,NA,102410,NA,NA,NA,NA,NA,474,554,NA,NA,10,NA,NA,NA,1432.56,NA,NA,NA,NA,-4.86,NA,-7.08,90799.78,0,0,0,-4.9,0,0,0,NA,NA,NA,NA,NA,NA,NA,NA,"0.03",1.4,192,67,-2.1,5.6
2020-02-09 16:00:00,102065.7,-2,-5.6,74.03,2.06,270,NA,102420,NA,NA,6013,NA,NA,454,554,NA,NA,10,-1.7,-5.6,NA,1371.6,NA,NA,NA,NA,-4.86,NA,-6.07,90799.78,0,0,0,-5,0,0,0,NA,NA,NA,NA,NA,NA,NA,NA,"0.027",1.1,42,70,-1.8,5.6
2020-02-09 17:00:00,102065.7,-2,-3.9,74.03,2.06,300,NA,102430,20,NA,NA,0.025,NA,394,NA,NA,NA,10,NA,NA,NA,1188.72,NA,NA,NA,NA,-4.86,NA,-6.07,90799.78,0,0,0,-5,0,0,0,NA,NA,NA,NA,NA,NA,NA,NA,"0.027",1.2,263,59,-2,5.1
2020-02-09 18:00:00,102031.84,0,-3.9,74.41,2.57,310,NA,102410,20,NA,NA,0.254,NA,394,554,NA,NA,6,NA,NA,NA,1524,NA,NA,NA,NA,-3.7,NA,-4.06,90769.66,0,0,0,-7.1,0,0,0,NA,NA,NA,NA,NA,NA,NA,NA,"0.03",0.8,274,30,-0.9,4.4
2020-02-09 19:00:00,101997.98,0,-3.3,80.19,4.12,320,NA,102430,20,854,8005,0.025,0.254,412,504,NA,NA,10,NA,NA,NA,1524,NA,NA,NA,NA,-5.21,NA,-3.34,90739.54,0,0,0,-7.2,0,0,0,NA,NA,NA,NA,NA,NA,NA,NA,"0.034",0.7,306,33,-0.2,1.2
2020-02-09 20:00:00,101964.11,0,-3.3,74.41,5.66,300,NA,102340,20,904,NA,0.025,NA,553,752,NA,NA,10,NA,NA,NA,1828.8,NA,NA,NA,NA,-5.28,NA,-4.06,90709.41,0,0,0,-7.1,0,0,0,NA,NA,NA,NA,NA,NA,NA,NA,"0.032",0.8,330,59,-0.5,1.2
2020-02-09 21:00:00,101997.98,0,-3.9,74.41,6.69,300,NA,102380,20,904,NA,0.025,NA,433,904,NA,NA,9,NA,NA,NA,2133.6,NA,NA,NA,NA,-5.78,NA,-4.06,90739.54,0,0,0,-7.2,0,0,0,NA,NA,NA,NA,NA,NA,NA,NA,"0.036",0.7,299,53,0,3.9
2020-02-09 22:00:00,102065.7,0,-5,74.22,4.12,310,NA,102430,20,904,3006,0.025,NA,506,753,0.254,NA,10,0.6,-2.2,NA,2133.6,NA,NA,NA,NA,-4.7,NA,-5.06,90799.78,0,0,0,-7.4,0,0,0,NA,NA,NA,NA,NA,NA,NA,NA,"0.038",0.6,326,46,0,4.4
2020-02-09 23:00:00,102099.57,0,-5,69,3.6,310,NA,102440,20,NA,NA,0.025,NA,464,NA,NA,NA,10,NA,NA,NA,1402.08,NA,0.6,-10,NA,-4.37,NA,-5.08,90829.91,0,0,0,-7.6,0,0,0,NA,NA,NA,NA,NA,NA,NA,NA,"0.037",0.6,340,40,-0.4,2.4
2020-02-10,102133.43,-1,-4.4,80.04,3.6,330,NA,102450,20,629,NA,0.025,NA,426,499,NA,NA,10,NA,NA,NA,1371.6,NA,NA,NA,NA,-5.21,NA,-4.05,90860.04,0,0,0,-6.9,0,0,0,NA,NA,NA,NA,NA,NA,NA,NA,"0.034",0.9,79,44,-1.5,1.4
2020-02-10 01:00:00,102133.43,-1,-3.35,80.04,3.86,350,NA,102460,20,NA,1005,0.025,0.025,425,494,NA,NA,6.5,NA,NA,NA,1341.12,NA,NA,NA,NA,-5.405,NA,-4.05,90860.04,0,0,0,-7,0,0,0,NA,NA,NA,NA,NA,NA,NA,NA,"0.034",1.7,90,36,-1.8,3.4
2020-02-10 02:00:00,102167.3,-1,-3.9,80.04,3.6,340,NA,102520,1260,529,NA,0.025,NA,353,504,NA,NA,10,NA,NA,NA,1066.8,NA,NA,NA,NA,-5.21,NA,-4.05,90890.17,0,0,0,-7.1,0,0,0,NA,NA,NA,NA,NA,NA,NA,NA,"0.035",1.5,108,30,-2.4,3.2
2020-02-10 03:00:00,102201.16,-2,-2.8,92.85,1.54,210,NA,102560,2500,NA,NA,0.254,NA,155,154,NA,NA,1.25,NA,NA,NA,457.2,NA,NA,NA,NA,-3.93,NA,-3.02,90920.29,0,0,0,-6,0,0,1,NA,NA,NA,NA,NA,NA,NA,NA,"0.034",2.7,116,37,-2.7,2.9
2020-02-10 04:00:00,102268.89,-2,-2.8,92.85,0.77,125,NA,102610,2500,304,1013,0.508,NA,76,163,1.27,1.524,1.375,0,-2.2,NA,426.72,NA,NA,NA,NA,-4.1,NA,-3.02,90980.54,0,0,0,-6,0,0,1,NA,NA,NA,NA,NA,NA,NA,NA,"0.032",2.3,111,36,-2.8,1.9
2020-02-10 05:00:00,102302.75,-2,-2.8,92.85,1.54,60,NA,102620,2500,484,NA,0.025,NA,253,373,NA,NA,5,NA,NA,NA,883.92,NA,NA,NA,NA,-4.86,NA,-3.02,91010.67,0,0,0,-6.1,0,0,1,NA,NA,NA,NA,NA,NA,NA,NA,"0.03",2.4,80,50,-2.8,0
2020-02-10 06:00:00,102353.55,-2,-2.8,92.85,0,0,NA,102690,2500,374,NA,0.025,NA,86,297.5,NA,NA,8.5,NA,NA,NA,1127.76,NA,NA,NA,NA,-4.86,NA,-3.02,91055.86,0,0,0,-6.7,0,0,1,NA,NA,NA,NA,NA,NA,NA,NA,"0.024",2.4,58,64,-2.9,2.2
2020-02-10 07:00:00,102404.34,-2,-2.8,92.85,0,0,NA,102760,31,604,3015,0.025,0.025,63,473,NA,NA,8,NA,NA,NA,1219.2,NA,NA,NA,NA,-4.1,NA,-3.02,91101.04,0,0,0,-6.5,0,0,1,NA,NA,NA,NA,NA,NA,NA,NA,"0.009",2.3,203,55,-3.1,3.4
2020-02-10 08:00:00,102489,-2,-3.05,92.85,0,0,NA,102850,NA,729,NA,NA,NA,256,704,NA,NA,9.5,NA,NA,NA,2133.6,NA,NA,NA,NA,-4.1,NA,-3.02,91176.36,0,0,0,-7.2,0,0,1,NA,NA,NA,NA,NA,NA,NA,NA,"0.007",2.2,103,45,-3,5.1
2020-02-10 09:00:00,102573.66,-2,-2.8,92.85,0,0,NA,102930,2500,754,NA,0.025,NA,126,452,NA,NA,2.5,NA,NA,NA,1676.4,NA,NA,NA,NA,-3.93,NA,-3.02,91251.67,0,0,0,-6.8,0,0,1,NA,NA,NA,NA,NA,NA,NA,NA,"0.013",2.8,223,37,-2,6.8
2020-02-10 10:00:00,102641.39,-1.05,-2.5,92.535,0,0,NA,102960,31,703.5,1018,0.025,NA,306,528,0.025,NA,9.5,-0.6,-2.8,NA,1828.8,NA,NA,NA,NA,NA,NA,-3.02,91311.93,0,0,0,-6.45,0,0,1,NA,NA,NA,NA,NA,NA,NA,NA,"0.02",1.7,167,52,0.9,7
2020-02-10 11:00:00,102641.39,0,-3.3,80.19,0,0,NA,102940,NA,NA,NA,NA,NA,753,753,NA,NA,10,NA,NA,NA,2286,NA,NA,NA,NA,NA,NA,-3.05,91311.93,0,0,0,-2.5,0,0,1,NA,NA,NA,NA,NA,NA,NA,NA,"0.031",1.9,353,77,1.8,5.9
2020-02-10 12:00:00,102607.53,0,-3.9,74.41,0,0,NA,102910,NA,NA,NA,NA,NA,806,906,NA,NA,10,NA,NA,NA,NA,NA,NA,NA,NA,-1.82,NA,-4.06,91281.81,0,0,0,-2.1,0,0,1,NA,NA,NA,NA,NA,NA,NA,NA,"0.032",1.6,178,46,2.2,3.9
2020-02-10 13:00:00,102607.53,0,-5.6,69.22,0,0,NA,102920,NA,NA,8004,NA,NA,1,NA,NA,NA,10,NA,NA,NA,NA,NA,NA,NA,NA,-3.395,NA,-4.07,91281.81,0,0,0,-1.5,0,0,1,NA,NA,NA,NA,NA,NA,NA,NA,"0.036",1.5,253,59,2.3,3.4
2020-02-10 14:00:00,102573.66,1,-6.1,59.48,0,0,NA,102840,NA,NA,NA,NA,NA,656,852,NA,NA,10,NA,NA,NA,2590.8,NA,NA,NA,NA,-1.25,NA,-6.1,91251.67,0,0,0,-5.6,0,0,1,NA,NA,NA,NA,NA,NA,NA,NA,"0.039",1.2,231,74,2.9,1
2020-02-10 15:00:00,102539.8,1,-5.6,59.48,1.54,120,NA,102830,NA,NA,NA,NA,NA,602,852,NA,NA,10,NA,NA,NA,2514.6,NA,NA,NA,NA,-0.68,NA,-6.1,91221.55,0,0,0,-5.2,0,0,1,NA,NA,NA,NA,NA,NA,NA,NA,"0.041",1.2,215,51,2.1,0.5
2020-02-10 16:00:00,102539.8,1,-3.9,69.22,2.06,120,NA,102840,NA,NA,6006,NA,NA,804,NA,NA,NA,10,2.2,-1.7,NA,2438.4,NA,NA,NA,NA,-1.36,NA,-4.07,91221.55,0,0,0,-6.2,0,0,0,NA,NA,NA,NA,NA,NA,NA,NA,"0.037",1.1,191,42,0.9,1.9
2020-02-10 17:00:00,102505.93,0,-4.4,72.2,2.06,110,NA,102840,NA,NA,NA,NA,NA,804,NA,NA,NA,10,NA,NA,NA,2438.4,NA,NA,NA,NA,-2.53,NA,-4.07,91191.42,0,0,0,-6.8,0,0,0,NA,NA,NA,NA,NA,NA,NA,NA,"0.033",1.2,122,41,0.4,3.2
2020-02-10 18:00:00,102539.8,-1,-4.4,74.41,2.06,110,NA,102850,NA,NA,NA,NA,NA,754,NA,NA,NA,10,NA,NA,NA,2286,NA,NA,NA,NA,-2.96,NA,-4.06,91221.55,0,0,0,-7.1,0,0,0,NA,NA,NA,NA,NA,NA,NA,NA,"0.017",0.6,125,37,-1.3,5.1
2020-02-10 19:00:00,102539.8,-1,-5,79.89,0,0,NA,102880,NA,NA,3001,NA,NA,754,NA,NA,NA,10,NA,NA,NA,2286,NA,NA,NA,NA,-1.82,NA,-5.05,91221.55,0,0,0,-7.6,0,0,1,NA,NA,NA,NA,NA,NA,NA,NA,"0.021",1.1,70,70,-2.4,4.2
2020-02-10 20:00:00,102539.8,-2,-5,86.04,0,0,NA,102900,NA,NA,NA,NA,NA,704,NA,NA,NA,10,NA,NA,NA,2133.6,NA,NA,NA,NA,-4.1,NA,-5.04,91221.55,0,0,0,-6.1,0,0,1,NA,NA,NA,NA,NA,NA,NA,NA,"0.022",0.9,61,58,-2.5,2.7
2020-02-10 21:00:00,102539.8,-2,-4.4,86.15,0,0,NA,102890,NA,NA,NA,NA,NA,604,NA,NA,NA,10,NA,NA,NA,1828.8,NA,NA,NA,NA,-4.675,NA,-4.03,91221.55,0,0,0,-5.8,0,0,1,NA,NA,NA,NA,NA,NA,NA,NA,"0.016",0.7,115,65,-2.6,4.9
2020-02-10 22:00:00,102505.93,-2,-5.6,79.89,0,0,NA,102850,NA,NA,8002,NA,NA,604,NA,NA,NA,10,1.1,-3.3,NA,1828.8,NA,NA,NA,NA,-5.445,NA,-5.05,91191.42,0,0,0,-5.9,0,0,1,NA,NA,NA,NA,NA,NA,NA,NA,"0.007",1.2,127,59,-2.8,8.3
2020-02-10 23:00:00,102505.93,-2,-5.6,79.89,0,0,NA,102810,NA,NA,NA,NA,NA,554,NA,NA,NA,10,NA,NA,NA,1676.4,NA,2.2,-3.3,NA,NA,NA,-5.05,91191.42,0,0,0,-6.1,0,0,1,NA,NA,NA,NA,NA,NA,NA,NA,"0.006",1.1,196,72,-2.8,9.9
2020-02-11,102505.93,-3,-5,81.08,0,0,NA,102790,NA,NA,NA,NA,NA,504,NA,NA,NA,10,NA,NA,NA,1524,NA,NA,NA,NA,NA,NA,-5.05,91191.42,0,0,0,-5.1,0,0,1,NA,NA,NA,NA,NA,NA,NA,NA,"0.025",0.9,289,67,-2.6,7.5
2020-02-11 01:00:00,102438.21,-3,-5.6,79.89,0,0,NA,102750,NA,NA,8008,NA,NA,494,NA,NA,NA,10,NA,NA,NA,1493.52,NA,NA,NA,NA,NA,NA,-5.05,91131.18,0,0,0,-5.1,0,0,1,NA,NA,NA,NA,NA,NA,NA,NA,"0.034",1.3,267,36,-2.1,4.6
2020-02-11 02:00:00,102370.48,-2,-4.4,86.15,1.54,90,NA,102660,NA,NA,NA,NA,NA,484,NA,NA,NA,10,NA,NA,NA,1463.04,NA,NA,NA,NA,-4.1,NA,-4.03,91070.92,0,0,0,-6.1,0,0,1,NA,NA,NA,NA,NA,NA,NA,NA,"0.035",0.9,256,46,-1.6,5.1
2020-02-11 03:00:00,102302.75,-2,-5,86.15,0,0,NA,102580,NA,NA,NA,NA,NA,454,NA,NA,NA,10,NA,NA,NA,1371.6,NA,NA,NA,NA,-4.1,NA,-4.03,91010.67,0,0,0,-6.2,0,0,1,NA,NA,NA,NA,NA,NA,NA,NA,"0.036",0.7,249,28,-2.4,5.9
2020-02-11 04:00:00,102235.02,-1,-6.1,68.78,2.06,100,NA,102500,NA,NA,8019,NA,NA,404,NA,NA,NA,10,-1.1,-3.3,NA,1219.2,NA,NA,NA,NA,-3.7,NA,-6.08,90950.41,0,0,0,-7.2,0,0,0,NA,NA,NA,NA,NA,NA,NA,NA,"0.038",0.8,242,33,-1.9,4.6
2020-02-11 05:00:00,102167.3,-1,-7.2,63.7,2.57,110,NA,102440,NA,NA,NA,NA,NA,394,NA,NA,NA,10,NA,NA,NA,1188.72,NA,NA,NA,NA,-4.28,NA,-7.09,90890.17,0,0,0,-7.1,0,0,0,NA,NA,NA,NA,NA,NA,NA,NA,"0.04",0.6,225,41,-1.5,3.2
2020-02-11 06:00:00,102099.57,-1,-7.2,63.7,2.57,110,NA,102370,NA,NA,NA,NA,NA,414,NA,NA,NA,10,NA,NA,NA,1249.68,NA,NA,NA,NA,-4.28,NA,-7.09,90829.91,0,0,0,-7.2,0,0,0,NA,NA,NA,NA,NA,NA,NA,NA,"0.037",0.9,251,33,-1.6,2.7
2020-02-11 07:00:00,101997.98,-1,-6.7,63.7,2.57,130,NA,102320,NA,NA,8021,NA,NA,454,504,NA,NA,10,NA,NA,NA,1371.6,NA,NA,NA,NA,-4.28,NA,-7.09,90739.54,0,0,0,-7.5,0,0,0,NA,NA,NA,NA,NA,NA,NA,NA,"0.036",1.4,245,31,-1.5,4.9
2020-02-11 08:00:00,101930.25,-1,-6.1,68.76,4.12,110,NA,102150,NA,1003.5,NA,NA,NA,454,1003,NA,NA,10,NA,NA,NA,1371.6,NA,NA,NA,NA,-5.6,NA,-6.18,90679.28,0,0,0,-7.3,0,0,0,NA,NA,NA,NA,NA,NA,NA,NA,"0.038",1.3,229,41,-1.4,4.2
2020-02-11 09:00:00,101794.79,-1,-6.1,63.94,2.57,110,NA,102080,NA,NA,NA,NA,NA,474,953,NA,NA,10,NA,NA,NA,1432.56,NA,NA,NA,NA,-3.99,NA,-6.09,90558.78,0,0,0,-6.8,0,0,0,NA,NA,NA,NA,NA,NA,NA,NA,"0.04",2.6,231,41,0.2,3.7
2020-02-11 10:00:00,101693.2,1,-6.1,59.21,3.6,110,NA,102000,NA,NA,6027,NA,NA,504,604,NA,NA,10,1.1,-1.7,NA,1524,NA,NA,NA,NA,-2.86,NA,-7.1,90468.4,0,0,0,-7.1,0,0,0,NA,NA,NA,NA,NA,NA,NA,NA,"0.038",2.3,273,42,1,6.8
2020-02-11 11:00:00,101659.34,1,-6.1,59.48,3.6,120,NA,101900,NA,NA,NA,NA,NA,504,604,NA,NA,10,NA,NA,NA,1524,NA,NA,NA,NA,-2.77,NA,-6.1,90438.28,0,0,0,-7.2,0,0,0,NA,NA,NA,NA,NA,NA,NA,NA,"0.039",4.2,274,38,1.7,5.8
2020-02-11 12:00:00,101490.02,2,-5.6,53.92,1.54,110,NA,101640,NA,NA,NA,NA,NA,504,NA,NA,NA,10,NA,NA,NA,1524,0,NA,NA,NA,-1.17,NA,-6.11,90287.65,0,0,0,-8,0,0,1,NA,NA,NA,NA,NA,NA,NA,NA,"0.033",3.1,39,39,2,4.4
2020-02-11 13:00:00,101354.56,3,-5.6,55.36,3.09,60,NA,101600,NA,NA,6032,NA,NA,464,NA,NA,NA,10,NA,NA,NA,1402.08,NA,NA,NA,NA,0.03,NA,-5.71,90167.14,0,0,0,-8.5,0,0,0,NA,NA,NA,NA,NA,NA,NA,NA,"0.032",3.4,65,47,2.4,3.9
2020-02-11 14:00:00,101354.56,1,-3.3,69.22,2.06,270,NA,101610,20,NA,NA,0.025,NA,484,NA,NA,NA,10,NA,NA,NA,1463.04,NA,NA,NA,NA,-1.91,NA,-4.07,90167.14,0,0,0,-6.3,0,0,0,NA,NA,NA,NA,NA,NA,NA,NA,"0.025",1.5,311,43,2.5,NA
2020-02-11 15:00:00,101354.56,1,-2.8,74.6,1.54,210,NA,101620,20,NA,NA,0.025,NA,464,NA,NA,NA,4,NA,NA,NA,1402.08,NA,NA,NA,NA,-0.68,NA,-3.06,90167.14,0,0,0,-6,0,0,1,NA,NA,NA,NA,NA,NA,NA,NA,"0.025",1.3,67,51,1.3,3.9
2020-02-11 16:00:00,101388.43,1,-1.85,80.34,0,0,NA,101650,20,NA,3002,0.254,NA,434,504,0.254,NA,2.5,3.3,0,NA,1432.56,NA,NA,NA,NA,-0.68,NA,-2.05,90197.27,0,0,0,-6.1,0,0,1,NA,NA,NA,NA,NA,NA,NA,NA,"0.03",1.2,77,43,0.4,5.1
2020-02-11 17:00:00,101388.43,0,-1.1,92.28,1.54,270,NA,101690,2500,NA,NA,0.025,NA,364,444,NA,NA,2,NA,NA,NA,1097.28,NA,NA,NA,NA,-1.82,NA,-1.12,90197.27,0,0,0,-5.2,0,0,1,NA,NA,NA,NA,NA,NA,NA,NA,"0.023",0.8,294,45,-0.4,3.9
2020-02-11 18:00:00,101422.29,0,-1.1,92.96,0,0,NA,101690,2500,NA,NA,0.254,NA,374,334,NA,NA,3,NA,NA,NA,1127.76,NA,NA,NA,NA,-2.5,NA,-1.02,90227.39,0,0,0,-5.1,0,0,1,NA,NA,NA,NA,NA,NA,NA,NA,"0.024",0.9,184,65,-0.8,3.2
2020-02-11 19:00:00,101422.29,0,-0.6,92.96,0,0,NA,101730,2500,414,3006,0.025,0.254,63,324,NA,NA,8,NA,NA,NA,182.88,NA,NA,NA,NA,-2.53,NA,-1.02,90227.39,0,0,0,-5.1,0,0,1,NA,NA,NA,NA,NA,NA,NA,NA,"0.017",0.6,55,58,-0.8,5.1
2020-02-11 20:00:00,101456.15,-1,-1.1,94.685,2.315,210,NA,101770,NA,654,NA,NA,NA,256,554,NA,NA,8,NA,NA,NA,1584.96,NA,NA,NA,NA,-3.7,NA,-1.02,90257.51,0,0,0,-3.7,0,0,0,NA,NA,NA,NA,NA,NA,NA,NA,"0.013",0.7,225,44,-0.7,5.1
2020-02-11 21:00:00,101490.02,-1,-1.1,98.205,1.8,80,NA,101790,NA,904,NA,NA,NA,69.5,504,NA,NA,7.5,NA,NA,NA,213.36,NA,NA,NA,NA,-3.33,NA,-1.01,90287.65,0,0,0,-3.5,0,0,1,NA,NA,NA,NA,NA,NA,NA,NA,"0.013",0.6,243,76,-1.3,6.1
2020-02-11 22:00:00,101557.75,-1,-1.95,92.91,1.54,20,NA,101860,31,804,3013,NA,NA,434,603,0.254,NA,6,0.6,-2.2,NA,1310.64,NA,NA,NA,NA,-2.96,NA,-2.02,90347.9,0,0,0,-3.6,0,0,1,NA,NA,NA,NA,NA,NA,NA,NA,"0.013",0.8,256,72,-1.2,6.6
2020-02-11 23:00:00,101625.47,-2,-3.9,92.85,0.77,145,NA,101940,31,904,NA,NA,NA,322,404,NA,NA,2.5,NA,NA,NA,1219.2,NA,3.3,-3.3,NA,-6.225,NA,-3.02,90408.14,0,0,0,-2.6,0,0,1,NA,NA,NA,NA,NA,NA,NA,NA,"0.01",0.5,73,60,-1.2,7.8
2020-02-12,101693.2,-2,-2.8,92.85,1.54,100,NA,101970,31,854,NA,0.025,NA,393,652,NA,NA,4,NA,NA,NA,1463.04,NA,NA,NA,NA,-4.1,NA,-3.02,90468.4,0,0,0,-3.2,0,0,1,NA,NA,NA,NA,NA,NA,NA,NA,"0.005",0.6,163,71,-1.4,10.9
2020-02-12 01:00:00,101760.93,-2,-2.8,92.85,0,0,NA,102040,2500,504,3019,0.025,0.025,93,173.5,NA,NA,3,NA,NA,NA,487.68,NA,NA,NA,NA,-4.1,NA,-3.02,90528.65,0,0,0,-4.2,0,0,1,NA,NA,NA,NA,NA,NA,NA,NA,"0.015",0.5,277,51,-1.7,7.8
2020-02-12 02:00:00,101828.66,-1,-2.2,92.91,0,0,NA,102120,2500,554,NA,0.025,NA,44,103,NA,NA,4,NA,NA,NA,213.36,NA,NA,NA,NA,-3.7,NA,-2.02,90588.91,0,0,0,-4.7,0,0,1,NA,NA,NA,NA,NA,NA,NA,NA,"0.012",0.5,130,60,-1.5,4.6
2020-02-12 03:00:00,101862.52,-1,-1.7,92.91,2.57,120,NA,102150,1265.5,424,NA,0.025,NA,62.5,154,NA,NA,4,NA,NA,NA,243.84,NA,NA,NA,NA,-4.28,NA,-2.02,90619.03,0,0,0,-4.8,0,0,0,NA,NA,NA,NA,NA,NA,NA,NA,"0.012",0.7,31,42,-1.1,4.9
2020-02-12 04:00:00,101896.38,-1,-1.1,100,0,0,NA,102180,31,NA,1009,0.025,NA,94,NA,0.025,0.508,3,0,-2.2,NA,274.32,NA,NA,NA,NA,-2.73,NA,-1,90649.15,0,0,0,-5.1,0,0,1,NA,NA,NA,NA,NA,NA,NA,NA,"0.01",0.8,219,51,-1.2,5.4
2020-02-12 05:00:00,101964.11,-1,-1.1,100,0,0,NA,102250,31,NA,NA,NA,NA,109,NA,NA,NA,4.5,NA,NA,NA,320.04,NA,NA,NA,NA,-2.96,NA,-1,90709.41,0,0,0,-5.4,0,0,1,NA,NA,NA,NA,NA,NA,NA,NA,"0.013",0.6,216,59,-1.2,3.9
2020-02-12 06:00:00,101997.98,0,-1.1,92.96,1.54,90,NA,102280,2500,604,NA,0.254,NA,66,133,NA,NA,3,NA,NA,NA,365.76,NA,NA,NA,NA,-2.96,NA,-1.02,90739.54,0,0,0,-6.2,0,0,1,NA,NA,NA,NA,NA,NA,NA,NA,"0.007",0.8,35,47,-1,4.9
2020-02-12 07:00:00,101997.98,0,-1.95,86.37,3.09,100,NA,102310,2500,334,1012,0.025,0.254,103,233,NA,NA,10,NA,NA,NA,579.12,NA,NA,NA,NA,-3.58,NA,-2.03,90739.54,0,0,0,-6.7,0,0,0,NA,NA,NA,NA,NA,NA,NA,NA,"0.01",1,61,39,-0.8,6.6
2020-02-12 08:00:00,102065.7,0,-1.7,88.3,2.57,170,NA,102400,2500,374,NA,0.508,NA,246,292,NA,NA,3,NA,NA,NA,1127.76,NA,NA,NA,NA,-4.28,NA,-2.02,90799.78,0,0,0,-7.2,0,0,0,NA,NA,NA,NA,NA,NA,NA,NA,"0.023",0.6,25,68,-0.6,NA
2020-02-12 09:00:00,102133.43,-1,-3.3,86.26,5.66,100,NA,102460,2500,654,NA,0.025,NA,324,503,NA,NA,3,NA,NA,NA,975.36,NA,NA,NA,NA,-6.54,NA,-3.03,90860.04,0,0,0,-5.3,0,0,0,NA,NA,NA,NA,NA,NA,NA,NA,"0.034",1,61,40,-0.9,NA
2020-02-12 10:00:00,102167.3,-1,-4.15,80.04,6.17,105,NA,102470,6,474,1012,0.025,NA,293,374,1.016,NA,4,0,-1.1,NA,883.92,NA,NA,NA,NA,-6.53,NA,-4.05,90890.17,0,0,0,-4.4,0,0,0,NA,NA,NA,NA,NA,NA,NA,NA,"0.035",1.4,86,40,-0.4,1.4
2020-02-12 11:00:00,102201.16,0,-4.4,74.41,6.17,110,NA,102500,NA,629,NA,NA,NA,293,414,NA,NA,10,NA,NA,NA,914.4,NA,NA,NA,NA,-5.53,NA,-4.06,90920.29,0,0,0,-3.9,0,0,0,NA,NA,NA,NA,NA,NA,NA,NA,"0.037",1,98,28,0.6,1.4
2020-02-12 12:00:00,102167.3,0,-5,74.41,4.63,110,NA,102440,NA,NA,NA,NA,NA,653,652.5,NA,NA,10,NA,NA,NA,1981.2,NA,NA,NA,NA,-4.7,NA,-4.06,90890.17,0,0,0,-2.5,0,0,0,NA,NA,NA,NA,NA,NA,NA,NA,"0.037",1.1,102,29,0.2,5.1
2020-02-12 13:00:00,102099.57,1,-5,64.18,4.12,100,NA,102360,NA,NA,8008,NA,NA,704,754,NA,NA,10,NA,NA,NA,2133.6,NA,NA,NA,NA,-3.13,NA,-5.09,90829.91,0,0,0,-1.8,0,0,0,NA,NA,NA,NA,NA,NA,NA,NA,"0.037",1.1,96,26,1.6,3.9
2020-02-12 14:00:00,102065.7,1,-4.4,66.68,2.06,110,NA,102320,NA,NA,NA,NA,NA,704,704,NA,NA,10,NA,NA,NA,2133.6,NA,NA,NA,NA,-1.36,NA,-4.09,90799.78,0,0,0,-5.2,0,0,0,NA,NA,NA,NA,NA,NA,NA,NA,"0.037",0.7,41,44,2.8,6.9
2020-02-12 15:00:00,102031.84,2,-4.4,64.42,0,0,NA,102280,NA,NA,NA,NA,NA,654,704,NA,NA,10,NA,NA,NA,2133.6,NA,NA,NA,NA,0.47,NA,-4.09,90769.66,0,0,0,-6.6,0,0,1,NA,NA,NA,NA,NA,NA,NA,NA,"0.034",0.9,23,52,2.4,7.8
2020-02-12 16:00:00,102031.84,2,-4.4,64.42,0,0,NA,102300,NA,NA,5004,NA,NA,603,704,NA,NA,10,2.8,0,NA,1828.8,NA,NA,NA,NA,NA,NA,-4.09,90769.66,0,0,0,-7,0,0,1,NA,NA,NA,NA,NA,NA,NA,NA,"0.03",0.7,52,36,1.5,1.2
2020-02-12 17:00:00,101997.98,2,-3.9,64.42,0,0,NA,102280,NA,NA,NA,NA,NA,503,679,NA,NA,10,NA,NA,NA,1981.2,NA,NA,NA,NA,-0.68,NA,-4.09,90739.54,0,0,0,-7.7,0,0,1,NA,NA,NA,NA,NA,NA,NA,NA,"0.031",0.8,64,40,1,-0.9
2020-02-12 18:00:00,101997.98,1,-2.8,74.6,0,0,NA,102280,NA,NA,NA,NA,NA,503,604,NA,NA,10,NA,NA,NA,1524,NA,NA,NA,NA,-0.68,NA,-3.06,90739.54,0,0,0,-7.1,0,0,1,NA,NA,NA,NA,NA,NA,NA,NA,"0.019",1.1,59,39,0.5,1.5
2020-02-12 19:00:00,101997.98,0,-2.8,80.19,0,0,NA,102280,NA,NA,6002,NA,NA,503,604,NA,NA,10,NA,NA,NA,1524,NA,NA,NA,NA,NA,NA,-3.05,90739.54,0,0,0,-6.4,0,0,1,NA,NA,NA,NA,NA,NA,NA,NA,"0.015",1.1,40,77,-0.1,4.7
2020-02-12 20:00:00,101997.98,-0.8,-3.3,84.09,0,0,NA,102280,NA,NA,NA,NA,NA,529,604,NA,NA,10,NA,NA,NA,1600.2,NA,NA,NA,NA,NA,NA,-3.04,90739.54,0,0,0,-5.8,0,0,1,NA,NA,NA,NA,NA,NA,NA,NA,"0.005",1.1,95,57,-0.5,9.4
2020-02-12 21:00:00,102031.84,-1,-2.8,86.26,0,0,NA,102340,NA,NA,NA,NA,NA,504,NA,NA,NA,10,NA,NA,NA,1524,NA,NA,NA,NA,NA,NA,-3.03,90769.66,0,0,0,-5.7,0,0,1,NA,NA,NA,NA,NA,NA,NA,NA,"0.002",1.1,77,67,-0.6,8.6
2020-02-12 22:00:00,101997.98,-1,-3.9,86.26,1.54,300,NA,102280,NA,NA,8001,NA,NA,494,NA,NA,NA,10,1.7,-1.1,NA,1493.52,NA,NA,NA,NA,-2.96,NA,-3.03,90739.54,0,0,0,-5.9,0,0,1,NA,NA,NA,NA,NA,NA,NA,NA,"0.004",1.5,224,63,-0.8,7.6
2020-02-12 23:00:00,101964.11,-1,-3.3,86.26,0,0,NA,102250,NA,NA,NA,NA,NA,504,NA,NA,NA,10,NA,NA,NA,1524,NA,2.8,-2.2,NA,-2.96,NA,-3.03,90709.41,0,0,0,-6,0,0,1,NA,NA,NA,NA,NA,NA,NA,NA,"0.008",1.6,83,58,-1.1,9.7
2020-02-13,101964.11,-1,-3.9,86.26,0,0,NA,102230,NA,NA,NA,NA,NA,504,NA,NA,NA,10,NA,NA,NA,1524,NA,NA,NA,NA,-2.96,NA,-3.03,90709.41,0,0,0,-6.1,0,0,1,NA,NA,NA,NA,NA,NA,NA,NA,"0.003",1.2,143,48,-1.3,8.3
2020-02-13 01:00:00,101896.38,-1,-3.9,80.04,1.54,260,NA,102210,NA,NA,8007,NA,NA,504,NA,NA,NA,10,NA,NA,NA,1524,NA,NA,NA,NA,-2.96,NA,-4.05,90649.15,0,0,0,-6.4,0,0,1,NA,NA,NA,NA,NA,NA,NA,NA,"0.003",1.4,147,65,-1.6,20.3
2020-02-13 02:00:00,101862.52,-1,-3.3,86.15,0,0,NA,102130,NA,NA,NA,NA,NA,504,NA,NA,NA,10,NA,NA,NA,1524,NA,NA,NA,NA,NA,NA,-3.34,90619.03,0,0,0,-6.2,0,0,1,NA,NA,NA,NA,NA,NA,NA,NA,"0.003",1.2,146,65,-1.9,11.1
2020-02-13 03:00:00,101828.66,-2,-3.3,86.15,0,0,NA,102100,NA,NA,NA,NA,NA,494,NA,NA,NA,10,NA,NA,NA,1493.52,NA,NA,NA,NA,-4.1,NA,-4.03,90588.91,0,0,0,-5.3,0,0,1,NA,NA,NA,NA,NA,NA,NA,NA,"0.006",1.1,252,63,-2.5,10.7
2020-02-13 04:00:00,101828.66,-2,-4.4,86.15,0,0,NA,102090,NA,NA,6009,NA,NA,492,NA,NA,1.016,9,-0.6,-2.8,NA,1463.04,NA,NA,NA,NA,-4.215,NA,-4.03,90588.91,0,0,0,-5.4,0,0,1,NA,NA,NA,NA,NA,NA,NA,NA,"0.019",2.4,231,59,-3.4,7.1
2020-02-13 05:00:00,101794.79,-3,-7.2,79.58,2.57,110,NA,102090,NA,NA,NA,NA,NA,1,NA,NA,NA,10,NA,NA,NA,NA,NA,NA,NA,NA,-6.65,NA,-7.05,90558.78,0,0,0,-4.5,0,0,0,NA,NA,NA,NA,NA,NA,NA,NA,"0.016",5.2,129,70,-4.8,3.7
2020-02-13 06:00:00,101828.66,-4,-7.8,73.84,3.09,120,NA,102140,NA,NA,NA,NA,NA,1,NA,NA,NA,10,NA,NA,NA,NA,NA,NA,NA,NA,-8.12,NA,-8.05,90588.91,0,0,0,-4.2,0,0,0,NA,NA,NA,NA,NA,NA,NA,NA,"0.003",1.9,278,72,-5.3,3.7
2020-02-13 07:00:00,101794.79,-6,-6.7,79.5,4.12,120,NA,102110,NA,NA,8003,NA,NA,1,NA,NA,NA,10,NA,NA,NA,NA,NA,NA,NA,NA,-11.525,NA,-8.045,90558.78,0,0,0,-2.1,0,0,0,NA,NA,NA,NA,NA,NA,NA,NA,"0.003",1.1,143,60,-6,6.1
2020-02-13 08:00:00,101760.93,-4,-7.8,79.58,2.06,140,NA,102110,NA,NA,NA,NA,NA,1,NA,NA,NA,10,NA,NA,NA,NA,NA,NA,NA,NA,-8.105,NA,-7.85,90528.65,0,0,0,-4.2,0,0,0,NA,NA,NA,NA,NA,NA,NA,NA,"0.007",1,200,62,-5.3,8.1
2020-02-13 09:00:00,101727.07,-4,-6.1,79.58,0,0,NA,102050,NA,NA,NA,NA,NA,1,NA,NA,NA,10,NA,NA,NA,NA,NA,NA,NA,NA,-6.39,NA,-7.05,90498.53,0,0,0,-3.3,0,0,1,NA,NA,NA,NA,NA,NA,NA,NA,"0.017",1.1,92,52,-2.7,9.9
2020-02-13 10:00:00,101625.47,-1,-7.2,63.7,3.6,130,NA,101900,NA,NA,8016,NA,NA,1,NA,NA,NA,10,-1.1,-6.1,NA,NA,NA,NA,NA,NA,-5.29,NA,-7.09,90408.14,0,0,0,-4.8,0,0,0,NA,NA,NA,NA,NA,NA,NA,NA,"0.033",0.8,159,52,-1.5,8.3
2020-02-13 11:00:00,101523.88,-1,-6.7,63.7,2.57,130,NA,101740,NA,NA,NA,NA,NA,1,NA,NA,NA,10,NA,NA,NA,NA,NA,NA,NA,NA,-4.28,NA,-7.09,90317.77,0,0,0,-0.3,0,0,0,NA,NA,NA,NA,NA,NA,NA,NA,"0.029",2.2,44,53,0.4,5.4
2020-02-13 12:00:00,101388.43,1,-6.7,55.08,2.06,120,NA,101540,NA,NA,NA,NA,NA,1,NA,NA,NA,10,NA,NA,NA,NA,NA,NA,NA,NA,-1.36,NA,-7.11,90197.27,0,0,0,0.1,0,1,0,NA,NA,NA,NA,NA,1,2020-02-13 12:00:00,2020-02-13 12:00:00,"0.034",1.2,2,66,2.2,8
2020-02-13 13:00:00,101219.11,3,-6.1,51.27,1.54,280,NA,101450,NA,NA,6037,NA,NA,1,NA,NA,NA,10,NA,NA,NA,NA,NA,NA,NA,NA,0.97,NA,-6.22,90046.64,0,0,0,-3,0,0,1,NA,NA,NA,NA,NA,NA,NA,NA,"0.037",1.9,330,60,4,5.9
2020-02-13 14:00:00,101151.38,3,NA,49.805,1.54,290,NA,NA,NA,NA,NA,NA,NA,1,NA,NA,NA,10,NA,NA,NA,NA,NA,NA,NA,NA,1.61,NA,-6.115,89986.38,0,0,0,-2.9,0,0,1,NA,NA,NA,NA,NA,NA,NA,NA,"0.043",1.2,193,81,5.7,3.3
2020-02-13 15:00:00,100914.33,3,-5.6,51.56,0,0,NA,101140,NA,NA,NA,NA,NA,1,NA,NA,NA,10,NA,NA,NA,NA,NA,NA,NA,NA,2.75,NA,-6.11,89775.5,0,0,0,-4.7,0,0,1,NA,NA,NA,NA,NA,NA,NA,NA,"0.044",3.9,115,60,5.5,5.2
2020-02-13 16:00:00,100880.47,4,-6.1,48.05,0,0,NA,101060,NA,NA,6033,NA,NA,1,NA,NA,NA,10,5,-0.6,NA,NA,NA,NA,NA,NA,NA,NA,-6.12,89745.38,0,0,0,-5.3,0,0,1,NA,NA,NA,NA,NA,NA,NA,NA,"0.041",1.4,262,59,6.2,7.7
2020-02-13 17:00:00,100812.74,2,-4.4,63.87,2.06,290,NA,101080,NA,NA,NA,NA,NA,954,NA,NA,NA,10,NA,NA,NA,2895.6,NA,NA,NA,NA,-0.2,NA,-4.49,89685.12,0,0,0,-4.3,0,0,0,NA,NA,NA,NA,NA,NA,NA,NA,"0.031",1.9,142,52,3.6,7.7
2020-02-13 18:00:00,100812.74,1,-3.9,69.22,2.06,310,NA,101100,NA,NA,NA,NA,NA,954,NA,NA,NA,10,NA,NA,NA,2895.6,NA,NA,NA,NA,-1.245,NA,-4.07,89685.12,0,0,0,-3.8,0,0,0,NA,NA,NA,NA,NA,NA,NA,NA,"0.033",1.8,234,73,1.8,7.9
2020-02-13 19:00:00,100778.88,0,-4.4,72.2,0,0,NA,101060,NA,NA,8006,NA,NA,1004,NA,NA,NA,10,NA,NA,NA,3048,NA,NA,NA,NA,-1.25,NA,-4.07,89655,0,0,0,-2.8,0,0,1,NA,NA,NA,NA,NA,NA,NA,NA,"0.021",1.5,122,79,0.8,8
2020-02-13 20:00:00,100745.01,-1,-3.9,80.04,0,0,NA,101080,NA,NA,NA,NA,NA,1004,NA,NA,NA,10,NA,NA,NA,3048,NA,NA,NA,NA,-2.96,NA,-4.05,89624.87,0,0,0,-2.1,0,0,1,NA,NA,NA,NA,NA,NA,NA,NA,"0.016",1.7,139,73,0.1,10.4
2020-02-13 21:00:00,100745.01,0,-3.9,74.41,0,0,NA,101040,NA,NA,NA,NA,NA,954,904,NA,NA,10,NA,NA,NA,2895.6,NA,NA,NA,NA,-2.96,NA,-4.06,89624.87,0,0,0,-3.2,0,0,1,NA,NA,NA,NA,NA,NA,NA,NA,"0.01",1.1,133,77,-0.1,13.1
2020-02-13 22:00:00,100745.01,0,-3.9,74.41,0,0,NA,101030,NA,NA,5000,NA,NA,603,854,NA,NA,10,4.4,-0.6,NA,1828.8,NA,NA,NA,NA,-2.39,NA,-4.06,89624.87,0,0,0,-3.5,0,0,1,NA,NA,NA,NA,NA,NA,NA,NA,"0.018",0.9,157,61,0.7,9.9
2020-02-13 23:00:00,100745.01,1,-3.3,74.6,2.06,60,NA,100930,NA,754,NA,NA,NA,423,504,NA,NA,10,NA,NA,NA,1280.16,NA,5,-6.1,NA,-1.02,NA,-3.06,89624.87,0,0,0,-4.7,0,0,0,NA,NA,NA,NA,NA,NA,NA,NA,"0.027",0.8,154,54,1.1,8
2020-02-14,100643.42,1,-2.8,74.6,1.54,255,NA,100850,NA,NA,NA,NA,NA,293,364,NA,NA,10,NA,NA,NA,914.4,NA,NA,NA,NA,-0.68,NA,-3.06,89534.49,0,0,0,-4.7,0,0,1,NA,NA,NA,NA,NA,NA,NA,NA,"0.028",0.8,80,43,1.4,9.4
2020-02-14 01:00:00,100609.56,1,-2.8,74.6,1.54,130,NA,100800,NA,344,6014,NA,NA,293,354,NA,NA,10,NA,NA,NA,883.92,NA,NA,NA,NA,-1.36,NA,-3.06,89504.37,0,0,0,-4.7,0,0,1,NA,NA,NA,NA,NA,NA,NA,NA,"0.031",0.8,53,38,1.1,7.6
2020-02-14 02:00:00,100575.69,1,-1.4,86.48,0,0,NA,100750,30.5,1004,NA,0.254,NA,203,342,NA,NA,10,NA,NA,NA,960.12,NA,NA,NA,NA,-0.68,NA,-1.08,89474.24,0,0,0,-4.8,0,0,1,NA,NA,NA,NA,NA,NA,NA,NA,"0.03",2.6,240,53,0.8,4.6
2020-02-14 03:00:00,100575.69,0,-1.1,92.91,2.06,290,NA,100790,13,654,NA,0.025,NA,352,463,NA,NA,10,NA,NA,NA,1463.04,NA,NA,NA,NA,-4.135,NA,-1.03,89474.24,0,0,0,-3.9,0,0,0,NA,NA,NA,NA,NA,NA,NA,NA,"0.025",2.6,165,74,0.2,3.4
2020-02-14 04:00:00,100609.56,1,-1.1,86.48,4.63,320,9.77,100860,2500,1104,3006,0.025,NA,426,503,0.254,0.254,10,2.8,-0.6,NA,1463.04,NA,NA,NA,NA,-3.95,NA,-1.03,89504.37,0,0,0,-5.6,0,0,0,NA,NA,NA,NA,NA,NA,NA,NA,"0.035",1.5,308,31,0.3,1.9
2020-02-14 05:00:00,100711.15,1,-6.1,74.6,4.12,320,NA,100990,NA,NA,NA,0.025,NA,416,492,NA,NA,10,NA,NA,NA,1249.68,NA,NA,NA,NA,-3.45,NA,-3.06,89594.75,0,0,0,-7.1,0,0,0,NA,NA,NA,NA,NA,NA,NA,NA,"0.043",1.9,276,29,1.7,2.5
2020-02-14 06:00:00,100812.74,1,-5,64.18,5.66,310,8.75,101070,NA,1102,NA,NA,NA,466,606,NA,NA,10,NA,NA,NA,2971.8,NA,NA,NA,NA,-4.01,NA,-5.09,89685.12,0,0,0,-7.6,0,0,0,NA,NA,NA,NA,NA,NA,NA,NA,"0.034",1.3,88,44,0.4,3.4
2020-02-14 07:00:00,100948.2,1,-3.3,74.6,4.63,340,NA,101240,NA,704,3029,NA,0.025,432,553,NA,NA,10,NA,NA,NA,1676.4,NA,NA,NA,NA,-3.45,NA,-3.06,89805.63,0,0,0,-7.8,0,0,0,NA,NA,NA,NA,NA,NA,NA,NA,"0.029",1.3,339,64,0,2.7
2020-02-14 08:00:00,101049.79,1,-3.3,74.41,2.57,340,NA,101390,NA,904,NA,NA,NA,416,553,NA,NA,10,NA,NA,NA,1676.4,NA,NA,NA,NA,-2.38,NA,-4.06,89896.01,0,0,0,-7.9,0,0,0,NA,NA,NA,NA,NA,NA,NA,NA,"0.019",0.8,101,51,0.3,1.9
2020-02-14 09:00:00,101151.38,1.1,-3.9,69.22,2.06,300,NA,101420,NA,1004,NA,NA,NA,502,654,NA,NA,10,NA,NA,NA,1981.2,NA,NA,NA,NA,-0.7,NA,-4.07,89986.38,0,0,0,-8.3,0,0,0,NA,NA,NA,NA,NA,NA,NA,NA,"0.027",0.8,265,49,0.8,2.4
2020-02-14 10:00:00,101185.24,2,-5,60,0,0,NA,101420,NA,704,1018,NA,NA,504,654,0.025,NA,10,2.8,-0.6,NA,1676.4,NA,NA,NA,NA,0.72,NA,-4.1,90016.51,0,0,0,-8.8,0,0,1,NA,NA,NA,NA,NA,NA,NA,NA,"0.033",1.3,348,74,2.2,2.2
2020-02-14 11:00:00,101219.11,2,-4.4,64.42,2.57,20,NA,101440,20,NA,NA,0.025,NA,453,554,NA,NA,10,NA,NA,NA,1463.04,NA,NA,NA,NA,-0.945,NA,-4.09,90046.64,0,0,0,-8.9,0,0,0,NA,NA,NA,NA,NA,NA,NA,NA,"0.038",1.4,253,37,2.3,2.7
2020-02-14 12:00:00,101219.11,3,-3.9,60,2.57,40,NA,101440,NA,754,NA,NA,NA,486,554,NA,NA,10,NA,NA,NA,1524,NA,NA,NA,NA,-0.3,NA,-4.1,90046.64,0,0,0,-9.3,0,0,0,NA,NA,NA,NA,NA,NA,NA,NA,"0.038",1.5,287,74,2.9,2.2
2020-02-14 13:00:00,101219.11,3,-3.3,60.26,3.6,330,7.2,101440,NA,704,3,NA,0.025,503,604,NA,NA,10,NA,NA,NA,1676.4,NA,NA,NA,NA,0.47,NA,-3.09,90046.64,0,0,0,-8.5,0,0,0,NA,NA,NA,NA,NA,NA,NA,NA,"0.038",1.5,256,38,2.8,0.1
2020-02-14 14:00:00,101252.97,3,-2.8,60,3.6,340,9.26,101510,NA,604,NA,NA,NA,483,553,NA,NA,10,NA,NA,NA,1524,NA,NA,NA,NA,-0.34,NA,-4.1,90076.76,0,0,0,-8.7,0,0,0,NA,NA,NA,NA,NA,NA,NA,NA,"0.038",3.5,26,54,3.9,2.2
2020-02-14 15:00:00,101320.7,2,-1.95,74.78,4.63,340,9.26,101590,20,543,NA,0.025,NA,343,474,NA,NA,5.5,NA,NA,NA,1066.8,NA,NA,NA,NA,-2.535,NA,-2.06,90137.02,0,0,0,-7.7,0,0,0,NA,NA,NA,NA,NA,NA,NA,NA,"0.036",2.4,340,25,2.4,4.7
2020-02-14 16:00:00,101388.43,2,-2.8,69.43,4.63,340,9.26,101640,20,1003,2016,NA,NA,433,752.5,0.025,NA,10,3.9,1.1,NA,1356.36,NA,NA,NA,NA,-1.56,NA,-3.07,90197.27,0,0,0,-7,0,0,0,NA,NA,NA,NA,NA,NA,NA,NA,"0.036",1.4,317,57,2.6,1.9
2020-02-14 17:00:00,101490.02,0.8,-1.1,87.42,4.12,305,NA,101760,2500,804,NA,0.025,NA,264,614,NA,NA,4,NA,NA,NA,792.48,NA,NA,NA,NA,-3.58,NA,-1.03,90287.65,0,0,0,-7,0,0,0,NA,NA,NA,NA,NA,NA,NA,NA,"0.035",2.8,307,48,0.8,0.7
2020-02-14 18:00:00,101523.88,-1,-1.7,92.91,3.6,350,12.09,101790,31,1103.5,NA,0.254,NA,203,552,NA,NA,5,NA,NA,NA,1097.28,NA,NA,NA,NA,-4.78,NA,-2.02,90317.77,0,0,0,-5.3,0,0,0,NA,NA,NA,NA,NA,NA,NA,NA,"0.036",2.9,284,41,-0.4,2.2
2020-02-14 19:00:00,101557.75,-1,-3.9,86.26,3.09,320,NA,101870,NA,1102,1016,NA,0.254,1,1106,NA,NA,10,NA,NA,NA,NA,NA,NA,NA,NA,-4.78,NA,-3.03,90347.9,0,0,0,-5.5,0,0,0,NA,NA,NA,NA,NA,NA,NA,NA,"0.032",1.4,237,47,-0.9,2.9
2020-02-14 20:00:00,101625.47,-3,-3.3,92.79,1.54,40,NA,101930,20,NA,NA,NA,NA,506,804,NA,NA,10,NA,NA,NA,1524,NA,NA,NA,NA,-4.86,NA,-4.02,90408.14,0,0,0,-3.9,0,0,1,NA,NA,NA,NA,NA,NA,NA,NA,"0.034",1,239,47,-0.8,2.7
2020-02-14 21:00:00,101625.47,-2,-4.4,92.79,1.54,10,NA,101950,20,904,NA,0.025,NA,503,752,NA,NA,10,NA,NA,NA,2286,NA,NA,NA,NA,-5.25,NA,-4.02,90408.14,0,0,0,-5,0,0,1,NA,NA,NA,NA,NA,NA,NA,NA,"0.028",0.9,213,60,-1.5,3.7
2020-02-14 22:00:00,101693.2,-3,-3.9,92.79,2.06,310,NA,101980,20,904,3013,NA,NA,463,603,0.254,NA,10,2.2,-3.3,NA,1432.56,NA,NA,NA,NA,-5.59,NA,-4.02,90468.4,0,0,0,-3.9,0,0,0,NA,NA,NA,NA,NA,NA,NA,NA,"0.014",0.9,182,60,-2.3,4.6
2020-02-14 23:00:00,101693.2,-2,-3.9,86.26,2.06,300,NA,101940,2500,554,NA,0.025,NA,443,554,NA,NA,7,NA,NA,NA,1341.12,NA,3.9,-3.3,NA,-4.86,NA,-3.03,90468.4,0,0,0,-4.8,0,0,0,NA,NA,NA,NA,NA,NA,NA,NA,"0.01",1,136,65,-2.6,3.9
2020-02-15,101659.34,-2,-3.9,86.15,2.06,260,NA,101940,NA,754,NA,NA,NA,464,579,NA,NA,10,NA,NA,NA,1402.08,NA,NA,NA,NA,-4.86,NA,-4.03,90438.28,0,0,0,-4.9,0,0,0,NA,NA,NA,NA,NA,NA,NA,NA,"0.018",1.3,213,71,-2.4,4.2
2020-02-15 01:00:00,101693.2,-2,-2.8,92.85,1.54,80,NA,101940,NA,804,5003,NA,0.025,486,654,NA,NA,10,NA,NA,NA,1981.2,NA,NA,NA,NA,-4.685,NA,-3.02,90468.4,0,0,0,-4.8,0,0,1,NA,NA,NA,NA,NA,NA,NA,NA,"0.017",2.4,195,72,-2.3,1.9
2020-02-15 02:00:00,101693.2,-2,-3.3,92.85,2.06,100,NA,101990,NA,NA,NA,NA,NA,506,704,NA,NA,10,NA,NA,NA,1981.2,NA,NA,NA,NA,-4.86,NA,-3.02,90468.4,0,0,0,-4.9,0,0,0,NA,NA,NA,NA,NA,NA,NA,NA,"0.032",2.5,253,51,-0.9,-0.7
2020-02-15 03:00:00,101693.2,-1.1,-2.8,88.2,0,0,NA,101910,NA,NA,NA,NA,NA,654,679,NA,NA,10,NA,NA,NA,1981.2,NA,NA,NA,NA,-4.48,NA,-3.02,90468.4,0,0,0,-6,0,0,1,NA,NA,NA,NA,NA,NA,NA,NA,"0.041",2.1,246,30,0.3,-0.4
2020-02-15 04:00:00,101659.34,-2,-3.3,92.85,0,0,NA,101930,NA,NA,8002,NA,NA,503,604,0.025,0.254,10,-0.6,-2.8,NA,1524,NA,NA,NA,NA,-4.1,NA,-3.02,90438.28,0,0,0,-5.3,0,0,1,NA,NA,NA,NA,NA,NA,NA,NA,"0.039",1.9,263,44,0,-0.9
2020-02-15 05:00:00,101659.34,-2,-2.8,92.85,2.06,290,NA,101980,20,NA,NA,0.025,NA,504,NA,NA,NA,10,NA,NA,NA,1524,NA,NA,NA,NA,-4.86,NA,-3.02,90438.28,0,0,0,-5.3,0,0,0,NA,NA,NA,NA,NA,NA,NA,NA,"0.037",1,276,42,0,-1.9
2020-02-15 06:00:00,101625.47,-2,-2.8,92.85,1.54,240,NA,101920,NA,NA,NA,NA,NA,604,1004,NA,NA,10,NA,NA,NA,1828.8,NA,NA,NA,NA,-4.1,NA,-3.02,90408.14,0,0,0,-5.4,0,0,1,NA,NA,NA,NA,NA,NA,NA,NA,"0.028",0.9,258,42,-1.3,1.2
2020-02-15 07:00:00,101591.61,-2,-2.8,92.85,2.06,300,NA,101920,NA,NA,8005,NA,0.025,604,1004,NA,NA,8,NA,NA,NA,1828.8,NA,NA,NA,NA,-4.86,NA,-3.02,90378.02,0,0,0,-5.5,0,0,0,NA,NA,NA,NA,NA,NA,NA,NA,"0.019",0.9,79,59,-1.8,3.4
2020-02-15 08:00:00,101625.47,-2,-2.8,92.85,2.57,300,NA,101940,NA,NA,NA,NA,NA,474,554,NA,NA,10,NA,NA,NA,1432.56,NA,NA,NA,NA,-4.78,NA,-3.02,90408.14,0,0,0,-5.4,0,0,0,NA,NA,NA,NA,NA,NA,NA,NA,"0.018",0.9,310,71,-1.4,2.9
2020-02-15 09:00:00,101625.47,-1,-2.2,86.26,2.57,290,NA,101950,NA,704,NA,NA,NA,436,603.5,NA,NA,10,NA,NA,NA,1981.2,NA,NA,NA,NA,-4.28,NA,-3.03,90408.14,0,0,0,-6.1,0,0,0,NA,NA,NA,NA,NA,NA,NA,NA,"0.024",0.7,19,63,-0.7,1.9
2020-02-15 10:00:00,101659.34,1,-2.2,80.34,2.06,290,NA,101900,NA,NA,2,NA,NA,553,654,0.025,NA,10,1.7,-2.2,NA,1828.8,NA,NA,NA,NA,-1.36,NA,-2.05,90438.28,0,0,0,-7.6,0,0,0,NA,NA,NA,NA,NA,NA,NA,NA,"0.034",1.1,263,53,0.9,3.7
2020-02-15 11:00:00,101591.61,2,-3.3,69.43,2.06,320,NA,101880,NA,NA,NA,NA,NA,504,604,NA,NA,10,NA,NA,NA,1524,NA,NA,NA,NA,-0.2,NA,-3.07,90378.02,0,0,0,-8.2,0,0,0,NA,NA,NA,NA,NA,NA,NA,NA,"0.036",1.5,28,80,2.4,3.9
2020-02-15 12:00:00,101557.75,2,-3.9,64.42,2.57,340,NA,101790,NA,NA,NA,NA,NA,493,604,NA,NA,10,NA,NA,NA,1493.52,NA,NA,NA,NA,-0.085,NA,-4,90347.9,0,0,0,-7.6,0,0,0,NA,NA,NA,NA,NA,NA,NA,NA,"0.037",1.5,23,46,2.6,1.5
2020-02-15 13:00:00,101456.15,3.9,-3.9,60,3.09,350,NA,101650,NA,904,8021,NA,NA,473,603,NA,NA,10,NA,NA,NA,1432.56,NA,NA,NA,NA,0.88,NA,-4.1,90257.51,0,0,0,-9.4,0,0,0,NA,NA,NA,NA,NA,NA,NA,NA,"0.038",2.5,40,44,4.8,0.2
2020-02-15 14:00:00,101456.15,3,-3.9,60,3.6,290,NA,101720,NA,904,NA,NA,NA,463,603,NA,NA,10,NA,NA,NA,1402.08,NA,NA,NA,NA,-0.34,NA,-4.1,90257.51,0,0,0,-8.2,0,0,0,NA,NA,NA,NA,NA,NA,NA,NA,"0.042",3.6,267,22,4.1,-0.8
2020-02-15 15:00:00,101490.02,3,-3.9,60,1.54,250,NA,101730,NA,NA,NA,NA,NA,554,604,NA,NA,10,NA,NA,NA,1676.4,NA,NA,NA,NA,0.97,NA,-4.1,90287.65,0,0,0,-8.6,0,0,1,NA,NA,NA,NA,NA,NA,NA,NA,"0.042",2.7,264,21,3.4,-0.7
2020-02-15 16:00:00,101490.02,3,-3.9,60,1.54,20,NA,101740,NA,NA,1008,NA,NA,504,554,NA,NA,10,3.9,1.1,NA,1524,NA,NA,NA,NA,1.61,NA,-4.1,90287.65,0,0,0,-8.6,0,0,1,NA,NA,NA,NA,NA,NA,NA,NA,"0.04",3.2,272,32,3,1.7
2020-02-15 17:00:00,101490.02,3,-3.9,64.66,3.09,90,NA,101740,NA,NA,NA,NA,NA,454,484,NA,NA,10,NA,NA,NA,1371.6,NA,NA,NA,NA,-0.505,NA,-3.08,90287.65,0,0,0,-8.7,0,0,0,NA,NA,NA,NA,NA,NA,NA,NA,"0.039",2.3,293,54,2.4,3.4
2020-02-15 18:00:00,101456.15,3,-3.9,64.66,2.57,120,NA,101710,NA,NA,NA,NA,NA,454,NA,NA,NA,10,NA,NA,NA,1371.6,NA,NA,NA,NA,0.47,NA,-3.08,90257.51,0,0,0,-8.8,0,0,0,NA,NA,NA,NA,NA,NA,NA,NA,"0.042",1.9,259,30,2.7,2.2
2020-02-15 19:00:00,101388.43,2,-2.8,69.43,2.57,150,NA,101620,NA,NA,8012,NA,NA,494,604,NA,NA,10,NA,NA,NA,1828.8,NA,NA,NA,NA,-0.72,NA,-3.07,90197.27,0,0,0,-7.8,0,0,0,NA,NA,NA,NA,NA,NA,NA,NA,"0.036",1.3,82,59,1.4,1.2
2020-02-15 20:00:00,101320.7,2,-2.2,69.43,3.6,140,NA,101530,NA,NA,NA,NA,NA,604,604,NA,NA,10,NA,NA,NA,1828.8,NA,NA,NA,NA,-1.56,NA,-3.07,90137.02,0,0,0,-7.7,0,0,0,NA,NA,NA,NA,NA,NA,NA,NA,"0.028",1.3,41,64,0.7,2.2
2020-02-15 21:00:00,101219.11,2,-2.2,74.78,3.09,130,NA,101470,NA,904,NA,NA,NA,702,854,NA,NA,10,NA,NA,NA,2133.6,NA,NA,NA,NA,-1.56,NA,-2.06,90046.64,0,0,0,-7.7,0,0,0,NA,NA,NA,NA,NA,NA,NA,NA,"0.029",0.7,108,52,0.7,4.4
2020-02-15 22:00:00,101185.24,2,-2.2,74.78,3.6,120,NA,101380,NA,NA,6019,NA,NA,553,704,NA,NA,10,3.3,1.1,NA,1676.4,NA,NA,NA,NA,-1.56,NA,-2.06,90016.51,0,0,0,-7.6,0,0,0,NA,NA,NA,NA,NA,NA,NA,NA,"0.034",1,94,61,1,2.9
2020-02-15 23:00:00,101151.38,1,-2.2,80.34,2.57,150,NA,101370,NA,NA,NA,NA,NA,554,NA,NA,NA,10,NA,NA,NA,1676.4,NA,3.9,-2.8,NA,-1.91,NA,-2.05,89986.38,0,0,0,-6.4,0,0,0,NA,NA,NA,NA,NA,NA,NA,NA,"0.033",0.9,293,69,0.7,1.9
2020-02-16,101117.52,1,-2.2,80.34,3.09,110,NA,101270,NA,NA,NA,NA,NA,553,504,NA,NA,10,NA,NA,NA,1676.4,NA,NA,NA,NA,-1.91,NA,-2.05,89956.26,0,0,0,-6.3,0,0,0,NA,NA,NA,NA,NA,NA,NA,NA,"0.039",1.2,237,45,0.6,1.4
2020-02-16 01:00:00,101083.65,1,-1.7,80.34,4.12,120,NA,101250,NA,704,8008,NA,NA,416,504,NA,NA,10,NA,NA,NA,1524,NA,NA,NA,NA,-3.13,NA,-2.05,89926.13,0,0,0,-6.2,0,0,0,NA,NA,NA,NA,NA,NA,NA,NA,"0.042",1.7,220,44,0.8,1.4
2020-02-16 02:00:00,101049.79,1,-1.1,86.48,1.54,110,NA,101270,2500,704,NA,0.025,NA,416,504,NA,NA,10,NA,NA,NA,1463.04,NA,NA,NA,NA,-0.68,NA,-1.03,89896.01,0,0,0,-6.1,0,0,1,NA,NA,NA,NA,NA,NA,NA,NA,"0.043",1,233,44,0.9,3.7
2020-02-16 03:00:00,101049.79,1,-1.7,86.48,1.54,120,NA,101260,2500,NA,NA,0.025,NA,464,579,NA,NA,9,NA,NA,NA,1402.08,NA,NA,NA,NA,-1.36,NA,-1.03,89896.01,0,0,0,-6.1,0,0,1,NA,NA,NA,NA,NA,NA,NA,NA,"0.041",0.9,249,37,0.7,2.5
2020-02-16 04:00:00,101015.92,-1,-1.1,100,0,0,NA,101240,2500,NA,8004,0.025,NA,474,554,0.025,NA,10,1.7,-0.6,NA,1432.56,NA,NA,NA,NA,NA,NA,-1,89865.88,0,0,0,-4,0,0,1,NA,NA,NA,NA,NA,NA,NA,NA,"0.04",0.9,271,46,0.5,1.2
2020-02-16 05:00:00,101015.92,-1,-1.1,100,0,0,NA,101230,NA,554,NA,NA,NA,444,554,NA,NA,10,NA,NA,NA,1341.12,NA,NA,NA,NA,-2.96,NA,-1,89865.88,0,0,0,-4.1,0,0,1,NA,NA,NA,NA,NA,NA,NA,NA,"0.033",2.4,47,68,0.2,1.4
2020-02-16 06:00:00,101015.92,-1,-1.7,92.91,0,0,NA,101230,2500,NA,NA,0.025,NA,483,554,NA,NA,10,NA,NA,NA,1524,NA,NA,NA,NA,-4.78,NA,-2.02,89865.88,0,0,0,-4.1,0,0,1,NA,NA,NA,NA,NA,NA,NA,NA,"0.027",2,230,59,-0.2,3.9
2020-02-16 07:00:00,100998.99,-1,-2.5,92.91,0,0,NA,101250,1265.5,803,6001,0.025,0.025,552,753.5,NA,NA,9,NA,NA,NA,1676.4,NA,NA,NA,NA,-2.96,NA,-2.02,89850.815,0,0,0,-4.3,0,0,1,NA,NA,NA,NA,NA,NA,NA,NA,"0.028",1.4,210,70,-0.8,4.4
2020-02-16 08:00:00,101049.79,-1,-2.2,92.91,0,0,NA,101320,31,903,NA,NA,NA,311,653,NA,NA,6.5,NA,NA,NA,2286,NA,NA,NA,NA,-3.07,NA,-2.02,89896.01,0,0,0,-4.6,0,0,1,NA,NA,NA,NA,NA,NA,NA,NA,"0.02",0.4,332,59,-0.4,2.7
2020-02-16 09:00:00,101083.65,-1,-1.7,92.91,0.77,115,NA,101330,31,854,NA,NA,NA,94.5,703,NA,NA,8,NA,NA,NA,1828.8,NA,NA,NA,NA,-2.96,NA,-2.02,89926.13,0,0,0,-4.2,0,0,1,NA,NA,NA,NA,NA,NA,NA,NA,"0.02",0.9,45,61,0.4,5.1
2020-02-16 10:00:00,101117.52,1,-0.6,86.48,2.06,300,NA,101340,NA,604,1010,NA,NA,76,502,0.025,NA,10,1.7,-1.7,NA,1524,NA,NA,NA,NA,-1.36,NA,-1.03,89956.26,0,0,0,-6.2,0,0,0,NA,NA,NA,NA,NA,NA,NA,NA,"0.023",1,262,62,0.6,5.6
2020-02-16 11:00:00,101151.38,2,-2.2,80.49,2.57,320,NA,101360,NA,704,NA,NA,NA,426,554,NA,NA,10,NA,NA,NA,1676.4,NA,NA,NA,NA,-0.72,NA,-1.05,89986.38,0,0,0,-6,0,0,0,NA,NA,NA,NA,NA,NA,NA,NA,"0.026",1,153,63,1.3,3.2
2020-02-16 12:00:00,101151.38,3,-3.9,69.64,3.6,340,NA,101290,NA,703,NA,NA,NA,462,578,NA,NA,10,NA,NA,NA,1828.8,NA,NA,NA,NA,-0.34,NA,-2.07,89986.38,0,0,0,-8.4,0,0,0,NA,NA,NA,NA,NA,NA,NA,NA,"0.036",1.4,70,39,2.7,2.7
2020-02-16 13:00:00,101117.52,3.6,-3.85,60,3.86,290,NA,101290,20,654,8001,0.025,0.025,364,493,NA,NA,9,NA,NA,NA,1493.52,NA,NA,NA,NA,0.25,NA,-4.1,89956.26,0,0,0,-8.9,0,0,0,NA,NA,NA,NA,NA,NA,NA,NA,"0.039",1.3,243,54,3.7,3.3
2020-02-16 14:00:00,101151.38,4,-1.7,64.9,5.14,340,7.72,101380,NA,554,NA,NA,NA,486,579,NA,NA,10,NA,NA,NA,1676.4,NA,NA,NA,NA,-0.65,NA,-2.08,89986.38,0,0,0,-9.3,0,0,0,NA,NA,NA,NA,NA,NA,NA,NA,"0.042",2.1,279,28,5,2.7
2020-02-16 15:00:00,101185.24,3,-2.8,69.43,6.17,330,10.29,101440,NA,NA,NA,NA,NA,604,NA,NA,NA,10,NA,NA,NA,1828.8,NA,NA,NA,NA,-1.72,NA,-3.07,90016.51,0,0,0,-8.7,0,0,0,NA,NA,NA,NA,NA,NA,NA,NA,"0.04",1.8,324,32,4,1.1
2020-02-16 16:00:00,101252.97,2,-2.2,74.78,7.2,320,10.03,101550,1260,803,3018,0.025,NA,553,653,0.025,NA,10,4.4,1.1,NA,1676.4,NA,NA,NA,NA,-3.42,NA,-2.06,90076.76,0,0,0,-8.4,0,0,0,NA,NA,NA,NA,NA,NA,NA,NA,"0.04",1.1,331,27,1.7,0.8
2020-02-16 17:00:00,101320.7,1,-3.9,69.22,4.63,330,NA,101620,2500,1004,NA,0.025,NA,603,703,NA,NA,10,NA,NA,NA,1828.8,NA,NA,NA,NA,-3.45,NA,-4.07,90137.02,0,0,0,-7.7,0,0,0,NA,NA,NA,NA,NA,NA,NA,NA,"0.04",1.3,306,53,0.6,2.2
2020-02-16 18:00:00,101456.15,-0.6,-2,92.25,5.66,330,9.77,101770,2500,1004,NA,0.025,NA,414,803.5,NA,NA,2.5,NA,NA,NA,1249.68,NA,NA,NA,NA,-5.845,NA,-2.02,90257.51,0,0,0,-6.6,0,0,0,NA,NA,NA,NA,NA,NA,NA,NA,"0.039",0.9,289,45,-0.3,1.5
2020-02-16 19:00:00,101523.88,-1,-2.2,92.91,0.77,160,NA,101830,2500,504,1022,0.254,0.254,333,529,NA,NA,10,NA,NA,NA,1036.32,NA,NA,NA,NA,-3.81,NA,-2.02,90317.77,0,0,0,-6.5,0,0,1,NA,NA,NA,NA,NA,NA,NA,NA,"0.039",1,47,69,-1.5,0.5
2020-02-16 20:00:00,101557.75,-1,-2.2,92.91,0,0,NA,101870,2500,704,NA,0.025,NA,213,334,NA,NA,5,NA,NA,NA,1005.84,NA,NA,NA,NA,-4.9,NA,-2.02,90347.9,0,0,0,-6.8,0,0,1,NA,NA,NA,NA,NA,NA,NA,NA,"0.039",1.2,53,60,-1.8,0.2
2020-02-16 21:00:00,101625.47,-1,-2.2,92.91,2.06,260,NA,101950,2500,654,NA,0.254,NA,303,434,NA,NA,4,NA,NA,NA,1005.84,NA,NA,NA,NA,-4.28,NA,-2.02,90408.14,0,0,0,-7.1,0,0,0,NA,NA,NA,NA,NA,NA,NA,NA,"0.038",1,147,64,-2.1,-0.9
2020-02-16 22:00:00,101659.34,-2,-2.8,92.91,1.54,120,NA,101930,NA,904,1012,NA,NA,46,553,0.508,NA,10,1.1,-2.2,NA,1828.8,NA,NA,NA,NA,-3.9,NA,-2.02,90438.28,0,0,0,-6.4,0,0,1,NA,NA,NA,NA,NA,NA,NA,NA,"0.037",1,149,38,-2.3,-0.7
2020-02-16 23:00:00,101659.34,-1,-2.8,92.85,0,0,NA,101940,NA,829,NA,NA,NA,396,604,NA,NA,10,NA,NA,NA,1828.8,NA,4.4,-2.2,NA,-3.7,NA,-3.02,90438.28,0,0,0,-7.6,0,0,1,NA,NA,NA,NA,NA,NA,NA,NA,"0.03",0.7,259,72,-2.9,-0.2
2020-02-17,101693.2,-1,-2.8,86.26,0,0,NA,101970,2500,704,NA,0.025,NA,433,703,NA,NA,10,NA,NA,NA,1371.6,NA,NA,NA,NA,-2.96,NA,-3.03,90468.4,0,0,0,-7.2,0,0,1,NA,NA,NA,NA,NA,NA,NA,NA,"0.034",1.4,200,64,-2.8,-2.1
2020-02-17 01:00:00,101760.93,-2,-3.9,90.105,0,0,NA,102010,2500,704,3007,0.025,0.025,166,454,NA,NA,9,NA,NA,NA,1371.6,NA,NA,NA,NA,-4.1,NA,-3.475,90528.65,0,0,0,-6.5,0,0,1,NA,NA,NA,NA,NA,NA,NA,NA,"0.039",1.3,250,45,-2.7,-1.9
2020-02-17 02:00:00,101727.07,-2.8,-3.9,92.79,0,0,NA,101980,31,704,NA,0.025,NA,142,383,NA,NA,7,NA,NA,NA,1158.24,NA,NA,NA,NA,-5.25,NA,-4.02,90498.53,0,0,0,-5.5,0,0,1,NA,NA,NA,NA,NA,NA,NA,NA,"0.034",1.1,199,52,-3.3,1.2
2020-02-17 03:00:00,101693.2,-2,-3.9,86.15,2.57,130,NA,101960,NA,878.5,NA,NA,NA,126,163,NA,NA,10,NA,NA,NA,1676.4,NA,NA,NA,NA,-5.99,NA,-4.03,90468.4,0,0,0,-6.3,0,0,0,NA,NA,NA,NA,NA,NA,NA,NA,"0.03",1.2,156,60,-3.2,1.2
2020-02-17 04:00:00,101693.2,-2.4,-3.9,92.79,2.06,120,NA,101990,20,679,5004,0.025,NA,236,488.5,0.025,0.508,10,-1.1,-3.3,NA,1432.56,NA,NA,NA,NA,-5.99,NA,-4.02,90468.4,0,0,0,-5.9,0,0,0,NA,NA,NA,NA,NA,NA,NA,NA,"0.029",1,169,58,-3,0
2020-02-17 05:00:00,101693.2,-2.8,-3.3,92.85,1.54,130,NA,102000,2460.5,704,NA,0.254,NA,83,294,NA,NA,1.5,NA,NA,NA,243.84,NA,NA,NA,NA,-4.94,NA,-3.31,90468.4,0,0,0,-5.7,0,0,1,NA,NA,NA,NA,NA,NA,NA,NA,"0.039",0.9,190,39,-2.9,-0.7
2020-02-17 06:00:00,101727.07,-2.2,-3.3,95.65,0,0,NA,102030,2500,254,NA,0.762,NA,85,133,NA,NA,1,NA,NA,NA,396.24,NA,NA,NA,NA,-5.8,NA,-3.02,90498.53,0,0,0,-6.1,0,0,1,NA,NA,NA,NA,NA,NA,NA,NA,"0.039",0.7,238,43,-3,-0.7
2020-02-17 07:00:00,101760.93,-2,-2.8,92.85,0,0,NA,102070,2500,NA,3006,0.508,2.54,85,NA,NA,NA,0.75,NA,NA,NA,243.84,NA,NA,NA,NA,-4.1,NA,-3.02,90528.65,0,0,0,-6.7,0,0,1,NA,NA,NA,NA,NA,NA,NA,NA,"0.04",0.7,191,53,-3.1,0.2
2020-02-17 08:00:00,101828.66,-2,-2.9,92.85,0,0,NA,102150,2420.5,NA,NA,1.397,NA,125,114,NA,NA,0.25,NA,NA,NA,365.76,NA,NA,NA,NA,NA,NA,-3.02,90588.91,0,0,0,-6.7,0,0,1,NA,NA,NA,NA,NA,NA,NA,NA,"0.032",0.9,341,71,-2.7,1.7
2020-02-17 09:00:00,101862.52,-2,-2.8,92.85,0,0,NA,102230,2500,499,NA,0.508,NA,120,154,NA,NA,1,NA,NA,NA,426.72,NA,NA,NA,NA,NA,NA,-3.02,90619.03,0,0,0,-6.3,0,0,1,NA,NA,NA,NA,NA,NA,NA,NA,"0.033",1.1,267,53,-1.5,-0.7
2020-02-17 10:00:00,101930.25,-1.35,-2.8,89.22,1.54,290,NA,102230,31,704,1015,0.025,NA,86,553.5,4.826,NA,3,0,-2.8,NA,1676.4,NA,NA,NA,NA,-3.9,NA,-3.02,90679.28,0,0,0,-6.35,0,0,1,NA,NA,NA,NA,NA,NA,NA,NA,"0.036",0.9,269,49,0.4,-1.4
2020-02-17 11:00:00,101964.11,-1,-3.9,86.26,3.09,330,NA,102300,NA,904,NA,NA,NA,422,603,NA,NA,10,NA,NA,NA,1828.8,NA,NA,NA,NA,-3.7,NA,-3.03,90709.41,0,0,0,-6.4,0,0,0,NA,NA,NA,NA,NA,NA,NA,NA,"0.037",1.1,297,54,0.8,1.9
2020-02-17 12:00:00,101997.98,1,-4.4,69.22,2.06,315,NA,102250,20,704,NA,0.025,NA,472.5,554,NA,NA,10,NA,NA,NA,1432.56,NA,NA,NA,NA,-1.91,NA,-4.07,90739.54,0,0,0,-8.2,0,0,0,NA,NA,NA,NA,NA,NA,NA,NA,"0.036",1.3,13,48,1,6.1
2020-02-17 13:00:00,101964.11,1.05,-4.7,59.74,3.6,330,NA,102230,20,554,1,0.025,0.025,343,463,NA,NA,9,NA,NA,NA,1036.32,NA,NA,NA,NA,-2.38,NA,-5.1,90709.41,0,0,0,-8.55,0,0,0,NA,NA,NA,NA,NA,NA,NA,NA,"0.039",1.3,77,49,2.2,3.9
2020-02-17 14:00:00,101997.98,-0.6,-3.3,84.97,4.63,330,9.005,102330,20,529,NA,0.254,NA,252,324,NA,NA,1.625,NA,NA,NA,853.44,NA,NA,NA,NA,-5.53,NA,-3.05,90739.54,0,0,0,-5.8,0,0,0,NA,NA,NA,NA,NA,NA,NA,NA,"0.041",1.3,308,48,1.5,-0.4
2020-02-17 15:00:00,101997.98,1,-3.05,74.6,2.06,140,NA,102330,NA,1203,NA,0.025,NA,702,1004,NA,NA,10,NA,NA,NA,3657.6,NA,NA,NA,NA,-1.91,NA,-3.35,90739.54,0,0,0,-8.2,0,0,0,NA,NA,NA,NA,NA,NA,NA,NA,"0.039",2.1,91,43,-0.4,2.2
2020-02-17 16:00:00,102065.7,-1,-3.9,80.04,2.06,180,NA,102370,NA,NA,1010,NA,NA,1,NA,0.254,NA,10,2.2,-1.1,NA,NA,NA,NA,NA,NA,-2.96,NA,-4.05,90799.78,0,0,0,-6.6,0,0,0,NA,NA,NA,NA,NA,NA,NA,NA,"0.038",1,102,38,0.2,4.2
2020-02-17 17:00:00,102099.57,-1,-4.4,78.32,2.06,280,NA,102470,20,653.5,NA,0.025,NA,332,527.5,NA,NA,10,NA,NA,NA,1493.52,NA,NA,NA,NA,-3.7,NA,-4.05,90829.91,0,0,0,-7.2,0,0,0,NA,NA,NA,NA,NA,NA,NA,NA,"0.036",1.7,195,47,-0.1,2.9
2020-02-17 18:00:00,102201.16,-2.1,-5.6,75.75,2.06,340,NA,102570,20,1203,NA,0.025,NA,499,802.5,NA,NA,10,NA,NA,NA,3657.6,NA,NA,NA,NA,-5.47,NA,-6.06,90920.29,0,0,0,-7.1,0,0,0,NA,NA,NA,NA,NA,NA,NA,NA,"0.018",1.2,231,68,-1.9,3.2
2020-02-17 19:00:00,102235.02,-3,-7.8,79.58,2.57,340,NA,102640,NA,703,3021,NA,0.025,466,453,NA,NA,10,NA,NA,NA,1371.6,NA,NA,NA,NA,-6.65,NA,-7.05,90950.41,0,0,0,-6.3,0,0,0,NA,NA,NA,NA,NA,NA,NA,NA,"0.018",1.4,123,55,-2.4,5.9
2020-02-17 20:00:00,102302.75,-3,-7.8,68.34,1.54,150,NA,102650,NA,828,NA,NA,NA,604,803,NA,NA,10,NA,NA,NA,1828.8,NA,NA,NA,NA,-6.03,NA,-8.08,91010.67,0,0,0,-6.6,0,0,1,NA,NA,NA,NA,NA,NA,NA,NA,"0.023",1.3,246,64,-2.6,6.3
2020-02-17 21:00:00,102336.62,-3,-7.8,73.65,2.06,260,NA,102740,NA,753,NA,NA,NA,552,704,NA,NA,10,NA,NA,NA,1828.8,NA,NA,NA,NA,-8.635,NA,-8.07,91040.8,0,0,0,-6.7,0,0,0,NA,NA,NA,NA,NA,NA,NA,NA,"0.016",0.8,139,52,-3,6.6
2020-02-17 22:00:00,102370.48,-4,-9.4,68.11,2.06,350,NA,102720,NA,1103,1009,NA,NA,603,1103,0.025,NA,10,0,-5,NA,2438.4,NA,NA,NA,NA,-7.2,NA,-9.08,91070.92,0,0,0,-5.6,0,0,0,NA,NA,NA,NA,NA,NA,NA,NA,"0.018",0.9,239,61,-3.6,6.6
2020-02-17 23:00:00,102404.34,-5,-10,68.11,2.06,100,NA,102760,NA,NA,NA,NA,NA,1103,NA,NA,NA,10,NA,NA,NA,3352.8,NA,2.2,-6.1,NA,-8.67,NA,-10.07,91101.04,0,0,0,-4.8,0,0,0,NA,NA,NA,NA,NA,NA,NA,NA,"0.018",0.5,77,69,-4.7,3.9
2020-02-18,102438.21,-6,-9.4,79.26,1.54,20,NA,102790,NA,NA,NA,NA,NA,906,NA,NA,NA,10,NA,NA,NA,NA,NA,NA,NA,NA,-8.67,NA,-9.05,91131.18,0,0,0,-3.9,0,0,1,NA,NA,NA,NA,NA,NA,NA,NA,"0.027",0.5,229,59,-4.9,3.4
2020-02-18 01:00:00,102438.21,-7,-10,80.33,0,0,NA,102790,NA,853.5,1005,NA,NA,602,903,NA,NA,10,NA,NA,NA,2590.8,NA,NA,NA,NA,-10.26,NA,-9.05,91131.18,0,0,0,-3.3,0,0,1,NA,NA,NA,NA,NA,NA,NA,NA,"0.024",0.8,70,62,-5.4,4.2
2020-02-18 02:00:00,102472.07,-7,-10,85.59,1.54,40,NA,102880,NA,904,NA,NA,NA,506,902.5,NA,NA,10,NA,NA,NA,2819.4,NA,NA,NA,NA,-10.26,NA,-9.04,91161.3,0,0,0,-3.2,0,0,1,NA,NA,NA,NA,NA,NA,NA,NA,"0.02",1.1,56,62,-6.2,0.7
2020-02-18 03:00:00,102472.07,-7,-10,85.59,0,0,NA,102850,NA,953,NA,NA,NA,476,553,NA,NA,10,NA,NA,NA,1676.4,NA,NA,NA,NA,-9.985,NA,-9.05,91161.3,0,0,0,-3.1,0,0,1,NA,NA,NA,NA,NA,NA,NA,NA,"0.023",0.9,95,77,-6.2,1
2020-02-18 04:00:00,102438.21,-8,-9.4,85.59,0,0,NA,102840,NA,NA,1002,NA,NA,903,903,NA,5.08,10,-4.4,-8.9,NA,2743.2,NA,NA,NA,NA,-12.1,NA,-9.04,91131.18,0,0,0,-2.2,0,0,1,NA,NA,NA,NA,NA,NA,NA,NA,"0.015",0.6,79,82,-6.8,2.9
2020-02-18 05:00:00,102438.21,-7,-9.4,85.59,0,0,NA,102850,NA,904,NA,NA,NA,652,904,NA,NA,10,NA,NA,NA,2743.2,NA,NA,NA,NA,NA,NA,-9.04,91131.18,0,0,0,-3.1,0,0,1,NA,NA,NA,NA,NA,NA,NA,NA,"0.004",1.5,69,58,-6.5,4.1
2020-02-18 06:00:00,102438.21,-7,-8.3,85.59,0,0,NA,102870,2500,904,NA,0.025,NA,506,653,NA,NA,10,NA,NA,NA,2590.8,NA,NA,NA,NA,-11.05,NA,-9.04,91131.18,0,0,0,-3.3,0,0,1,NA,NA,NA,NA,NA,NA,NA,NA,"0.004",0.8,225,69,-6.4,6.4
2020-02-18 07:00:00,102472.07,-6,-7.8,85.71,0,0,NA,102890,NA,879,3001,NA,0.025,502,854,NA,NA,10,NA,NA,NA,1828.8,NA,NA,NA,NA,-9.82,NA,-8.04,91161.3,0,0,0,-4.2,0,0,1,NA,NA,NA,NA,NA,NA,NA,NA,"0.006",1.2,306,68,-6.4,6.1
2020-02-18 08:00:00,102505.93,-6,-7.8,85.71,0,0,NA,102920,NA,904,NA,NA,NA,653,904,NA,NA,10,NA,NA,NA,2133.6,NA,NA,NA,NA,-9.82,NA,-8.04,91191.42,0,0,0,-4.2,0,0,1,NA,NA,NA,NA,NA,NA,NA,NA,"0.01",1.7,9,68,-5.8,6.6
2020-02-18 09:00:00,102539.8,-6,-7.2,85.71,0,0,NA,102960,NA,904,NA,NA,NA,606,803,NA,NA,10,NA,NA,NA,2743.2,NA,NA,NA,NA,-9.82,NA,-8.02,91221.55,0,0,0,-3.8,0,0,1,NA,NA,NA,NA,NA,NA,NA,NA,"0.021",1.3,327,54,-4.5,6.8
2020-02-18 10:00:00,102539.8,-4,-7.2,79.58,0,0,NA,102940,NA,NA,6,NA,NA,954,904,0.025,NA,10,-3.3,-7.8,NA,2895.6,NA,NA,NA,NA,-6.39,NA,-7.05,91221.55,0,0,0,-5.5,0,0,1,NA,NA,NA,NA,NA,NA,NA,NA,"0.025",1,40,67,-2.9,5.8
2020-02-18 11:00:00,102539.8,-2.2,-7.2,68.56,0,0,NA,102930,NA,NA,NA,NA,NA,954,954,NA,NA,10,NA,NA,NA,2895.6,NA,NA,NA,NA,NA,NA,-7.08,91221.55,0,0,0,-6.5,0,0,1,NA,NA,NA,NA,NA,NA,NA,NA,"0.027",1.1,76,50,-1.8,6.3
2020-02-18 12:00:00,102505.93,-2,-6.7,68.56,0,0,NA,102880,NA,954,NA,NA,NA,954,954,NA,NA,10,NA,NA,NA,2895.6,NA,NA,NA,NA,NA,NA,-7.08,91191.42,0,0,0,-6.1,0,0,1,NA,NA,NA,NA,NA,NA,NA,NA,"0.029",1.2,86,46,-0.7,6.3
2020-02-18 13:00:00,102472.07,-2,-6.7,68.56,0,0,NA,102850,NA,929,8008,NA,NA,553,754,NA,NA,10,NA,NA,NA,1828.8,NA,NA,NA,NA,NA,NA,-7.08,91161.3,0,0,0,-5.7,0,0,1,NA,NA,NA,NA,NA,NA,NA,NA,"0.036",1.1,355,58,-0.1,7.5
2020-02-18 14:00:00,102438.21,-2,-7.2,68.56,1.54,180,NA,102830,NA,954,NA,NA,NA,854,704.5,NA,NA,10,NA,NA,NA,2743.2,NA,NA,NA,NA,-4.1,NA,-7.08,91131.18,0,0,0,-5,0,0,1,NA,NA,NA,NA,NA,NA,NA,NA,"0.04",1.3,256,53,-0.5,4.4
2020-02-18 15:00:00,102404.34,-1,-8.3,58.95,1.54,160,NA,102840,NA,NA,NA,NA,NA,702,804,NA,NA,10,NA,NA,NA,2133.6,NA,NA,NA,NA,-4.86,NA,-8.1,91101.04,0,0,0,-4.6,0,0,1,NA,NA,NA,NA,NA,NA,NA,NA,"0.041",1.1,207,32,-1,1.2
2020-02-18 16:00:00,102438.21,-1,-7.8,63.7,0,0,NA,102830,NA,904,5001,NA,NA,503,678.5,NA,NA,10,0,-3.9,NA,1828.8,NA,NA,NA,NA,-3.33,NA,-7.09,91131.18,0,0,0,-7.9,0,0,1,NA,NA,NA,NA,NA,NA,NA,NA,"0.041",0.7,306,55,-0.7,1.9
2020-02-18 17:00:00,102438.21,-2,-7.2,68.56,1.54,20,NA,102860,NA,954,NA,NA,NA,464,678.5,NA,NA,10,NA,NA,NA,1463.04,NA,NA,NA,NA,-6.43,NA,-7.08,91131.18,0,0,0,-7.9,0,0,1,NA,NA,NA,NA,NA,NA,NA,NA,"0.038",0.7,236,46,-2.4,1
2020-02-18 18:00:00,102472.07,-4,-7.2,73.84,1.54,150,NA,102950,NA,954,NA,NA,NA,556,753,NA,NA,10,NA,NA,NA,2133.6,NA,NA,NA,NA,-7.2,NA,-8.05,91161.3,0,0,0,-7.1,0,0,1,NA,NA,NA,NA,NA,NA,NA,NA,"0.036",0.7,235,44,-3.2,3.4
2020-02-18 19:00:00,102539.8,-4,-6.7,79.58,3.09,110,NA,102980,NA,NA,3010,NA,NA,1,756,NA,NA,10,NA,NA,NA,NA,NA,NA,NA,NA,-8.4,NA,-7.05,91221.55,0,0,0,-8.2,0,0,0,NA,NA,NA,NA,NA,NA,NA,NA,"0.027",0.9,147,52,-4.5,5.1
2020-02-18 20:00:00,102573.66,-4,-6.7,79.58,2.06,120,NA,103010,NA,NA,NA,NA,NA,1,NA,NA,NA,10,NA,NA,NA,NA,NA,NA,NA,NA,-7.84,NA,-7.05,91251.67,0,0,0,-8.8,0,0,0,NA,NA,NA,NA,NA,NA,NA,NA,"0.025",0.8,88,53,-5.7,2.8
2020-02-18 21:00:00,102641.39,-8,-8.9,92.48,2.57,130,NA,103150,NA,NA,NA,NA,NA,1,NA,NA,NA,10,NA,NA,NA,NA,NA,NA,NA,NA,-11.4,NA,-9.02,91311.93,0,0,0,-3.4,0,0,0,NA,NA,NA,NA,NA,NA,NA,NA,"0.017",0.6,133,72,-7.2,2
2020-02-18 22:00:00,102709.12,-8,-13.3,85.47,0,0,NA,103220,31,NA,3018,NA,NA,1,NA,NA,NA,7,-1.1,-10,NA,NA,NA,NA,NA,NA,-12.33,NA,-10.04,91372.18,0,0,0,-5,0,0,1,NA,NA,NA,NA,NA,NA,NA,NA,"0.025",0.6,122,58,-8.3,3.8
2020-02-18 23:00:00,102742.98,-9,-10.6,85.36,0,0,NA,103210,NA,NA,NA,NA,NA,323,NA,NA,NA,10,NA,NA,NA,975.36,NA,0,-10.6,NA,-12.1,NA,-11.04,91402.31,0,0,0,-3.6,0,0,1,NA,NA,NA,NA,NA,NA,NA,NA,"0.011",0.7,179,75,-9.1,8.3
2020-02-19,102776.85,-10,-12.25,85.36,1.54,280,NA,103290,NA,NA,NA,NA,NA,322,493,NA,NA,10,NA,NA,NA,1493.52,NA,NA,NA,NA,-13.24,NA,-11.73,91432.44,0,0,0,-2.5,0,0,1,NA,NA,NA,NA,NA,NA,NA,NA,"0.014",0.6,231,67,-9.6,10.5
2020-02-19 01:00:00,102861.505,-9.4,-11.1,85.24,0,0,NA,103320,NA,NA,3013,NA,NA,174,NA,NA,NA,10,NA,NA,NA,518.16,NA,NA,NA,NA,NA,NA,-12.04,91507.745,0,0,0,-3.4,0,0,1,NA,NA,NA,NA,NA,NA,NA,NA,"0.02",0.7,125,62,-9.4,5.7
2020-02-19 02:00:00,102912.3,-8,-10,85.47,0,0,NA,103360,NA,NA,NA,NA,NA,174,NA,NA,NA,10,NA,NA,NA,518.16,NA,NA,NA,NA,NA,NA,-10.04,91552.94,0,0,0,-4.7,0,0,1,NA,NA,NA,NA,NA,NA,NA,NA,"0.022",0.7,241,37,-8.7,4.5
2020-02-19 03:00:00,102912.3,-8,-9.4,85.47,0,0,NA,103350,NA,NA,NA,NA,NA,164,NA,NA,NA,10,NA,NA,NA,487.68,NA,NA,NA,NA,NA,NA,-10.04,91552.94,0,0,0,-5.1,0,0,1,NA,NA,NA,NA,NA,NA,NA,NA,"0.031",0.6,255,41,-8.7,4.2
2020-02-19 04:00:00,102946.16,-8,-9.4,92.48,0,0,NA,103390,NA,NA,1007,NA,NA,164,NA,NA,NA,10,-7.2,-11.1,NA,487.68,NA,NA,NA,NA,NA,NA,-9.02,91583.06,0,0,0,-5.5,0,0,1,NA,NA,NA,NA,NA,NA,NA,NA,"0.027",0.7,249,60,-8.3,2.7
2020-02-19 05:00:00,102980.03,-7.2,-9.4,85.59,0,0,NA,103410,NA,NA,NA,NA,NA,174,NA,NA,NA,10,NA,NA,NA,518.16,NA,NA,NA,NA,-9.82,NA,-9.04,91613.19,0,0,0,-6.8,0,0,1,NA,NA,NA,NA,NA,NA,NA,NA,"0.024",0.7,239,46,-8.2,3.4
2020-02-19 06:00:00,102980.03,-7,-9.4,85.59,0,0,NA,103420,31,NA,NA,NA,NA,204,NA,NA,NA,10,NA,NA,NA,609.6,NA,NA,NA,NA,-10.7,NA,-9.04,91613.19,0,0,0,-7.6,0,0,1,NA,NA,NA,NA,NA,NA,NA,NA,"0.026",0.7,152,58,-8.2,3.4
2020-02-19 07:00:00,102980.03,-7,-10.6,79.1,0,0,NA,103470,6,NA,3005,NA,NA,214,NA,NA,NA,10,NA,NA,NA,640.08,NA,NA,NA,NA,-9.82,NA,-10.05,91613.19,0,0,0,-6.2,0,0,1,NA,NA,NA,NA,NA,NA,NA,NA,"0.026",0.8,70,60,-8.2,3.7
2020-02-19 08:00:00,103081.62,-7,-11.1,73.06,2.06,140,NA,103590,NA,NA,NA,NA,NA,214,224,NA,NA,10,NA,NA,NA,670.56,NA,NA,NA,NA,-10.7,NA,-11.07,91703.57,0,0,0,-5.2,0,0,0,NA,NA,NA,NA,NA,NA,NA,NA,"0.026",0.8,96,43,-7.9,4.2
2020-02-19 09:00:00,103149.35,-7,-10.6,73.06,1.54,130,NA,103670,NA,NA,NA,NA,NA,214,NA,NA,NA,10,NA,NA,NA,640.08,NA,NA,NA,NA,-9.82,NA,-11.07,91763.82,0,0,0,-3.5,0,0,1,NA,NA,NA,NA,NA,NA,NA,NA,NA,1.3,31,60,-7,5.2
2020-02-19 10:00:00,103149.35,-7,-11.1,73.06,2.57,140,NA,103690,NA,NA,1014,NA,NA,204,NA,NA,NA,10,-6.1,-7.8,NA,609.6,NA,NA,NA,NA,-10.8,NA,-11.07,91763.82,0,0,0,-1.2,0,0,0,NA,NA,NA,NA,NA,NA,NA,NA,NA,1.1,220,61,-5.2,7.1
2020-02-19 11:00:00,103149.35,-6,-10,67.65,0,0,NA,103640,NA,NA,NA,NA,NA,194,NA,NA,NA,10,NA,NA,NA,579.12,NA,NA,NA,NA,-9.1,NA,-11.08,91763.82,0,0,0,0.6,1,1,1,NA,NA,1,2020-02-19 11:00:00,2020-02-19 11:00:00,1,2020-02-19 11:00:00,2020-02-19 11:00:00,"0.033",1.1,347,67,-3.5,7.1
2020-02-19 12:00:00,103115.48,-3,-8.9,63.2,0,0,NA,103580,NA,NA,NA,NA,NA,1,NA,NA,NA,10,NA,NA,NA,NA,NA,NA,NA,NA,NA,NA,-9.09,91733.69,0,0,0,-4.2,0,0,1,NA,NA,NA,NA,NA,NA,NA,NA,"0.035",1.4,51,75,-2,4.7
2020-02-19 13:00:00,103081.62,-2,-8.3,63.45,0,0,NA,103520,NA,NA,8010,NA,NA,1,NA,NA,NA,10,NA,NA,NA,NA,NA,NA,NA,NA,-4.1,NA,-8.4,91703.57,0,0,0,-4.5,0,0,1,NA,NA,NA,NA,NA,NA,NA,NA,"0.036",1.4,81,81,-0.8,4.4
2020-02-19 14:00:00,103013.89,-2,-8.3,63.45,1.54,260,NA,103460,NA,NA,NA,NA,NA,1,NA,NA,NA,10,NA,NA,NA,NA,NA,NA,NA,NA,-4.1,NA,-8.09,91643.31,0,0,0,-3.4,0,0,1,NA,NA,NA,NA,NA,NA,NA,NA,"0.039",1.4,299,69,-0.5,6.1
2020-02-19 15:00:00,102980.03,-2,-8.9,58.68,0,0,NA,103410,NA,NA,NA,NA,NA,1,NA,NA,NA,10,NA,NA,NA,NA,NA,NA,NA,NA,-4.1,NA,-9.1,91613.19,0,0,0,-4.6,0,0,1,NA,NA,NA,NA,NA,NA,NA,NA,"0.038",1,348,71,-0.1,7.3
2020-02-19 16:00:00,102980.03,-2,-8.9,58.68,0,0,NA,103390,NA,NA,6009,NA,NA,1,NA,NA,NA,10,-1.1,-6.1,NA,NA,NA,NA,NA,NA,NA,NA,-9.1,91613.19,0,0,0,-5.5,0,0,1,NA,NA,NA,NA,NA,NA,NA,NA,"0.037",0.8,299,72,0.5,7.8
2020-02-19 17:00:00,102946.16,-2,-9.4,58.68,0,0,NA,103380,NA,NA,NA,NA,NA,1,NA,NA,NA,10,NA,NA,NA,NA,NA,NA,NA,NA,-4.33,NA,-9.1,91583.06,0,0,0,-6.6,0,0,1,NA,NA,NA,NA,NA,NA,NA,NA,"0.034",0.8,123,44,-1.2,7.8
2020-02-19 18:00:00,102946.16,-3,-10,62.95,0,0,NA,103440,NA,NA,NA,NA,NA,1,NA,NA,NA,10,NA,NA,NA,NA,NA,NA,NA,NA,-6.39,NA,-10.09,91583.06,0,0,0,-5.9,0,0,1,NA,NA,NA,NA,NA,NA,NA,NA,"0.021",0.7,162,58,-4.1,9
2020-02-19 19:00:00,102980.03,-6,-11.1,70.82,0,0,NA,103500,NA,NA,3005,NA,NA,1,NA,NA,NA,10,NA,NA,NA,NA,NA,NA,NA,NA,-8.67,NA,-11.08,91613.19,0,0,0,-3.3,0,0,1,NA,NA,NA,NA,NA,NA,NA,NA,"0.026",0.6,83,51,-5.6,9
2020-02-19 20:00:00,103013.89,-7,-11.7,73.06,0,0,NA,103540,NA,NA,NA,NA,NA,1,NA,NA,NA,10,NA,NA,NA,NA,NA,NA,NA,NA,NA,NA,-11.07,91643.31,0,0,0,-1.8,0,0,1,NA,NA,NA,NA,NA,NA,NA,NA,"0.017",0.6,200,52,-7.1,7.1
2020-02-19 21:00:00,103047.76,-7,-10.6,73.06,0,0,NA,103570,NA,NA,NA,NA,NA,1,NA,NA,NA,10,NA,NA,NA,NA,NA,NA,NA,NA,-9.53,NA,-11.07,91673.44,0,0,0,-1.8,0,0,1,NA,NA,NA,NA,NA,NA,NA,NA,"0.012",0.8,168,67,-8.3,9.4
2020-02-19 22:00:00,103081.62,-8,-12.2,78.77,0,0,NA,103640,NA,NA,3009,NA,NA,1,NA,NA,NA,10,-1.1,-9.4,NA,NA,NA,NA,NA,NA,NA,NA,-12.05,91703.57,0,0,0,-0.800000000000001,0,0,1,NA,NA,NA,NA,NA,NA,NA,NA,"0.018",0.8,75,68,-9.2,9.1
2020-02-19 23:00:00,103115.48,-9,-12.8,78.77,0,0,NA,103630,NA,NA,NA,NA,NA,1,NA,NA,NA,10,NA,NA,NA,NA,NA,-1.1,-11.1,NA,-12.1,NA,-12.05,91733.69,0,0,0,-0.800000000000001,0,0,1,NA,NA,NA,NA,NA,NA,NA,NA,"0.007",0.7,192,52,-10.2,18.9
2020-02-20,103115.48,-10,-13.3,85.11,0,0,NA,103630,NA,NA,NA,NA,NA,1,NA,NA,NA,10,NA,NA,NA,NA,NA,NA,NA,NA,NA,NA,-13.04,91733.69,0,0,0,-0.0999999999999996,0,0,1,NA,NA,NA,NA,NA,NA,NA,NA,"0.008",0.5,261,74,-11,10.5
2020-02-20 01:00:00,103149.35,-11,-13.9,85.11,0,0,NA,103640,NA,NA,3003,NA,NA,1,NA,NA,NA,10,NA,NA,NA,NA,NA,NA,NA,NA,-14.39,NA,-13.04,91763.82,0,0,0,0.9,1,1,1,10,14,15,2020-02-20 01:00:00,2020-02-20 15:00:00,15,2020-02-20 01:00:00,2020-02-20 15:00:00,"0.007",0.6,223,62,-11.5,16.4
2020-02-20 02:00:00,103149.35,-11.7,-13.3,85.11,0,0,NA,103640,NA,NA,NA,NA,NA,1,NA,NA,NA,10,NA,NA,NA,NA,NA,NA,NA,NA,NA,NA,-13.33,91763.82,0,0,0,1.2,1,1,1,10,14,15,2020-02-20 01:00:00,2020-02-20 15:00:00,15,2020-02-20 01:00:00,2020-02-20 15:00:00,"0.009",0.9,194,50,-12.2,10
2020-02-20 03:00:00,103149.35,-12,-14.4,84.99,0,0,NA,103640,NA,NA,NA,NA,NA,1,NA,NA,NA,10,NA,NA,NA,NA,NA,NA,NA,NA,NA,NA,-14.04,91763.82,0,0,0,2.3,1,1,1,10,14,15,2020-02-20 01:00:00,2020-02-20 15:00:00,15,2020-02-20 01:00:00,2020-02-20 15:00:00,"0.007",0.6,185,65,-12.7,6.9
2020-02-20 04:00:00,103149.35,-13,-15,84.87,0,0,NA,103650,NA,NA,3001,NA,NA,1,NA,NA,NA,10,-8.9,-12.8,NA,NA,NA,NA,NA,NA,NA,NA,-15.04,91763.82,0,0,0,2.4,1,1,1,10,14,15,2020-02-20 01:00:00,2020-02-20 15:00:00,15,2020-02-20 01:00:00,2020-02-20 15:00:00,"0.011",0.8,207,38,-13.2,5.2
2020-02-20 05:00:00,103183.21,-13,-15.6,84.87,0,0,NA,103730,NA,NA,NA,NA,NA,1,NA,NA,NA,10,NA,NA,NA,NA,NA,NA,NA,NA,-15.53,NA,-15.04,91793.94,0,0,0,2.1,1,1,1,10,14,15,2020-02-20 01:00:00,2020-02-20 15:00:00,15,2020-02-20 01:00:00,2020-02-20 15:00:00,"0.011",0.7,223,50,-13.4,6.2
2020-02-20 06:00:00,103183.21,-13,-15.6,78.1,0,0,NA,103760,NA,NA,NA,NA,NA,1,NA,NA,NA,10,NA,NA,NA,NA,NA,NA,NA,NA,NA,NA,-16.05,91793.94,0,0,0,2.5,1,1,1,10,14,15,2020-02-20 01:00:00,2020-02-20 15:00:00,15,2020-02-20 01:00:00,2020-02-20 15:00:00,"0.004",0.8,202,45,-13.9,9.5
2020-02-20 07:00:00,103183.21,-14,-16.1,78.1,0,0,NA,103790,NA,NA,1004,NA,NA,1,NA,NA,NA,10,NA,NA,NA,NA,NA,NA,NA,NA,NA,NA,-16.05,91793.94,0,0,0,3.2,1,1,1,10,14,15,2020-02-20 01:00:00,2020-02-20 15:00:00,15,2020-02-20 01:00:00,2020-02-20 15:00:00,"0.005",0.7,211,45,-14.2,13.2
2020-02-20 08:00:00,103250.94,-12,-15,78.27,0,0,NA,103840,NA,NA,NA,NA,NA,1,NA,NA,NA,9,NA,NA,NA,NA,NA,NA,NA,NA,NA,NA,-15.05,91854.2,0,0,0,1.6,1,1,1,10,14,15,2020-02-20 01:00:00,2020-02-20 15:00:00,15,2020-02-20 01:00:00,2020-02-20 15:00:00,NA,1,192,55,-12.5,13.4
2020-02-20 09:00:00,103250.94,-11,-12.8,85.11,0,0,NA,103760,NA,NA,NA,NA,NA,1,NA,NA,NA,10,NA,NA,NA,NA,NA,NA,NA,NA,NA,NA,-13.04,91854.2,0,0,0,2.3,1,1,1,10,14,15,2020-02-20 01:00:00,2020-02-20 15:00:00,15,2020-02-20 01:00:00,2020-02-20 15:00:00,"0.023",0.8,229,50,-10,9.4
2020-02-20 10:00:00,103183.21,-9,-11.7,72.65,0,0,NA,103710,NA,NA,8003,NA,NA,1,NA,NA,NA,10,-7.2,-14.4,NA,NA,NA,NA,NA,NA,NA,NA,-12.08,91793.94,0,0,0,2.7,1,1,1,10,14,15,2020-02-20 01:00:00,2020-02-20 15:00:00,15,2020-02-20 01:00:00,2020-02-20 15:00:00,"0.027",1.3,152,51,-7.2,6.6
2020-02-20 11:00:00,103115.48,-7,-11.7,67.42,0,0,NA,103640,NA,NA,NA,NA,NA,1,NA,NA,NA,10,NA,NA,NA,NA,NA,NA,NA,NA,NA,NA,-12.08,91733.69,0,0,0,4.7,1,1,1,10,14,15,2020-02-20 01:00:00,2020-02-20 15:00:00,15,2020-02-20 01:00:00,2020-02-20 15:00:00,"0.03",1,63,62,-4.6,9.4
2020-02-20 12:00:00,103013.89,-5,-10,62.7,1.54,240,NA,103480,NA,NA,NA,NA,NA,1,NA,NA,NA,10,NA,NA,NA,NA,NA,NA,NA,NA,-7.53,NA,-11.09,91643.31,0,0,0,4.5,1,1,1,10,14,15,2020-02-20 01:00:00,2020-02-20 15:00:00,15,2020-02-20 01:00:00,2020-02-20 15:00:00,"0.034",1.3,98,55,-2.8,10.2
2020-02-20 13:00:00,102912.3,-3,-10,54.23,1.54,270,NA,103360,NA,NA,8027,NA,NA,1,NA,NA,NA,10,NA,NA,NA,NA,NA,NA,NA,NA,-5.25,NA,-11.1,91552.94,0,0,0,2.5,1,1,1,10,14,15,2020-02-20 01:00:00,2020-02-20 15:00:00,15,2020-02-20 01:00:00,2020-02-20 15:00:00,"0.035",1.1,183,58,-1.4,7.5
2020-02-20 14:00:00,102810.71,-2,-10,54.23,1.54,240,NA,103250,NA,NA,NA,NA,NA,1,NA,NA,NA,10,NA,NA,NA,NA,NA,NA,NA,NA,-4.86,NA,-10.12,91462.56,0,0,0,1.9,1,1,1,10,14,15,2020-02-20 01:00:00,2020-02-20 15:00:00,15,2020-02-20 01:00:00,2020-02-20 15:00:00,"0.036",1.1,99,54,-0.3,9
2020-02-20 15:00:00,102742.98,-2,-11.1,54.23,0,0,NA,103200,NA,NA,NA,NA,NA,1,NA,NA,NA,10,NA,NA,NA,NA,NA,NA,NA,NA,-4.1,NA,-10.12,91402.31,0,0,0,0.5,1,1,1,10,14,15,2020-02-20 01:00:00,2020-02-20 15:00:00,15,2020-02-20 01:00:00,2020-02-20 15:00:00,"0.037",1,79,59,0.3,10.2
2020-02-20 16:00:00,102709.12,-1,-10,50.39,1.54,200,NA,103150,NA,NA,6018,NA,NA,1,NA,NA,NA,10,-1.1,-7.8,NA,NA,NA,NA,NA,NA,-2.96,NA,-10.12,91372.18,0,0,0,-0.8,0,0,1,NA,NA,NA,NA,NA,NA,NA,NA,"0.035",0.8,323,57,1,8.8
2020-02-20 17:00:00,102641.39,-2,-10.6,50.58,0,0,NA,103120,NA,NA,NA,NA,NA,1,NA,NA,NA,10,NA,NA,NA,NA,NA,NA,NA,NA,-4.1,NA,-10.12,91311.93,0,0,0,-1.3,0,0,1,NA,NA,NA,NA,NA,NA,NA,NA,"0.03",0.6,267,58,0,8.6
2020-02-20 18:00:00,102607.53,-3,-10,58.14,0,0,NA,103150,NA,NA,NA,NA,NA,1,NA,NA,NA,10,NA,NA,NA,NA,NA,NA,NA,NA,-6.39,NA,-11.1,91281.81,0,0,0,-1,0,0,1,NA,NA,NA,NA,NA,NA,NA,NA,"0.011",0.7,179,41,-3.5,9.7
2020-02-20 19:00:00,102641.39,-6,-11.7,67.65,0,0,NA,103210,NA,NA,5003,NA,NA,1,NA,NA,NA,10,NA,NA,NA,NA,NA,NA,NA,NA,-8.67,NA,-11.08,91311.93,0,0,0,2.1,1,1,1,11,15,19,2020-02-20 19:00:00,2020-02-21 13:00:00,20,2020-02-20 19:00:00,2020-02-21 14:00:00,"0.004",0.6,204,77,-5.6,12.4
2020-02-20 20:00:00,102641.39,-7,-11.7,72.85,0,0,NA,103200,NA,NA,NA,NA,NA,1,NA,NA,NA,10,NA,NA,NA,NA,NA,NA,NA,NA,-9.82,NA,-11.77,91311.93,0,0,0,2.2,1,1,1,11,15,19,2020-02-20 19:00:00,2020-02-21 13:00:00,20,2020-02-20 19:00:00,2020-02-21 14:00:00,"0.003",0.6,169,80,-6.9,13.6
2020-02-20 21:00:00,102675.25,-7,-11.7,72.85,0,0,NA,103240,NA,NA,NA,NA,NA,1,NA,NA,NA,10,NA,NA,NA,NA,NA,NA,NA,NA,-9.82,NA,-12.07,91342.05,0,0,0,2.3,1,1,1,11,15,19,2020-02-20 19:00:00,2020-02-21 13:00:00,20,2020-02-20 19:00:00,2020-02-21 14:00:00,"0.003",0.7,163,81,-8.1,12.4
2020-02-20 22:00:00,102742.98,-8,-12.8,67.65,1.54,20,NA,103270,NA,NA,3009,NA,NA,1,NA,NA,NA,10,-1.1,-9.4,NA,NA,NA,NA,NA,NA,-12.1,NA,-12.86,91402.31,0,0,0,3.1,1,1,1,11,15,19,2020-02-20 19:00:00,2020-02-21 13:00:00,20,2020-02-20 19:00:00,2020-02-21 14:00:00,"0.006",0.7,250,68,-8.7,22.5
2020-02-20 23:00:00,102742.98,-9,-11.7,78.77,0,0,NA,103210,NA,NA,NA,NA,NA,1,NA,NA,NA,10,NA,NA,NA,NA,NA,-1.1,-14.4,NA,-12.1,NA,-12.05,91402.31,0,0,0,3.9,1,1,1,11,15,19,2020-02-20 19:00:00,2020-02-21 13:00:00,20,2020-02-20 19:00:00,2020-02-21 14:00:00,"0.004",0.9,212,67,-9.3,11.2
2020-02-21,102709.12,-9,-12.2,78.77,0,0,NA,103210,NA,NA,NA,NA,NA,1,NA,NA,NA,10,NA,NA,NA,NA,NA,NA,NA,NA,-13.78,NA,-12.05,91372.18,0,0,0,4.2,1,1,1,11,15,19,2020-02-20 19:00:00,2020-02-21 13:00:00,20,2020-02-20 19:00:00,2020-02-21 14:00:00,"0.004",0.9,184,58,-10.4,20.6
2020-02-21 01:00:00,102709.12,-9,-12.2,78.77,0,0,NA,103190,NA,NA,6003,NA,NA,1,NA,NA,NA,10,NA,NA,NA,NA,NA,NA,NA,NA,-12.1,NA,-12.05,91372.18,0,0,0,4,1,1,1,11,15,19,2020-02-20 19:00:00,2020-02-21 13:00:00,20,2020-02-20 19:00:00,2020-02-21 14:00:00,"0.005",1.9,129,75,-10.9,12.7
2020-02-21 02:00:00,102675.25,-11,-13.3,85.11,0,0,NA,103160,NA,NA,NA,NA,NA,1,NA,NA,NA,10,NA,NA,NA,NA,NA,NA,NA,NA,-13.815,NA,-13.04,91342.05,0,0,0,5.3,1,1,1,11,15,19,2020-02-20 19:00:00,2020-02-21 13:00:00,20,2020-02-20 19:00:00,2020-02-21 14:00:00,"0.005",1,222,70,-11.3,11.7
2020-02-21 03:00:00,102675.25,-11,-13.9,85.11,0,0,NA,103140,NA,NA,NA,NA,NA,1,NA,NA,NA,10,NA,NA,NA,NA,NA,NA,NA,NA,-15.53,NA,-13.04,91342.05,0,0,0,5.2,1,1,1,11,15,19,2020-02-20 19:00:00,2020-02-21 13:00:00,20,2020-02-20 19:00:00,2020-02-21 14:00:00,"0.004",1.1,208,79,-11.8,8.9
2020-02-21 04:00:00,102675.25,-11,-14.4,85.11,0,0,NA,103140,NA,NA,6005,NA,NA,1,NA,NA,NA,10,-8.3,-12.2,NA,NA,NA,NA,NA,NA,NA,NA,-13.04,91342.05,0,0,0,5.1,1,1,1,11,15,19,2020-02-20 19:00:00,2020-02-21 13:00:00,20,2020-02-20 19:00:00,2020-02-21 14:00:00,"0.003",1.1,197,62,-12.2,7.1
2020-02-21 05:00:00,102675.25,-12,-14.4,89.95,0,0,NA,103160,NA,NA,NA,NA,NA,1,NA,NA,NA,10,NA,NA,NA,NA,NA,NA,NA,NA,NA,NA,-14.03,91342.05,0,0,0,5.7,1,1,1,11,15,19,2020-02-20 19:00:00,2020-02-21 13:00:00,20,2020-02-20 19:00:00,2020-02-21 14:00:00,"0.003",1.3,193,61,-12.8,8.8
2020-02-21 06:00:00,102641.39,-13,-13.9,92.16,0,0,NA,103150,NA,NA,NA,NA,NA,1,NA,NA,NA,10,NA,NA,NA,NA,NA,NA,NA,NA,-15.53,NA,-14.02,91311.93,0,0,0,6.2,1,1,1,11,15,19,2020-02-20 19:00:00,2020-02-21 13:00:00,20,2020-02-20 19:00:00,2020-02-21 14:00:00,"0.002",1.1,223,56,-13,8.6
2020-02-21 07:00:00,102641.39,-13,-14.4,87.74,0,0,NA,103200,31,NA,5002,NA,NA,1,NA,NA,NA,10,NA,NA,NA,NA,NA,NA,NA,NA,-16.67,NA,-14.04,91311.93,0,0,0,6.2,1,1,1,11,15,19,2020-02-20 19:00:00,2020-02-21 13:00:00,20,2020-02-20 19:00:00,2020-02-21 14:00:00,"0.003",0.8,217,43,-13.2,8.4
2020-02-21 08:00:00,102675.25,-11,-12.2,85.11,0,0,NA,103220,NA,NA,NA,NA,NA,1,NA,NA,NA,9,NA,NA,NA,NA,NA,NA,NA,NA,NA,NA,-13.04,91342.05,0,0,0,4.4,1,1,1,11,15,19,2020-02-20 19:00:00,2020-02-21 13:00:00,20,2020-02-20 19:00:00,2020-02-21 14:00:00,"0.011",1.2,220,69,-11.5,10.7
2020-02-21 09:00:00,102675.25,-9,-11.7,78.61,0,0,NA,103170,NA,NA,NA,NA,NA,1,NA,NA,NA,10,NA,NA,NA,NA,NA,NA,NA,NA,NA,NA,-12.07,91342.05,0,0,0,3.2,1,1,1,11,15,19,2020-02-20 19:00:00,2020-02-21 13:00:00,20,2020-02-20 19:00:00,2020-02-21 14:00:00,"0.019",1,166,83,-7.9,17.4
2020-02-21 10:00:00,102607.53,-7,-10.6,73.06,0,0,NA,103120,NA,NA,8004,NA,NA,1,NA,NA,NA,10,-6.7,-13.3,NA,NA,NA,NA,NA,NA,-9.82,NA,-11.07,91281.81,0,0,0,3.2,1,1,1,11,15,19,2020-02-20 19:00:00,2020-02-21 13:00:00,20,2020-02-20 19:00:00,2020-02-21 14:00:00,"0.027",0.9,300,51,-6,13.3
2020-02-21 11:00:00,102539.8,-4,-8.3,68.34,1.54,230,NA,102970,NA,NA,NA,NA,NA,1,NA,NA,NA,10,NA,NA,NA,NA,NA,NA,NA,NA,-8.67,NA,-9.08,91221.55,0,0,0,1.7,1,1,1,11,15,19,2020-02-20 19:00:00,2020-02-21 13:00:00,20,2020-02-20 19:00:00,2020-02-21 14:00:00,"0.03",1.2,66,63,-3.2,12.8
2020-02-21 12:00:00,102472.07,-3,-8.3,68.34,0,0,NA,102860,NA,NA,NA,NA,NA,1,NA,NA,NA,10,NA,NA,NA,NA,NA,NA,NA,NA,-5.25,NA,-8.08,91161.3,0,0,0,1.3,1,1,1,11,15,19,2020-02-20 19:00:00,2020-02-21 13:00:00,20,2020-02-20 19:00:00,2020-02-21 14:00:00,"0.034",1,70,61,-1.3,12.4
2020-02-21 13:00:00,102336.62,-2,-9.4,54.52,1.54,150,NA,102700,NA,NA,8031,NA,NA,1,NA,NA,NA,10,NA,NA,NA,NA,NA,NA,NA,NA,-4.1,NA,-9.11,91040.8,0,0,0,0.8,1,1,1,11,15,19,2020-02-20 19:00:00,2020-02-21 13:00:00,20,2020-02-20 19:00:00,2020-02-21 14:00:00,"0.037",1.1,96,75,0.8,12.1
2020-02-21 14:00:00,102201.16,-1,-8.9,54.52,1.54,180,NA,102590,NA,NA,NA,NA,NA,1,NA,NA,NA,10,NA,NA,NA,NA,NA,NA,NA,NA,-2.96,NA,-9.11,90920.29,0,0,0,0.1,0,1,1,NA,15,NA,NA,NA,20,2020-02-20 19:00:00,2020-02-21 14:00:00,"0.041",1.2,71,46,2.3,10.9
2020-02-21 15:00:00,102099.57,1,-8.3,47.14,1.54,160,NA,102510,NA,NA,NA,NA,NA,1,NA,NA,NA,10,NA,NA,NA,NA,NA,NA,NA,NA,-0.68,NA,-9.13,90829.91,0,0,0,-2.5,0,0,1,NA,NA,NA,NA,NA,NA,NA,NA,"0.043",1.8,88,50,3.9,10.9
2020-02-21 16:00:00,102031.84,2,-8.3,47.45,0,0,NA,102450,NA,NA,6021,NA,NA,1,NA,NA,NA,10,2.2,-6.7,NA,NA,NA,NA,NA,NA,-0.68,NA,-8.13,90769.66,0,0,0,-3.6,0,0,1,NA,NA,NA,NA,NA,NA,NA,NA,"0.042",1.8,78,38,4.3,10.7
2020-02-21 17:00:00,101997.98,2,-7.2,47.45,0,0,NA,102440,NA,NA,NA,NA,NA,1,NA,NA,NA,10,NA,NA,NA,NA,NA,NA,NA,NA,NA,NA,-8.13,90739.54,0,0,0,-4.1,0,0,1,NA,NA,NA,NA,NA,NA,NA,NA,"0.032",1.2,290,61,3.3,8.6
2020-02-21 18:00:00,101997.98,-1,-8.9,58.95,0,0,NA,102490,NA,NA,NA,NA,NA,1,NA,NA,NA,10,NA,NA,NA,NA,NA,NA,NA,NA,-4.1,NA,-8.11,90739.54,0,0,0,-2.1,0,0,1,NA,NA,NA,NA,NA,NA,NA,NA,"0.01",0.8,170,50,-0.7,6.3
2020-02-21 19:00:00,102031.84,-3,-8.9,63.2,0,0,NA,102530,NA,NA,3000,NA,NA,1,NA,NA,NA,10,NA,NA,NA,NA,NA,NA,NA,NA,-5.135,NA,-9.09,90769.66,0,0,0,-0.9,0,0,1,NA,NA,NA,NA,NA,NA,NA,NA,"0.004",0.7,120,71,-3,8.1
2020-02-21 20:00:00,102031.84,-3,-7.8,68.34,0,0,NA,102460,NA,NA,NA,NA,NA,703,NA,NA,NA,10,NA,NA,NA,2133.6,NA,NA,NA,NA,-5.25,NA,-8.08,90769.66,0,0,0,-0.9,0,0,1,NA,NA,NA,NA,NA,NA,NA,NA,"0.003",0.8,195,58,-3.9,11.5
2020-02-21 21:00:00,101997.98,-3,-7.8,68.34,0,0,NA,102460,NA,NA,NA,NA,NA,803,NA,NA,NA,10,NA,NA,NA,2438.4,NA,NA,NA,NA,NA,NA,-8.08,90739.54,0,0,0,-0.7,0,0,1,NA,NA,NA,NA,NA,NA,NA,NA,"0.004",0.8,212,62,-4.1,17.2
2020-02-21 22:00:00,101997.98,-4,-8.3,73.65,0,0,NA,102420,NA,NA,6004,NA,NA,1,NA,NA,NA,10,2.8,-5,NA,2286,NA,NA,NA,NA,-7.53,NA,-8.07,90739.54,0,0,0,0.5,1,1,1,12,16,14,2020-02-21 22:00:00,2020-02-22 11:00:00,15,2020-02-21 22:00:00,2020-02-22 12:00:00,"0.004",1.1,187,55,-4.3,15.9
2020-02-21 23:00:00,101964.11,-6,-8.3,73.65,0,0,NA,102360,NA,NA,NA,NA,NA,752,NA,NA,NA,10,NA,NA,NA,2286,NA,2.8,-13.3,NA,-8.67,NA,-9.05,90709.41,0,0,0,2.5,1,1,1,12,16,14,2020-02-21 22:00:00,2020-02-22 11:00:00,15,2020-02-21 22:00:00,2020-02-22 12:00:00,"0.003",0.9,153,78,-5.4,14.6
2020-02-22,101930.25,-6,-10,85.59,0,0,NA,102340,NA,NA,NA,NA,NA,1,NA,NA,NA,10,NA,NA,NA,NA,NA,NA,NA,NA,-9.93,NA,-9.04,90679.28,0,0,0,1.7,1,1,1,12,16,14,2020-02-21 22:00:00,2020-02-22 11:00:00,15,2020-02-21 22:00:00,2020-02-22 12:00:00,"0.003",0.7,190,72,-6.6,14.2
2020-02-22 01:00:00,101930.25,-7,-10.6,79.26,0,0,NA,102300,NA,NA,6006,NA,NA,606,NA,NA,NA,10,NA,NA,NA,1905,NA,NA,NA,NA,-9.82,NA,-9.05,90679.28,0,0,0,3.1,1,1,1,12,16,14,2020-02-21 22:00:00,2020-02-22 11:00:00,15,2020-02-21 22:00:00,2020-02-22 12:00:00,"0.006",0.6,187,89,-7.1,10.3
2020-02-22 02:00:00,101896.38,-7,-10.6,79.1,0,0,NA,102290,NA,NA,NA,NA,NA,1,NA,NA,NA,10,NA,NA,NA,NA,NA,NA,NA,NA,-9.82,NA,-10.05,90649.15,0,0,0,2.5,1,1,1,12,16,14,2020-02-21 22:00:00,2020-02-22 11:00:00,15,2020-02-21 22:00:00,2020-02-22 12:00:00,"0.006",0.6,212,80,-7.9,8.1
2020-02-22 03:00:00,101896.38,-8,-10.6,79.1,0,0,NA,102240,NA,NA,NA,NA,NA,1,NA,NA,NA,10,NA,NA,NA,NA,NA,NA,NA,NA,-9.82,NA,-10.05,90649.15,0,0,0,3.5,1,1,1,12,16,14,2020-02-21 22:00:00,2020-02-22 11:00:00,15,2020-02-21 22:00:00,2020-02-22 12:00:00,"0.005",0.8,183,70,-8.3,10
2020-02-22 04:00:00,101862.52,-8,-9.4,85.47,0,0,NA,102200,NA,NA,8006,NA,NA,1,NA,NA,NA,9,-4.4,-8.9,NA,NA,NA,NA,NA,NA,NA,NA,-10.04,90619.03,0,0,0,3.5,1,1,1,12,16,14,2020-02-21 22:00:00,2020-02-22 11:00:00,15,2020-02-21 22:00:00,2020-02-22 12:00:00,"0.003",0.8,222,78,-8.5,10.3
2020-02-22 05:00:00,101828.66,-8,-10.6,85.47,0,0,NA,102210,NA,NA,NA,NA,NA,1,NA,NA,NA,9,NA,NA,NA,NA,NA,NA,NA,NA,NA,NA,-10.04,90588.91,0,0,0,3.1,1,1,1,12,16,14,2020-02-21 22:00:00,2020-02-22 11:00:00,15,2020-02-21 22:00:00,2020-02-22 12:00:00,"0.003",0.7,179,91,-8.9,8.1
2020-02-22 06:00:00,101828.66,-9,-11.1,85.24,0,0,NA,102280,NA,NA,NA,NA,NA,1,NA,NA,NA,10,NA,NA,NA,NA,NA,NA,NA,NA,NA,NA,-12.04,90588.91,0,0,0,4.7,1,1,1,12,16,14,2020-02-21 22:00:00,2020-02-22 11:00:00,15,2020-02-21 22:00:00,2020-02-22 12:00:00,"0.002",0.9,207,77,-9.3,5.2
2020-02-22 07:00:00,101760.93,-9,-10.6,85.36,0,0,NA,102200,NA,NA,8007,NA,NA,1,NA,NA,NA,10,NA,NA,NA,NA,NA,NA,NA,NA,-12.1,NA,-11.04,90528.65,0,0,0,4.7,1,1,1,12,16,14,2020-02-21 22:00:00,2020-02-22 11:00:00,15,2020-02-21 22:00:00,2020-02-22 12:00:00,"0.003",0.7,159,75,-9.5,6.9
2020-02-22 08:00:00,101794.79,-9,-9.4,85.47,0,0,NA,102230,31,NA,NA,NA,NA,656,NA,NA,NA,6,NA,NA,NA,NA,NA,NA,NA,NA,-12.1,NA,-10.04,90558.78,0,0,0,5.8,1,1,1,12,16,14,2020-02-21 22:00:00,2020-02-22 11:00:00,15,2020-02-21 22:00:00,2020-02-22 12:00:00,"0.01",1.2,252,50,-7.9,9.8
2020-02-22 09:00:00,101794.79,-6,-7.8,80.67,0,0,NA,102210,31,NA,NA,NA,NA,1,NA,NA,NA,9,NA,NA,NA,NA,NA,NA,NA,NA,-8.67,NA,-8.05,90558.78,0,0,0,4,1,1,1,12,16,14,2020-02-21 22:00:00,2020-02-22 11:00:00,15,2020-02-21 22:00:00,2020-02-22 12:00:00,"0.018",1.1,141,60,-4.4,16.9
2020-02-22 10:00:00,101760.93,-4,-6.7,79.58,0,0,NA,102170,NA,NA,8001,NA,NA,1,NA,NA,NA,9,-3.9,-10,NA,NA,NA,NA,NA,NA,-6.39,NA,-7.05,90528.65,0,0,0,2.9,1,1,1,12,16,14,2020-02-21 22:00:00,2020-02-22 11:00:00,15,2020-02-21 22:00:00,2020-02-22 12:00:00,"0.026",1.2,297,66,-2,19.6
2020-02-22 11:00:00,101727.07,-1,-5.6,68.78,0,0,NA,102080,NA,NA,NA,NA,NA,1,NA,NA,NA,10,NA,NA,NA,NA,NA,NA,NA,NA,-2.96,NA,-6.08,90498.53,0,0,0,2.4,1,1,1,12,16,14,2020-02-21 22:00:00,2020-02-22 11:00:00,15,2020-02-21 22:00:00,2020-02-22 12:00:00,"0.02",1.1,279,49,-2.1,18.1
2020-02-22 12:00:00,101693.2,1,-4.4,64.18,2.06,240,NA,101940,NA,NA,NA,NA,NA,706,NA,NA,NA,10,NA,NA,NA,NA,NA,NA,NA,NA,-1.36,NA,-5.09,90468.4,0,0,0,0.2,0,1,0,NA,16,NA,NA,NA,15,2020-02-21 22:00:00,2020-02-22 12:00:00,"0.02",0.9,319,81,-0.1,21.8
2020-02-22 13:00:00,101557.75,3,-5,60,0,0,NA,101850,NA,NA,8023,NA,NA,702,NA,NA,NA,10,NA,NA,NA,2133.6,NA,NA,NA,NA,0.47,NA,-4.1,90347.9,0,0,0,-1.1,0,0,1,NA,NA,NA,NA,NA,NA,NA,NA,"0.031",1.1,96,49,4.1,16.6
2020-02-22 14:00:00,101490.02,6,-3.9,52.13,0,0,NA,101750,NA,NA,NA,NA,NA,752,954,NA,NA,10,NA,NA,NA,NA,NA,NA,NA,NA,3.9,NA,-4.1,90287.65,0,0,0,-4.2,0,0,1,NA,NA,NA,NA,NA,NA,NA,NA,"0.026",0.9,25,45,7.4,21.6
2020-02-22 15:00:00,101490.02,10.6,-4.4,34.67,4.63,310,7.72,101730,NA,NA,NA,NA,NA,806,NA,NA,NA,10,NA,NA,NA,2590.8,NA,NA,NA,NA,7.495,NA,-4.12,90287.65,0,0,0,-10.6,0,0,0,NA,NA,NA,NA,NA,NA,NA,NA,"0.029",1.1,38,32,9.5,15.9
2020-02-22 16:00:00,101523.88,9,-3.3,42.41,5.14,300,NA,101810,NA,NA,3002,NA,NA,853,NA,NA,NA,10,10.6,-3.9,NA,2590.8,NA,NA,NA,NA,6.28,NA,-4.12,90317.77,0,0,0,-9.1,0,0,0,NA,NA,NA,NA,NA,NA,NA,NA,"0.037",3.8,82,16,10,8.8
2020-02-22 17:00:00,101557.75,8,-4.4,42.41,4.63,300,NA,101860,NA,NA,NA,NA,NA,704,854,NA,NA,10,NA,NA,NA,2133.6,NA,NA,NA,NA,5,NA,-4.12,90347.9,0,0,0,-8.7,0,0,0,NA,NA,NA,NA,NA,NA,NA,NA,"0.033",3.2,83,42,8.4,6.9
2020-02-22 18:00:00,101591.61,6,-3.9,48.64,4.63,310,NA,101930,NA,NA,NA,NA,NA,702,NA,NA,NA,10,NA,NA,NA,1981.2,NA,NA,NA,NA,3.32,NA,-4.11,90378.02,0,0,0,-7.5,0,0,0,NA,NA,NA,NA,NA,NA,NA,NA,"0.031",2,91,68,7.2,5.7
2020-02-22 19:00:00,101659.34,6,-2.8,48.64,3.09,10,NA,101990,NA,NA,2010,NA,NA,653,NA,NA,NA,10,NA,NA,NA,1981.2,NA,NA,NA,NA,3.32,NA,-4.11,90438.28,0,0,0,-8.2,0,0,0,NA,NA,NA,NA,NA,NA,NA,NA,"0.028",1.3,312,60,6,6.4
2020-02-22 20:00:00,101659.34,3.9,-3.9,60.26,2.57,330,NA,101970,NA,NA,NA,NA,NA,1,NA,NA,NA,10,NA,NA,NA,1981.2,NA,NA,NA,NA,1.61,NA,-3.09,90438.28,0,0,0,-6.3,0,0,0,NA,NA,NA,NA,NA,NA,NA,NA,"0.012",3.3,66,51,3.8,10.4
2020-02-22 21:00:00,101659.34,2,-3.9,64.42,2.57,320,NA,101980,NA,NA,NA,NA,NA,1,NA,NA,NA,10,NA,NA,NA,NA,NA,NA,NA,NA,-0.72,NA,-4.09,90438.28,0,0,0,-4.7,0,0,0,NA,NA,NA,NA,NA,NA,NA,NA,"0.005",1.9,137,63,1.7,12.6
2020-02-22 22:00:00,101659.34,1.1,-3.9,69.22,1.54,280,NA,101960,NA,NA,3001,NA,NA,1,NA,NA,NA,10,8.9,0.6,NA,NA,NA,NA,NA,NA,-1.56,NA,-4.07,90438.28,0,0,0,-4.5,0,0,1,NA,NA,NA,NA,NA,NA,NA,NA,"0.01",1.1,64,60,0.4,10.2
2020-02-22 23:00:00,101625.47,0,-4.4,72.2,3.6,290,NA,101870,NA,NA,NA,NA,NA,1,NA,NA,NA,10,NA,NA,NA,NA,NA,10.6,-10,NA,-3.13,NA,-4.07,90408.14,0,0,0,-3.5,0,0,0,NA,NA,NA,NA,NA,NA,NA,NA,"0.005",1.9,140,75,-0.7,10.9
2020-02-23,101591.61,-1,-5,80.04,0,0,NA,101880,NA,NA,NA,NA,NA,1,NA,NA,NA,10,NA,NA,NA,NA,NA,NA,NA,NA,-3.7,NA,-4.05,90378.02,0,0,0,-2.8,0,0,1,NA,NA,NA,NA,NA,NA,NA,NA,"0.007",1.5,106,71,-2.1,11.7
2020-02-23 01:00:00,101591.61,-2,-4.4,79.89,1.54,100,NA,101840,NA,NA,6006,NA,NA,1,NA,NA,NA,10,NA,NA,NA,NA,NA,NA,NA,NA,-4.1,NA,-5.05,90378.02,0,0,0,-1.7,0,0,1,NA,NA,NA,NA,NA,NA,NA,NA,"0.006",2.6,230,73,-3.1,8.6
2020-02-23 02:00:00,101591.61,-2,-6.1,74.22,1.54,90,NA,101820,NA,NA,NA,NA,NA,1,NA,NA,NA,10,NA,NA,NA,NA,NA,NA,NA,NA,-4.1,NA,-6.05,90378.02,0,0,0,-1.5,0,0,1,NA,NA,NA,NA,NA,NA,NA,NA,"0.004",1.6,166,57,-3.7,9.8
2020-02-23 03:00:00,101591.61,-2.2,-5,79.74,1.54,20,NA,101750,NA,NA,NA,NA,NA,1202,NA,NA,NA,10,NA,NA,NA,NA,NA,NA,NA,NA,-5.25,NA,-6.05,90378.02,0,0,0,-0.9,0,0,1,NA,NA,NA,NA,NA,NA,NA,NA,"0.004",1.3,83,67,-3.7,8.9
2020-02-23 04:00:00,101591.61,-2,-5,79.89,0,0,NA,101800,NA,NA,5000,NA,NA,706,903,NA,NA,10,1.1,-3.3,NA,2438.4,NA,NA,NA,NA,-4.1,NA,-5.05,90378.02,0,0,0,-0.7,0,0,1,NA,NA,NA,NA,NA,NA,NA,NA,"0.003",1,191,72,-3.4,8.4
2020-02-23 05:00:00,101591.61,-2,-5,79.89,0,0,NA,101770,NA,1203,NA,NA,NA,703,904,NA,NA,10,NA,NA,NA,2133.6,NA,NA,NA,NA,-4.1,NA,-5.05,90378.02,0,0,0,-0.9,0,0,1,NA,NA,NA,NA,NA,NA,NA,NA,"0.007",1.3,128,81,-3.3,9.1
2020-02-23 06:00:00,101523.88,-3,-5.6,79.74,1.54,100,NA,101760,NA,NA,NA,NA,NA,706,903,NA,NA,10,NA,NA,NA,2743.2,NA,NA,NA,NA,-5.25,NA,-6.05,90317.77,0,0,0,0.1,0,1,1,NA,NA,NA,NA,NA,1,2020-02-23 06:00:00,2020-02-23 06:00:00,"0.003",1.7,193,80,-4,8.9
2020-02-23 07:00:00,101523.88,-3,-6.1,79.74,1.54,140,NA,101800,NA,NA,5005,NA,NA,1203,NA,NA,NA,10,NA,NA,NA,3657.6,NA,NA,NA,NA,-5.25,NA,-6.05,90317.77,0,0,0,-0.5,0,0,1,NA,NA,NA,NA,NA,NA,NA,NA,"0.003",1.6,230,77,-4.2,10
2020-02-23 08:00:00,101523.88,-2,-4.4,86.04,0,0,NA,101760,NA,NA,NA,NA,NA,1103,NA,NA,NA,10,NA,NA,NA,3352.8,NA,NA,NA,NA,-5.36,NA,-5.04,90317.77,0,0,0,-0.8,0,0,1,NA,NA,NA,NA,NA,NA,NA,NA,"0.011",1.6,188,73,-2.8,7.7
2020-02-23 09:00:00,101490.02,-1,-3.9,80.04,2.06,130,NA,101690,NA,NA,NA,NA,NA,806,1102,NA,NA,10,NA,NA,NA,3048,NA,NA,NA,NA,-4.28,NA,-4.05,90287.65,0,0,0,-1,0,0,0,NA,NA,NA,NA,NA,NA,NA,NA,"0.025",1.6,131,61,-1,6.6
2020-02-23 10:00:00,101422.29,1,-4.4,69.22,3.6,100,NA,101620,NA,1104,8014,NA,NA,653,853,NA,NA,10,1.7,-3.3,NA,3048,NA,NA,NA,NA,-3.13,NA,-4.07,90227.39,0,0,0,-2.3,0,0,0,NA,NA,NA,NA,NA,NA,NA,NA,"0.03",1.7,347,80,0.5,5.9
2020-02-23 11:00:00,101354.56,2.8,-5,60,1.54,120,NA,101540,NA,NA,NA,NA,NA,503,654,NA,NA,10,NA,NA,NA,1524,NA,NA,NA,NA,0.47,NA,-4.1,90167.14,0,0,0,-5.5,0,0,1,NA,NA,NA,NA,NA,NA,NA,NA,"0.03",1.3,245,55,1.9,4.2
2020-02-23 12:00:00,101252.97,4,-5.6,51.85,0,0,NA,101430,NA,804,NA,NA,NA,506,653,NA,NA,10,NA,NA,NA,1981.2,NA,NA,NA,NA,1.61,NA,-5.11,90076.76,0,0,0,-6.3,0,0,1,NA,NA,NA,NA,NA,NA,NA,NA,"0.029",1.8,109,52,2.8,4.5
2020-02-23 13:00:00,101083.65,4,-2.8,55.91,0,0,NA,101220,NA,704,8032,NA,NA,604,604,NA,NA,10,NA,NA,NA,1828.8,NA,NA,NA,NA,2.75,NA,-3.1,89926.13,0,0,0,-6.6,0,0,1,NA,NA,NA,NA,NA,NA,NA,NA,"0.03",4.3,31,54,3.9,3.9
2020-02-23 14:00:00,100982.06,4,-2.2,60.51,1.54,150,NA,101140,13,1103,NA,0.025,NA,496,604,NA,NA,10,NA,NA,NA,1676.4,NA,NA,NA,NA,3.03,NA,-2.09,89835.75,0,0,0,-6.4,0,0,1,NA,NA,NA,NA,NA,NA,NA,NA,"0.028",5.1,234,72,5.4,7.3
2020-02-23 15:00:00,100812.74,5,-1.1,60.51,1.54,160,NA,100960,NA,903.5,NA,NA,NA,406,652,NA,NA,10,NA,NA,NA,2590.8,NA,NA,NA,NA,3.31,NA,-2.09,89685.12,0,0,0,-6.7,0,0,1,NA,NA,NA,NA,NA,NA,NA,NA,"0.031",3.8,339,61,7.3,9
2020-02-23 16:00:00,100846.6,4,1,73.06,5.66,290,11.83,101220,13,853.5,3005,0.254,NA,353,473,0.508,NA,9,6.1,1.7,NA,1066.8,0,NA,NA,NA,0.025,NA,-0.06,89715.25,0,0,0,-5.5,0,0,0,NA,NA,NA,NA,NA,NA,NA,NA,"0.034",3,246,19,4.8,4.2
2020-02-23 17:00:00,101202.175,3,-1.1,69.72,7.72,280,19.55,101480,13,804,NA,0.025,NA,246,353,NA,NA,10,NA,NA,21.09,1036.32,0,NA,NA,290,-2.33,NA,-2.57,90031.575,0,0,0,-5.4,0,0,0,NA,NA,NA,NA,NA,NA,NA,NA,"0.044",2.7,321,46,2.4,2.7
2020-02-23 18:00:00,101354.56,3,-5.6,51.56,2.57,310,NA,101640,NA,1202,NA,NA,NA,503,604,NA,NA,10,NA,NA,NA,1463.04,NA,NA,NA,NA,0.47,NA,-6.11,90167.14,0,0,0,-8.5,0,0,0,NA,NA,NA,NA,NA,NA,NA,NA,"0.048",2.9,55,63,2.4,2.7
2020-02-23 19:00:00,101422.29,3,-5,55.64,5.66,290,12.35,101690,NA,1102.5,1041,NA,0.025,484,554,NA,NA,10,NA,NA,NA,1463.04,NA,NA,NA,NA,-1.49,NA,-5.11,90227.39,0,0,0,-9.1,0,0,0,NA,NA,NA,NA,NA,NA,NA,NA,"0.043",2.2,309,66,2.1,2.4
2020-02-23 20:00:00,101388.43,1,-3.3,69.22,6.17,280,NA,101700,NA,NA,NA,NA,NA,432,552,NA,NA,10,NA,NA,NA,1280.16,NA,NA,NA,NA,-4.01,NA,-4.07,90197.27,0,0,0,-7.2,0,0,0,NA,NA,NA,NA,NA,NA,NA,NA,"0.043",1.2,192,31,0.1,1.5
2020-02-23 21:00:00,101456.15,1,-3.9,69.22,2.57,290,NA,101750,NA,NA,NA,NA,NA,506,552,NA,NA,10,NA,NA,NA,NA,NA,NA,NA,NA,-2.77,NA,-4.07,90257.51,0,0,0,-7.4,0,0,0,NA,NA,NA,NA,NA,NA,NA,NA,"0.042",0.8,187,32,0.3,2.9
2020-02-23 22:00:00,101523.88,1,-3.9,69.22,1.54,30,NA,101760,NA,NA,3010,NA,NA,444,603,0.025,NA,10,3.3,0,NA,1432.56,NA,NA,NA,NA,-1.36,NA,-4.07,90317.77,0,0,0,-7.4,0,0,1,NA,NA,NA,NA,NA,NA,NA,NA,"0.039",0.5,171,64,0.4,2.4
2020-02-23 23:00:00,101557.75,0,-3.3,80.19,2.06,140,NA,101800,NA,NA,NA,NA,NA,503,554,NA,NA,10,NA,NA,NA,1524,NA,6.1,-3.3,NA,-1.83,NA,-3.05,90347.9,0,0,0,-6.4,0,0,0,NA,NA,NA,NA,NA,NA,NA,NA,"0.041",0.5,229,32,0.6,1.9
2020-02-24,101591.61,1,-5.6,69.22,3.6,30,NA,101810,NA,704,NA,NA,NA,453,504,NA,NA,10,NA,NA,NA,1463.04,NA,NA,NA,NA,-1.91,NA,-4.07,90378.02,0,0,0,-7.2,0,0,0,NA,NA,NA,NA,NA,NA,NA,NA,"0.038",0.9,232,71,0.1,6.2
2020-02-24 01:00:00,101659.34,1,-6.7,59.48,6.17,290,9.775,101870,NA,NA,3015,NA,NA,472,506,NA,NA,10,NA,NA,NA,1524,NA,NA,NA,NA,-4.26,NA,-6.1,90438.28,0,0,0,-7.4,0,0,0,NA,NA,NA,NA,NA,NA,NA,NA,"0.04",1.1,237,52,0.9,4.7
2020-02-24 02:00:00,101794.79,1,-5.6,59.48,3.09,330,NA,101990,NA,NA,NA,NA,NA,494,603,NA,NA,10,NA,NA,NA,1508.76,NA,NA,NA,NA,-2.38,NA,-6.1,90558.78,0,0,0,-7.8,0,0,0,NA,NA,NA,NA,NA,NA,NA,NA,"0.04",0.5,302,58,0.7,2.2
2020-02-24 03:00:00,101862.52,1,-5,59.48,3.09,340,NA,102080,NA,NA,NA,NA,NA,493,604,NA,NA,10,NA,NA,NA,1493.52,NA,NA,NA,NA,-2.38,NA,-6.1,90619.03,0,0,0,-8,0,0,0,NA,NA,NA,NA,NA,NA,NA,NA,"0.038",0.8,225,68,0.6,1.7
2020-02-24 04:00:00,101930.25,1,-5.6,60.88,3.09,340,NA,102190,NA,NA,1025,NA,NA,504,554,NA,0.508,10,2.2,0,NA,1524,NA,NA,NA,NA,-2.38,NA,-5.7,90679.28,0,0,0,-8.2,0,0,0,NA,NA,NA,NA,NA,NA,NA,NA,"0.033",0.5,60,70,0.2,-0.2
2020-02-24 05:00:00,101997.98,1,-5.6,59.48,2.06,290,NA,102280,NA,754,NA,NA,NA,503,704,NA,NA,10,NA,NA,NA,1524,NA,NA,NA,NA,-2.38,NA,-6.1,90739.54,0,0,0,-8.3,0,0,0,NA,NA,NA,NA,NA,NA,NA,NA,"0.033",0.7,201,46,0.1,-1.7
2020-02-24 06:00:00,102099.57,1,-5.6,59.48,2.06,60,NA,102350,NA,1104,NA,NA,NA,503,1104,NA,NA,10,NA,NA,NA,1524,NA,NA,NA,NA,-1.36,NA,-6.1,90829.91,0,0,0,-8.5,0,0,0,NA,NA,NA,NA,NA,NA,NA,NA,"0.038",0.6,281,35,0.6,-2.1
2020-02-24 07:00:00,102133.43,0,-4.4,69,2.57,330,NA,102410,NA,703,1017,NA,NA,503,653,NA,NA,10,NA,NA,NA,1981.2,NA,NA,NA,NA,-3.09,NA,-5.08,90860.04,0,0,0,-7.7,0,0,0,NA,NA,NA,NA,NA,NA,NA,NA,"0.034",0.7,320,52,0.3,0.2
2020-02-24 08:00:00,102201.16,0.6,-4.4,69.22,3.6,340,7.72,102510,NA,753,NA,NA,NA,503,728.5,NA,NA,10,NA,NA,NA,1524,NA,NA,NA,NA,-3.45,NA,-4.07,90920.29,0,0,0,-8.4,0,0,0,NA,NA,NA,NA,NA,NA,NA,NA,"0.031",0.7,337,51,0.1,4.2
2020-02-24 09:00:00,102268.89,1,-4.4,69.22,3.6,330,NA,102600,NA,754,NA,NA,NA,493,753,NA,NA,10,NA,NA,NA,1676.4,NA,NA,NA,NA,-3.13,NA,-4.07,90980.54,0,0,0,-8.8,0,0,0,NA,NA,NA,NA,NA,NA,NA,NA,"0.031",0.9,352,47,0.2,5.4
2020-02-24 10:00:00,102336.62,1,-4.4,69.22,3.6,320,NA,102630,NA,NA,1019,NA,NA,554,554,NA,NA,10,1.1,0,NA,1676.4,NA,NA,NA,NA,-2.65,NA,-4.07,91040.8,0,0,0,-8.8,0,0,0,NA,NA,NA,NA,NA,NA,NA,NA,"0.034",1.3,340,47,0.5,4.2
2020-02-24 11:00:00,102370.48,2,-4.4,64.42,3.09,330,NA,102650,NA,NA,NA,NA,NA,504,NA,NA,NA,10,NA,NA,NA,1524,NA,NA,NA,NA,-1.17,NA,-4.09,91070.92,0,0,0,-9.5,0,0,0,NA,NA,NA,NA,NA,NA,NA,NA,"0.035",1.5,6,52,1.1,2.7
2020-02-24 12:00:00,102370.48,2,-5.6,59.74,1.54,290,NA,102610,NA,NA,NA,NA,NA,554,NA,NA,NA,10,NA,NA,NA,1676.4,NA,NA,NA,NA,0.47,NA,-5.1,91070.92,0,0,0,-9.2,0,0,1,NA,NA,NA,NA,NA,NA,NA,NA,"0.037",1.5,291,56,2,1.9
2020-02-24 13:00:00,102336.62,3,-6.1,51.56,5.14,240,NA,102570,NA,NA,8002,NA,NA,554,NA,NA,NA,10,NA,NA,NA,1676.4,NA,NA,NA,NA,-0.98,NA,-6.11,91040.8,0,0,0,-9.7,0,0,0,NA,NA,NA,NA,NA,NA,NA,NA,"0.041",1.4,257,22,2.4,2.5
2020-02-24 14:00:00,102370.48,3,-6.1,47.75,6.17,250,9.26,102650,NA,NA,NA,NA,NA,604,704,NA,NA,10,NA,NA,NA,1828.8,NA,NA,NA,NA,-1.72,NA,-7.12,91070.92,0,0,0,-9.8,0,0,0,NA,NA,NA,NA,NA,NA,NA,NA,"0.042",1.4,248,19,2.7,3.4
2020-02-24 15:00:00,102505.93,3,-5,51.56,5.66,310,9.26,102800,NA,NA,NA,NA,NA,504,504,NA,NA,10,NA,NA,NA,1524,NA,NA,NA,NA,-1.49,NA,-6.11,91191.42,0,0,0,-9.7,0,0,0,NA,NA,NA,NA,NA,NA,NA,NA,"0.042",1.5,263,22,2.6,4.7
2020-02-24 16:00:00,102607.53,2,-5,55.36,6.17,300,NA,102890,20,604,3026,0.025,NA,463,604,0.025,NA,10,3.9,1.1,NA,1402.08,NA,NA,NA,NA,-2.99,NA,-6.11,91281.81,0,0,0,-8.8,0,0,0,NA,NA,NA,NA,NA,NA,NA,NA,"0.042",1.6,267,27,2.1,3.2
2020-02-24 17:00:00,102675.25,2,-5,59.74,3.6,280,NA,102970,NA,NA,NA,NA,NA,476,604,NA,NA,10,NA,NA,NA,1828.8,NA,NA,NA,NA,-1.56,NA,-5.1,91342.05,0,0,0,-9.3,0,0,0,NA,NA,NA,NA,NA,NA,NA,NA,"0.041",1.4,253,26,1.2,1
2020-02-24 18:00:00,102709.12,1,-6.1,59.48,4.63,280,NA,103060,NA,NA,NA,NA,NA,602,754,NA,NA,10,NA,NA,NA,1828.8,NA,NA,NA,NA,-3.45,NA,-6.1,91372.18,0,0,0,-8.5,0,0,0,NA,NA,NA,NA,NA,NA,NA,NA,"0.041",1.6,209,26,0.5,1.2
2020-02-24 19:00:00,102810.71,-1,-6.7,63.7,4.63,310,NA,103130,NA,NA,1018,NA,NA,706,754,NA,NA,10,NA,NA,NA,2286,NA,NA,NA,NA,-5.21,NA,-7.09,91462.56,0,0,0,-6.9,0,0,0,NA,NA,NA,NA,NA,NA,NA,NA,"0.038",0.8,234,23,0.1,3.2
2020-02-24 20:00:00,102878.44,-1.85,-6.7,68.56,3.6,300,NA,103220,NA,NA,NA,NA,NA,1,NA,NA,NA,10,NA,NA,NA,NA,NA,NA,NA,NA,-5.965,NA,-7.08,91522.81,0,0,0,-6.35,0,0,0,NA,NA,NA,NA,NA,NA,NA,NA,"0.036",1.1,209,46,-0.5,3.9
2020-02-24 21:00:00,102912.3,-2,-7.2,68.56,2.06,90,NA,103290,NA,NA,NA,NA,NA,756,NA,NA,NA,10,NA,NA,NA,NA,NA,NA,NA,NA,-4.86,NA,-7.08,91552.94,0,0,0,-6.3,0,0,0,NA,NA,NA,NA,NA,NA,NA,NA,"0.033",0.7,240,71,-1.2,2.2
2020-02-24 22:00:00,103013.89,-1,-7.8,63.03,0,0,NA,103350,NA,703.5,3020,NA,NA,472,552.5,NA,NA,10,1.7,-2.8,NA,1676.4,NA,NA,NA,NA,-4.28,NA,-8.09,91643.31,0,0,0,-7.3,0,0,1,NA,NA,NA,NA,NA,NA,NA,NA,"0.021",0.8,151,71,-1.3,2.9
2020-02-24 23:00:00,103047.76,-1,-7.2,58.95,0,0,NA,103370,NA,704,NA,NA,NA,446,553,NA,NA,10,NA,NA,NA,1676.4,NA,3.9,-2.8,NA,-2.73,NA,-8.1,91673.44,0,0,0,-7.2,0,0,1,NA,NA,NA,NA,NA,NA,NA,NA,"0.016",0.6,146,47,-1.4,9.2
2020-02-25,103115.48,0,-6.1,63.45,0,0,NA,103440,NA,NA,NA,NA,NA,404,474,NA,NA,10,NA,NA,NA,1219.2,NA,NA,NA,NA,-2.53,NA,-7.09,91733.69,0,0,0,-8,0,0,1,NA,NA,NA,NA,NA,NA,NA,NA,"0.018",1.2,81,40,-1.3,9.7
2020-02-25 01:00:00,103183.21,-1.7,-3.9,84.9,2.06,330,NA,103480,NA,NA,1014,NA,NA,414,NA,NA,NA,10,NA,NA,NA,1249.68,NA,NA,NA,NA,-4.1,NA,-4.03,91793.94,0,0,0,-6.2,0,0,0,NA,NA,NA,NA,NA,NA,NA,NA,"0.028",0.7,77,47,-1.4,4.7
2020-02-25 02:00:00,103217.08,-2,-3.9,86.15,0,0,NA,103500,NA,NA,NA,NA,NA,394,479,NA,NA,10,NA,NA,NA,1249.68,NA,NA,NA,NA,-4.1,NA,-4.03,91824.07,0,0,0,-6,0,0,1,NA,NA,NA,NA,NA,NA,NA,NA,"0.033",0.7,344,58,-1.8,2.7
2020-02-25 03:00:00,103250.94,-2,-3.9,86.15,0,0,NA,103570,NA,NA,NA,NA,NA,414,NA,NA,NA,10,NA,NA,NA,1249.68,NA,NA,NA,NA,-4.1,NA,-4.03,91854.2,0,0,0,-5.9,0,0,1,NA,NA,NA,NA,NA,NA,NA,NA,"0.03",0.9,259,39,-2.1,1.2
2020-02-25 04:00:00,103284.8,-2,-3.3,88.8,0,0,NA,103630,2500,NA,3011,0.025,NA,433,554,0.025,NA,9,0.6,-2.2,NA,1310.64,NA,NA,NA,NA,-4.1,NA,-3.03,91884.32,0,0,0,-5.9,0,0,1,NA,NA,NA,NA,NA,NA,NA,NA,"0.031",0.9,144,54,-2.3,2.7
2020-02-25 05:00:00,103352.53,-2,-3.3,86.15,0,0,NA,103690,20,604,NA,0.025,NA,454,604,NA,NA,10,NA,NA,NA,1371.6,NA,NA,NA,NA,-4.86,NA,-4.03,91944.57,0,0,0,-5.9,0,0,1,NA,NA,NA,NA,NA,NA,NA,NA,"0.027",0.6,225,42,-2.5,2.7
2020-02-25 06:00:00,103386.4,-2,-3.3,92.85,0,0,NA,103710,NA,NA,NA,NA,NA,474,NA,NA,NA,10,NA,NA,NA,1432.56,NA,NA,NA,NA,-4.1,NA,-3.02,91974.7,0,0,0,-6,0,0,1,NA,NA,NA,NA,NA,NA,NA,NA,"0.024",0.4,151,48,-2.5,3.7
2020-02-25 07:00:00,103386.4,-2,-4.4,92.79,0,0,NA,103760,NA,853,1007,NA,0.025,463,854,NA,NA,10,NA,NA,NA,1402.08,NA,NA,NA,NA,-5.25,NA,-4.02,91974.7,0,0,0,-6.1,0,0,1,NA,NA,NA,NA,NA,NA,NA,NA,"0.015",0.7,103,66,-2.4,6.3
2020-02-25 08:00:00,103420.26,-3,-3.3,92.79,0,0,NA,103800,NA,852.5,NA,NA,NA,433,702,NA,NA,10,NA,NA,NA,1310.64,NA,NA,NA,NA,-5.25,NA,-4.02,92004.83,0,0,0,-5.1,0,0,1,NA,NA,NA,NA,NA,NA,NA,NA,"0.014",1.1,245,50,-1.8,4.9
2020-02-25 09:00:00,103454.12,-1,-3.3,86.26,0,0,NA,103790,NA,NA,NA,NA,NA,464,NA,NA,NA,10,NA,NA,NA,1402.08,NA,NA,NA,NA,NA,NA,-3.03,92034.95,0,0,0,-6.3,0,0,1,NA,NA,NA,NA,NA,NA,NA,NA,"0.022",0.5,353,73,-0.7,4.9
2020-02-25 10:00:00,103454.12,0,-4.4,74.41,0,0,NA,103790,NA,NA,1006,NA,NA,484,NA,0.025,NA,10,1.1,-3.3,NA,1463.04,NA,NA,NA,NA,NA,NA,-4.06,92034.95,0,0,0,-7.2,0,0,1,NA,NA,NA,NA,NA,NA,NA,NA,"0.028",0.8,7,52,0.3,7.5
2020-02-25 11:00:00,103454.12,1,-5.6,64.18,0,0,NA,103720,NA,NA,NA,NA,NA,504,NA,NA,NA,10,NA,NA,NA,1524,NA,NA,NA,NA,NA,NA,-5.09,92034.95,0,0,0,-6.5,0,0,1,NA,NA,NA,NA,NA,NA,NA,NA,"0.038",0.7,342,65,2.3,6.1
2020-02-25 12:00:00,103386.4,2,-6.1,51.56,0,0,NA,103660,NA,NA,NA,NA,NA,553,NA,NA,NA,10,NA,NA,NA,1676.4,NA,NA,NA,NA,1.875,NA,-6.11,91974.7,0,0,0,-7.5,0,0,1,NA,NA,NA,NA,NA,NA,NA,NA,"0.043",0.8,275,60,3.7,3.7
2020-02-25 13:00:00,103318.67,3,-6.7,47.75,1.54,30,NA,103550,NA,NA,8017,NA,NA,603,NA,NA,NA,10,NA,NA,NA,1828.8,NA,NA,NA,NA,1.61,NA,-7.12,91914.45,0,0,0,-8.5,0,0,1,NA,NA,NA,NA,NA,NA,NA,NA,"0.042",1,354,42,3.6,4.7
2020-02-25 14:00:00,103217.08,4,-7.2,44.49,1.54,30,NA,103460,NA,NA,NA,NA,NA,603,NA,NA,NA,10,NA,NA,NA,1828.8,NA,NA,NA,NA,2.75,NA,-7.13,91824.07,0,0,0,-8.3,0,0,1,NA,NA,NA,NA,NA,NA,NA,NA,"0.043",1,70,58,4.4,3.8
2020-02-25 15:00:00,103149.35,5,-7.8,38.4,1.54,15,NA,103360,NA,NA,NA,NA,NA,603,NA,NA,NA,10,NA,NA,NA,1828.8,NA,NA,NA,NA,3.64,NA,-8.14,91763.82,0,0,0,-9.3,0,0,1,NA,NA,NA,NA,NA,NA,NA,NA,"0.044",0.8,1,56,4.6,3.8
2020-02-25 16:00:00,103115.48,5,-7.8,38.4,2.57,320,NA,103380,NA,NA,6015,NA,NA,606,NA,NA,NA,10,5.6,0.6,NA,NA,NA,NA,NA,NA,2.84,NA,-8.14,91733.69,0,0,0,-10.1,0,0,0,NA,NA,NA,NA,NA,NA,NA,NA,"0.044",0.8,320,34,4.1,4.3
2020-02-25 17:00:00,103115.48,4,-7.2,41.18,2.57,310,NA,103390,NA,NA,NA,NA,NA,606,NA,NA,NA,10,NA,NA,NA,NA,NA,NA,NA,NA,1.61,NA,-8.13,91733.69,0,0,0,-10.3,0,0,0,NA,NA,NA,NA,NA,NA,NA,NA,"0.043",1.7,306,24,4.2,3.5
2020-02-25 18:00:00,103115.48,1.1,-6.7,55.08,2.06,310,NA,103450,NA,NA,NA,NA,NA,1,NA,NA,NA,10,NA,NA,NA,NA,NA,NA,NA,NA,-1.04,NA,-7.11,91733.69,0,0,0,-7.8,0,0,0,NA,NA,NA,NA,NA,NA,NA,NA,"0.037",2.2,242,26,2.5,2.7
2020-02-25 19:00:00,103115.48,1,-7.2,55.08,2.06,330,NA,103410,NA,NA,8002,NA,NA,1,NA,NA,NA,10,NA,NA,NA,NA,NA,NA,NA,NA,-1.36,NA,-7.11,91733.69,0,0,0,-8.3,0,0,0,NA,NA,NA,NA,NA,NA,NA,NA,"0.03",2.4,167,52,0.9,4.1
2020-02-25 20:00:00,103047.76,0,-6.1,59.21,0,0,NA,103380,NA,NA,NA,NA,NA,1002,1203,NA,NA,10,NA,NA,NA,2971.8,NA,NA,NA,NA,-2.73,NA,-7.1,91673.44,0,0,0,-7.9,0,0,1,NA,NA,NA,NA,NA,NA,NA,NA,"0.022",1.7,100,40,-0.1,4.9
2020-02-25 21:00:00,103081.62,0,-5.6,63.94,2.57,330,NA,103380,NA,NA,NA,NA,NA,753,853.5,NA,NA,10,NA,NA,NA,2286,NA,NA,NA,NA,-3.09,NA,-6.09,91703.57,0,0,0,-7.6,0,0,0,NA,NA,NA,NA,NA,NA,NA,NA,"0.021",0.8,168,57,-0.6,6.3
2020-02-25 22:00:00,103047.76,0,-5,69,1.54,160,NA,103320,NA,NA,8006,NA,NA,604,704,NA,NA,10,5,-0.6,NA,1828.8,NA,NA,NA,NA,-2.53,NA,-5.08,91673.44,0,0,0,-7.7,0,0,1,NA,NA,NA,NA,NA,NA,NA,NA,"0.022",1.6,132,40,-0.6,8.1
2020-02-25 23:00:00,102980.03,0,-6.1,63.94,1.54,100,NA,103240,NA,NA,NA,NA,NA,604,NA,NA,NA,10,NA,NA,NA,1828.8,NA,5.6,-3.3,NA,-1.82,NA,-6.09,91613.19,0,0,0,-7.1,0,0,1,NA,NA,NA,NA,NA,NA,NA,NA,"0.023",1.9,181,77,-0.5,5.9
2020-02-26,102912.3,1,-5,59.48,0,0,NA,103170,NA,NA,NA,NA,NA,704,NA,NA,NA,10,NA,NA,NA,2133.6,NA,NA,NA,NA,-0.68,NA,-6.1,91552.94,0,0,0,-8.1,0,0,1,NA,NA,NA,NA,NA,NA,NA,NA,"0.023",0.7,82,40,-0.5,5.4
2020-02-26 01:00:00,102912.3,-1,-5,74.22,2.06,270,NA,103170,NA,NA,6011,NA,NA,654,804,NA,NA,10,NA,NA,NA,1981.2,NA,NA,NA,NA,-3.7,NA,-5.06,91552.94,0,0,0,-6.1,0,0,0,NA,NA,NA,NA,NA,NA,NA,NA,"0.02",0.6,318,55,-0.5,7.6
2020-02-26 02:00:00,102878.44,-1,-5,74.22,1.54,310,NA,103120,NA,NA,NA,NA,NA,554,NA,NA,NA,10,NA,NA,NA,1676.4,NA,NA,NA,NA,-2.96,NA,-5.06,91522.81,0,0,0,-6.1,0,0,1,NA,NA,NA,NA,NA,NA,NA,NA,"0.014",0.9,234,73,-0.8,9.2
2020-02-26 03:00:00,102844.57,-1,-5.6,74.22,0,0,NA,103080,NA,NA,NA,NA,NA,554,604,NA,NA,10,NA,NA,NA,1676.4,NA,NA,NA,NA,-3.27,NA,-5.06,91492.68,0,0,0,-5.8,0,0,1,NA,NA,NA,NA,NA,NA,NA,NA,"0.021",0.9,267,63,-0.9,7.8
2020-02-26 04:00:00,102844.57,-1,-3.9,80.04,0,0,NA,103060,NA,NA,8007,NA,NA,604,679,NA,NA,10,1.1,-0.6,NA,1828.8,NA,NA,NA,NA,-3.7,NA,-4.05,91492.68,0,0,0,-5.6,0,0,1,NA,NA,NA,NA,NA,NA,NA,NA,"0.022",0.8,113,45,-0.9,5.4
2020-02-26 05:00:00,102810.71,-1,-4.4,80.04,0,0,NA,103060,NA,NA,NA,NA,NA,604,NA,NA,NA,10,NA,NA,NA,1828.8,NA,NA,NA,NA,-2.96,NA,-4.05,91462.56,0,0,0,-5.1,0,0,1,NA,NA,NA,NA,NA,NA,NA,NA,"0.019",0.6,241,72,-0.9,6.1
2020-02-26 06:00:00,102776.85,0,-4.4,74.41,0,0,NA,103090,NA,NA,NA,NA,NA,604,NA,NA,NA,10,NA,NA,NA,1828.8,NA,NA,NA,NA,-1.82,NA,-4.06,91432.44,0,0,0,-5.6,0,0,1,NA,NA,NA,NA,NA,NA,NA,NA,"0.017",0.7,92,69,-1,7.6
2020-02-26 07:00:00,102776.85,0,-3.9,74.41,0,0,NA,103040,NA,NA,8004,NA,NA,604,NA,NA,NA,10,NA,NA,NA,1828.8,NA,NA,NA,NA,-1.82,NA,-4.06,91432.44,0,0,0,-5.4,0,0,1,NA,NA,NA,NA,NA,NA,NA,NA,"0.011",0.5,83,49,-0.8,4.7
2020-02-26 08:00:00,102810.71,0,-3.9,80.19,0,0,NA,103110,NA,NA,NA,NA,NA,484,554,NA,NA,10,NA,NA,NA,1463.04,NA,NA,NA,NA,-2.96,NA,-3.05,91462.56,0,0,0,-5.4,0,0,1,NA,NA,NA,NA,NA,NA,NA,NA,"0.006",0.9,222,43,-0.4,3.9
2020-02-26 09:00:00,102810.71,1,-4.4,69.22,0,0,NA,103080,NA,NA,NA,NA,NA,494,604,NA,NA,10,NA,NA,NA,1493.52,NA,NA,NA,NA,NA,NA,-4.07,91462.56,0,0,0,-5.9,0,0,1,NA,NA,NA,NA,NA,NA,NA,NA,"0.013",1,167,70,0.1,6.3
2020-02-26 10:00:00,102742.98,2,-4.4,64.42,0,0,NA,103010,NA,NA,8003,NA,NA,444,604,NA,NA,10,1.7,-1.1,NA,1341.12,NA,NA,NA,NA,0.47,NA,-4.09,91402.31,0,0,0,-6.3,0,0,1,NA,NA,NA,NA,NA,NA,NA,NA,"0.023",1.2,337,70,1.5,8.8
2020-02-26 11:00:00,102709.12,3,-4.4,60,0,0,NA,102960,NA,NA,NA,NA,NA,444,NA,NA,NA,10,NA,NA,NA,1341.12,NA,NA,NA,NA,1.61,NA,-4.1,91372.18,0,0,0,-5.8,0,0,1,NA,NA,NA,NA,NA,NA,NA,NA,NA,0.8,117,73,2.5,7.6
2020-02-26 12:00:00,102675.25,3,-3.9,60,1.54,140,NA,102890,NA,NA,NA,NA,NA,464,NA,NA,NA,10,NA,NA,NA,1402.08,NA,NA,NA,NA,1.61,NA,-4.1,91342.05,0,0,0,-5.6,0,0,1,NA,NA,NA,NA,NA,NA,NA,NA,NA,1,123,82,3.6,6.9
2020-02-26 13:00:00,102607.53,4,-3.3,60.26,0,0,NA,102800,NA,NA,8016,NA,NA,474,NA,NA,NA,10,NA,NA,NA,1432.56,NA,NA,NA,NA,2.75,NA,-3.09,91281.81,0,0,0,-6.5,0,0,1,NA,NA,NA,NA,NA,NA,NA,NA,NA,1.1,98,55,4,10
2020-02-26 14:00:00,102539.8,4,-2.2,60.26,0,0,NA,102760,NA,704,NA,NA,NA,493,603.5,NA,NA,10,NA,NA,NA,1493.52,NA,NA,NA,NA,2.75,NA,-3.09,91221.55,0,0,0,-6.5,0,0,1,NA,NA,NA,NA,NA,NA,NA,NA,NA,1.3,313,54,4.5,11.3
2020-02-26 15:00:00,102539.8,5,-2.8,60.51,0,0,NA,102740,NA,NA,NA,NA,NA,553,704,NA,NA,10,NA,NA,NA,1676.4,NA,NA,NA,NA,3.31,NA,-2.09,91221.55,0,0,0,-7.7,0,0,1,NA,NA,NA,NA,NA,NA,NA,NA,NA,0.6,221,56,4.9,NA
2020-02-26 16:00:00,102539.8,4.4,-1.1,67.43,0,0,NA,102780,13,654,5002,0.025,NA,473,528.5,0.025,NA,10,5.6,1.7,NA,1432.56,NA,NA,NA,NA,2.75,NA,-1.17,91221.55,0,0,0,-7.2,0,0,1,NA,NA,NA,NA,NA,NA,NA,NA,"0.026",0.6,334,59,4.9,6.4
2020-02-26 17:00:00,102573.66,4,-1.1,69.85,1.54,70,NA,102830,NA,754,NA,NA,NA,482,603,NA,NA,10,NA,NA,NA,1676.4,NA,NA,NA,NA,2.75,NA,-1.07,91251.67,0,0,0,-7,0,0,1,NA,NA,NA,NA,NA,NA,NA,NA,"0.027",0.6,219,50,4.9,3.1
2020-02-26 18:00:00,102641.39,4,-1.7,69.85,0,0,NA,102920,NA,NA,NA,NA,NA,504,NA,NA,NA,10,NA,NA,NA,1524,NA,NA,NA,NA,2.75,NA,-1.07,91311.93,0,0,0,-7.4,0,0,1,NA,NA,NA,NA,NA,NA,NA,NA,"0.033",0.7,259,22,4.9,2.3
2020-02-26 19:00:00,102709.12,4,-2.8,60.26,3.6,320,NA,102960,NA,NA,1016,NA,NA,494,NA,NA,NA,10,NA,NA,NA,1493.52,NA,NA,NA,NA,1.24,NA,-3.09,91372.18,0,0,0,-7.8,0,0,0,NA,NA,NA,NA,NA,NA,NA,NA,"0.036",0.6,257,19,4.6,-1.5
2020-02-26 20:00:00,102709.12,4,-3.3,60.26,4.12,320,NA,102960,NA,NA,NA,NA,NA,504,NA,NA,NA,10,NA,NA,NA,1524,NA,NA,NA,NA,0.28,NA,-3.09,91372.18,0,0,0,-8.5,0,0,0,NA,NA,NA,NA,NA,NA,NA,NA,"0.036",1,241,27,3.9,-0.8
2020-02-26 21:00:00,102810.71,3,-2.8,64.66,2.06,260,NA,103050,NA,NA,NA,NA,NA,554,NA,NA,NA,10,NA,NA,NA,1676.4,NA,NA,NA,NA,0.97,NA,-3.08,91462.56,0,0,0,-7.9,0,0,0,NA,NA,NA,NA,NA,NA,NA,NA,"0.034",0.8,235,47,3.6,2.6
2020-02-26 22:00:00,102844.57,2,-3.3,69.43,2.57,300,NA,103090,NA,NA,3012,NA,NA,554,NA,NA,NA,10,5,1.7,NA,1676.4,NA,NA,NA,NA,-0.48,NA,-3.07,91492.68,0,0,0,-6.6,0,0,0,NA,NA,NA,NA,NA,NA,NA,NA,"0.035",1,251,40,3.7,3.1
2020-02-26 23:00:00,102844.57,2,-3.9,64.42,3.6,340,NA,103120,NA,NA,NA,NA,NA,553,NA,NA,NA,10,NA,NA,NA,1676.4,NA,5.6,-1.1,NA,-0.72,NA,-4.09,91492.68,0,0,0,-6.6,0,0,0,NA,NA,NA,NA,NA,NA,NA,NA,"0.038",0.5,257,29,3.4,2.1
2020-02-27,102878.44,3,-4.4,60,2.57,340,NA,103080,NA,NA,NA,NA,NA,554,NA,NA,NA,10,NA,NA,NA,1676.4,NA,NA,NA,NA,0.03,NA,-4.1,91522.81,0,0,0,-7.8,0,0,0,NA,NA,NA,NA,NA,NA,NA,NA,"0.032",0.7,176,74,2.1,2.6
2020-02-27 01:00:00,102878.44,2,-4.4,64.42,2.57,350,NA,103070,NA,NA,1,NA,NA,553,1202,NA,NA,10,NA,NA,NA,1676.4,NA,NA,NA,NA,-0.72,NA,-4.09,91522.81,0,0,0,-7,0,0,0,NA,NA,NA,NA,NA,NA,NA,NA,"0.02",0.6,130,54,-0.4,5.2
2020-02-27 02:00:00,102810.71,1,-5,64.18,2.06,270,NA,103040,NA,NA,NA,NA,NA,1,1204,NA,NA,10,NA,NA,NA,NA,NA,NA,NA,NA,-2.38,NA,-5.09,91462.56,0,0,0,-6.2,0,0,0,NA,NA,NA,NA,NA,NA,NA,NA,"0.014",0.8,87,54,-1.7,5.4
2020-02-27 03:00:00,102810.71,0,-5,68.78,2.06,340,NA,103010,NA,NA,NA,NA,NA,1,NA,NA,NA,10,NA,NA,NA,NA,NA,NA,NA,NA,-1.82,NA,-5.09,91462.56,0,0,0,-5.1,0,0,0,NA,NA,NA,NA,NA,NA,NA,NA,"0.008",0.9,98,66,-2.6,4.2
2020-02-27 04:00:00,102810.71,0,-5,69,0,0,NA,103040,NA,NA,5005,NA,NA,1,NA,NA,NA,10,2.8,-1.1,NA,NA,NA,NA,NA,NA,-3.335,NA,-5.08,91462.56,0,0,0,-5.3,0,0,1,NA,NA,NA,NA,NA,NA,NA,NA,"0.011",0.6,71,86,-2.9,5.1
2020-02-27 05:00:00,102810.71,-3,-6.1,79.74,0,0,NA,103130,NA,NA,NA,NA,NA,1,NA,NA,NA,10,NA,NA,NA,NA,NA,NA,NA,NA,-4.48,NA,-6.07,91462.56,0,0,0,-2.4,0,0,1,NA,NA,NA,NA,NA,NA,NA,NA,"0.006",0.5,172,80,-3.5,8.5
2020-02-27 06:00:00,102844.57,-3,-6.1,79.74,0,0,NA,103130,NA,NA,NA,NA,NA,1,NA,NA,NA,10,NA,NA,NA,NA,NA,NA,NA,NA,-5.135,NA,-6.05,91492.68,0,0,0,-2.9,0,0,1,NA,NA,NA,NA,NA,NA,NA,NA,"0.001",0.6,125,64,-4.1,9.4
2020-02-27 07:00:00,102844.57,-3,-6.1,79.74,0,0,NA,103160,NA,NA,3008,NA,NA,1,NA,NA,NA,10,NA,NA,NA,2743.2,NA,NA,NA,NA,-5.25,NA,-6.05,91492.68,0,0,0,-3.1,0,0,1,NA,NA,NA,NA,NA,NA,NA,NA,"0.001",0.8,167,55,-4.2,8
2020-02-27 08:00:00,102878.44,0,-3.9,74.41,1.54,260,NA,103160,NA,NA,NA,NA,NA,904,NA,NA,NA,10,NA,NA,NA,2743.2,NA,NA,NA,NA,-1.82,NA,-4.06,91522.81,0,0,0,-5.8,0,0,1,NA,NA,NA,NA,NA,NA,NA,NA,"0.005",0.9,241,65,-1.5,9
2020-02-27 09:00:00,102912.3,1,-3.3,74.6,1.54,100,NA,103160,NA,802,NA,NA,NA,706,702,NA,NA,10,NA,NA,NA,2438.4,NA,NA,NA,NA,-1.82,NA,-3.06,91552.94,0,0,0,-5.7,0,0,1,NA,NA,NA,NA,NA,NA,NA,NA,"0.017",0.7,80,59,0.7,8.4
2020-02-27 10:00:00,102912.3,1,-3.9,69.22,0,0,NA,103180,NA,NA,1004,NA,NA,493,NA,NA,NA,10,1.7,-3.3,NA,1493.52,NA,NA,NA,NA,-0.68,NA,-4.07,91552.94,0,0,0,-5,0,0,1,NA,NA,NA,NA,NA,NA,NA,NA,"0.026",0.9,273,52,1.8,5.9
2020-02-27 11:00:00,102946.16,2,-3.3,69.43,0,0,NA,103170,NA,NA,NA,NA,NA,494,NA,NA,NA,10,NA,NA,NA,1493.52,NA,NA,NA,NA,0.47,NA,-3.07,91583.06,0,0,0,-5.9,0,0,1,NA,NA,NA,NA,NA,NA,NA,NA,"0.027",0.7,229,45,2.2,4
2020-02-27 12:00:00,102912.3,3,-3.9,64.66,1.54,80,NA,103110,NA,NA,NA,NA,NA,504,NA,NA,NA,10,NA,NA,NA,1524,NA,NA,NA,NA,1.61,NA,-3.08,91552.94,0,0,0,-6.3,0,0,1,NA,NA,NA,NA,NA,NA,NA,NA,"0.025",1.2,75,55,3.8,5.2
2020-02-27 13:00:00,102844.57,5,-3.3,55.91,0,0,NA,103050,NA,NA,8009,NA,NA,554,NA,NA,NA,10,NA,NA,NA,1676.4,NA,NA,NA,NA,3.9,NA,-3.4,91492.68,0,0,0,-6.8,0,0,1,NA,NA,NA,NA,NA,NA,NA,NA,"0.029",1.8,276,31,5.5,4.8
2020-02-27 14:00:00,102810.71,6,-2.8,56.46,1.54,220,NA,103010,NA,NA,NA,NA,NA,554,NA,NA,NA,10,NA,NA,NA,1676.4,NA,NA,NA,NA,4.47,NA,-2.1,91462.56,0,0,0,-7.4,0,0,1,NA,NA,NA,NA,NA,NA,NA,NA,"0.036",1.7,260,22,6.1,4.3
2020-02-27 15:00:00,102776.85,6,-2.2,56.46,0,0,NA,102950,NA,NA,NA,NA,NA,504,NA,NA,NA,10,NA,NA,NA,1524,NA,NA,NA,NA,NA,NA,-2.1,91432.44,0,0,0,-7.8,0,0,1,NA,NA,NA,NA,NA,NA,NA,NA,"0.035",2.4,149,35,6.3,6.7
2020-02-27 16:00:00,102709.12,7,-2.2,56.46,0,0,NA,102900,NA,NA,8012,NA,NA,554,NA,NA,NA,10,7.2,1.7,NA,1676.4,NA,NA,NA,NA,5.04,NA,-2.1,91372.18,0,0,0,-8.8,0,0,1,NA,NA,NA,NA,NA,NA,NA,NA,"0.032",2,120,47,6.5,5.3
2020-02-27 17:00:00,102675.25,7,-2.2,52.7,0,0,NA,102930,NA,NA,NA,NA,NA,504,NA,NA,NA,10,NA,NA,NA,1524,NA,NA,NA,NA,NA,NA,-2.1,91342.05,0,0,0,-9,0,0,1,NA,NA,NA,NA,NA,NA,NA,NA,"0.028",1.2,90,50,6.7,2.6
2020-02-27 18:00:00,102675.25,5,-1.7,60.51,0,0,NA,102990,NA,NA,NA,NA,NA,503,NA,NA,NA,10,NA,NA,NA,1524,NA,NA,NA,NA,3.9,NA,-2.09,91342.05,0,0,0,-7,0,0,1,NA,NA,NA,NA,NA,NA,NA,NA,"0.014",1,182,79,4.8,3.8
2020-02-27 19:00:00,102709.12,2,-2.2,69.64,1.54,270,NA,103030,NA,NA,3000,NA,NA,1,NA,NA,NA,10,NA,NA,NA,NA,NA,NA,NA,NA,1.29,NA,-2.07,91372.18,0,0,0,-4.1,0,0,1,NA,NA,NA,NA,NA,NA,NA,NA,"0.002",0.8,102,60,2.6,6
2020-02-27 20:00:00,102709.12,2,-2.2,74.78,1.54,70,NA,102980,NA,NA,NA,NA,NA,1,NA,NA,NA,10,NA,NA,NA,NA,NA,NA,NA,NA,-0.2,NA,-2.06,91372.18,0,0,0,-4.2,0,0,1,NA,NA,NA,NA,NA,NA,NA,NA,"0",1,96,71,1.1,6
2020-02-27 21:00:00,102709.12,1,-2.8,74.78,1.54,10,NA,103000,NA,NA,NA,NA,NA,1002,NA,NA,NA,10,NA,NA,NA,NA,NA,NA,NA,NA,-0.68,NA,-3.05,91372.18,0,0,0,-3.4,0,0,1,NA,NA,NA,NA,NA,NA,NA,NA,"0",2.7,204,72,-0.1,9
2020-02-27 22:00:00,102709.12,0,-4.4,80.04,1.54,310,NA,103010,NA,NA,0,NA,NA,1,NA,NA,NA,10,7.2,-1.7,NA,NA,NA,NA,NA,NA,-2.34,NA,-3.06,91372.18,0,0,0,-2.2,0,0,1,NA,NA,NA,NA,NA,NA,NA,NA,"0",2.5,113,63,-1.2,12.4
2020-02-27 23:00:00,102709.12,-1,-4.4,86.15,0,0,NA,102970,NA,NA,NA,NA,NA,1,NA,NA,NA,10,NA,NA,NA,NA,NA,7.2,-3.3,NA,-4.1,NA,-4.03,91372.18,0,0,0,-1.8,0,0,1,NA,NA,NA,NA,NA,NA,NA,NA,"0.001",1.5,244,62,-2.3,12.7
2020-02-28,102675.25,-2,-3.9,86.15,0,0,NA,102910,NA,NA,NA,NA,NA,1,NA,NA,NA,10,NA,NA,NA,NA,NA,NA,NA,NA,-4.51,NA,-4.03,91342.05,0,0,0,-0.6,0,0,1,NA,NA,NA,NA,NA,NA,NA,NA,"0.001",1.3,144,59,-2.8,20.9
2020-02-28 01:00:00,102607.53,-2,-3.9,86.15,0,0,NA,102890,NA,NA,8008,NA,NA,1,NA,NA,NA,10,NA,NA,NA,NA,NA,NA,NA,NA,-4.86,NA,-4.03,91281.81,0,0,0,-1,0,0,1,NA,NA,NA,NA,NA,NA,NA,NA,"0",1.2,228,74,-3.4,7.8
2020-02-28 02:00:00,102607.53,-3,-4.4,86.04,0,0,NA,102830,NA,NA,NA,NA,NA,1,NA,NA,NA,10,NA,NA,NA,NA,NA,NA,NA,NA,-5.25,NA,-5.04,91281.81,0,0,0,0,0,1,1,NA,18,NA,NA,NA,8,2020-02-28 02:00:00,2020-02-28 09:00:00,"0.001",1.2,139,83,-3.9,10.2
2020-02-28 03:00:00,102539.8,-3,-6.1,85.93,0,0,NA,102790,NA,NA,NA,NA,NA,1,NA,NA,NA,10,NA,NA,NA,NA,NA,NA,NA,NA,-4.675,NA,-6.04,91221.55,0,0,0,0.3,0,1,1,NA,18,NA,NA,NA,8,2020-02-28 02:00:00,2020-02-28 09:00:00,"0",1.8,167,56,-4.4,13.6
2020-02-28 04:00:00,102505.93,-4,-6.1,85.93,1.54,10,NA,102750,NA,NA,6012,NA,NA,1,NA,NA,NA,10,0,-5,NA,NA,NA,NA,NA,NA,-6.39,NA,-6.04,91191.42,0,0,0,1.5,1,1,1,13,18,6,2020-02-28 04:00:00,2020-02-28 09:00:00,8,2020-02-28 02:00:00,2020-02-28 09:00:00,"0",1.7,200,82,-4.9,11.4
2020-02-28 05:00:00,102472.07,-4,-7.2,85.93,0,0,NA,102710,NA,NA,NA,NA,NA,1,NA,NA,NA,10,NA,NA,NA,NA,NA,NA,NA,NA,-6.39,NA,-6.04,91161.3,0,0,0,1.4,1,1,1,13,18,6,2020-02-28 04:00:00,2020-02-28 09:00:00,8,2020-02-28 02:00:00,2020-02-28 09:00:00,"0",1.7,139,73,-5.5,8.9
2020-02-28 06:00:00,102404.34,-5,-6.7,85.875,0,0,NA,102690,31,NA,NA,NA,NA,22,NA,NA,NA,5.25,NA,NA,NA,60.96,NA,NA,NA,NA,-8.67,NA,-7.03,91101.04,0,0,0,2.7,1,1,1,13,18,6,2020-02-28 04:00:00,2020-02-28 09:00:00,8,2020-02-28 02:00:00,2020-02-28 09:00:00,"0",1.9,184,78,-5.8,8.6
2020-02-28 07:00:00,102370.48,-5,-6.4,92.285,0,0,NA,102710,31,NA,6010,NA,NA,11.5,NA,NA,NA,3.5,NA,NA,NA,60.96,NA,NA,NA,NA,-8.1,NA,-6.73,91070.92,0,0,0,2.7,1,1,1,13,18,6,2020-02-28 04:00:00,2020-02-28 09:00:00,8,2020-02-28 02:00:00,2020-02-28 09:00:00,"0.001",2.4,207,71,-5.9,7.8
2020-02-28 08:00:00,102336.62,-3,-3.9,92.67,0,0,NA,102610,NA,NA,NA,NA,NA,1,NA,NA,NA,10,NA,NA,NA,NA,NA,NA,NA,NA,-5.82,NA,-4.03,91040.8,0,0,0,1.2,1,1,1,13,18,6,2020-02-28 04:00:00,2020-02-28 09:00:00,8,2020-02-28 02:00:00,2020-02-28 09:00:00,"0.006",1.8,264,60,-4.2,7
2020-02-28 09:00:00,102268.89,-1,-2.2,86.26,0,0,NA,102520,NA,NA,NA,NA,NA,1,NA,NA,NA,10,NA,NA,NA,NA,NA,NA,NA,NA,NA,NA,-3.02,90980.54,0,0,0,0.5,1,1,1,13,18,6,2020-02-28 04:00:00,2020-02-28 09:00:00,8,2020-02-28 02:00:00,2020-02-28 09:00:00,"0.015",1.4,252,67,-1.1,8.8
2020-02-28 10:00:00,102201.16,2,-1.1,80.34,0,0,NA,102450,NA,NA,8019,NA,NA,1,NA,NA,NA,10,2.2,-6.1,NA,NA,NA,NA,NA,NA,0.47,NA,-1.06,90920.29,0,0,0,-1.4,0,0,1,NA,NA,NA,NA,NA,NA,NA,NA,"0.019",1.9,232,66,1.7,10.5
2020-02-28 11:00:00,102099.57,3,-1.1,74.96,0,0,NA,102290,NA,NA,NA,NA,NA,1,NA,NA,NA,10,NA,NA,NA,NA,NA,NA,NA,NA,2.695,NA,-1.06,90829.91,0,0,0,1.1,1,1,1,NA,NA,1,2020-02-28 11:00:00,2020-02-28 11:00:00,1,2020-02-28 11:00:00,2020-02-28 11:00:00,"0.022",1.3,118,58,5,27.3
2020-02-28 12:00:00,101930.25,7,-0.6,56.72,0,0,NA,102050,NA,NA,NA,NA,NA,1,NA,NA,NA,10,NA,NA,NA,NA,NA,NA,NA,NA,5.04,NA,-1.09,90679.28,0,0,0,-1.9,0,0,1,NA,NA,NA,NA,NA,NA,NA,NA,"0.028",2.2,43,61,8.4,9.3
2020-02-28 13:00:00,101727.07,10,-1.1,46.29,1.54,130,NA,101810,NA,NA,8047,NA,NA,1,NA,NA,NA,10,NA,NA,NA,NA,NA,NA,NA,NA,9.61,NA,-1.11,90498.53,0,0,0,-3.4,0,0,1,NA,NA,NA,NA,NA,NA,NA,NA,"0.035",3.2,85,26,11.5,8.8
2020-02-28 14:00:00,101557.75,13,-1.7,37.97,2.57,150,NA,101630,NA,NA,NA,NA,NA,1,NA,NA,NA,10,NA,NA,NA,NA,NA,NA,NA,NA,NA,NA,-1.11,90347.9,0,0,0,-6.6,0,0,0,NA,NA,NA,NA,NA,NA,NA,NA,"0.036",4.4,85,22,14,7.7
2020-02-28 15:00:00,101422.29,14,-1.1,35.58,2.06,140,NA,101520,NA,NA,NA,NA,NA,1,NA,NA,NA,10,NA,NA,NA,NA,NA,NA,NA,NA,NA,NA,-1.1,90227.39,0,0,0,-8.4,0,0,0,NA,NA,NA,NA,NA,NA,NA,NA,"0.042",4.5,195,30,15.4,3.8
2020-02-28 16:00:00,101354.56,13,-0.6,40.84,2.57,180,NA,101450,NA,NA,6032,NA,NA,1,NA,NA,NA,10,15,2.2,NA,NA,NA,NA,NA,NA,NA,NA,-0.1,90167.14,0,0,0,-7.9,0,0,0,NA,NA,NA,NA,NA,NA,NA,NA,"0.041",3.2,220,27,15.5,2.3
2020-02-28 17:00:00,101252.97,13,-3.9,35.27,2.57,190,NA,101380,NA,NA,NA,NA,NA,1,NA,NA,NA,10,NA,NA,NA,NA,NA,NA,NA,NA,NA,NA,-2.11,90076.76,0,0,0,-9.2,0,0,0,NA,NA,NA,NA,NA,NA,NA,NA,"0.039",1.9,185,31,14.7,3.1
2020-02-28 18:00:00,101185.24,10,-3.9,39.93,1.54,50,NA,101340,NA,NA,NA,NA,NA,1,NA,NA,NA,10,NA,NA,NA,NA,NA,NA,NA,NA,8.47,NA,-3.12,90016.51,0,0,0,-7.2,0,0,1,NA,NA,NA,NA,NA,NA,NA,NA,"0.023",1.5,122,30,11,1.8
2020-02-28 19:00:00,101117.52,7.2,-3.3,47.2,1.54,50,NA,101320,NA,NA,6020,NA,NA,1,NA,NA,NA,10,NA,NA,NA,NA,NA,NA,NA,NA,7.32,NA,-3.11,89956.26,0,0,0,-4.9,0,0,1,NA,NA,NA,NA,NA,NA,NA,NA,"0.008",1.7,82,54,7.2,5
2020-02-28 20:00:00,101049.79,6,-2.8,52.42,3.09,120,NA,101230,NA,NA,NA,NA,NA,1,NA,NA,NA,10,NA,NA,NA,NA,NA,NA,NA,NA,3.64,NA,-3.11,89896.01,0,0,0,-3.5,0,0,0,NA,NA,NA,NA,NA,NA,NA,NA,"0.005",2,65,68,5.1,9.1
2020-02-28 21:00:00,101015.92,7,-3.9,45.4,3.6,110,NA,101150,NA,NA,NA,NA,NA,1,NA,NA,NA,10,NA,NA,NA,NA,NA,NA,NA,NA,4.54,NA,-4.12,89865.88,0,0,0,-5.4,0,0,0,NA,NA,NA,NA,NA,NA,NA,NA,"0.03",1.4,155,37,7.7,6.2
2020-02-28 22:00:00,100948.2,7,-4.4,42.41,2.57,90,NA,101070,NA,NA,7015,NA,NA,1,NA,NA,NA,10,13.9,5,NA,NA,NA,NA,NA,NA,5.22,NA,-4.52,89805.63,0,0,0,-6,0,0,0,NA,NA,NA,NA,NA,NA,NA,NA,"0.039",1.4,192,48,8.7,1.1
2020-02-28 23:00:00,100880.47,6,-4.4,45.1,3.09,120,NA,101000,NA,NA,NA,NA,NA,1,NA,NA,NA,10,NA,NA,NA,NA,NA,15,-6.1,NA,3.64,NA,-5.12,89745.38,0,0,0,-5.5,0,0,0,NA,NA,NA,NA,NA,NA,NA,NA,"0.029",1.6,350,55,5.2,0.6
2020-02-29,100812.74,7,-5,42.1,3.6,110,NA,100830,NA,NA,NA,NA,NA,1003,1204,NA,NA,10,NA,NA,NA,3048,NA,NA,NA,NA,4,NA,-5.13,89685.12,0,0,0,-6.2,0,0,0,NA,NA,NA,NA,NA,NA,NA,NA,"0.026",1.8,29,54,3.9,3.5
2020-02-29 01:00:00,100745.01,6,-3.9,48.64,3.09,160,NA,100850,NA,NA,6015,NA,NA,806,1204,NA,NA,10,NA,NA,NA,2438.4,NA,NA,NA,NA,2.76,NA,-4.11,89624.87,0,0,0,-5.5,0,0,0,NA,NA,NA,NA,NA,NA,NA,NA,"0.027",0.8,54,52,3.2,5.7
2020-02-29 02:00:00,100812.74,2,-3.3,64.42,2.06,300,NA,100900,NA,NA,NA,NA,NA,754,754,NA,NA,10,NA,NA,NA,2286,NA,NA,NA,NA,-0.72,NA,-4.09,89685.12,0,0,0,-1.4,0,0,0,NA,NA,NA,NA,NA,NA,NA,NA,"0.024",0.9,247,75,2.6,4.8
2020-02-29 03:00:00,100880.47,5,-1.1,60.51,4.63,290,NA,100880,NA,679,NA,NA,NA,503,629,NA,NA,10,NA,NA,NA,1828.8,NA,NA,NA,NA,1.73,NA,-2.1,89745.38,0,0,0,-6.1,0,0,0,NA,NA,NA,NA,NA,NA,NA,NA,"0.028",0.7,1,48,3.5,6.2
2020-02-29 04:00:00,100880.47,4.4,-1.1,67.43,2.06,330,NA,100920,NA,704,1012,NA,NA,426,506,NA,NA,10,7.8,1.1,NA,1828.8,NA,NA,NA,NA,2.595,NA,-1.08,89745.38,0,0,0,-7.2,0,0,0,NA,NA,NA,NA,NA,NA,NA,NA,"0.038",1.1,19,51,4.8,6.2
2020-02-29 05:00:00,100880.47,4,-1.1,69.85,2.06,10,NA,100960,NA,804,NA,NA,NA,423,504,NA,NA,10,NA,NA,NA,1402.08,NA,NA,NA,NA,1.65,NA,-1.07,89745.38,0,0,0,-7.4,0,0,0,NA,NA,NA,NA,NA,NA,NA,NA,"0.038",0.9,72,58,3.7,2.5
2020-02-29 06:00:00,100914.33,3,-0.85,74.96,2.57,325,NA,101010,NA,953,NA,NA,NA,399.5,503.5,NA,NA,10,NA,NA,NA,1524,NA,NA,NA,NA,0.47,NA,-1.06,89775.5,0,0,0,-6.8,0,0,0,NA,NA,NA,NA,NA,NA,NA,NA,"0.039",1.4,312,62,3.7,1.3
2020-02-29 07:00:00,100948.2,3,-3.3,69.64,1.54,260,NA,101100,NA,903,3008,NA,NA,606,804,NA,NA,10,NA,NA,NA,2743.2,NA,NA,NA,NA,0.065,NA,-2.07,89805.63,0,0,0,-7.7,0,0,1,NA,NA,NA,NA,NA,NA,NA,NA,"0.041",1.3,338,33,3.2,0
2020-02-29 08:00:00,100982.06,3,-7.8,44.19,2.57,270,NA,101120,NA,NA,NA,NA,NA,602,853,NA,NA,10,NA,NA,NA,2590.8,NA,NA,NA,NA,0.47,NA,-8.13,89835.75,0,0,0,-8.6,0,0,0,NA,NA,NA,NA,NA,NA,NA,NA,"0.042",1.6,332,41,2.9,-1.5
2020-02-29 09:00:00,101015.92,3,-9.4,40.87,3.6,270,NA,101130,NA,NA,NA,NA,NA,603,1203,NA,NA,10,NA,NA,NA,1828.8,NA,NA,NA,NA,-0.34,NA,-9.14,89865.88,0,0,0,-9.1,0,0,0,NA,NA,NA,NA,NA,NA,NA,NA,"0.043",1.1,326,68,3,0.1
2020-02-29 10:00:00,101015.92,3,-8.3,44.19,3.6,250,NA,101160,NA,NA,1005,NA,NA,604,754,NA,NA,10,4.4,2.2,NA,1828.8,NA,NA,NA,NA,-0.34,NA,-8.13,89865.88,0,0,0,-8.9,0,0,0,NA,NA,NA,NA,NA,NA,NA,NA,"0.042",1.1,321,35,2.9,2.1
2020-02-29 11:00:00,101049.79,3,-7.2,44.19,4.12,270,NA,101200,NA,NA,NA,NA,NA,554,NA,NA,NA,10,NA,NA,NA,1676.4,NA,NA,NA,NA,-0.67,NA,-8.13,89896.01,0,0,0,-8.7,0,0,0,NA,NA,NA,NA,NA,NA,NA,NA,"0.042",1.1,284,67,2.8,0.3
2020-02-29 12:00:00,101015.92,4,-7.2,44.49,4.63,270,11.32,101150,NA,NA,NA,NA,NA,554,NA,NA,NA,10,NA,NA,NA,1676.4,NA,NA,NA,NA,0.63,NA,-7.13,89865.88,0,0,0,-9.7,0,0,0,NA,NA,NA,NA,NA,NA,NA,NA,"0.043",2,240,39,3.2,-0.3
2020-02-29 13:00:00,100982.06,6,-6.1,41.49,7.2,260,9.775,101130,NA,NA,8005,NA,NA,603,753,NA,NA,10,NA,NA,13.89,1828.8,NA,NA,NA,250,1.91,NA,-6.13,89835.75,0,0,0,-11.1,0,0,0,NA,NA,NA,NA,NA,NA,NA,NA,"0.044",1.5,264,57,4.7,3
2020-02-29 14:00:00,100948.2,6,-5.6,41.8,6.69,280,11.575,101100,NA,828.5,NA,NA,NA,602,753,NA,NA,10,NA,NA,NA,1981.2,NA,NA,NA,NA,1.56,NA,-6.13,89805.63,0,0,0,-10,0,0,0,NA,NA,NA,NA,NA,NA,NA,NA,"0.043",1.3,231,23,4.8,3.3
2020-02-29 15:00:00,100982.06,6,-6.4,41.8,6.69,255,12.86,101150,NA,1103,NA,NA,NA,603,777.5,NA,NA,10,NA,NA,NA,1828.8,NA,NA,NA,NA,1.48,NA,-6.13,89835.75,0,0,0,-10.4,0,0,0,NA,NA,NA,NA,NA,NA,NA,NA,"0.043",3.2,243,19,4.9,2.8
2020-02-29 16:00:00,101083.65,4,-3.05,60.13,6.17,275,12.86,101220,20,703.5,3009,0.025,NA,509.5,653.5,0.025,NA,10,7.2,1.7,NA,1676.4,NA,NA,NA,NA,-0.75,NA,-3.595,89926.13,0,0,0,-8.6,0,0,0,NA,NA,NA,NA,NA,NA,NA,NA,"0.042",2.9,296,26,3.1,4
2020-02-29 17:00:00,101083.65,3,-5,51.56,5.66,260,NA,101280,NA,NA,NA,NA,NA,1,NA,NA,NA,10,NA,NA,NA,NA,NA,NA,NA,NA,-1.24,NA,-6.11,89926.13,0,0,0,-8,0,0,0,NA,NA,NA,NA,NA,NA,NA,NA,"0.041",3.8,216,43,2.7,2.3
2020-02-29 18:00:00,101151.38,2,-6.1,55.36,2.57,300,NA,101380,NA,NA,NA,NA,NA,652,NA,NA,NA,10,NA,NA,NA,1981.2,NA,NA,NA,NA,-0.72,NA,-6.11,89986.38,0,0,0,-8.1,0,0,0,NA,NA,NA,NA,NA,NA,NA,NA,"0.04",4,184,34,2.1,0.9
2020-02-29 19:00:00,101303.77,1,-1.4,80.34,4.12,305,9.26,101560,2500,604,3024,0.025,0.025,428,553,NA,NA,10,NA,NA,NA,1325.88,NA,NA,NA,NA,-3.13,NA,-2.05,90121.955,0,0,0,-7.5,0,0,0,NA,NA,NA,NA,NA,NA,NA,NA,"0.039",2.5,263,35,1.9,0.3
2020-02-29 20:00:00,101354.56,1,-3.9,74.6,1.54,30,NA,101560,NA,704,NA,NA,NA,552,579,NA,NA,10,NA,NA,NA,1905,NA,NA,NA,NA,-1.635,NA,-3.06,90167.14,0,0,0,-7.6,0,0,1,NA,NA,NA,NA,NA,NA,NA,NA,"0.036",2.4,49,34,0.4,-0.8
2020-02-29 21:00:00,101388.43,-0.6,-2.8,80.19,1.54,90,NA,101630,NA,804,NA,NA,NA,386,604,NA,NA,10,NA,NA,NA,1981.2,NA,NA,NA,NA,-3.62,NA,-3.05,90197.27,0,0,0,-6.5,0,0,1,NA,NA,NA,NA,NA,NA,NA,NA,"0.035",2.4,95,35,0.5,1.3
2020-02-29 22:00:00,101422.29,-1,-3.3,86.26,1.54,10,NA,101650,NA,NA,3008,NA,NA,603,752,0.025,NA,10,4.4,-1.1,NA,1828.8,NA,NA,NA,NA,-2.96,NA,-3.03,90227.39,0,0,0,-6.1,0,0,1,NA,NA,NA,NA,NA,NA,NA,NA,"0.032",2.6,216,38,0,4.1
2020-02-29 23:00:00,101422.29,0,-2.8,80.19,1.54,20,10.29,101720,2500,679,NA,0.025,NA,553,703,NA,NA,10,NA,NA,NA,1676.4,NA,7.2,-1.1,NA,-5.87,NA,-3.05,90227.39,0,0,0,-6.8,0,0,1,NA,NA,NA,NA,NA,NA,NA,NA,"0.038",2.5,218,42,-0.2,2.2
2020-03-01,101490.02,-1,-1.95,92.91,2.06,295,NA,101680,2500,1004,NA,0.254,NA,43,383,NA,NA,9.5,NA,NA,NA,350.52,NA,NA,NA,NA,-3.81,NA,-2.02,90287.65,0,0,0,-5.9,0,0,0,NA,NA,NA,NA,NA,NA,NA,NA,"0.036",2.7,316,54,-1.2,2
2020-03-01 01:00:00,101456.15,-2.2,-3.95,92.79,0,0,NA,101730,31,1003,1007,NA,0.254,432,1003,NA,NA,1.75,NA,NA,NA,1249.68,NA,NA,NA,NA,-6.03,NA,-3.32,90257.51,0,0,0,-4.8,0,0,1,NA,NA,NA,NA,NA,NA,NA,NA,"0.032",3.8,101,53,-2.2,2.4
2020-03-01 02:00:00,101523.88,-2.1,-3.3,92.85,0,0,NA,101770,30,464,NA,NA,NA,25,413,NA,NA,0.24,NA,NA,NA,60.96,NA,NA,NA,NA,-5.25,NA,-3.02,90317.77,0,0,0,-5,0,0,1,NA,NA,NA,NA,NA,NA,NA,NA,"0.027",4.1,243,65,-2.2,1.9
2020-03-01 03:00:00,101591.61,-3,-3.3,96.34,0,0,NA,101900,31,NA,NA,NA,NA,24,NA,NA,NA,10,NA,NA,NA,60.96,NA,NA,NA,NA,-5.25,NA,-4,90378.02,0,0,0,-4.5,0,0,1,NA,NA,NA,NA,NA,NA,NA,NA,"0.031",3,304,64,-2.2,4.2
2020-03-01 04:00:00,101659.34,-3,-3.9,92.79,1.54,320,NA,101940,NA,754,3018,NA,NA,132,603,0.254,0.254,10,0.6,-3.9,NA,1676.4,NA,NA,NA,NA,-5.25,NA,-4.02,90438.28,0,0,0,-4.5,0,0,1,NA,NA,NA,NA,NA,NA,NA,NA,"0.03",3.4,292,39,-2.3,1.4
2020-03-01 05:00:00,101760.93,-3.9,-4.4,96.31,2.06,280,NA,102080,30.5,NA,NA,NA,NA,76,553,NA,NA,2.5,NA,NA,NA,1676.4,NA,NA,NA,NA,-7.08,NA,-4,90528.65,0,0,0,-3.6,0,0,0,NA,NA,NA,NA,NA,NA,NA,NA,"0.03",2.9,302,60,-2.6,0.7
2020-03-01 06:00:00,101828.66,-3,-3.9,92.79,2.315,300,NA,102160,30,504,NA,NA,NA,28.5,504,NA,NA,0.25,NA,NA,NA,76.2,NA,NA,NA,NA,-6.515,NA,-4.02,90588.91,0,0,0,-4.6,0,0,0,NA,NA,NA,NA,NA,NA,NA,NA,"0.028",3.6,306,42,-3.4,1.3
2020-03-01 07:00:00,101896.38,-3,-3.9,92.79,2.57,320,NA,102240,31,NA,1014,NA,NA,24,NA,NA,NA,1,NA,NA,NA,60.96,NA,NA,NA,NA,-6.65,NA,-4.02,90649.15,0,0,0,-5.6,0,0,0,NA,NA,NA,NA,NA,NA,NA,NA,"0.026",3.9,316,39,-3.9,1.3
2020-03-01 08:00:00,101997.98,-3,-3.9,92.79,2.57,330,NA,102330,31,NA,NA,NA,NA,34,NA,NA,NA,5,NA,NA,NA,91.44,NA,NA,NA,NA,-6.65,NA,-4.02,90739.54,0,0,0,-5.3,0,0,0,NA,NA,NA,NA,NA,NA,NA,NA,"0.027",4,318,40,-4.3,1.5
2020-03-01 09:00:00,102031.84,-2.9,-3.3,96.34,0,0,NA,102380,2500,NA,NA,0.025,NA,44,NA,NA,NA,4.25,NA,NA,NA,121.92,NA,NA,NA,NA,-5.25,NA,-3.02,90769.66,0,0,0,-3.7,0,0,1,NA,NA,NA,NA,NA,NA,NA,NA,"0.03",4.4,245,67,-3.7,2.2
2020-03-01 10:00:00,102065.7,-2,-2.8,92.85,0,0,NA,102400,NA,NA,1014,NA,NA,64,NA,0.025,NA,10,-1.7,-3.9,NA,182.88,NA,NA,NA,NA,-4.1,NA,-3.02,90799.78,0,0,0,-4.4,0,0,1,NA,NA,NA,NA,NA,NA,NA,NA,"0.032",2.3,5,54,-0.8,6.7
2020-03-01 11:00:00,102065.7,-1,-2.25,86.26,0,0,NA,102350,NA,NA,NA,NA,NA,503,504,NA,NA,10,NA,NA,NA,1524,NA,NA,NA,NA,-2.435,NA,-3.02,90799.78,0,0,0,-5.2,0,0,1,NA,NA,NA,NA,NA,NA,NA,NA,"0.033",2.1,327,70,1.6,9.1
2020-03-01 12:00:00,102065.7,3,-3.3,64.66,3.09,290,NA,102290,NA,NA,NA,NA,NA,552,NA,NA,NA,10,NA,NA,NA,1524,NA,NA,NA,NA,-0.67,NA,-3.08,90799.78,0,0,0,-8.6,0,0,0,NA,NA,NA,NA,NA,NA,NA,NA,"0.036",2.2,343,50,2.2,6.9
2020-03-01 13:00:00,101964.11,4,-7.2,44.49,4.12,300,8.23,102180,NA,NA,8015,NA,NA,604,603,NA,NA,10,NA,NA,NA,1828.8,NA,NA,NA,NA,0.06,NA,-7.13,90709.41,0,0,0,-8.5,0,0,0,NA,NA,NA,NA,NA,NA,NA,NA,"0.039",3.8,112,66,3.2,3.8
2020-03-01 14:00:00,101896.38,4,-7.8,41.18,5.14,320,NA,102160,NA,NA,NA,NA,NA,604,NA,NA,NA,10,NA,NA,NA,1828.8,NA,NA,NA,NA,0.02,NA,-8.13,90649.15,0,0,0,-7.8,0,0,0,NA,NA,NA,NA,NA,NA,NA,NA,"0.04",2.2,311,61,3.7,3.8
2020-03-01 15:00:00,101896.38,4,-7.2,41.18,5.14,300,NA,102140,NA,NA,NA,NA,NA,604,NA,NA,NA,10,NA,NA,NA,1828.8,NA,NA,NA,NA,0.02,NA,-8.13,90649.15,0,0,0,-9.6,0,0,0,NA,NA,NA,NA,NA,NA,NA,NA,"0.041",3.7,296,23,4,2.3
2020-03-01 16:00:00,101862.52,4,-7.2,44.49,6.17,300,NA,102120,NA,NA,7006,NA,NA,604,NA,NA,NA,10,5.6,-1.7,NA,1828.8,NA,NA,NA,NA,-0.45,NA,-7.33,90619.03,0,0,0,-9.9,0,0,0,NA,NA,NA,NA,NA,NA,NA,NA,"0.04",4.2,279,23,3.9,1.6
2020-03-01 17:00:00,101862.52,3,-7.2,47.75,6.17,280,NA,102230,NA,NA,NA,NA,NA,554,NA,NA,NA,10,NA,NA,NA,1676.4,NA,NA,NA,NA,-1.94,NA,-7.12,90619.03,0,0,0,-9.4,0,0,0,NA,NA,NA,NA,NA,NA,NA,NA,"0.04",2.7,284,22,3.2,3.1
2020-03-01 18:00:00,101930.25,2,-7.2,47.45,6.17,280,10.8,102260,NA,NA,NA,NA,NA,554,NA,NA,NA,10,NA,NA,NA,1676.4,NA,NA,NA,NA,-2.99,NA,-8.13,90679.28,0,0,0,-9.3,0,0,0,NA,NA,NA,NA,NA,NA,NA,NA,"0.041",1.9,265,24,1.7,1.6
2020-03-01 19:00:00,101964.11,1,-7.2,55.08,2.06,270,NA,102240,NA,NA,7,NA,NA,504,NA,NA,NA,10,NA,NA,NA,1524,NA,NA,NA,NA,-1.36,NA,-7.11,90709.41,0,0,0,-8.8,0,0,0,NA,NA,NA,NA,NA,NA,NA,NA,"0.039",1.3,246,25,1.2,-0.1
2020-03-01 20:00:00,101896.38,1,-7.2,55.08,1.54,260,NA,102160,NA,NA,NA,NA,NA,504,NA,NA,NA,10,NA,NA,NA,1524,NA,NA,NA,NA,-1.36,NA,-7.11,90649.15,0,0,0,-9,0,0,1,NA,NA,NA,NA,NA,NA,NA,NA,"0.039",1.4,254,28,0.7,0.6
2020-03-01 21:00:00,101862.52,1,-7.8,55.08,3.6,290,NA,102160,NA,NA,NA,NA,NA,503,NA,NA,NA,10,NA,NA,NA,1524,NA,NA,NA,NA,-3.13,NA,-7.11,90619.03,0,0,0,-9.1,0,0,0,NA,NA,NA,NA,NA,NA,NA,NA,"0.039",1,268,31,0.6,-0.6
2020-03-01 22:00:00,101828.66,0,-8.9,54.52,2.06,320,NA,102100,NA,NA,6012,NA,NA,503,1052.5,NA,NA,10,3.3,-1.1,NA,1524,NA,NA,NA,NA,-2.53,NA,-9.11,90588.91,0,0,0,-8.3,0,0,0,NA,NA,NA,NA,NA,NA,NA,NA,"0.038",1.2,253,29,-0.1,-3.4
2020-03-01 23:00:00,101760.93,0,-8.3,54.8,0,0,NA,102030,NA,NA,NA,NA,NA,503,1004,NA,NA,10,NA,NA,NA,3048,NA,5.6,-3.9,NA,-1.82,NA,-8.11,90528.65,0,0,0,-8.4,0,0,1,NA,NA,NA,NA,NA,NA,NA,NA,"0.039",1.3,262,31,0,0.2
2020-03-02,101693.2,0,-7.8,54.8,0,0,NA,101940,NA,1004,NA,NA,NA,552,803,NA,NA,10,NA,NA,NA,2438.4,NA,NA,NA,NA,-1.59,NA,-8.11,90468.4,0,0,0,-8.5,0,0,1,NA,NA,NA,NA,NA,NA,NA,NA,"0.039",0.9,249,30,0.1,6.7
2020-03-02 01:00:00,101693.2,-1,-6.7,59.21,0,0,NA,101920,NA,NA,6009,NA,NA,602,602,NA,NA,10,NA,NA,NA,1828.8,NA,NA,NA,NA,-1.82,NA,-7.1,90468.4,0,0,0,-7.6,0,0,1,NA,NA,NA,NA,NA,NA,NA,NA,"0.04",1.3,237,25,0.1,6.1
2020-03-02 02:00:00,101659.34,1,-6.7,55.08,3.6,270,NA,101870,NA,NA,NA,NA,NA,554,NA,NA,NA,10,NA,NA,NA,1676.4,NA,NA,NA,NA,-2.77,NA,-7.11,90438.28,0,0,0,-9.5,0,0,0,NA,NA,NA,NA,NA,NA,NA,NA,"0.04",1.2,231,23,0.2,4
2020-03-02 03:00:00,101591.61,0,-7.8,58.95,2.57,300,NA,101800,NA,NA,NA,NA,NA,553,754,NA,NA,10,NA,NA,NA,1676.4,NA,NA,NA,NA,-3.09,NA,-7.11,90378.02,0,0,0,-8.6,0,0,0,NA,NA,NA,NA,NA,NA,NA,NA,"0.04",1.3,226,28,0.1,2.9
2020-03-02 04:00:00,101523.88,0,-7.2,59.21,2.315,275,NA,101750,NA,NA,8015,NA,NA,553,804,NA,NA,10,1.1,-1.1,NA,1676.4,NA,NA,NA,NA,-3.58,NA,-7.1,90317.77,0,0,0,-8.6,0,0,0,NA,NA,NA,NA,NA,NA,NA,NA,"0.04",1.1,225,28,0.2,2.5
2020-03-02 05:00:00,101557.75,1,-7.8,50.98,1.54,270,NA,101800,NA,NA,NA,NA,NA,474,NA,NA,NA,10,NA,NA,NA,1432.56,NA,NA,NA,NA,-1.635,NA,-8.12,90347.9,0,0,0,-9.5,0,0,1,NA,NA,NA,NA,NA,NA,NA,NA,"0.04",2.3,231,26,0.3,4.6
2020-03-02 06:00:00,101557.75,1,-6.7,55.08,0,0,NA,101800,NA,NA,NA,NA,NA,453,504,NA,NA,10,NA,NA,NA,1371.6,NA,NA,NA,NA,-1.36,NA,-7.11,90347.9,0,0,0,-9.2,0,0,1,NA,NA,NA,NA,NA,NA,NA,NA,"0.039",1.3,233,25,0.3,5.2
2020-03-02 07:00:00,101625.47,1,-6.7,55.08,0,0,NA,101900,NA,NA,3011,NA,NA,414,NA,NA,NA,10,NA,NA,NA,1249.68,NA,NA,NA,NA,-0.68,NA,-7.11,90408.14,0,0,0,-9,0,0,1,NA,NA,NA,NA,NA,NA,NA,NA,"0.038",1,255,30,0.4,3.2
2020-03-02 08:00:00,101625.47,1,-6.1,59.48,1.54,110,NA,101880,NA,NA,NA,NA,NA,434,NA,NA,NA,10,NA,NA,NA,1310.64,NA,NA,NA,NA,-0.68,NA,-6.1,90408.14,0,0,0,-8.9,0,0,1,NA,NA,NA,NA,NA,NA,NA,NA,"0.037",1.2,246,28,0.4,3.8
2020-03-02 09:00:00,101659.34,2,-6.1,55.36,3.6,320,NA,101910,NA,NA,NA,NA,NA,414,NA,NA,NA,10,NA,NA,NA,1249.68,NA,NA,NA,NA,-1.56,NA,-6.11,90438.28,0,0,0,-9.7,0,0,0,NA,NA,NA,NA,NA,NA,NA,NA,"0.038",0.6,259,25,1.1,3.2
2020-03-02 10:00:00,101693.2,2,-5.6,55.36,5.14,320,NA,101930,NA,NA,3001,NA,NA,394,NA,NA,NA,10,2.2,0,NA,1188.72,NA,NA,NA,NA,-2.49,NA,-6.11,90468.4,0,0,0,-9.3,0,0,0,NA,NA,NA,NA,NA,NA,NA,NA,"0.036",1.9,259,30,1.4,-0.6
2020-03-02 11:00:00,101659.34,2,-5.6,55.36,3.6,350,NA,101900,NA,NA,NA,NA,NA,394,NA,NA,NA,10,NA,NA,NA,1188.72,NA,NA,NA,NA,-1.56,NA,-6.11,90438.28,0,0,0,-8.9,0,0,0,NA,NA,NA,NA,NA,NA,NA,NA,"0.035",5,272,37,1.7,0.5
2020-03-02 12:00:00,101659.34,3,-5,51.56,4.12,340,7.46,101900,NA,NA,NA,NA,NA,404,NA,NA,NA,10,NA,NA,NA,1219.2,NA,NA,NA,NA,-0.67,NA,-6.11,90438.28,0,0,0,-9.8,0,0,0,NA,NA,NA,NA,NA,NA,NA,NA,"0.035",5,275,31,2.3,3.5
2020-03-02 13:00:00,101625.47,3,-4.4,55.64,5.14,310,NA,101790,NA,NA,8008,NA,NA,414,NA,NA,NA,10,NA,NA,NA,1249.68,NA,NA,NA,NA,-0.57,NA,-5.11,90408.14,0,0,0,-9.4,0,0,0,NA,NA,NA,NA,NA,NA,NA,NA,"0.037",5,259,25,2.6,3.3
2020-03-02 14:00:00,101523.88,4,-4.4,55.91,6.17,320,8.75,101730,NA,NA,NA,NA,NA,464,1004,NA,NA,10,NA,NA,NA,1402.08,NA,NA,NA,NA,-0.45,NA,-4.1,90317.77,0,0,0,-10,0,0,0,NA,NA,NA,NA,NA,NA,NA,NA,"0.036",5,327,33,3.1,4
2020-03-02 15:00:00,101523.88,6,-3.9,50.38,4.63,270,NA,101730,NA,NA,NA,NA,NA,454,1004,NA,NA,10,NA,NA,NA,1371.6,NA,NA,NA,NA,2.26,NA,-4.11,90317.77,0,0,0,-11.6,0,0,0,NA,NA,NA,NA,NA,NA,NA,NA,"0.037",3.6,253,23,3.8,4.3
2020-03-02 16:00:00,101557.75,5,-4.4,52.13,7.2,290,10.8,101750,NA,NA,5003,NA,NA,444,NA,NA,NA,10,5.6,2.2,NA,1341.12,NA,NA,NA,NA,0.26,NA,-4.11,90347.9,0,0,0,-10.4,0,0,0,NA,NA,NA,NA,NA,NA,NA,NA,"0.038",1.9,265,20,4,4.3
2020-03-02 17:00:00,101557.75,4,-3.9,55.91,5.66,310,9.26,101780,NA,1004,NA,NA,NA,442,504,NA,NA,10,NA,NA,NA,1402.08,NA,NA,NA,NA,-0.45,NA,-4.1,90347.9,0,0,0,-9.3,0,0,0,NA,NA,NA,NA,NA,NA,NA,NA,"0.035",2.2,276,25,3.6,2.1
2020-03-02 18:00:00,101523.88,3,-4.4,60,4.63,330,NA,101770,NA,NA,NA,NA,NA,473,704,NA,NA,10,NA,NA,NA,1432.56,NA,NA,NA,NA,-0.67,NA,-4.1,90317.77,0,0,0,-8.5,0,0,0,NA,NA,NA,NA,NA,NA,NA,NA,"0.035",1.9,275,31,3.2,2.3
2020-03-02 19:00:00,101557.75,3,-3.9,60,3.09,340,NA,101780,NA,NA,1001,NA,NA,494,604,NA,NA,10,NA,NA,NA,1493.52,NA,NA,NA,NA,0.03,NA,-4.1,90347.9,0,0,0,-8.4,0,0,0,NA,NA,NA,NA,NA,NA,NA,NA,"0.03",1.1,15,48,2.5,3.5
2020-03-02 20:00:00,101523.88,3,-3.9,60,1.54,10,NA,101750,NA,NA,NA,NA,NA,454,604,NA,NA,10,NA,NA,NA,1371.6,NA,NA,NA,NA,1.61,NA,-4.1,90317.77,0,0,0,-8.1,0,0,1,NA,NA,NA,NA,NA,NA,NA,NA,"0.029",0.9,339,33,2.4,2.8
2020-03-02 21:00:00,101456.15,3,-2.8,64.66,2.57,340,NA,101610,NA,NA,NA,NA,NA,464,NA,NA,NA,10,NA,NA,NA,1402.08,NA,NA,NA,NA,0.03,NA,-3.08,90257.51,0,0,0,-7.6,0,0,0,NA,NA,NA,NA,NA,NA,NA,NA,"0.03",1.1,346,64,2.7,2.8
2020-03-02 22:00:00,101354.56,3,-2.8,64.66,4.12,330,NA,101500,NA,804,8022,NA,NA,493,602,NA,NA,10,4.4,2.2,NA,1828.8,NA,NA,NA,NA,0.02,NA,-3.08,90167.14,0,0,0,-7.3,0,0,0,NA,NA,NA,NA,NA,NA,NA,NA,"0.029",1.1,107,53,2.6,3
2020-03-02 23:00:00,101286.84,4,-2.2,64.9,3.6,330,NA,101440,NA,NA,NA,NA,NA,554,754,NA,NA,10,NA,NA,NA,1676.4,NA,5.6,-0.6,NA,0.88,NA,-2.08,90106.89,0,0,0,-7.9,0,0,0,NA,NA,NA,NA,NA,NA,NA,NA,"0.032",0.8,100,44,2.9,3.5
2020-03-03,101219.11,3,-1.7,69.64,2.06,290,NA,101400,NA,NA,NA,NA,NA,554,604,NA,NA,10,NA,NA,NA,1828.8,NA,NA,NA,NA,0.97,NA,-2.07,90046.64,0,0,0,-6.5,0,0,0,NA,NA,NA,NA,NA,NA,NA,NA,"0.029",0.9,181,62,2.6,3
2020-03-03 01:00:00,101185.24,3,-1.1,74.96,2.06,20,NA,101350,NA,NA,6014,NA,NA,553,NA,NA,NA,10,NA,NA,NA,1676.4,NA,NA,NA,NA,0.72,NA,-1.06,90016.51,0,0,0,-6,0,0,0,NA,NA,NA,NA,NA,NA,NA,NA,"0.028",1.3,81,55,2.5,2.8
2020-03-03 02:00:00,101117.52,2,-0.6,80.49,1.54,110,NA,101220,NA,NA,NA,NA,NA,464,NA,NA,NA,10,NA,NA,NA,1402.08,NA,NA,NA,NA,0.47,NA,-1.05,89956.26,0,0,0,-5.1,0,0,1,NA,NA,NA,NA,NA,NA,NA,NA,"0.025",1.2,310,73,2.4,3
2020-03-03 03:00:00,101015.92,3,-0.6,74.96,0,0,NA,101150,NA,NA,NA,NA,NA,454,494,NA,NA,10,NA,NA,NA,1371.6,NA,NA,NA,NA,1.61,NA,-1.06,89865.88,0,0,0,-5.6,0,0,1,NA,NA,NA,NA,NA,NA,NA,NA,"0.025",1.3,55,63,3,3.1
2020-03-03 04:00:00,101049.79,3,0,74.96,1.54,40,NA,101180,NA,NA,5013,NA,NA,426,504,NA,NA,10,3.9,2.2,NA,1524,NA,NA,NA,NA,0.97,NA,-1.06,89896.01,0,0,0,-5.4,0,0,1,NA,NA,NA,NA,NA,NA,NA,NA,"0.023",1.1,91,60,3.3,3
2020-03-03 05:00:00,101083.65,4,0,70.06,2.06,70,NA,101290,NA,NA,NA,NA,NA,464,554,NA,NA,10,NA,NA,NA,1432.56,NA,NA,NA,NA,2.75,NA,-0.07,89926.13,0,0,0,-6.3,0,0,0,NA,NA,NA,NA,NA,NA,NA,NA,"0.028",2.3,191,34,5.1,2.3
2020-03-03 06:00:00,101219.11,6,0,60.77,2.06,310,7.975,101390,NA,NA,NA,NA,NA,494,554,NA,NA,10,NA,NA,NA,1493.52,NA,NA,NA,NA,3.395,NA,-1.09,90046.64,0,0,0,-8.2,0,0,0,NA,NA,NA,NA,NA,NA,NA,NA,"0.023",1.3,16,53,5.5,4.5
2020-03-03 07:00:00,101320.7,6,0,65.37,5.66,350,7.2,101530,NA,NA,3034,NA,NA,502,604,NA,NA,10,NA,NA,NA,1524,NA,NA,NA,NA,2.3,NA,-0.08,90137.02,0,0,0,-8.2,0,0,0,NA,NA,NA,NA,NA,NA,NA,NA,"0.016",1,315,60,5,3.5
2020-03-03 08:00:00,101523.88,7,-0.6,56.72,5.14,350,8.23,101740,NA,NA,NA,NA,NA,503,554,NA,NA,10,NA,NA,NA,1524,NA,NA,NA,NA,3.56,NA,-1.09,90317.77,0,0,0,-9.5,0,0,0,NA,NA,NA,NA,NA,NA,NA,NA,"0.021",1.2,258,37,5.3,0.6
2020-03-03 09:00:00,101659.34,7,0,56.72,2.57,345,NA,101820,NA,854,NA,NA,NA,553,753,NA,NA,10,NA,NA,NA,1676.4,NA,NA,NA,NA,5.035,NA,-1.09,90438.28,0,0,0,-9.9,0,0,0,NA,NA,NA,NA,NA,NA,NA,NA,"0.02",0.6,113,48,6,0.3
2020-03-03 10:00:00,101693.2,8,-2.2,52.98,2.57,240,NA,101820,NA,904,1028,NA,NA,606,754,NA,NA,10,9.4,3.3,NA,2286,NA,NA,NA,NA,7.2,NA,-1.1,90468.4,0,0,0,-10.6,0,0,0,NA,NA,NA,NA,NA,NA,NA,NA,"0.03",1.9,267,47,7.6,1.6
2020-03-03 11:00:00,101693.2,10,-3.9,42.71,4.63,240,NA,101760,NA,NA,NA,NA,NA,603,753,NA,NA,10,NA,NA,NA,1828.8,NA,NA,NA,NA,7.565,NA,-3.12,90468.4,0,0,0,-12.3,0,0,0,NA,NA,NA,NA,NA,NA,NA,NA,"0.039",5,254,17,9.2,0.4
2020-03-03 12:00:00,101659.34,11,-4.4,34.67,8.23,240,11.32,101760,NA,NA,NA,NA,NA,653,803.5,NA,NA,10,NA,NA,NA,1981.2,NA,NA,NA,NA,6.81,NA,-4.12,90438.28,0,0,0,-11.8,0,0,0,NA,NA,NA,NA,NA,NA,NA,NA,"0.039",5,253,17,9.8,-1
2020-03-03 13:00:00,101625.47,11,-3.9,34.67,8.75,260,11.575,101750,NA,NA,6006,NA,NA,1,NA,NA,NA,10,NA,NA,NA,NA,NA,NA,NA,NA,NA,NA,-4.12,90408.14,0,0,0,-11.9,0,0,0,NA,NA,NA,NA,NA,NA,NA,NA,"0.039",5,240,19,9.8,1.1
2020-03-03 14:00:00,101659.34,11,-4.4,34.67,9.26,280,13.38,101790,NA,NA,NA,NA,NA,1,NA,NA,NA,10,NA,NA,NA,NA,NA,NA,NA,NA,NA,NA,-4.12,90438.28,0,0,0,-10.9,0,0,0,NA,NA,NA,NA,NA,NA,NA,NA,"0.04",5,251,19,10.2,3.3
2020-03-03 15:00:00,101727.07,11,-4.4,34.67,8.75,290,12.35,101820,NA,NA,NA,NA,NA,703,806,NA,NA,10,NA,NA,NA,2286,NA,NA,NA,NA,6.685,NA,-4.12,90498.53,0,0,0,-11.6,0,0,0,NA,NA,NA,NA,NA,NA,NA,NA,"0.04",3.6,283,22,9.2,2.8
2020-03-03 16:00:00,101659.34,9,-4.4,38.71,3.6,310,NA,101760,NA,NA,1,NA,NA,754,NA,NA,NA,10,11.1,8.9,NA,2286,NA,NA,NA,NA,7.26,NA,-4.12,90438.28,0,0,0,-10.8,0,0,0,NA,NA,NA,NA,NA,NA,NA,NA,"0.04",1.9,298,30,9,2.6
2020-03-03 17:00:00,101625.47,8,-3.9,42.41,2.06,300,NA,101700,NA,NA,NA,NA,NA,704,779,NA,NA,10,NA,NA,NA,2133.6,NA,NA,NA,NA,6.605,NA,-4.12,90408.14,0,0,0,-9.9,0,0,0,NA,NA,NA,NA,NA,NA,NA,NA,"0.037",2.2,295,38,8.3,4
2020-03-03 18:00:00,101557.75,7,-2.2,52.7,2.06,200,NA,101660,NA,NA,NA,NA,NA,653,804,NA,NA,10,NA,NA,NA,1981.2,NA,NA,NA,NA,5.91,NA,-2.1,90347.9,0,0,0,-8.9,0,0,0,NA,NA,NA,NA,NA,NA,NA,NA,"0.036",1.9,310,29,7.4,3.8
2020-03-03 19:00:00,101523.88,6,-2.2,56.46,2.06,10,NA,101620,NA,NA,8014,NA,NA,556,677,NA,NA,10,NA,NA,NA,NA,NA,NA,NA,NA,4.47,NA,-2.1,90317.77,0,0,0,-8.7,0,0,0,NA,NA,NA,NA,NA,NA,NA,NA,"0.024",1.1,106,37,5.9,4.3
2020-03-03 20:00:00,101422.29,6,-3.3,52.42,0,0,NA,101520,NA,NA,NA,NA,NA,1103,1204,NA,NA,10,NA,NA,NA,3352.8,NA,NA,NA,NA,4.21,NA,-3.11,90227.39,0,0,0,-8.2,0,0,1,NA,NA,NA,NA,NA,NA,NA,NA,"0.015",0.9,61,71,4.5,3.8
2020-03-03 21:00:00,101388.43,6,-3.3,52.42,2.06,110,NA,101410,NA,NA,NA,NA,NA,1003,1202,NA,NA,10,NA,NA,NA,3048,NA,NA,NA,NA,4.47,NA,-3.11,90197.27,0,0,0,-8.1,0,0,0,NA,NA,NA,NA,NA,NA,NA,NA,"0.016",1.1,134,78,3.2,2.3
2020-03-03 22:00:00,101286.84,4,-3.9,60.26,1.54,115,NA,101340,NA,NA,6021,NA,NA,1002,NA,NA,NA,10,8.9,2.8,NA,3048,NA,NA,NA,NA,2.18,NA,-3.09,90106.89,0,0,0,-6.1,0,0,1,NA,NA,NA,NA,NA,NA,NA,NA,"0.009",1.1,57,67,2.8,6.9
2020-03-03 23:00:00,101185.24,4,-2.8,60.26,1.54,40,NA,101240,NA,NA,NA,NA,NA,1004,1203.5,NA,NA,10,NA,NA,NA,3048,NA,11.1,2.2,NA,2.75,NA,-3.09,90016.51,0,0,0,-6.2,0,0,1,NA,NA,NA,NA,NA,NA,NA,NA,"0.01",0.8,102,85,3.1,8.1
2020-03-04,101117.52,5,-3.3,56.19,1.54,150,NA,101140,NA,1103,NA,NA,NA,706,903,NA,NA,10,NA,NA,NA,2743.2,NA,NA,NA,NA,3.315,NA,-3.1,89956.26,0,0,0,-6.9,0,0,1,NA,NA,NA,NA,NA,NA,NA,NA,"0.022",1.2,29,75,4.3,4.7
2020-03-04 01:00:00,101083.65,7,-1.7,52.7,4.12,300,NA,101110,NA,1153.5,6018,NA,NA,703,954,NA,NA,10,NA,NA,NA,2286,NA,NA,NA,NA,4,NA,-2.1,89926.13,0,0,0,-8.8,0,0,0,NA,NA,NA,NA,NA,NA,NA,NA,"0.039",2.7,256,50,7,4.3
2020-03-04 02:00:00,101049.79,7,-0.6,56.72,4.63,290,8.23,101110,NA,704,NA,NA,NA,442,553,NA,NA,10,NA,NA,NA,1828.8,NA,NA,NA,NA,3.37,NA,-1.09,89896.01,0,0,0,-9.2,0,0,0,NA,NA,NA,NA,NA,NA,NA,NA,"0.041",4.2,263,25,6.7,0.8
2020-03-04 03:00:00,101015.92,6,0,60.77,1.54,60,NA,101090,NA,704,NA,NA,NA,393,504,NA,NA,10,NA,NA,NA,1310.64,NA,NA,NA,NA,5.04,NA,-1.09,89865.88,0,0,0,-8.3,0,0,1,NA,NA,NA,NA,NA,NA,NA,NA,"0.039",3.9,257,22,5.7,-1.3
2020-03-04 04:00:00,101083.65,5,1.1,75.32,3.6,290,NA,101210,13,504,3005,0.025,NA,444,504,0.025,NA,10,7.2,3.3,NA,1524,NA,NA,NA,NA,2.44,NA,0.94,89926.13,0,0,0,-7.5,0,0,0,NA,NA,NA,NA,NA,NA,NA,NA,"0.038",4.5,258,18,4.8,-0.3
2020-03-04 05:00:00,101117.52,4,0.55,80.78,2.57,250,NA,101220,13,677.5,NA,0.025,NA,402.5,489,NA,NA,10,NA,NA,NA,1280.16,NA,NA,NA,NA,1.65,NA,0.96,89956.26,0,0,0,-6.6,0,0,0,NA,NA,NA,NA,NA,NA,NA,NA,"0.036",3.2,257,33,3.3,0.6
2020-03-04 06:00:00,101117.52,5,-3.3,60.51,4.12,270,10.03,101230,NA,853,NA,NA,NA,553,703.5,NA,NA,10,NA,NA,NA,1828.8,NA,NA,NA,NA,1.79,NA,-2.09,89956.26,0,0,0,-8.1,0,0,0,NA,NA,NA,NA,NA,NA,NA,NA,"0.037",4.2,245,21,3.8,1.3
2020-03-04 07:00:00,101151.38,6,-1.7,56.46,6.69,280,NA,101280,13,804,3002,0.025,0.025,503,654,NA,NA,10,NA,NA,15.43,1524,NA,NA,NA,260,1.91,NA,-2.1,89986.38,0,0,0,-9.5,0,0,0,NA,NA,NA,NA,NA,NA,NA,NA,"0.038",4.4,255,20,4.7,2.5
2020-03-04 08:00:00,101151.38,6,-3.9,56.46,5.14,270,13.38,101330,NA,703.5,NA,NA,NA,553,753,NA,NA,10,NA,NA,14.4,1828.8,NA,NA,NA,270,2.76,NA,-2.1,89986.38,0,0,0,-9.6,0,0,0,NA,NA,NA,NA,NA,NA,NA,NA,"0.037",3.9,245,16,5.1,3.1
2020-03-04 09:00:00,101286.84,7,-2.8,45.4,10.29,280,13.89,101430,NA,NA,NA,NA,NA,603,704,NA,NA,10,NA,NA,NA,1828.8,NA,NA,NA,NA,2.17,NA,-4.12,90106.89,0,0,0,-10.7,0,0,0,NA,NA,NA,NA,NA,NA,NA,NA,"0.041",5.8,248,13,5.8,5
2020-03-04 10:00:00,101422.29,5,-0.6,65.13,7.72,310,11.06,101620,NA,753,3031,NA,NA,446,553,0.025,NA,10,7.2,3.3,NA,1676.4,NA,NA,NA,NA,0.44,NA,-1.08,90227.39,0,0,0,-9,0,0,0,NA,NA,NA,NA,NA,NA,NA,NA,"0.04",4.8,282,19,5,7.7
2020-03-04 11:00:00,101523.88,5,-2.8,60.51,9.26,330,13.38,101760,NA,704,NA,NA,NA,456,553,NA,NA,10,NA,NA,16.98,1676.4,NA,NA,NA,340,-0.21,NA,-2.1,90317.77,0,0,0,-9.3,0,0,0,NA,NA,NA,NA,NA,NA,NA,NA,"0.041",6,281,20,3.5,5
2020-03-04 12:00:00,101659.34,6,-8.9,39.02,9.77,310,12.86,101780,NA,704,NA,NA,NA,456,629,NA,NA,10,NA,NA,15.95,1981.2,NA,NA,NA,290,0.84,NA,-6.13,90438.28,0,0,0,-11.6,0,0,0,NA,NA,NA,NA,NA,NA,NA,NA,"BF",4.6,285,20,6.2,2.6
2020-03-04 13:00:00,101659.34,7,-10.6,26.69,11.32,260,14.4,101790,NA,NA,1019,NA,NA,703,853.5,NA,NA,10,NA,NA,18.01,2133.6,NA,NA,NA,290,2.2,NA,-10.74,90438.28,0,0,0,-12.6,0,0,0,NA,NA,NA,NA,NA,NA,NA,NA,"AT",5.5,266,21,6.5,3.1
2020-03-04 14:00:00,101727.07,7,-8.3,30.92,10.29,260,12.865,101870,NA,NA,NA,NA,NA,756,803,NA,NA,10,NA,NA,16.98,2438.4,NA,NA,NA,260,2.05,NA,-9.14,90498.53,0,0,0,-11.1,0,0,0,NA,NA,NA,NA,NA,NA,NA,NA,"0.044",6,252,17,6.6,1.8
2020-03-04 15:00:00,101794.79,8,-8.3,31.23,8.23,290,9.77,101930,NA,NA,NA,NA,NA,704,854,NA,NA,10,NA,NA,NA,2133.6,NA,NA,NA,NA,3.87,NA,-8.14,90558.78,0,0,0,-11.9,0,0,0,NA,NA,NA,NA,NA,NA,NA,NA,"0.044",5.3,257,21,7.2,2.8
2020-03-04 16:00:00,101896.38,7.2,-10,28.88,8.23,280,12.865,102050,NA,NA,3021,NA,NA,803,904,NA,NA,10,8.3,3.9,NA,2362.2,NA,NA,NA,NA,2.82,NA,-9.14,90649.15,0,0,0,-10.7,0,0,0,NA,NA,NA,NA,NA,NA,NA,NA,"0.044",4.3,264,21,7.1,2.6
2020-03-04 17:00:00,101997.98,7,-10,30.62,7.2,270,10.03,102190,NA,NA,NA,NA,NA,806,NA,NA,NA,10,NA,NA,NA,2438.4,NA,NA,NA,NA,3.02,NA,-10.14,90739.54,0,0,0,-11.3,0,0,0,NA,NA,NA,NA,NA,NA,NA,NA,"0.043",2.8,275,24,6.6,2.3
2020-03-04 18:00:00,102099.57,5,-10,32.82,5.66,270,NA,102330,NA,NA,NA,NA,NA,1,NA,NA,NA,10,NA,NA,NA,NA,NA,NA,NA,NA,0.76,NA,-10.15,90829.91,0,0,0,-9.4,0,0,0,NA,NA,NA,NA,NA,NA,NA,NA,"0.041",3.2,249,20,4.8,3.1
2020-03-04 19:00:00,102268.89,2,-10,40.55,3.6,220,NA,102480,NA,NA,1031,NA,NA,1,NA,NA,NA,10,NA,NA,NA,NA,NA,NA,NA,NA,-1.9,NA,-10.14,90980.54,0,0,0,-7.3,0,0,0,NA,NA,NA,NA,NA,NA,NA,NA,"0.041",2,267,30,4,2.5
2020-03-04 20:00:00,102336.62,2,-9.4,40.55,1.54,230,NA,102550,NA,NA,NA,NA,NA,1,NA,NA,NA,10,NA,NA,NA,NA,NA,NA,NA,NA,-1.36,NA,-10.14,91040.8,0,0,0,-8.5,0,0,1,NA,NA,NA,NA,NA,NA,NA,NA,"0.023",1,160,57,1.5,1.3
2020-03-04 21:00:00,102370.48,0,-8.3,54.8,2.06,340,NA,102590,NA,NA,NA,NA,NA,1,NA,NA,NA,10,NA,NA,NA,NA,NA,NA,NA,NA,-2.745,NA,-8.11,91070.92,0,0,0,-6.4,0,0,0,NA,NA,NA,NA,NA,NA,NA,NA,"0.011",1,102,60,-0.1,-0.8
2020-03-04 22:00:00,102370.48,-1,-10,58.68,2.06,250,NA,102630,NA,NA,1011,NA,NA,1,NA,NA,NA,10,7.2,-2.2,NA,NA,NA,NA,NA,NA,-4.1,NA,-9.1,91070.92,0,0,0,-5.3,0,0,0,NA,NA,NA,NA,NA,NA,NA,NA,"0.02",1.3,88,38,-1.1,0.7
2020-03-04 23:00:00,102438.21,-2,-8.3,58.68,2.06,320,NA,102710,NA,NA,NA,NA,NA,1,NA,NA,NA,10,NA,NA,NA,NA,NA,8.3,-2.8,NA,-5.545,NA,-9.1,91131.18,0,0,0,-4.9,0,0,0,NA,NA,NA,NA,NA,NA,NA,NA,"0.017",1,195,56,-2.1,4.6
2020-03-05,102404.34,-2,-8.3,62.91,2.06,290,NA,102650,NA,NA,NA,NA,NA,1,NA,NA,NA,10,NA,NA,NA,NA,NA,NA,NA,NA,-5.035,NA,-8.39,91101.04,0,0,0,-4.2,0,0,0,NA,NA,NA,NA,NA,NA,NA,NA,"0.018",1,80,60,-2.9,6.8
2020-03-05 01:00:00,102438.21,-3,-8.3,68.34,1.54,120,NA,102710,NA,NA,1005,NA,NA,1,NA,NA,NA,10,NA,NA,NA,NA,NA,NA,NA,NA,-6.03,NA,-8.08,91131.18,0,0,0,-3.8,0,0,1,NA,NA,NA,NA,NA,NA,NA,NA,"0.008",0.9,223,62,-4,6.3
2020-03-05 02:00:00,102438.21,-3,-8.3,68.34,0,0,NA,102680,NA,NA,NA,NA,NA,1,NA,NA,NA,10,NA,NA,NA,NA,NA,NA,NA,NA,-5.25,NA,-8.08,91131.18,0,0,0,-2.7,0,0,1,NA,NA,NA,NA,NA,NA,NA,NA,"0.01",0.7,121,63,-4.5,4.7
2020-03-05 03:00:00,102438.21,-4,-8.9,73.45,0,0,NA,102680,NA,NA,NA,NA,NA,1,NA,NA,NA,10,NA,NA,NA,NA,NA,NA,NA,NA,NA,NA,-9.07,91131.18,0,0,0,-1.1,0,0,1,NA,NA,NA,NA,NA,NA,NA,NA,"0.005",0.7,172,56,-5.1,3.4
2020-03-05 04:00:00,102404.34,-5,-7.8,79.26,0,0,NA,102690,NA,NA,6002,NA,NA,1,NA,NA,NA,10,-0.6,-5.6,NA,NA,NA,NA,NA,NA,-6.39,NA,-8.07,91101.04,0,0,0,-1.6,0,0,1,NA,NA,NA,NA,NA,NA,NA,NA,"0.012",0.8,175,65,-4.8,4.1
2020-03-05 05:00:00,102404.34,-5,-8.3,79.42,0,0,NA,102700,NA,NA,NA,NA,NA,1,NA,NA,NA,10,NA,NA,NA,NA,NA,NA,NA,NA,-7.53,NA,-8.05,91101.04,0,0,0,-0.3,0,0,1,NA,NA,NA,NA,NA,NA,NA,NA,"0.003",0.9,207,68,-5.7,6.7
2020-03-05 06:00:00,102404.34,-6,-8.9,79.42,0,0,NA,102730,NA,NA,NA,NA,NA,1,NA,NA,NA,10,NA,NA,NA,NA,NA,NA,NA,NA,NA,NA,-8.05,91101.04,0,0,0,0.8,1,1,1,NA,NA,2,2020-03-05 06:00:00,2020-03-05 07:00:00,3,2020-03-05 06:00:00,2020-03-05 08:00:00,"0.001",1,253,59,-6,8.4
2020-03-05 07:00:00,102370.48,-5,-7.2,79.5,0,0,NA,102690,NA,NA,8005,NA,NA,1,NA,NA,NA,10,NA,NA,NA,NA,NA,NA,NA,NA,-7.47,NA,-8.04,91070.92,0,0,0,0.8,1,1,1,NA,NA,2,2020-03-05 06:00:00,2020-03-05 07:00:00,3,2020-03-05 06:00:00,2020-03-05 08:00:00,"0.003",1.1,242,60,-5.6,5.9
2020-03-05 08:00:00,102404.34,-3,-5.6,73.84,1.54,280,NA,102710,NA,NA,NA,NA,NA,1,NA,NA,NA,10,NA,NA,NA,NA,NA,NA,NA,NA,-5.25,NA,-7.07,91101.04,0,0,0,0.2,0,1,1,NA,NA,NA,NA,NA,3,2020-03-05 06:00:00,2020-03-05 08:00:00,"0.008",1.2,220,58,-3.7,5.9
2020-03-05 09:00:00,102370.48,-1,-6.7,68.78,1.54,230,NA,102670,NA,NA,NA,NA,NA,1,NA,NA,NA,10,NA,NA,NA,NA,NA,NA,NA,NA,-3.33,NA,-6.08,91070.92,0,0,0,-0.8,0,0,1,NA,NA,NA,NA,NA,NA,NA,NA,"0.017",1,248,52,-1.1,10.3
2020-03-05 10:00:00,102302.75,1,-7.8,55.36,0,0,NA,102560,NA,NA,8006,NA,NA,1,NA,NA,NA,10,2.8,-6.1,NA,NA,NA,NA,NA,NA,0.47,NA,-6.11,91010.67,0,0,0,-0.7,0,0,1,NA,NA,NA,NA,NA,NA,NA,NA,"0.027",1.2,262,53,1.6,11.5
2020-03-05 11:00:00,102268.89,4,-7.2,44.49,0,0,NA,102470,NA,NA,NA,NA,NA,1,NA,NA,NA,10,NA,NA,NA,NA,NA,NA,NA,NA,2.75,NA,-7.13,90980.54,0,0,0,-0.7,0,0,1,NA,NA,NA,NA,NA,NA,NA,NA,"0.034",0.9,259,61,4.6,12.5
2020-03-05 12:00:00,102167.3,7,-7.2,35.82,0,0,NA,102300,NA,NA,NA,NA,NA,1,NA,NA,NA,10,NA,NA,NA,NA,NA,NA,NA,NA,5.04,NA,-7.14,90890.17,0,0,0,-1.5,0,0,1,NA,NA,NA,NA,NA,NA,NA,NA,"0.036",0.9,243,65,7.6,9.5
2020-03-05 13:00:00,101997.98,9,-6.1,31.84,1.54,150,NA,102130,NA,NA,8034,NA,NA,1,NA,NA,NA,10,NA,NA,NA,NA,NA,NA,NA,NA,8.47,NA,-7.13,90739.54,0,0,0,-3.4,0,0,1,NA,NA,NA,NA,NA,NA,NA,NA,"0.039",1.1,87,72,10.3,3.5
2020-03-05 14:00:00,101828.66,11,-6.1,27.88,1.54,120,NA,101940,NA,NA,NA,NA,NA,1,NA,NA,NA,10,NA,NA,NA,NA,NA,NA,NA,NA,9.375,NA,-6.12,90588.91,0,0,0,-4.3,0,0,1,NA,NA,NA,NA,NA,NA,NA,NA,"0.04",1.6,90,50,12.3,2.6
2020-03-05 15:00:00,101727.07,13.9,-5.6,26.11,2.06,130,NA,101840,NA,NA,NA,NA,NA,1,NA,NA,NA,10,NA,NA,NA,NA,NA,NA,NA,NA,NA,NA,-6.1,90498.53,0,0,0,-7.2,0,0,0,NA,NA,NA,NA,NA,NA,NA,NA,"0.041",1.3,78,53,13.8,4
2020-03-05 16:00:00,101625.47,14,-2.8,26.4,0,0,NA,101770,NA,NA,6030,NA,NA,1,NA,NA,NA,10,14.4,2.8,NA,NA,NA,NA,NA,NA,NA,NA,-5.11,90408.14,0,0,0,-7.9,0,0,1,NA,NA,NA,NA,NA,NA,NA,NA,"0.041",1.4,75,37,14.9,4.8
2020-03-05 17:00:00,101591.61,12,-2.2,34.97,3.09,300,NA,101760,NA,NA,NA,NA,NA,1,NA,NA,NA,10,NA,NA,NA,NA,NA,NA,NA,NA,NA,NA,-3.11,90378.02,0,0,0,-6.7,0,0,0,NA,NA,NA,NA,NA,NA,NA,NA,"0.039",1.2,98,19,14.7,3.3
2020-03-05 18:00:00,101557.75,9,-3.9,42.71,2.57,330,NA,101820,NA,NA,NA,NA,NA,1,NA,NA,NA,10,NA,NA,NA,NA,NA,NA,NA,NA,7.26,NA,-4.12,90347.9,0,0,0,-5,0,0,0,NA,NA,NA,NA,NA,NA,NA,NA,"0.026",1.3,90,24,10.6,6.7
2020-03-05 19:00:00,101591.61,5,-3.3,56.19,1.54,330,NA,101850,NA,NA,5002,NA,NA,1,NA,NA,NA,10,NA,NA,NA,NA,NA,NA,NA,NA,5.04,NA,-3.11,90378.02,0,0,0,-1.6,0,0,1,NA,NA,NA,NA,NA,NA,NA,NA,"0.025",0.9,117,43,7.5,10.5
2020-03-05 20:00:00,101591.61,4,-3.3,60.26,0,0,NA,101840,NA,NA,NA,NA,NA,1,NA,NA,NA,10,NA,NA,NA,NA,NA,NA,NA,NA,NA,NA,-3.09,90378.02,0,0,0,-0.8,0,0,1,NA,NA,NA,NA,NA,NA,NA,NA,"0.006",0.7,207,68,4.1,10
2020-03-05 21:00:00,101591.61,2,-3.9,64.42,1.54,330,NA,101870,NA,NA,NA,NA,NA,1,NA,NA,NA,10,NA,NA,NA,NA,NA,NA,NA,NA,0.47,NA,-4.09,90378.02,0,0,0,0.7,1,1,1,16,21,13,2020-03-05 21:00:00,2020-03-06 09:00:00,15,2020-03-05 21:00:00,2020-03-06 11:00:00,"0.002",0.7,201,70,2.3,9.3
2020-03-05 22:00:00,101591.61,1,-4.4,69.22,0,0,NA,101780,NA,NA,8002,NA,NA,1,NA,NA,NA,10,13.9,-0.6,NA,NA,NA,NA,NA,NA,0.47,NA,-4.07,90378.02,0,0,0,1.1,1,1,1,16,21,13,2020-03-05 21:00:00,2020-03-06 09:00:00,15,2020-03-05 21:00:00,2020-03-06 11:00:00,"0.001",0.9,155,63,0.9,9.1
2020-03-05 23:00:00,101523.88,1,-4.4,69.22,0,0,NA,101710,NA,NA,NA,NA,NA,1,NA,NA,NA,10,NA,NA,NA,NA,NA,14.4,-6.1,NA,-2.39,NA,-4.07,90317.77,0,0,0,0.7,1,1,1,16,21,13,2020-03-05 21:00:00,2020-03-06 09:00:00,15,2020-03-05 21:00:00,2020-03-06 11:00:00,"0.001",0.9,107,62,-0.3,9.1
2020-03-06,101490.02,0.6,-4.4,69.22,0,0,NA,101630,NA,NA,NA,NA,NA,1202,NA,NA,NA,10,NA,NA,NA,3657.6,NA,NA,NA,NA,-0.68,NA,-4.07,90287.65,0,0,0,1.6,1,1,1,16,21,13,2020-03-05 21:00:00,2020-03-06 09:00:00,15,2020-03-05 21:00:00,2020-03-06 11:00:00,"0.001",0.9,204,75,-0.7,6.1
2020-03-06 01:00:00,101456.15,-1,-4.4,80.04,0,0,NA,101600,NA,NA,6010,NA,NA,1203,NA,NA,NA,10,NA,NA,NA,3657.6,NA,NA,NA,NA,-4.1,NA,-4.05,90257.51,0,0,0,4.2,1,1,1,16,21,13,2020-03-05 21:00:00,2020-03-06 09:00:00,15,2020-03-05 21:00:00,2020-03-06 11:00:00,"0.005",0.8,178,70,-0.5,5.5
2020-03-06 02:00:00,101422.29,-2,-5,86.04,2.06,290,NA,101550,NA,NA,NA,NA,NA,1,NA,NA,NA,10,NA,NA,NA,NA,NA,NA,NA,NA,-5.47,NA,-5.04,90227.39,0,0,0,5.2,1,1,0,16,21,13,2020-03-05 21:00:00,2020-03-06 09:00:00,15,2020-03-05 21:00:00,2020-03-06 11:00:00,"0.009",1.3,232,67,-0.8,8.6
2020-03-06 03:00:00,101388.43,-2,-4.4,84.84,2.06,290,NA,101500,NA,NA,NA,NA,NA,1,NA,NA,NA,10,NA,NA,NA,NA,NA,NA,NA,NA,-5.71,NA,-5.04,90197.27,0,0,0,5.1,1,1,0,16,21,13,2020-03-05 21:00:00,2020-03-06 09:00:00,15,2020-03-05 21:00:00,2020-03-06 11:00:00,"0.014",1.1,229,67,-1.3,9.1
2020-03-06 04:00:00,101388.43,-2,-4.4,86.15,1.54,250,NA,101520,NA,NA,5003,NA,NA,1203,NA,NA,NA,10,1.7,-2.8,NA,3657.6,NA,NA,NA,NA,-4.86,NA,-4.03,90197.27,0,0,0,5,1,1,1,16,21,13,2020-03-05 21:00:00,2020-03-06 09:00:00,15,2020-03-05 21:00:00,2020-03-06 11:00:00,"0.017",1.1,227,59,-1.2,7.8
2020-03-06 05:00:00,101422.29,-2,-3.9,86.15,0,0,NA,101580,NA,NA,NA,NA,NA,1204,NA,NA,NA,10,NA,NA,NA,3657.6,NA,NA,NA,NA,-3.7,NA,-4.03,90227.39,0,0,0,4.8,1,1,1,16,21,13,2020-03-05 21:00:00,2020-03-06 09:00:00,15,2020-03-05 21:00:00,2020-03-06 11:00:00,"0.017",0.7,253,70,-1.2,5.2
2020-03-06 06:00:00,101422.29,-2,-4.4,86.15,0,0,NA,101650,NA,NA,NA,NA,NA,1102,NA,NA,NA,10,NA,NA,NA,3352.8,NA,NA,NA,NA,-4.1,NA,-4.03,90227.39,0,0,0,4.7,1,1,1,16,21,13,2020-03-05 21:00:00,2020-03-06 09:00:00,15,2020-03-05 21:00:00,2020-03-06 11:00:00,"0.008",0.9,196,54,-1.6,4.9
2020-03-06 07:00:00,101422.29,-2,-4.4,86.15,0,0,NA,101660,NA,NA,2,NA,NA,1,NA,NA,NA,10,NA,NA,NA,NA,NA,NA,NA,NA,NA,NA,-4.03,90227.39,0,0,0,3.9,1,1,1,16,21,13,2020-03-05 21:00:00,2020-03-06 09:00:00,15,2020-03-05 21:00:00,2020-03-06 11:00:00,"0.003",0.7,191,73,-1.8,8.5
2020-03-06 08:00:00,101422.29,-1,-3.3,80.04,0,0,NA,101660,NA,NA,NA,NA,NA,1,NA,NA,NA,10,NA,NA,NA,NA,NA,NA,NA,NA,-1.82,NA,-4.05,90227.39,0,0,0,3.7,1,1,1,16,21,13,2020-03-05 21:00:00,2020-03-06 09:00:00,15,2020-03-05 21:00:00,2020-03-06 11:00:00,"0.009",0.6,217,68,-0.4,9.5
2020-03-06 09:00:00,101422.29,2,-2.2,69.43,1.54,220,NA,101620,NA,NA,NA,NA,NA,1,NA,NA,NA,10,NA,NA,NA,NA,NA,NA,NA,NA,0.04,NA,-3.07,90227.39,0,0,0,1.5,1,1,1,16,21,13,2020-03-05 21:00:00,2020-03-06 09:00:00,15,2020-03-05 21:00:00,2020-03-06 11:00:00,"0.012",0.8,235,69,2.1,8.8
2020-03-06 10:00:00,101354.56,5,-2.8,60.26,0,0,NA,101500,NA,NA,8008,NA,NA,1,NA,NA,NA,10,6.7,-2.2,NA,NA,NA,NA,NA,NA,5.04,NA,-3.09,90167.14,0,0,0,0.3,0,1,1,NA,21,NA,NA,NA,15,2020-03-05 21:00:00,2020-03-06 11:00:00,"0.022",0.8,270,67,5.2,10.3
2020-03-06 11:00:00,101252.97,8,-2.2,46,0,0,NA,101350,NA,NA,NA,NA,NA,1,NA,NA,NA,10,NA,NA,NA,NA,NA,NA,NA,NA,8.47,NA,-2.31,90076.76,0,0,0,0.5,1,1,1,NA,21,1,2020-03-06 11:00:00,2020-03-06 11:00:00,15,2020-03-05 21:00:00,2020-03-06 11:00:00,"0.025",0.9,150,75,9.1,11
2020-03-06 12:00:00,101151.38,12,-1.7,37.66,1.54,90,NA,101220,NA,NA,NA,NA,NA,956,NA,NA,NA,10,NA,NA,NA,NA,NA,NA,NA,NA,NA,NA,-2.11,89986.38,0,0,0,-2.4,0,0,1,NA,NA,NA,NA,NA,NA,NA,NA,"0.03",1.2,104,57,11.7,9.3
2020-03-06 13:00:00,101049.79,14,-1.7,33.05,1.54,95,NA,101050,NA,NA,8033,NA,NA,1,NA,NA,NA,10,NA,NA,NA,NA,NA,NA,NA,NA,NA,NA,-2.1,89896.01,0,0,0,-3.8,0,0,1,NA,NA,NA,NA,NA,NA,NA,NA,"0.031",1.7,74,32,14.6,8.3
2020-03-06 14:00:00,100914.33,17,-4.4,25.32,1.54,155,NA,100950,NA,NA,NA,NA,NA,1,NA,NA,NA,10,NA,NA,NA,NA,NA,NA,NA,NA,NA,NA,-3.07,89775.5,0,0,0,-8.4,0,0,1,NA,NA,NA,NA,NA,NA,NA,NA,"0.037",1.4,3,42,17,7.7
2020-03-06 15:00:00,100846.6,18,-3.9,22.06,4.63,240,10.03,100900,NA,NA,NA,NA,NA,1,NA,NA,NA,10,NA,NA,NA,NA,NA,NA,NA,NA,NA,NA,-4.07,89715.25,0,0,0,-11.1,0,0,0,NA,NA,NA,NA,NA,NA,NA,NA,"0.044",1.4,285,63,18.3,8.3
2020-03-06 16:00:00,100812.74,18,-4.4,22.06,3.09,280,NA,100860,NA,NA,6016,NA,NA,1,NA,NA,NA,10,18.3,6.7,NA,NA,NA,NA,NA,NA,NA,NA,-4.07,89685.12,0,0,0,-10.7,0,0,0,NA,NA,NA,NA,NA,NA,NA,NA,"0.046",2.5,259,18,18.2,7.9
2020-03-06 17:00:00,100812.74,16,-3.9,23.5,3.6,320,NA,100870,NA,NA,NA,NA,NA,1,NA,NA,NA,10,NA,NA,NA,NA,NA,NA,NA,NA,NA,NA,-4.09,89685.12,0,0,0,-9.3,0,0,0,NA,NA,NA,NA,NA,NA,NA,NA,"0.042",1.1,271,22,17,5.3
2020-03-06 18:00:00,100778.88,13,-2.8,32.75,3.09,330,NA,100910,NA,NA,NA,NA,NA,1,NA,NA,NA,10,NA,NA,NA,NA,NA,NA,NA,NA,NA,NA,-3.12,89655,0,0,0,-7.8,0,0,0,NA,NA,NA,NA,NA,NA,NA,NA,"0.031",0.8,165,66,14.3,7.7
2020-03-06 19:00:00,100778.88,11,-2.2,37.36,3.6,330,NA,100970,NA,NA,5000,NA,NA,1,NA,NA,NA,10,NA,NA,NA,NA,NA,NA,NA,NA,7.26,NA,-3.12,89655,0,0,0,-6.4,0,0,0,NA,NA,NA,NA,NA,NA,NA,NA,"0.023",0.9,94,52,11.4,9.3
2020-03-06 20:00:00,100778.88,8,-2.8,45.7,1.54,320,NA,100950,NA,NA,NA,NA,NA,1,NA,NA,NA,10,NA,NA,NA,NA,NA,NA,NA,NA,6.81,NA,-3.11,89655,0,0,0,-3.5,0,0,1,NA,NA,NA,NA,NA,NA,NA,NA,"0.018",0.8,77,54,8.8,8.6
2020-03-06 21:00:00,100778.88,6,-2.2,52.42,0,0,NA,100950,NA,NA,NA,NA,NA,1,NA,NA,NA,10,NA,NA,NA,NA,NA,NA,NA,NA,6.495,NA,-3.11,89655,0,0,0,-1.6,0,0,1,NA,NA,NA,NA,NA,NA,NA,NA,"0.011",0.6,150,66,6.7,10.8
2020-03-06 22:00:00,100778.88,6,-2.2,56.46,0,0,NA,100860,NA,NA,8005,NA,NA,1,NA,NA,NA,10,18.3,4.4,NA,NA,NA,NA,NA,NA,5.04,NA,-2.1,89655,0,0,0,-1.5,0,0,1,NA,NA,NA,NA,NA,NA,NA,NA,"0.005",0.6,91,67,5.4,11.3
2020-03-06 23:00:00,100711.15,3,-2.8,64.66,1.54,10,NA,100780,NA,NA,NA,NA,NA,1,NA,NA,NA,10,NA,NA,NA,NA,NA,18.3,-2.8,NA,1.61,NA,-3.08,89594.75,0,0,0,1,1,1,1,18,22,11,2020-03-06 23:00:00,2020-03-07 09:00:00,11,2020-03-06 23:00:00,2020-03-07 09:00:00,"0.006",0.9,187,69,3.5,11.5
2020-03-07,100643.42,2,-3.3,69.43,0,0,NA,100680,NA,NA,NA,NA,NA,1,NA,NA,NA,10,NA,NA,NA,NA,NA,NA,NA,NA,0.7,NA,-3.07,89534.49,0,0,0,1.8,1,1,1,18,22,11,2020-03-06 23:00:00,2020-03-07 09:00:00,11,2020-03-06 23:00:00,2020-03-07 09:00:00,"0.008",0.9,172,78,2.9,9.8
2020-03-07 01:00:00,100575.69,3,-2.8,69.64,2.06,130,NA,100560,NA,NA,8019,NA,NA,1,NA,NA,NA,10,NA,NA,NA,NA,NA,NA,NA,NA,0.72,NA,-2.07,89474.24,0,0,0,0.9,1,1,0,18,22,11,2020-03-06 23:00:00,2020-03-07 09:00:00,11,2020-03-06 23:00:00,2020-03-07 09:00:00,"0.006",1,227,62,2.5,7.4
2020-03-07 02:00:00,100507.97,2,-2.8,69.43,0,0,NA,100470,NA,NA,NA,NA,NA,1,NA,NA,NA,10,NA,NA,NA,NA,NA,NA,NA,NA,0.135,NA,-3.07,89413.99,0,0,0,1.9,1,1,1,18,22,11,2020-03-06 23:00:00,2020-03-07 09:00:00,11,2020-03-06 23:00:00,2020-03-07 09:00:00,"0.009",0.8,260,67,1.8,6.7
2020-03-07 03:00:00,100440.24,1,-2.8,74.6,1.54,10,NA,100430,NA,NA,NA,NA,NA,1,NA,NA,NA,10,NA,NA,NA,NA,NA,NA,NA,NA,-1.36,NA,-3.06,89353.74,0,0,0,3,1,1,1,18,22,11,2020-03-06 23:00:00,2020-03-07 09:00:00,11,2020-03-06 23:00:00,2020-03-07 09:00:00,"0.011",0.8,170,71,1.1,5
2020-03-07 04:00:00,100406.37,1,-2.8,74.6,0,0,NA,100430,NA,NA,6012,NA,NA,1,NA,NA,NA,10,5.6,0,NA,NA,NA,NA,NA,NA,-0.68,NA,-3.06,89323.61,0,0,0,2.8,1,1,1,18,22,11,2020-03-06 23:00:00,2020-03-07 09:00:00,11,2020-03-06 23:00:00,2020-03-07 09:00:00,"0.009",0.8,164,66,0.5,5.5
2020-03-07 05:00:00,100406.37,0.6,-2.2,80.19,0,0,NA,100470,NA,NA,NA,NA,NA,1003,NA,NA,NA,10,NA,NA,NA,3048,NA,NA,NA,NA,-1.25,NA,-3.05,89323.61,0,0,0,3.2,1,1,1,18,22,11,2020-03-06 23:00:00,2020-03-07 09:00:00,11,2020-03-06 23:00:00,2020-03-07 09:00:00,"0.004",0.7,95,81,0.3,7.6
2020-03-07 06:00:00,100406.37,1,-2.2,80.34,1.54,130,NA,100520,NA,NA,NA,NA,NA,1004,1203,NA,NA,10,NA,NA,NA,3048,NA,NA,NA,NA,-1.02,NA,-2.05,89323.61,0,0,0,2.9,1,1,1,18,22,11,2020-03-06 23:00:00,2020-03-07 09:00:00,11,2020-03-06 23:00:00,2020-03-07 09:00:00,"0.002",0.6,168,73,0.8,7
2020-03-07 07:00:00,100440.24,1,-1.7,80.34,0,0,NA,100590,NA,NA,3004,NA,NA,1002,1202,NA,NA,10,NA,NA,NA,3048,NA,NA,NA,NA,-0.68,NA,-2.05,89353.74,0,0,0,2.2,1,1,1,18,22,11,2020-03-06 23:00:00,2020-03-07 09:00:00,11,2020-03-06 23:00:00,2020-03-07 09:00:00,"0.001",0.6,190,75,0.8,5.4
2020-03-07 08:00:00,100440.24,2,-1.1,80.49,1.54,100,NA,100560,NA,NA,NA,NA,NA,1002,NA,NA,NA,10,NA,NA,NA,NA,NA,NA,NA,NA,-0.72,NA,-1.05,89353.74,0,0,0,1,1,1,1,18,22,11,2020-03-06 23:00:00,2020-03-07 09:00:00,11,2020-03-06 23:00:00,2020-03-07 09:00:00,"0.006",1,103,61,1.8,7.8
2020-03-07 09:00:00,100440.24,3,-1.7,69.64,0,0,NA,100540,NA,NA,NA,NA,NA,1,NA,NA,NA,10,NA,NA,NA,NA,NA,NA,NA,NA,0.47,NA,-2.07,89353.74,0,0,0,0.5,1,1,1,18,22,11,2020-03-06 23:00:00,2020-03-07 09:00:00,11,2020-03-06 23:00:00,2020-03-07 09:00:00,"0.012",1,279,67,3.3,9
2020-03-07 10:00:00,100372.51,6,-0.6,61.02,2.06,190,NA,100480,NA,NA,8007,NA,NA,1,NA,NA,NA,10,6.7,-0.6,NA,NA,NA,NA,NA,NA,4.945,NA,-1.08,89293.49,0,0,0,-1.7,0,0,0,NA,NA,NA,NA,NA,NA,NA,NA,"0.019",0.9,258,61,5.8,7.7
2020-03-07 11:00:00,100338.65,9,0.6,53.26,1.54,80,NA,100380,NA,NA,NA,NA,NA,1,NA,NA,NA,10,NA,NA,NA,NA,NA,NA,NA,NA,8.47,NA,-0.09,89263.36,0,0,0,-4,0,0,1,NA,NA,NA,NA,NA,NA,NA,NA,"0.02",1,161,54,7.9,7.2
2020-03-07 12:00:00,100270.92,12,0,46.59,1.54,100,NA,100320,NA,NA,NA,NA,NA,853,NA,NA,NA,10,NA,NA,NA,2590.8,NA,NA,NA,NA,9.61,NA,-0.1,89203.11,0,0,0,-8.2,0,0,1,NA,NA,NA,NA,NA,NA,NA,NA,"0.033",2.1,200,41,11.2,6.5
2020-03-07 13:00:00,100203.19,13,0.6,43.9,1.8,90,NA,100220,NA,NA,8018,NA,NA,756,1002,NA,NA,10,NA,NA,NA,2590.8,NA,NA,NA,NA,NA,NA,0.9,89142.85,0,0,0,-9.6,0,0,1,NA,NA,NA,NA,NA,NA,NA,NA,"0.045",2.7,171,21,13.2,5.5
2020-03-07 14:00:00,100169.33,14,2.2,35.58,2.57,210,9.77,100250,13,804,NA,0.025,NA,703,854,NA,NA,10,NA,NA,NA,2133.6,NA,NA,NA,NA,NA,NA,-1.1,89112.73,0,0,0,-10.3,0,0,0,NA,NA,NA,NA,NA,NA,NA,NA,"0.045",1.8,225,31,13.1,5.7
2020-03-07 15:00:00,100270.92,11,2.2,50.37,7.2,260,11.83,100490,13,904,NA,0.025,NA,704,803,NA,NA,10,NA,NA,NA,2286,NA,NA,NA,NA,4.925,NA,0.91,89203.11,0,0,0,-8.7,0,0,0,NA,NA,NA,NA,NA,NA,NA,NA,"0.044",2.6,267,41,10.7,6
2020-03-07 16:00:00,100338.65,9,0.6,57.25,4.12,330,7.72,100480,NA,NA,16,0.025,NA,704,NA,0.025,NA,10,13.9,6.7,NA,2133.6,NA,NA,NA,NA,6.72,NA,0.91,89263.36,0,0,0,-8.5,0,0,0,NA,NA,NA,NA,NA,NA,NA,NA,"0.042",2,86,39,8.8,3.8
2020-03-07 17:00:00,100372.51,9,0.6,57.25,2.57,230,NA,100490,NA,904,NA,NA,NA,506,703,NA,NA,10,NA,NA,NA,1676.4,NA,NA,NA,NA,7.32,NA,0.91,89293.49,0,0,0,-8.7,0,0,0,NA,NA,NA,NA,NA,NA,NA,NA,"0.041",1.3,349,54,8.7,2.8
2020-03-07 18:00:00,100406.37,8,1.7,61.27,3.6,260,NA,100610,NA,904,NA,NA,NA,503,654,NA,NA,10,NA,NA,NA,1676.4,NA,NA,NA,NA,5.75,NA,0.92,89323.61,0,0,0,-8.3,0,0,0,NA,NA,NA,NA,NA,NA,NA,NA,"0.038",1.7,238,26,8.1,5.5
2020-03-07 19:00:00,100609.56,6,-2.2,56.72,8.75,310,12.86,100840,NA,704,3029,NA,NA,504,604,NA,NA,10,NA,NA,14.4,1676.4,NA,NA,NA,300,1.73,NA,-2.1,89504.37,0,0,0,-6.9,0,0,0,NA,NA,NA,NA,NA,NA,NA,NA,"0.036",3.3,287,22,6.5,5.5
2020-03-07 20:00:00,100745.01,5,-3.3,56.19,5.14,310,NA,100980,NA,NA,NA,NA,NA,552,604,NA,NA,10,NA,NA,NA,1524,NA,NA,NA,NA,1.27,NA,-3.1,89624.87,0,0,0,-7.2,0,0,0,NA,NA,NA,NA,NA,NA,NA,NA,"0.035",3.2,310,24,4.9,4
2020-03-07 21:00:00,100846.6,4,-3.3,60.26,3.6,340,NA,101010,NA,1203,NA,NA,NA,493,1005,NA,NA,10,NA,NA,NA,1493.52,NA,NA,NA,NA,1.24,NA,-3.09,89715.25,0,0,0,-7.6,0,0,0,NA,NA,NA,NA,NA,NA,NA,NA,"0.034",1.4,322,29,4.2,4.1
2020-03-07 22:00:00,100880.47,3,-3.3,60,2.57,320,NA,101070,NA,NA,1024,NA,NA,553,NA,NA,NA,10,9.4,2.2,NA,1676.4,NA,NA,NA,NA,0.97,NA,-4.1,89745.38,0,0,0,-7.2,0,0,0,NA,NA,NA,NA,NA,NA,NA,NA,"0.028",0.9,225,35,3.2,4.3
2020-03-07 23:00:00,100982.06,3,-2.8,64.66,2.06,270,NA,101080,NA,NA,NA,NA,NA,554,NA,NA,NA,10,NA,NA,NA,1676.4,NA,13.9,-0.6,NA,0.97,NA,-3.08,89835.75,0,0,0,-7.5,0,0,0,NA,NA,NA,NA,NA,NA,NA,NA,"0.033",2.3,244,19,3.4,4.8
2020-03-08,101015.92,3,-4.4,60,3.09,300,NA,101130,NA,NA,NA,NA,NA,554,NA,NA,NA,10,NA,NA,NA,1676.4,NA,NA,NA,NA,0.03,NA,-4.1,89865.88,0,0,0,-8,0,0,0,NA,NA,NA,NA,NA,NA,NA,NA,"0.039",1.7,243,23,3.5,2.1
2020-03-08 01:00:00,101083.65,3,-5.6,53.92,4.12,300,NA,101190,NA,NA,3017,NA,NA,653,904,NA,NA,10,NA,NA,NA,1981.2,NA,NA,NA,NA,-0.67,NA,-6.11,89926.13,0,0,0,-8.2,0,0,0,NA,NA,NA,NA,NA,NA,NA,NA,"0.039",1.7,259,23,3,0.8
2020-03-08 03:00:00,101151.38,2,-5.6,55.64,2.57,300,NA,101290,NA,NA,NA,NA,NA,603,1004,NA,NA,10,NA,NA,NA,1828.8,NA,NA,NA,NA,-0.2,NA,-6.1,89986.38,0,0,0,-7.8,0,0,0,NA,NA,NA,NA,NA,NA,NA,NA,"0.041",1,304,41,1.6,2.3
2020-03-08 04:00:00,101185.24,1,-5.6,59.48,2.57,10,NA,101370,NA,NA,NA,NA,NA,1002,NA,NA,NA,10,NA,NA,NA,3048,NA,NA,NA,NA,-2.145,NA,-6.1,90016.51,0,0,0,-7,0,0,0,NA,NA,NA,NA,NA,NA,NA,NA,"0.037",1.2,337,57,0.5,0.1
2020-03-08 05:00:00,101252.97,1,-6.1,59.48,2.57,340,NA,101420,NA,NA,1012,NA,NA,493,NA,NA,NA,10,3.3,0,NA,1478.28,NA,NA,NA,NA,-1.91,NA,-6.1,90076.76,0,0,0,-7.9,0,0,0,NA,NA,NA,NA,NA,NA,NA,NA,"0.024",1.3,100,41,-1.7,0.7
2020-03-08 06:00:00,101320.7,-1,-6.7,63.94,2.06,350,NA,101510,NA,NA,NA,NA,NA,506,NA,NA,NA,10,NA,NA,NA,1676.4,NA,NA,NA,NA,-3.62,NA,-6.09,90137.02,0,0,0,-6.6,0,0,0,NA,NA,NA,NA,NA,NA,NA,NA,"0.025",1.2,88,38,-2.2,4.4
2020-03-08 07:00:00,101388.43,-2,-7.8,63.7,2.57,340,NA,101600,NA,NA,NA,NA,NA,506,NA,NA,NA,10,NA,NA,NA,1676.4,NA,NA,NA,NA,-4.86,NA,-7.09,90197.27,0,0,0,-5.4,0,0,0,NA,NA,NA,NA,NA,NA,NA,NA,"0.029",1.3,100,42,-1.3,4.2
2020-03-08 08:00:00,101422.29,-1,-7.2,63.7,2.57,350,NA,101620,NA,NA,1015,NA,NA,1,NA,NA,NA,10,NA,NA,NA,NA,NA,NA,NA,NA,-4.28,NA,-7.09,90227.39,0,0,0,-6.6,0,0,0,NA,NA,NA,NA,NA,NA,NA,NA,"0.037",1.5,82,26,1.6,2.4
2020-03-08 09:00:00,101456.15,2,-5,55.36,1.54,130,NA,101680,NA,NA,NA,NA,NA,1,NA,NA,NA,10,NA,NA,NA,NA,NA,NA,NA,NA,-0.68,NA,-6.11,90257.51,0,0,0,-9.4,0,0,1,NA,NA,NA,NA,NA,NA,NA,NA,"0.04",0.9,56,67,3.6,4.3
2020-03-08 10:00:00,101490.02,3,-8.3,51.56,0,0,NA,101660,NA,NA,NA,NA,NA,1,NA,NA,NA,10,NA,NA,NA,NA,NA,NA,NA,NA,2.125,NA,-6.11,90287.65,0,0,0,-10,0,0,1,NA,NA,NA,NA,NA,NA,NA,NA,"0.042",1.3,68,48,4.7,4.5
2020-03-08 11:00:00,101490.02,4,-6.7,41.18,1.54,70,NA,101620,NA,NA,2,NA,NA,1,NA,NA,NA,10,5.6,-3.3,NA,NA,NA,NA,NA,NA,4.03,NA,-7.13,90287.65,0,0,0,-9.7,0,0,1,NA,NA,NA,NA,NA,NA,NA,NA,"0.043",1.8,188,53,6.2,1.3
2020-03-08 12:00:00,101422.29,6,-6.7,38.71,2.83,105,NA,101530,NA,NA,NA,NA,NA,1,953,NA,NA,10,NA,NA,NA,2133.6,NA,NA,NA,NA,4.14,NA,-7.13,90227.39,0,0,0,-7.2,0,0,0,NA,NA,NA,NA,NA,NA,NA,NA,"0.043",3,189,28,7.1,0.6
2020-03-08 13:00:00,101354.56,7,-8.3,33.44,2.83,125,NA,101500,NA,NA,NA,NA,NA,753,878.5,NA,NA,10,NA,NA,NA,2590.8,NA,NA,NA,NA,4.54,NA,-8.14,90167.14,0,0,0,-8.7,0,0,0,NA,NA,NA,NA,NA,NA,NA,NA,"0.043",3.1,211,27,6.9,0.9
2020-03-08 14:00:00,101320.7,7,-8.9,30.92,1.54,210,NA,101430,NA,NA,6015,NA,NA,754,879,NA,NA,10,NA,NA,NA,2286,NA,NA,NA,NA,5.7,NA,-9.14,90137.02,0,0,0,-8.6,0,0,1,NA,NA,NA,NA,NA,NA,NA,NA,"0.043",1.7,279,56,7.1,0.1
2020-03-08 15:00:00,101252.97,8,-8.3,28.88,2.315,240,NA,101390,NA,NA,NA,NA,NA,904,954,NA,NA,10,NA,NA,NA,2743.2,NA,NA,NA,NA,6.605,NA,-9.14,90076.76,0,0,0,-10.7,0,0,0,NA,NA,NA,NA,NA,NA,NA,NA,"0.043",2.5,232,34,7.2,1.3
2020-03-08 16:00:00,101252.97,8,-9.4,28.88,3.09,330,NA,101410,NA,NA,NA,NA,NA,904,NA,NA,NA,10,NA,NA,NA,2743.2,NA,NA,NA,NA,6.05,NA,-9.14,90076.76,0,0,0,-9.6,0,0,0,NA,NA,NA,NA,NA,NA,NA,NA,"0.043",1.5,299,31,7.2,2.8
2020-03-08 17:00:00,101219.11,8,-9.4,28.88,4.63,290,NA,101390,NA,NA,6005,NA,NA,853,903.5,NA,NA,10,8.9,5,NA,2590.8,NA,NA,NA,NA,5.49,NA,-9.14,90046.64,0,0,0,-9.2,0,0,0,NA,NA,NA,NA,NA,NA,NA,NA,"0.043",1.6,267,24,6.9,1.8
2020-03-08 18:00:00,101252.97,7,-8.9,30.92,5.14,300,NA,101450,NA,NA,NA,NA,NA,952,NA,NA,NA,10,NA,NA,NA,2895.6,NA,NA,NA,NA,4.47,NA,-9.14,90076.76,0,0,0,-8.7,0,0,0,NA,NA,NA,NA,NA,NA,NA,NA,"0.04",1.5,308,33,5.6,2.1
2020-03-08 19:00:00,101286.84,5,-7.8,38.4,2.57,340,NA,101520,NA,NA,NA,NA,NA,856,903.5,NA,NA,10,NA,NA,NA,2743.2,NA,NA,NA,NA,2.84,NA,-8.14,90106.89,0,0,0,-8.2,0,0,0,NA,NA,NA,NA,NA,NA,NA,NA,"0.031",0.7,123,50,4.2,4.5
2020-03-08 20:00:00,101320.7,4,-8.3,41.18,1.54,350,NA,101530,NA,NA,3010,NA,NA,1,NA,NA,NA,10,NA,NA,NA,NA,NA,NA,NA,NA,2.64,NA,-8.13,90137.02,0,0,0,-8.2,0,0,1,NA,NA,NA,NA,NA,NA,NA,NA,"0.019",0.5,138,54,2.5,5.7
2020-03-08 21:00:00,101388.43,2,-7.2,47.45,2.57,340,NA,101600,NA,NA,NA,NA,NA,1,NA,NA,NA,10,NA,NA,NA,NA,NA,NA,NA,NA,-0.72,NA,-8.13,90197.27,0,0,0,-6.4,0,0,0,NA,NA,NA,NA,NA,NA,NA,NA,"0.014",0.7,203,60,1.8,6.5
2020-03-08 22:00:00,101422.29,3,-6.7,51.27,2.57,340,NA,101610,NA,NA,NA,NA,NA,753,1203,NA,NA,10,NA,NA,NA,3657.6,NA,NA,NA,NA,-0.2,NA,-7.12,90227.39,0,0,0,-7.8,0,0,0,NA,NA,NA,NA,NA,NA,NA,NA,"0.029",0.9,200,46,1.9,5.3
2020-03-08 23:00:00,101456.15,1,-6.1,55.08,1.54,300,NA,101640,NA,NA,1010,NA,NA,704,1104,NA,NA,10,8.3,1.1,NA,2133.6,NA,NA,NA,NA,-1.02,NA,-7.11,90257.51,0,0,0,-6.1,0,0,1,NA,NA,NA,NA,NA,NA,NA,NA,"0.031",0.7,185,44,1.7,4.3
2020-03-09,101456.15,1,-6.1,56.13,1.54,310,NA,101610,NA,NA,NA,NA,NA,654,NA,NA,NA,10,NA,NA,NA,1981.2,NA,8.9,-3.3,NA,-0.68,NA,-6.11,90257.51,0,0,0,-6,0,0,1,NA,NA,NA,NA,NA,NA,NA,NA,"0.029",0.8,75,39,1.5,2.8
2020-03-09 01:00:00,101456.15,2,-6.7,55.36,0,0,NA,101640,NA,NA,NA,NA,NA,604,754,NA,NA,10,NA,NA,NA,1828.8,NA,NA,NA,NA,0.135,NA,-6.11,90257.51,0,0,0,-7.1,0,0,1,NA,NA,NA,NA,NA,NA,NA,NA,"0.033",0.5,230,82,1.3,2.1
2020-03-09 02:00:00,101490.02,2,-6.1,55.36,0,0,NA,101670,NA,NA,3005,NA,NA,654,NA,NA,NA,10,NA,NA,NA,1981.2,NA,NA,NA,NA,-0.68,NA,-6.11,90287.65,0,0,0,-7.3,0,0,1,NA,NA,NA,NA,NA,NA,NA,NA,"0.025",0.7,163,53,0.8,2.5
2020-03-09 03:00:00,101523.88,1,-5.6,59.48,1.54,300,NA,101700,NA,NA,NA,NA,NA,704,NA,NA,NA,10,NA,NA,NA,2133.6,NA,NA,NA,NA,-1.36,NA,-6.1,90317.77,0,0,0,-6.5,0,0,1,NA,NA,NA,NA,NA,NA,NA,NA,"0.022",0.9,285,35,0.6,3.5
2020-03-09 04:00:00,101557.75,0,-4.4,69,1.54,250,NA,101740,NA,NA,NA,NA,NA,654,NA,NA,NA,10,NA,NA,NA,1981.2,NA,NA,NA,NA,-1.82,NA,-5.08,90347.9,0,0,0,-6,0,0,1,NA,NA,NA,NA,NA,NA,NA,NA,"0.022",1.4,270,41,0.4,4.8
2020-03-09 05:00:00,101591.61,-0.6,-5,72.08,1.54,260,NA,101810,NA,1004,3012,NA,NA,506,904,NA,NA,10,2.2,-0.6,NA,3048,NA,NA,NA,NA,-2.96,NA,-5.07,90378.02,0,0,0,-5.5,0,0,1,NA,NA,NA,NA,NA,NA,NA,NA,"0.023",1.1,203,44,-0.4,3.7
2020-03-09 06:00:00,101659.34,-1,-5,74.22,2.06,270,NA,101900,NA,NA,NA,NA,NA,556,1004,NA,NA,10,NA,NA,NA,3048,NA,NA,NA,NA,-3.7,NA,-5.06,90438.28,0,0,0,-5.2,0,0,0,NA,NA,NA,NA,NA,NA,NA,NA,"0.013",0.6,222,62,-0.7,0.5
2020-03-09 07:00:00,101727.07,-1,-4.4,75.43,0,0,NA,101990,NA,1053.5,NA,NA,NA,473,1053,NA,NA,10,NA,NA,NA,1524,NA,NA,NA,NA,-3.33,NA,-4.46,90498.53,0,0,0,-5.3,0,0,1,NA,NA,NA,NA,NA,NA,NA,NA,"0.003",0.9,217,49,-1.1,4.3
2020-03-09 08:00:00,101794.79,-1,-4.4,80.04,0,0,NA,102090,NA,603,3019,NA,NA,453,553,NA,NA,10,NA,NA,NA,1371.6,NA,NA,NA,NA,-2.96,NA,-4.05,90558.78,0,0,0,-5.5,0,0,1,NA,NA,NA,NA,NA,NA,NA,NA,"0.016",0.6,137,57,0.3,4.4
2020-03-09 09:00:00,101896.38,2,-3.9,64.42,2.06,290,NA,102120,NA,NA,NA,NA,NA,502,578.5,NA,NA,10,NA,NA,NA,1676.4,NA,NA,NA,NA,-0.72,NA,-4.07,90649.15,0,0,0,-8.5,0,0,0,NA,NA,NA,NA,NA,NA,NA,NA,"0.032",1.2,122,52,2.2,3.5
2020-03-09 10:00:00,101930.25,4,-6.1,48.05,4.12,310,NA,102130,NA,NA,NA,NA,NA,1,NA,NA,NA,10,NA,NA,NA,NA,NA,NA,NA,NA,0.28,NA,-6.12,90679.28,0,0,0,-10,0,0,0,NA,NA,NA,NA,NA,NA,NA,NA,"0.037",1.3,112,67,4.1,7.2
2020-03-09 11:00:00,101964.11,5,-6.7,41.49,3.6,320,NA,102140,NA,NA,1009,NA,NA,1,NA,NA,NA,10,5.6,-1.1,NA,NA,NA,NA,NA,NA,2.44,NA,-7.13,90709.41,0,0,0,-9.5,0,0,0,NA,NA,NA,NA,NA,NA,NA,NA,"0.039",1.4,146,58,5.4,5
2020-03-09 12:00:00,101930.25,6,-8.3,35.82,3.09,320,NA,102090,NA,NA,NA,NA,NA,1,NA,NA,NA,10,NA,NA,NA,2133.6,NA,NA,NA,NA,4.5,NA,-8.14,90679.28,0,0,0,-9.3,0,0,0,NA,NA,NA,NA,NA,NA,NA,NA,"0.041",1.4,179,37,5.3,1.8
2020-03-09 13:00:00,101896.38,7,-11.1,28.58,4.12,340,NA,102050,NA,NA,NA,NA,NA,753,904,NA,NA,10,NA,NA,NA,2286,NA,NA,NA,NA,4,NA,-10.14,90649.15,0,0,0,-8.2,0,0,0,NA,NA,NA,NA,NA,NA,NA,NA,"0.042",1.2,292,59,5.7,2.3
2020-03-09 14:00:00,101828.66,7,-10,28.58,3.09,320,7.2,101980,NA,NA,8012,NA,NA,803,954,NA,NA,10,NA,NA,NA,2438.4,NA,NA,NA,NA,4.25,NA,-10.14,90588.91,0,0,0,-7.5,0,0,0,NA,NA,NA,NA,NA,NA,NA,NA,"0.043",1.4,194,47,6.4,2.3
2020-03-09 15:00:00,101794.79,7,-9.4,28.58,4.63,320,NA,102000,NA,NA,NA,NA,NA,803,954,NA,NA,10,NA,NA,NA,2438.4,NA,NA,NA,NA,4.25,NA,-10.14,90558.78,0,0,0,-8.5,0,0,0,NA,NA,NA,NA,NA,NA,NA,NA,"0.042",1.9,318,45,7.1,0.9
2020-03-09 16:00:00,101828.66,7,-9.4,30.92,5.14,330,NA,102020,NA,NA,NA,NA,NA,754,854,NA,NA,10,NA,NA,NA,2286,NA,NA,NA,NA,3.78,NA,-9.14,90588.91,0,0,0,-8.6,0,0,0,NA,NA,NA,NA,NA,NA,NA,NA,"0.041",2.3,293,23,6.4,1.6
2020-03-09 17:00:00,101862.52,7,-8.9,30.92,5.14,320,NA,102070,NA,929,3005,NA,NA,802,879,NA,NA,10,7.8,5,NA,2743.2,NA,NA,NA,NA,4,NA,-9.14,90619.03,0,0,0,-9.9,0,0,0,NA,NA,NA,NA,NA,NA,NA,NA,"0.041",2.4,289,22,6.2,1.8
2020-03-09 18:00:00,101862.52,6,-9.4,33,3.6,340,NA,102110,NA,NA,NA,NA,NA,953,953,NA,NA,10,NA,NA,NA,2895.6,NA,NA,NA,NA,4,NA,-9.14,90619.03,0,0,0,-9.4,0,0,0,NA,NA,NA,NA,NA,NA,NA,NA,"0.038",1.5,286,27,4.8,5.3
2020-03-09 19:00:00,101930.25,4,-9.4,38.08,2.06,320,NA,102200,NA,NA,NA,NA,NA,852,953,NA,NA,10,NA,NA,NA,2590.8,NA,NA,NA,NA,2.1,NA,-9.14,90679.28,0,0,0,-8.3,0,0,0,NA,NA,NA,NA,NA,NA,NA,NA,"0.027",0.7,211,54,2.5,7.9
2020-03-09 20:00:00,101997.98,2,-7.2,44.19,2.06,340,NA,102280,NA,NA,3013,NA,NA,802,1106,NA,NA,10,NA,NA,NA,2438.4,NA,NA,NA,NA,-0.2,NA,-8.13,90739.54,0,0,0,-6.8,0,0,0,NA,NA,NA,NA,NA,NA,NA,NA,"0.015",0.7,112,46,0.8,6.7
2020-03-09 21:00:00,102065.7,1,-7.8,50.98,2.06,290,NA,102330,NA,NA,NA,NA,NA,1102,NA,NA,NA,10,NA,NA,NA,3352.8,NA,NA,NA,NA,-1.36,NA,-8.12,90799.78,0,0,0,-6.6,0,0,0,NA,NA,NA,NA,NA,NA,NA,NA,"0.019",0.8,121,48,0.3,3.3
2020-03-09 22:00:00,102099.57,1,-7.2,55.08,1.54,320,NA,102370,NA,NA,NA,NA,NA,1103,NA,NA,NA,10,NA,NA,NA,3352.8,NA,NA,NA,NA,-1.82,NA,-7.11,90829.91,0,0,0,-6.5,0,0,1,NA,NA,NA,NA,NA,NA,NA,NA,"0.016",0.6,185,71,-1,5.4
2020-03-09 23:00:00,102167.3,0,-7.8,54.8,0,0,NA,102380,NA,NA,1015,NA,NA,1003,NA,NA,NA,10,7.2,-0.6,NA,3048,NA,NA,NA,NA,NA,NA,-8.11,90890.17,0,0,0,-5.5,0,0,1,NA,NA,NA,NA,NA,NA,NA,NA,"0.016",0.9,233,66,-2.3,8.6
2020-03-10,102167.3,-2,-7.8,63.45,0,0,NA,102380,NA,NA,NA,NA,NA,1,NA,NA,NA,10,NA,NA,NA,3048,NA,7.8,-2.2,NA,-4.215,NA,-8.09,90890.17,0,0,0,-4.3,0,0,1,NA,NA,NA,NA,NA,NA,NA,NA,"0.009",0.8,96,75,-3.2,5.2
2020-03-10 01:00:00,102167.3,-2.8,-7.2,68.56,0,0,NA,102430,NA,NA,NA,NA,NA,1,NA,NA,NA,10,NA,NA,NA,NA,NA,NA,NA,NA,-5.25,NA,-7.08,90890.17,0,0,0,-4.2,0,0,1,NA,NA,NA,NA,NA,NA,NA,NA,"0.007",0.9,206,64,-3.7,4.6
2020-03-10 02:00:00,102235.02,-4,-7.8,73.65,2.06,280,NA,102490,NA,NA,3006,NA,NA,852,NA,NA,NA,10,NA,NA,NA,2590.8,NA,NA,NA,NA,-7.2,NA,-8.07,90950.41,0,0,0,-3.2,0,0,0,NA,NA,NA,NA,NA,NA,NA,NA,"0.008",0.9,96,54,-4,5.4
2020-03-10 03:00:00,102268.89,-4,-7.8,73.65,2.06,330,NA,102530,NA,NA,NA,NA,NA,1,NA,NA,NA,10,NA,NA,NA,NA,NA,NA,NA,NA,-6.865,NA,-8.07,90980.54,0,0,0,-3.5,0,0,0,NA,NA,NA,NA,NA,NA,NA,NA,"0.004",0.5,163,74,-5.1,5.1
2020-03-10 04:00:00,102302.75,-5,-7.8,79.42,0,0,NA,102570,NA,NA,NA,NA,NA,1,NA,NA,NA,10,NA,NA,NA,NA,NA,NA,NA,NA,-7.84,NA,-8.05,91010.67,0,0,0,-3.2,0,0,1,NA,NA,NA,NA,NA,NA,NA,NA,"0",0.7,241,53,-5.7,7.1
2020-03-10 05:00:00,102336.62,-5,-7.8,79.42,0,0,NA,102580,NA,NA,1008,NA,NA,1,NA,NA,NA,10,0.6,-5.6,NA,NA,NA,NA,NA,NA,-6.39,NA,-8.05,91040.8,0,0,0,-3,0,0,1,NA,NA,NA,NA,NA,NA,NA,NA,"0",0.6,107,69,-6.2,5.2
2020-03-10 06:00:00,102336.62,-6,-8.3,85.71,0,0,NA,102640,NA,NA,NA,NA,NA,1,NA,NA,NA,10,NA,NA,NA,NA,NA,NA,NA,NA,NA,NA,-8.04,91040.8,0,0,0,-2.6,0,0,1,NA,NA,NA,NA,NA,NA,NA,NA,"0.001",0.6,155,71,-6.7,7.4
2020-03-10 07:00:00,102370.48,-6,-8.9,79.42,0,0,NA,102710,NA,NA,NA,NA,NA,1,NA,NA,NA,10,NA,NA,NA,NA,NA,NA,NA,NA,-9.245,NA,-9.04,91070.92,0,0,0,-3.2,0,0,1,NA,NA,NA,NA,NA,NA,NA,NA,"0.002",0.5,146,68,-6.2,NA
2020-03-10 08:00:00,102370.48,-6,-7.8,85.71,0,0,NA,102710,NA,NA,1005,NA,NA,652,NA,NA,NA,10,NA,NA,NA,1981.2,NA,NA,NA,NA,NA,NA,-8.04,91070.92,0,0,0,-3.2,0,0,1,NA,NA,NA,NA,NA,NA,NA,NA,"0.005",0.7,227,61,-3.1,NA
2020-03-10 09:00:00,102370.48,-4,-6.7,79.42,0,0,NA,102640,NA,NA,NA,NA,NA,1,NA,NA,NA,10,NA,NA,NA,NA,NA,NA,NA,NA,NA,NA,-7.05,91070.92,0,0,0,-3.6,0,0,1,NA,NA,NA,NA,NA,NA,NA,NA,"0.014",1,218,76,-0.8,18.4
2020-03-10 10:00:00,102302.75,-2,-5.6,74.03,0,0,NA,102560,NA,NA,NA,NA,NA,1,NA,NA,NA,10,NA,NA,NA,NA,NA,NA,NA,NA,-1.82,NA,-5.68,91010.67,0,0,0,-3.2,0,0,1,NA,NA,NA,NA,NA,NA,NA,NA,"0.027",1.2,10,50,2,12.9
2020-03-10 11:00:00,102268.89,2,-5.6,55.64,1.54,50,NA,102470,NA,NA,8013,NA,NA,606,NA,NA,NA,10,3.9,-7.2,NA,NA,NA,NA,NA,NA,0.47,NA,-6.1,90980.54,0,0,0,-6.6,0,0,1,NA,NA,NA,NA,NA,NA,NA,NA,"0.032",1.5,352,48,6,22.1
2020-03-10 12:00:00,102167.3,6,-6.1,45.1,0,0,NA,102370,NA,NA,NA,NA,NA,652,NA,NA,NA,10,NA,NA,NA,NA,NA,NA,NA,NA,2.75,NA,-6.12,90890.17,0,0,0,-9.2,0,0,1,NA,NA,NA,NA,NA,NA,NA,NA,"0.039",2.2,294,35,7.6,6.2
2020-03-10 13:00:00,102099.57,7,-7.2,36.13,2.06,300,NA,102260,NA,NA,NA,NA,NA,706,904,NA,NA,10,NA,NA,NA,2895.6,NA,NA,NA,NA,6.18,NA,-7.13,90829.91,0,0,0,-8.2,0,0,0,NA,NA,NA,NA,NA,NA,NA,NA,"0.039",2.4,318,37,7.7,5.5
2020-03-10 14:00:00,101964.11,9,-7.8,29.19,3.09,310,12.345,102090,NA,NA,8031,NA,NA,904,954,NA,NA,10,NA,NA,NA,2743.2,NA,NA,NA,NA,7.19,NA,-8.13,90709.41,0,0,0,-10,0,0,0,NA,NA,NA,NA,NA,NA,NA,NA,"0.043",4.4,239,25,9.4,4.5
2020-03-10 15:00:00,101862.52,11,-8.9,25.24,9.26,260,12.09,102000,NA,NA,NA,NA,NA,903,NA,NA,NA,10,NA,NA,NA,2743.2,NA,NA,NA,NA,6.37,NA,-9.03,90619.03,0,0,0,-11,0,0,0,NA,NA,NA,NA,NA,NA,NA,NA,"0.044",5.2,237,20,10.3,3.8
2020-03-10 16:00:00,101794.79,11,-8.3,25.24,5.14,240,9.26,101960,NA,NA,NA,NA,NA,854,NA,NA,NA,10,NA,NA,NA,2590.8,NA,NA,NA,NA,7.445,NA,-8.42,90558.78,0,0,0,-9.8,0,0,0,NA,NA,NA,NA,NA,NA,NA,NA,"0.044",4,241,24,9.7,3.6
2020-03-10 17:00:00,101727.07,11,-9.4,23.61,4.63,250,7.46,101930,NA,NA,6016,NA,NA,904,NA,NA,NA,10,11.7,2.8,NA,2743.2,NA,NA,NA,NA,7.95,NA,-9.13,90498.53,0,0,0,-11.8,0,0,0,NA,NA,NA,NA,NA,NA,NA,NA,"0.045",3.9,230,20,9.4,3.3
2020-03-10 18:00:00,101727.07,9.4,-9.4,25.46,3.6,240,7.2,101940,NA,NA,NA,NA,NA,854,NA,NA,NA,10,NA,NA,NA,2590.8,NA,NA,NA,NA,7.46,NA,-9.13,90498.53,0,0,0,-9.7,0,0,0,NA,NA,NA,NA,NA,NA,NA,NA,"0.045",4,258,19,8.7,2.1
2020-03-10 19:00:00,101727.07,8,-9.4,28.88,2.57,260,NA,101970,NA,NA,NA,NA,NA,804,NA,NA,NA,10,NA,NA,NA,2438.4,NA,NA,NA,NA,6.405,NA,-9.14,90498.53,0,0,0,-9.5,0,0,0,NA,NA,NA,NA,NA,NA,NA,NA,"0.044",1.8,244,30,8.2,0.9
2020-03-10 20:00:00,101727.07,8,-8.9,28.88,0,0,NA,102000,NA,NA,3001,NA,NA,853,1003,NA,NA,10,NA,NA,NA,2743.2,NA,NA,NA,NA,7.065,NA,-9.14,90498.53,0,0,0,-9.7,0,0,1,NA,NA,NA,NA,NA,NA,NA,NA,"0.043",1.1,286,37,7.9,1.8
2020-03-10 21:00:00,101727.07,6,-7.8,35.82,2.06,40,NA,101900,NA,NA,NA,NA,NA,756,1002,NA,NA,10,NA,NA,NA,2743.2,NA,NA,NA,NA,4.47,NA,-8.14,90498.53,0,0,0,-8,0,0,0,NA,NA,NA,NA,NA,NA,NA,NA,"0.041",0.8,19,48,7.6,1.6
2020-03-10 22:00:00,101659.34,6,-7.2,38.71,1.54,60,NA,101840,NA,NA,NA,NA,NA,754,903,NA,NA,10,NA,NA,NA,2286,NA,NA,NA,NA,5.04,NA,-7.13,90438.28,0,0,0,-8.1,0,0,1,NA,NA,NA,NA,NA,NA,NA,NA,"0.034",0.7,138,57,6.4,0.8
2020-03-10 23:00:00,101625.47,6,-7.2,38.71,0,0,NA,101760,NA,NA,8014,NA,NA,703,853,NA,NA,10,10,3.9,NA,2133.6,NA,NA,NA,NA,4.47,NA,-7.14,90408.14,0,0,0,-7.9,0,0,1,NA,NA,NA,NA,NA,NA,NA,NA,"0.028",0.8,93,73,5.7,2.8
2020-03-11,101523.88,5,-7.2,41.49,1.54,60,NA,101600,NA,NA,NA,NA,NA,653,903.5,NA,NA,10,NA,NA,NA,1981.2,NA,11.7,-7.2,NA,4.25,NA,-7.13,90317.77,0,0,0,-6.7,0,0,1,NA,NA,NA,NA,NA,NA,NA,NA,"0.029",1.1,130,80,5.3,2.6
2020-03-11 01:00:00,101490.02,6,-6.1,38.71,1.54,40,NA,101510,NA,NA,NA,NA,NA,702,803,NA,NA,10,NA,NA,NA,2133.6,NA,NA,NA,NA,5.15,NA,-7.13,90287.65,0,0,0,-7.6,0,0,1,NA,NA,NA,NA,NA,NA,NA,NA,"0.032",1.1,107,71,5.5,0.3
2020-03-11 02:00:00,101388.43,7,-5.6,39.02,1.54,40,NA,101430,NA,NA,6020,NA,NA,653,803,NA,NA,10,NA,NA,NA,1828.8,NA,NA,NA,NA,5.64,NA,-6.13,90197.27,0,0,0,-8.3,0,0,1,NA,NA,NA,NA,NA,NA,NA,NA,"0.024",0.6,110,73,3.9,-0.8
2020-03-11 03:00:00,101320.7,5,-4.4,48.64,2.06,100,NA,101330,NA,NA,NA,NA,NA,653,1203,NA,NA,10,NA,NA,NA,1981.2,NA,NA,NA,NA,3.9,NA,-4.52,90137.02,0,0,0,-6.1,0,0,0,NA,NA,NA,NA,NA,NA,NA,NA,"0.03",0.9,257,72,5.2,0.1
2020-03-11 04:00:00,101219.11,7,-5,42.1,2.57,80,NA,101230,NA,NA,NA,NA,NA,702,1103,NA,NA,10,NA,NA,NA,3352.8,NA,NA,NA,NA,4.85,NA,-5.13,90046.64,0,0,0,-7.8,0,0,0,NA,NA,NA,NA,NA,NA,NA,NA,"0.04",1.6,243,34,8.1,1.8
2020-03-11 05:00:00,101185.24,7.8,-5,39.86,3.09,90,NA,101230,NA,1204,6017,NA,NA,704,1004,NA,NA,10,7.8,3.9,NA,2133.6,NA,NA,NA,NA,5.75,NA,-5.13,90016.51,0,0,0,-8.7,0,0,0,NA,NA,NA,NA,NA,NA,NA,NA,"0.041",2.5,235,33,8.9,1.8
2020-03-11 06:00:00,101151.38,8,-4.4,42.41,2.06,90,NA,101180,NA,NA,NA,NA,NA,654,NA,NA,NA,10,NA,NA,NA,1981.2,NA,NA,NA,NA,6.785,NA,-4.12,89986.38,0,0,0,-8.6,0,0,0,NA,NA,NA,NA,NA,NA,NA,NA,"0.039",3.1,246,20,9.1,2.8
2020-03-11 07:00:00,101083.65,8,-3.9,42.41,2.06,80,NA,101140,NA,NA,NA,NA,NA,654,NA,NA,NA,10,NA,NA,NA,1981.2,NA,NA,NA,NA,6.81,NA,-4.12,89926.13,0,0,0,-8.7,0,0,0,NA,NA,NA,NA,NA,NA,NA,NA,"0.04",3.6,238,20,9,3.5
2020-03-11 08:00:00,101049.79,8,-3.9,42.41,1.54,100,NA,101090,NA,NA,8015,NA,NA,604,NA,NA,NA,10,NA,NA,NA,1828.8,NA,NA,NA,NA,7.065,NA,-4.12,89896.01,0,0,0,-8.7,0,0,1,NA,NA,NA,NA,NA,NA,NA,NA,"0.041",2.9,222,25,9,1.8
2020-03-11 09:00:00,100982.06,9,-3.9,39.63,6.17,250,11.575,101040,NA,NA,NA,NA,NA,604,754,NA,NA,10,NA,NA,NA,1828.8,NA,NA,NA,NA,5.92,NA,-4.12,89835.75,0,0,0,-9.8,0,0,0,NA,NA,NA,NA,NA,NA,NA,NA,"0.042",3,226,24,9,0.3
2020-03-11 10:00:00,100982.06,10,-3.3,39.63,11.32,260,13.89,101040,NA,NA,NA,NA,NA,604,804,NA,NA,10,NA,NA,16.98,1828.8,NA,NA,NA,260,5.95,NA,-3.42,89835.75,0,0,0,-11,0,0,0,NA,NA,NA,NA,NA,NA,NA,NA,"0.041",3.7,248,22,9.1,0.9
2020-03-11 11:00:00,100982.06,9,-3.3,42.71,9.77,270,13.635,101090,NA,NA,5002,NA,NA,604,804,NA,NA,10,10,6.7,NA,1828.8,NA,NA,NA,NA,4.94,NA,-3.12,89835.75,0,0,0,-10.1,0,0,0,NA,NA,NA,NA,NA,NA,NA,NA,"0.04",3.3,272,27,9.1,2.8
2020-03-11 12:00:00,100982.06,9,-2.2,42.71,8.75,270,12.35,101030,NA,NA,NA,NA,NA,554,NA,NA,NA,10,NA,NA,NA,1676.4,NA,NA,NA,NA,5.18,NA,-3.12,89835.75,0,0,0,-10.5,0,0,0,NA,NA,NA,NA,NA,NA,NA,NA,"0.04",2.5,303,23,9.1,3.3
2020-03-11 13:00:00,100982.06,10.6,-1.7,43.31,8.23,320,10.545,101030,NA,754,NA,NA,NA,506,704,NA,NA,10,NA,NA,13.89,2133.6,NA,NA,NA,270,6.43,NA,-1.11,89835.75,0,0,0,-12.7,0,0,0,NA,NA,NA,NA,NA,NA,NA,NA,"0.041",3.7,316,23,9.1,3.8
2020-03-11 14:00:00,100982.06,9,-2.8,42.71,7.72,320,12.09,101100,13,754,3002,0.025,0.025,603,754,NA,NA,10,NA,NA,16.46,1828.8,NA,NA,NA,310,5.45,NA,-3.12,89835.75,0,0,0,-10.7,0,0,0,NA,NA,NA,NA,NA,NA,NA,NA,"0.041",4.3,312,22,8,5.3
2020-03-11 15:00:00,101066.72,7.4,0,53.145,8.745,290,16.98,101150,13,929,NA,0.025,NA,462.5,604,NA,NA,10,NA,NA,16.98,1828.8,NA,NA,NA,280,3.56,NA,-1.15,89911.07,0,0,0,-9.3,0,0,0,NA,NA,NA,NA,NA,NA,NA,NA,"0.041",2.4,262,51,8,4.3
2020-03-11 16:00:00,101015.92,8.95,-2.5,46,7.2,310,11.32,101060,NA,753,NA,NA,NA,444,527.5,NA,NA,10,NA,NA,NA,2133.6,NA,NA,NA,NA,5.38,NA,-2.11,89865.88,0,0,0,-10.75,0,0,0,NA,NA,NA,NA,NA,NA,NA,NA,"0.042",3.8,261,44,8.3,2.6
2020-03-11 17:00:00,101015.92,9,-4.4,35.96,9.26,290,14.4,101070,NA,NA,1000,NA,NA,753,853,0.025,NA,10,10.6,6.7,17.49,2286,NA,NA,NA,270,4.94,NA,-5.13,89865.88,0,0,0,-10.7,0,0,0,NA,NA,NA,NA,NA,NA,NA,NA,"0.042",4.4,260,19,8.2,3.8
2020-03-11 18:00:00,101049.79,8,-4.4,39.63,7.72,300,11.83,101200,13,953,NA,0.025,NA,552,627.5,NA,NA,10,NA,NA,17.49,1905,NA,NA,NA,270,3.74,NA,-4.52,89896.01,0,0,0,-8.8,0,0,0,NA,NA,NA,NA,NA,NA,NA,NA,"0.041",3.2,327,22,5.5,5
2020-03-11 19:00:00,101219.11,4,-1.1,69.64,7.2,300,12.865,101480,20,1004,NA,0.1395,NA,342,553,NA,NA,10,NA,NA,13.38,1676.4,0,NA,NA,20,-1.2,NA,-2.07,90046.64,0,0,0,-7.1,0,0,0,NA,NA,NA,NA,NA,NA,NA,NA,"0.04",3.6,326,44,0.7,5
2020-03-11 20:00:00,101490.02,1,-0.6,86.48,5.66,330,12.86,101650,2500,274,1020,0.508,0.762,182,183.5,NA,NA,5,NA,NA,14.92,762,NA,NA,NA,330,-3.42,NA,-1.03,90287.65,0,0,0,-6.2,0,0,0,NA,NA,NA,NA,NA,NA,NA,NA,"0.039",1.6,166,34,0,3.5
2020-03-11 21:00:00,101591.61,1,-0.6,86.48,2.06,310,NA,101730,NA,NA,NA,NA,NA,656,804,NA,NA,10,NA,NA,NA,2590.8,NA,NA,NA,NA,-1.36,NA,-1.03,90378.02,0,0,0,-6.8,0,0,0,NA,NA,NA,NA,NA,NA,NA,NA,"0.033",1.2,127,51,-0.1,3.3
2020-03-11 22:00:00,101625.47,1,-2.2,80.34,2.57,340,NA,101810,NA,NA,NA,NA,NA,1002,NA,NA,NA,10,NA,NA,NA,2895.6,NA,NA,NA,NA,-1.91,NA,-2.05,90408.14,0,0,0,-7.2,0,0,0,NA,NA,NA,NA,NA,NA,NA,NA,"0.033",1.1,104,54,-0.6,2.7
2020-03-11 23:00:00,101693.2,1,-3.3,74.6,4.12,330,NA,101850,NA,1003.5,1018,NA,NA,476,803.5,0.762,NA,10,10,0,NA,2362.2,NA,NA,NA,NA,-2.77,NA,-3.06,90468.4,0,0,0,-7.3,0,0,0,NA,NA,NA,NA,NA,NA,NA,NA,"0.024",0.8,176,57,-1.2,2.3
2020-03-12,101760.93,-1,-3.3,80.04,1.54,250,NA,101950,NA,1003,NA,NA,NA,753,1004.5,NA,NA,10,NA,NA,NA,2286,NA,10.6,-1.7,NA,-3.325,NA,-4.05,90528.65,0,0,0,-5.3,0,0,1,NA,NA,NA,NA,NA,NA,NA,NA,"0.017",0.9,239,63,-2,-0.4
2020-03-12 01:00:00,101794.79,-2,-3.3,86.15,1.54,30,NA,101970,NA,NA,NA,NA,NA,1,NA,NA,NA,10,NA,NA,NA,NA,NA,NA,NA,NA,-4.1,NA,-4.03,90558.78,0,0,0,-4.8,0,0,1,NA,NA,NA,NA,NA,NA,NA,NA,"0.019",0.6,78,50,-2.9,-1.1
2020-03-12 02:00:00,101862.52,-2.8,-5,79.89,0,0,NA,102060,NA,NA,1014,NA,NA,1,NA,NA,NA,10,NA,NA,NA,2438.4,NA,NA,NA,NA,-4.1,NA,-6.04,90619.03,0,0,0,-4.6,0,0,1,NA,NA,NA,NA,NA,NA,NA,NA,"0.006",0.7,201,69,-3.9,1.2
2020-03-12 03:00:00,101862.52,-4,-5.6,85.93,1.54,30,NA,102100,NA,NA,NA,NA,NA,602,NA,NA,NA,10,NA,NA,NA,NA,NA,NA,NA,NA,-5.81,NA,-6.04,90619.03,0,0,0,-3.4,0,0,1,NA,NA,NA,NA,NA,NA,NA,NA,"0.01",0.6,62,62,-4.4,-0.9
2020-03-12 04:00:00,101896.38,-4,-6.7,85.93,0,0,NA,102150,NA,NA,NA,NA,NA,1,NA,NA,NA,10,NA,NA,NA,NA,NA,NA,NA,NA,-6.795,NA,-6.05,90649.15,0,0,0,-4,0,0,1,NA,NA,NA,NA,NA,NA,NA,NA,"0.003",0.6,198,51,-5.3,5.7
2020-03-12 05:00:00,101964.11,-5,-6.1,92.67,0,0,NA,102190,NA,NA,3012,NA,NA,1,NA,NA,0.762,10,1.1,-5.6,NA,NA,NA,NA,NA,NA,-7.53,NA,-6.02,90709.41,0,0,0,-2.7,0,0,1,NA,NA,NA,NA,NA,NA,NA,NA,"0.002",0.7,157,73,-5.8,12.5
2020-03-12 06:00:00,101997.98,-6,-7.2,85.82,0,0,NA,102290,NA,NA,NA,NA,NA,1,NA,NA,NA,10,NA,NA,NA,NA,NA,NA,NA,NA,-8.1,NA,-7.04,90739.54,0,0,0,-2.5,0,0,1,NA,NA,NA,NA,NA,NA,NA,NA,"0.001",0.6,113,72,-6.4,7.2
2020-03-12 07:00:00,102065.7,-6,-7.8,92.55,0,0,NA,102410,NA,NA,NA,NA,NA,1,NA,NA,NA,10,NA,NA,NA,NA,NA,NA,NA,NA,NA,NA,-8.02,90799.78,0,0,0,-3.6,0,0,1,NA,NA,NA,NA,NA,NA,NA,NA,"0.002",0.8,219,57,-6,4
2020-03-12 08:00:00,102099.57,-6,-6.7,85.93,0,0,NA,102440,NA,NA,1012,NA,NA,1,NA,NA,NA,10,NA,NA,NA,NA,NA,NA,NA,NA,-8.67,NA,-7.02,90829.91,0,0,0,-3.6,0,0,1,NA,NA,NA,NA,NA,NA,NA,NA,"0.011",0.8,207,58,-3,6.4
2020-03-12 09:00:00,102133.43,-3,-4.4,92.67,0,0,NA,102440,NA,NA,NA,NA,NA,1,NA,NA,NA,9,NA,NA,NA,NA,NA,NA,NA,NA,-5.25,NA,-4.03,90860.04,0,0,0,-5.8,0,0,1,NA,NA,NA,NA,NA,NA,NA,NA,"0.023",1,351,57,-0.5,7.9
2020-03-12 10:00:00,102133.43,-1,-3.9,80.04,0,0,NA,102440,NA,NA,NA,NA,NA,1,NA,NA,NA,10,NA,NA,NA,NA,NA,NA,NA,NA,NA,NA,-4.05,90860.04,0,0,0,-6.5,0,0,1,NA,NA,NA,NA,NA,NA,NA,NA,"0.036",1,298,77,1.6,7.9
2020-03-12 11:00:00,102133.43,0,-3.9,80.19,1.54,120,NA,102380,NA,NA,1,NA,NA,802,NA,NA,NA,10,1.1,-7.2,NA,NA,NA,NA,NA,NA,-2.175,NA,-3.05,90860.04,0,0,0,-6.2,0,0,1,NA,NA,NA,NA,NA,NA,NA,NA,"0.034",1.3,103,55,1.9,8.6
2020-03-12 12:00:00,102065.7,3,-5,64.42,0,0,NA,102300,NA,NA,NA,NA,NA,753,NA,NA,NA,10,NA,NA,NA,2286,NA,NA,NA,NA,0.47,NA,-4.09,90799.78,0,0,0,-6.8,0,0,1,NA,NA,NA,NA,NA,NA,NA,NA,"0.039",1.6,166,54,4.1,6.7
2020-03-12 13:00:00,101997.98,6,-11.1,30.62,5.66,290,11.83,102220,NA,NA,NA,NA,NA,802,NA,NA,NA,10,NA,NA,NA,2438.4,NA,NA,NA,NA,1.4,NA,-10.14,90739.54,0,0,0,-10.2,0,0,0,NA,NA,NA,NA,NA,NA,NA,NA,"0.045",2.5,328,30,4.9,4.8
2020-03-12 14:00:00,101930.25,7,-11.7,26.4,6.17,310,NA,102140,NA,NA,8018,NA,NA,753,853,NA,NA,10,NA,NA,NA,2438.4,NA,NA,NA,NA,3.37,NA,-11.14,90679.28,0,0,0,-11.4,0,0,0,NA,NA,NA,NA,NA,NA,NA,NA,"0.046",2.9,321,26,6,2.1
2020-03-12 15:00:00,101862.52,7,-12.2,24.36,6.17,300,8.75,102090,NA,NA,NA,NA,NA,803,NA,NA,NA,10,NA,NA,NA,2438.4,NA,NA,NA,NA,3.37,NA,-12.14,90619.03,0,0,0,-11.7,0,0,0,NA,NA,NA,NA,NA,NA,NA,NA,"0.046",3,321,22,6.2,1.6
2020-03-12 16:00:00,101828.66,7,-11.7,24.36,5.14,300,7.72,102080,NA,NA,NA,NA,NA,852,NA,NA,NA,10,NA,NA,NA,2590.8,NA,NA,NA,NA,3.78,NA,-12.14,90588.91,0,0,0,-9.2,0,0,0,NA,NA,NA,NA,NA,NA,NA,NA,"0.045",2.8,319,24,5.9,3.8
2020-03-12 17:00:00,101794.79,6,-12.8,25.8,5.14,330,7.72,102070,NA,NA,6011,NA,NA,902,NA,NA,NA,10,7.8,0,NA,2743.2,NA,NA,NA,NA,2.52,NA,-13.15,90558.78,0,0,0,-10.1,0,0,0,NA,NA,NA,NA,NA,NA,NA,NA,"0.044",2.3,322,21,5.4,1.8
2020-03-12 18:00:00,101760.93,6,-12.2,26.1,4.12,330,NA,102040,NA,NA,NA,NA,NA,1,NA,NA,NA,10,NA,NA,NA,NA,NA,NA,NA,NA,2.76,NA,-12.15,90528.65,0,0,0,-9.8,0,0,0,NA,NA,NA,NA,NA,NA,NA,NA,"0.04",1.4,303,29,3.8,1.1
2020-03-12 19:00:00,101760.93,4,-11.7,30,3.09,310,NA,102100,NA,NA,NA,NA,NA,802,NA,NA,NA,10,NA,NA,NA,2438.4,NA,NA,NA,NA,0.47,NA,-12.15,90528.65,0,0,0,-8.9,0,0,0,NA,NA,NA,NA,NA,NA,NA,NA,"0.025",0.9,117,56,1.6,3.8
2020-03-12 20:00:00,101760.93,2,-11.7,37.14,2.06,340,NA,102080,NA,NA,5001,NA,NA,803,NA,NA,NA,10,NA,NA,NA,2438.4,NA,NA,NA,NA,-0.68,NA,-11.85,90528.65,0,0,0,-8.5,0,0,0,NA,NA,NA,NA,NA,NA,NA,NA,"0.021",1,95,62,-0.3,5.9
2020-03-12 21:00:00,101794.79,1,-10,40.24,2.06,340,NA,102080,NA,NA,NA,NA,NA,803,NA,NA,NA,10,NA,NA,NA,2438.4,NA,NA,NA,NA,-1.02,NA,-11.14,90558.78,0,0,0,-7.6,0,0,0,NA,NA,NA,NA,NA,NA,NA,NA,"0.018",1,94,74,-1.4,4.1
2020-03-12 22:00:00,101794.79,-1,-10,50.39,1.54,160,NA,102100,NA,NA,NA,NA,NA,1,NA,NA,NA,10,NA,NA,NA,NA,NA,NA,NA,NA,-3.7,NA,-10.12,90558.78,0,0,0,-5.9,0,0,1,NA,NA,NA,NA,NA,NA,NA,NA,"0.013",0.8,200,62,-2.6,4.2
2020-03-12 23:00:00,101794.79,-2,-10,50.39,0,0,NA,102100,NA,NA,1,NA,NA,1,NA,NA,NA,10,6.1,-3.3,NA,NA,NA,NA,NA,NA,-3.53,NA,-10.12,90558.78,0,0,0,-5.9,0,0,1,NA,NA,NA,NA,NA,NA,NA,NA,"0.014",0.7,165,52,-3.7,6.8
2020-03-13,101794.79,-2.8,-10,57.55,0,0,NA,102020,NA,NA,NA,NA,NA,1,NA,NA,NA,10,NA,NA,NA,NA,NA,7.8,-7.2,NA,-5.135,NA,-10.11,90558.78,0,0,0,-6.2,0,0,1,NA,NA,NA,NA,NA,NA,NA,NA,"0.014",0.6,189,70,-4.3,4.4
2020-03-13 01:00:00,101727.07,-4,-10,62.95,1.54,30,NA,101980,NA,NA,NA,NA,NA,1,NA,NA,NA,10,NA,NA,NA,NA,NA,NA,NA,NA,-5.82,NA,-10.09,90498.53,0,0,0,-5.1,0,0,1,NA,NA,NA,NA,NA,NA,NA,NA,"0.011",0.8,202,61,-5.4,0.8
2020-03-13 02:00:00,101693.2,-4,-10,62.95,0,0,NA,101930,NA,NA,8010,NA,NA,1,NA,NA,NA,10,NA,NA,NA,NA,NA,NA,NA,NA,-6.39,NA,-10.09,90468.4,0,0,0,-5.7,0,0,1,NA,NA,NA,NA,NA,NA,NA,NA,"0.012",0.6,220,58,-5.9,2.3
2020-03-13 03:00:00,101625.47,-5,-10,67.88,0,0,NA,101880,NA,NA,NA,NA,NA,1,NA,NA,NA,10,NA,NA,NA,NA,NA,NA,NA,NA,NA,NA,-10.08,90408.14,0,0,0,-5.2,0,0,1,NA,NA,NA,NA,NA,NA,NA,NA,"0.006",0.9,215,37,-6,4
2020-03-13 04:00:00,101557.75,-5,-10,68.11,0,0,NA,101760,NA,NA,NA,NA,NA,1,NA,NA,NA,10,NA,NA,NA,NA,NA,NA,NA,NA,-7.875,NA,-10.07,90347.9,0,0,0,-5.3,0,0,1,NA,NA,NA,NA,NA,NA,NA,NA,"0.009",0.6,224,51,-5.7,2.5
2020-03-13 05:00:00,101490.02,-5,-8.9,73.45,0,0,NA,101740,NA,NA,6019,NA,NA,1,NA,NA,NA,10,-1.7,-5.6,NA,NA,NA,NA,NA,NA,-7.53,NA,-9.07,90287.65,0,0,0,-3.5,0,0,1,NA,NA,NA,NA,NA,NA,NA,NA,"0.007",0.6,214,69,-5.5,3
2020-03-13 06:00:00,101456.15,-6,-8.3,85.71,0,0,NA,101690,NA,NA,NA,NA,NA,1202,NA,NA,NA,10,NA,NA,NA,NA,NA,NA,NA,NA,-8.67,NA,-8.04,90257.51,0,0,0,-2.8,0,0,1,NA,NA,NA,NA,NA,NA,NA,NA,"0.003",1.2,229,60,-5.2,7.4
2020-03-13 07:00:00,101388.43,-5,-8.3,79.42,0,0,NA,101660,NA,NA,NA,NA,NA,1202,NA,NA,NA,10,NA,NA,NA,3352.8,NA,NA,NA,NA,-9.53,NA,-8.05,90197.27,0,0,0,-4.3,0,0,1,NA,NA,NA,NA,NA,NA,NA,NA,"0.005",1.3,217,54,-4.8,6.7
2020-03-13 08:00:00,101320.7,-4,-8.3,73.65,2.06,120,NA,101540,NA,NA,8017,NA,NA,1103,NA,NA,NA,10,NA,NA,NA,3352.8,NA,NA,NA,NA,-6.39,NA,-8.07,90137.02,0,0,0,-5.6,0,0,0,NA,NA,NA,NA,NA,NA,NA,NA,"0.019",1.5,193,71,-3.4,4.9
2020-03-13 09:00:00,101252.97,0,-9.4,50.68,7.72,120,NA,101480,NA,NA,NA,NA,NA,1004,NA,NA,NA,10,NA,NA,NA,3048,NA,NA,NA,NA,-6,NA,-9.12,90076.76,0,0,0,-9.2,0,0,0,NA,NA,NA,NA,NA,NA,NA,NA,"0.042",5.8,93,29,0.2,5.6
2020-03-13 10:00:00,101151.38,1,-10,43.57,8.75,130,11.575,101390,NA,NA,NA,NA,NA,954,NA,NA,NA,10,NA,NA,NA,2895.6,NA,NA,NA,NA,-5.11,NA,-10.14,89986.38,0,0,0,-9.6,0,0,0,NA,NA,NA,NA,NA,NA,NA,NA,"0.043",6.8,89,20,1.2,5.2
2020-03-13 11:00:00,101083.65,2.8,-10,38.31,9.26,130,12.09,101310,NA,NA,8021,NA,NA,804,904,NA,NA,10,3.3,-5.6,NA,2590.8,NA,NA,NA,NA,-3.69,NA,-10.14,89926.13,0,0,0,-10.4,0,0,0,NA,NA,NA,NA,NA,NA,NA,NA,"0.043",7.6,92,18,1.9,4.4
2020-03-13 12:00:00,101015.92,3,-10,37.77,9.26,120,12.605,101220,NA,NA,NA,NA,NA,803,904,NA,NA,10,NA,NA,13.89,2438.4,NA,NA,NA,120,-2.68,NA,-10.14,89865.88,0,0,0,-9.3,0,0,0,NA,NA,NA,NA,NA,NA,NA,NA,"0.042",6.1,85,19,2.5,2.8
2020-03-13 13:00:00,100914.33,4,-8.9,38.08,9.26,110,13.89,101150,NA,NA,NA,NA,NA,653,804,NA,NA,10,NA,NA,15.95,2133.6,NA,NA,NA,120,-1.52,NA,-9.14,89775.5,0,0,0,-10,0,0,0,NA,NA,NA,NA,NA,NA,NA,NA,"0.041",6.1,76,18,1.6,5.2
2020-03-13 14:00:00,100812.74,3,-8.3,44.19,8.75,90,12.86,101050,NA,NA,8025,NA,NA,604,754,NA,NA,10,NA,NA,NA,1828.8,NA,NA,NA,NA,-2.33,NA,-8.13,89685.12,0,0,0,-9.4,0,0,0,NA,NA,NA,NA,NA,NA,NA,NA,"0.04",6.7,81,15,0.3,7.4
2020-03-13 15:00:00,100745.01,3,-7.2,44.19,9.77,90,12.605,101000,NA,NA,NA,NA,NA,604,NA,NA,NA,10,NA,NA,NA,1828.8,NA,NA,NA,NA,-3.14,NA,-8.13,89624.87,0,0,0,-10.6,0,0,0,NA,NA,NA,NA,NA,NA,NA,NA,"0.037",6,91,15,-0.6,6.7
2020-03-13 16:00:00,100711.15,1,-6.7,50.98,10.8,80,14.145,101010,NA,NA,NA,NA,NA,554,NA,NA,NA,10,NA,NA,NA,1676.4,NA,NA,NA,NA,-5.64,NA,-8.12,89594.75,0,0,0,-9.4,0,0,0,NA,NA,NA,NA,NA,NA,NA,NA,"0.037",6.2,94,15,-1,6.1
2020-03-13 17:00:00,100677.29,0,-7.8,58.15,10.29,80,14.4,100960,NA,NA,6013,NA,NA,554,NA,NA,NA,10,3.9,-0.6,NA,1676.4,NA,NA,NA,NA,-6.96,NA,-7.11,89564.62,0,0,0,-8.7,0,0,0,NA,NA,NA,NA,NA,NA,NA,NA,"0.036",7.1,99,12,-1.6,3.2
2020-03-13 18:00:00,100643.42,-1,-8.3,58.95,10.8,80,13.89,100990,NA,NA,NA,NA,NA,554,NA,NA,NA,10,NA,NA,NA,1676.4,NA,NA,NA,NA,-8.62,NA,-8.1,89534.49,0,0,0,-8.8,0,0,0,NA,NA,NA,NA,NA,NA,NA,NA,"0.036",7.9,98,10,-2.4,1
2020-03-13 19:00:00,100677.29,-2,-9.4,58.68,9.77,80,14.4,101030,NA,NA,NA,NA,NA,554,NA,NA,NA,10,NA,NA,NA,1676.4,NA,NA,NA,NA,-9.23,NA,-9.1,89564.62,0,0,0,-8.6,0,0,0,NA,NA,NA,NA,NA,NA,NA,NA,"0.037",9.6,95,10,-3,3.4
2020-03-13 20:00:00,100745.01,-2,-11.1,50.09,11.32,80,15.43,101040,NA,NA,3011,NA,NA,604,NA,NA,NA,10,NA,NA,NA,1828.8,NA,NA,NA,NA,-10.11,NA,-11.12,89624.87,0,0,0,-9.3,0,0,0,NA,NA,NA,NA,NA,NA,NA,NA,"0.037",9.7,95,10,-3.5,5.4
2020-03-13 21:00:00,100778.88,-2,-11.7,46.23,11.32,80,14.4,101120,NA,NA,NA,NA,NA,554,NA,NA,NA,10,NA,NA,18.01,1676.4,NA,NA,NA,70,-10.57,NA,-12.13,89655,0,0,0,-10,0,0,0,NA,NA,NA,NA,NA,NA,NA,NA,"0.037",10,99,9,-4,2.9
2020-03-13 22:00:00,100880.47,-3,-11.7,49.79,9.77,80,13.89,101190,NA,NA,NA,NA,NA,554,NA,NA,NA,10,NA,NA,18.52,1676.4,NA,NA,NA,70,-10.92,NA,-12.12,89745.38,0,0,0,-9.4,0,0,0,NA,NA,NA,NA,NA,NA,NA,NA,"0.037",11.3,96,9,-4.4,4
2020-03-13 23:00:00,100982.06,-3,-12.8,47.72,9.77,80,13.12,101230,NA,NA,1019,NA,NA,554,NA,NA,NA,10,0,-3.3,15.43,1676.4,NA,NA,NA,80,-10.92,NA,-12.93,89835.75,0,0,0,-9.9,0,0,0,NA,NA,NA,NA,NA,NA,NA,NA,"0.036",11.3,96,9,-5,7.4
2020-03-14,100948.2,-3,-12.8,45.92,9.26,80,12.86,101220,NA,NA,NA,NA,NA,554,NA,NA,NA,10,NA,NA,14.92,1676.4,NA,3.9,-5.6,80,-11.11,NA,-13.13,89805.63,0,0,0,-10.2,0,0,0,NA,NA,NA,NA,NA,NA,NA,NA,"0.036",10.6,95,9,-5.6,5.9
2020-03-14 01:00:00,100982.06,-4,-13.3,49.48,9.77,80,13.635,101190,NA,NA,NA,NA,NA,554,NA,NA,NA,10,NA,NA,16.98,1676.4,NA,NA,NA,80,-12.24,NA,-13.13,89835.75,0,0,0,-9.9,0,0,0,NA,NA,NA,NA,NA,NA,NA,NA,"0.036",11.4,95,9,-5.9,3.5
2020-03-14 02:00:00,100948.2,-4,-13.9,49.48,10.8,80,14.92,101230,NA,NA,5001,NA,NA,553,804,NA,NA,10,NA,NA,18.52,1676.4,NA,NA,NA,90,-12.79,NA,-14.03,89805.63,0,0,0,-10.5,0,0,0,NA,NA,NA,NA,NA,NA,NA,NA,"0.036",11.7,92,10,-6.4,0.8
2020-03-14 03:00:00,100982.06,-5,-14.4,49.18,9.26,80,12.86,101250,NA,NA,NA,NA,NA,504,NA,NA,NA,10,NA,NA,15.95,1524,NA,NA,NA,100,-12.79,NA,-14.13,89835.75,0,0,0,-9.7,0,0,0,NA,NA,NA,NA,NA,NA,NA,NA,"0.035",11.6,95,9,-6.7,0.6
2020-03-14 04:00:00,100982.06,-5,-15,45.29,8.23,90,13.89,101260,NA,NA,NA,NA,NA,504,754,NA,NA,10,NA,NA,16.98,1524,NA,NA,NA,90,-12.93,NA,-15.13,89835.75,0,0,0,-10.2,0,0,0,NA,NA,NA,NA,NA,NA,NA,NA,"0.035",11.6,97,9,-7.2,1.5
2020-03-14 05:00:00,100982.06,-6,-14.4,53.07,8.23,90,12.35,101370,NA,754,3005,NA,NA,483,504,NA,NA,10,-3.3,-6.1,NA,1524,NA,NA,NA,NA,-14.23,NA,-14.12,89835.75,0,0,0,-9.2,0,0,0,NA,NA,NA,NA,NA,NA,NA,NA,"0.034",10.5,97,10,-8.1,3.3
2020-03-14 06:00:00,101015.92,-6,-13.3,48.87,7.2,100,9.77,101400,NA,NA,NA,NA,NA,484,NA,NA,NA,10,NA,NA,NA,1463.04,NA,NA,NA,NA,-13.73,NA,-15.13,89865.88,0,0,0,-9.5,0,0,0,NA,NA,NA,NA,NA,NA,NA,NA,"0.033",8.9,101,11,-8.7,4.3
2020-03-14 07:00:00,101083.65,-6,-14.4,53.07,6.17,120,9.26,101510,NA,NA,NA,NA,NA,494,NA,NA,NA,10,NA,NA,NA,1493.52,NA,NA,NA,NA,-13.73,NA,-14.12,89926.13,0,0,0,-9.5,0,0,0,NA,NA,NA,NA,NA,NA,NA,NA,"0.033",7.6,103,12,-8.8,2.5
2020-03-14 08:00:00,101219.11,-7,-15,57.3,7.2,110,11.32,101610,NA,NA,3020,NA,NA,503,604,NA,NA,10,NA,NA,NA,1524,NA,NA,NA,NA,-14.23,NA,-14.11,90046.64,0,0,0,-8.8,0,0,0,NA,NA,NA,NA,NA,NA,NA,NA,"0.032",8.5,101,12,-8.5,3.3
2020-03-14 09:00:00,101286.84,-6,-15.6,44.97,9.77,90,12.86,101700,NA,704,NA,NA,NA,473,554,NA,NA,10,NA,NA,14.4,1676.4,NA,NA,NA,90,-14.89,NA,-16.13,90106.89,0,0,0,-10.2,0,0,0,NA,NA,NA,NA,NA,NA,NA,NA,"0.032",7.3,101,15,-8.3,0.8
2020-03-14 10:00:00,101422.29,-6,-14.4,44.97,7.72,90,10.8,101910,6,NA,NA,NA,NA,464,484,NA,NA,10,NA,NA,13.89,1402.08,NA,NA,NA,80,-13.99,NA,-16.13,90227.39,0,0,0,-10,0,0,0,NA,NA,NA,NA,NA,NA,NA,NA,"0.031",4.9,79,24,-7.3,-0.3
2020-03-14 11:00:00,101523.88,-6,-13.9,53.07,8.23,100,10.29,101920,20,494,1027,0.025,NA,363,454,0.025,NA,8,-5,-6.7,NA,1097.28,NA,NA,NA,NA,-13.46,NA,-14.11,90317.77,0,0,0,-10.1,0,0,0,NA,NA,NA,NA,NA,NA,NA,NA,"0.032",7.4,96,13,-5.7,2.9
2020-03-14 12:00:00,101523.88,-4,-13.9,45.6,8.75,120,11.83,101920,NA,554,NA,NA,NA,503,554,NA,NA,10,NA,NA,13.38,1524,NA,NA,NA,130,-11.63,NA,-14.13,90317.77,0,0,0,-9.8,0,0,0,NA,NA,NA,NA,NA,NA,NA,NA,"0.032",6.8,91,13,-5.4,2.2
2020-03-14 13:00:00,101591.61,-4,-15,42,9.77,90,12.86,102020,NA,NA,NA,NA,NA,506,604,NA,NA,10,NA,NA,15.43,1828.8,NA,NA,NA,90,-12.24,NA,-15.14,90378.02,0,0,0,-10,0,0,0,NA,NA,NA,NA,NA,NA,NA,NA,"0.032",6.8,90,14,-4.6,1.4
2020-03-14 14:00:00,101659.34,-3,-14.4,39.29,10.29,110,12.35,102030,NA,NA,3010,NA,NA,493,604,NA,NA,10,NA,NA,14.4,1828.8,NA,NA,NA,110,-10.73,NA,-14.15,90438.28,0,0,0,-10.5,0,0,0,NA,NA,NA,NA,NA,NA,NA,NA,"0.032",7.1,86,12,-4.2,2.9
2020-03-14 15:00:00,101659.34,-2,-14.4,39.29,10.8,110,14.145,102080,NA,NA,NA,NA,NA,493,604,NA,NA,10,NA,NA,14.92,1828.8,NA,NA,NA,120,-10.27,NA,-14.15,90438.28,0,0,0,-10.8,0,0,0,NA,NA,NA,NA,NA,NA,NA,NA,"0.032",6.6,83,12,-4.5,1
2020-03-14 16:00:00,101727.07,-3,-14.4,42.31,9.77,110,12.86,102180,NA,NA,NA,NA,NA,494,604,NA,NA,10,NA,NA,14.4,1493.52,NA,NA,NA,120,-10.92,NA,-14.14,90498.53,0,0,0,-9.6,0,0,0,NA,NA,NA,NA,NA,NA,NA,NA,"0.031",5.4,82,14,-4.6,1.3
2020-03-14 17:00:00,101828.66,-3,-12.8,45.92,8.75,110,9.77,102280,20,579,3020,0.025,NA,453,554,0.025,NA,10,-1.7,-5,NA,1371.6,NA,NA,NA,NA,-10.92,NA,-13.13,90588.91,0,0,0,-9.4,0,0,0,NA,NA,NA,NA,NA,NA,NA,NA,"0.031",5.7,81,16,-4.8,3.9
2020-03-14 18:00:00,101862.52,-3,-14.4,45.92,7.2,90,10.285,102310,NA,NA,NA,NA,NA,464,504,NA,NA,10,NA,NA,NA,1402.08,NA,NA,NA,NA,-9.87,NA,-13.13,90619.03,0,0,0,-10.2,0,0,0,NA,NA,NA,NA,NA,NA,NA,NA,"0.03",5.6,86,16,-5.8,5
2020-03-14 19:00:00,101930.25,-4,-13.9,49.48,5.14,90,NA,102430,NA,NA,NA,NA,NA,433,483,NA,NA,10,NA,NA,NA,1463.04,NA,NA,NA,NA,-10.91,NA,-13.13,90679.28,0,0,0,-8.6,0,0,0,NA,NA,NA,NA,NA,NA,NA,NA,"0.03",4.3,69,25,-7,5.5
2020-03-14 20:00:00,102031.84,-6,-15,49.18,4.63,80,NA,102490,NA,NA,3017,NA,NA,473,NA,NA,NA,10,NA,NA,NA,1432.56,NA,NA,NA,NA,-11.3,NA,-14.13,90769.66,0,0,0,-8.4,0,0,0,NA,NA,NA,NA,NA,NA,NA,NA,"0.029",4.5,71,21,-7.7,4
2020-03-14 21:00:00,102099.57,-7,-16.1,48.56,5.14,100,NA,102600,NA,NA,NA,NA,NA,1,NA,NA,NA,10,NA,NA,NA,NA,NA,NA,NA,NA,-13.4,NA,-16.13,90829.91,0,0,0,-7.4,0,0,0,NA,NA,NA,NA,NA,NA,NA,NA,"0.03",5.1,76,17,-8.5,2.5
2020-03-14 22:00:00,102167.3,-7,-16.7,44.65,5.66,100,7.2,102630,NA,NA,NA,NA,NA,1,NA,NA,NA,10,NA,NA,NA,NA,NA,NA,NA,NA,-14.12,NA,-17.13,90890.17,0,0,0,-8.1,0,0,0,NA,NA,NA,NA,NA,NA,NA,NA,"0.03",5.4,84,17,-9.4,4
2020-03-14 23:00:00,102201.16,-8,-17.8,48.25,6.69,110,NA,102660,NA,NA,1014,NA,NA,903,NA,NA,NA,10,-3.3,-8.3,NA,2743.2,NA,NA,NA,NA,-16.02,NA,-17.13,90920.29,0,0,0,-4.5,0,0,0,NA,NA,NA,NA,NA,NA,NA,NA,"0.031",5.1,86,21,-10,4.7
2020-03-15,102235.02,-9,-18.3,47.94,8.23,120,NA,102750,NA,NA,NA,NA,NA,1,NA,NA,NA,10,NA,NA,NA,NA,NA,-1.7,-9.4,NA,-18.14,NA,-18.12,90950.41,0,0,0,-3.9,0,0,0,NA,NA,NA,NA,NA,NA,NA,NA,"0.03",4.5,75,29,-10.2,2.8
2020-03-15 01:00:00,102268.89,-9,-18.3,47.94,7.2,110,10.8,102740,NA,NA,NA,NA,NA,433,NA,NA,NA,10,NA,NA,NA,1371.6,NA,NA,NA,NA,-17.81,NA,-18.12,90980.54,0,0,0,-5.3,0,0,0,NA,NA,NA,NA,NA,NA,NA,NA,"0.031",5.4,72,27,-10.1,5.5
2020-03-15 02:00:00,102302.75,-9,-18.3,47.94,7.2,110,NA,102790,NA,NA,1012,NA,NA,414,NA,NA,NA,10,NA,NA,NA,1249.68,NA,NA,NA,NA,-17.6,NA,-18.12,91010.67,0,0,0,-4.7,0,0,0,NA,NA,NA,NA,NA,NA,NA,NA,"0.031",2.8,53,42,-10.5,6.4
2020-03-15 03:00:00,102302.75,-9,-18.3,47.94,7.72,100,NA,102750,NA,NA,NA,NA,NA,394,529,NA,NA,10,NA,NA,NA,1188.72,NA,NA,NA,NA,-17.88,NA,-18.12,91010.67,0,0,0,-3.8,0,0,0,NA,NA,NA,NA,NA,NA,NA,NA,"0.03",2.1,42,58,-10.4,5.2
2020-03-15 04:00:00,102268.89,-10,-18.3,50.56,7.72,110,10.285,102730,NA,754,NA,NA,NA,383,603,NA,NA,10,NA,NA,NA,1158.24,NA,NA,NA,NA,-19.17,NA,-18.42,90980.54,0,0,0,1.4,1,1,0,NA,NA,2,2020-03-15 04:00:00,2020-03-15 05:00:00,2,2020-03-15 04:00:00,2020-03-15 05:00:00,"0.03",1.9,31,60,-10.4,5.2
2020-03-15 05:00:00,102268.89,-10,-18.3,51.87,6.69,100,NA,102730,NA,1004,6006,NA,NA,606,904,NA,NA,10,-7.8,-10,NA,2743.2,NA,NA,NA,NA,-18.58,NA,-18.11,90980.54,0,0,0,0.800000000000001,1,1,0,NA,NA,2,2020-03-15 04:00:00,2020-03-15 05:00:00,2,2020-03-15 04:00:00,2020-03-15 05:00:00,"0.029",2,41,60,-10.5,3.8
2020-03-15 06:00:00,102268.89,-9,-17.8,47.94,6.17,110,8.75,102740,20,NA,NA,0.025,NA,603,804,NA,NA,10,NA,NA,NA,1828.8,NA,NA,NA,NA,-16.98,NA,-18.12,90980.54,0,0,0,-0.4,0,0,0,NA,NA,NA,NA,NA,NA,NA,NA,"0.029",2,36,53,-10.7,3.5
2020-03-15 07:00:00,102268.89,-9,-15.6,56.74,4.63,110,NA,102780,20,NA,NA,0.025,NA,353,754,NA,NA,6,NA,NA,NA,1066.8,NA,NA,NA,NA,-16.28,NA,-16.11,90980.54,0,0,0,-2.7,0,0,0,NA,NA,NA,NA,NA,NA,NA,NA,"0.028",1.9,25,56,-10.5,3.7
2020-03-15 08:00:00,102268.89,-9,-15,56.74,3.6,100,NA,102770,20,NA,2,0.025,0.025,424,554,NA,NA,7,NA,NA,NA,1280.16,NA,NA,NA,NA,-14.96,NA,-16.11,90980.54,0,0,0,-1.6,0,0,0,NA,NA,NA,NA,NA,NA,NA,NA,"0.028",2.2,37,44,-10.2,3.8
2020-03-15 09:00:00,102302.75,-9,-15,56.74,2.57,100,NA,102820,20,NA,NA,0.025,NA,554,579,NA,NA,8,NA,NA,NA,1676.4,NA,NA,NA,NA,-13.78,NA,-16.11,91010.67,0,0,0,0,0,1,0,NA,NA,NA,NA,NA,1,2020-03-15 09:00:00,2020-03-15 09:00:00,"0.029",2.6,36,29,-9,5.2
2020-03-15 10:00:00,102302.75,-8.45,-14.4,62.73,4.12,125,NA,102820,20,554,NA,0.025,NA,373,453,NA,NA,3.5,NA,NA,NA,1127.76,NA,NA,NA,NA,-15.33,NA,-14.79,91010.67,0,0,0,-0.0500000000000007,0,0,0,NA,NA,NA,NA,NA,NA,NA,NA,"0.029",2.6,32,33,-6.8,6.6
2020-03-15 11:00:00,102319.685,-7.75,-13.05,65.65,1.8,NA,NA,102780,6,NA,1,0.025,NA,354,NA,0.025,NA,5.5,-7.2,-10,NA,1066.8,NA,NA,NA,NA,-11.115,NA,-13.135,91025.735,0,0,0,0.15,0,1,1,NA,NA,NA,NA,NA,1,2020-03-15 11:00:00,2020-03-15 11:00:00,"0.03",3.4,44,26,-4.7,8.3
2020-03-15 12:00:00,102235.02,-5,-11.1,62.2,1.54,200,NA,102730,20,NA,NA,0.025,NA,NA,NA,NA,NA,7,NA,NA,NA,NA,NA,NA,NA,NA,-7.53,NA,-11.19,90950.41,0,0,0,-2.2,0,0,1,NA,NA,NA,NA,NA,NA,NA,NA,"0.03",3,31,36,-3,7.1
2020-03-15 13:00:00,102201.16,-4.45,-11.1,59.915,2.315,115,NA,102640,NA,364,NA,0.025,NA,275,303,NA,NA,8,NA,NA,NA,929.64,NA,NA,NA,NA,-8.04,NA,-11.2,90920.29,0,0,0,0.0499999999999989,0,1,0,NA,NA,NA,NA,NA,1,2020-03-15 13:00:00,2020-03-15 13:00:00,"0.031",2.4,42,49,-1.3,7.9
2020-03-15 14:00:00,102099.57,-1.7,-11.7,46.32,1.54,NA,NA,102550,NA,NA,NA,NA,0.025,1,NA,NA,NA,10,NA,NA,NA,NA,NA,NA,NA,NA,-3.76,NA,-11.83,90829.91,0,0,0,-1.2,0,0,1,NA,NA,NA,NA,NA,NA,NA,NA,"0.032",2.7,331,41,-0.3,11.7
2020-03-15 15:00:00,102031.84,-0.6,-11.7,42.73,4.63,340,NA,102470,NA,NA,NA,NA,NA,1,NA,NA,NA,10,NA,NA,NA,NA,NA,NA,NA,NA,-5.44,NA,-11.84,90769.66,0,0,0,-1.9,0,0,0,NA,NA,NA,NA,NA,NA,NA,NA,"0.032",2.9,301,29,-0.6,9.8
2020-03-15 16:00:00,102031.84,-0.6,-11.7,42.73,4.63,10,NA,102460,NA,NA,NA,NA,NA,1103,NA,NA,NA,10,NA,NA,NA,3352.8,NA,NA,NA,NA,-5.44,NA,-11.84,90769.66,0,0,0,-1.9,0,0,0,NA,NA,NA,NA,NA,NA,NA,NA,"0.031",2.3,297,34,-1.2,5.7
2020-03-15 17:00:00,102065.7,-1.1,-11.1,46.5,4.63,10,NA,102470,NA,NA,5006,NA,NA,1003,NA,0.025,NA,10,0,-7.2,NA,3048,NA,NA,NA,NA,-6.06,NA,-11.23,90799.78,0,0,0,-2.5,0,0,0,NA,NA,NA,NA,NA,NA,NA,NA,"0.031",2.4,300,34,-2,3.8
2020-03-15 18:00:00,102065.7,-2.2,-11.1,50.43,5.14,360,NA,102510,NA,NA,NA,NA,NA,753,1004,NA,NA,10,NA,NA,NA,2286,NA,NA,NA,NA,-7.75,NA,-11.22,90799.78,0,0,0,-3,0,0,0,NA,NA,NA,NA,NA,NA,NA,NA,"0.029",1.9,298,36,-2.9,-1
2020-03-15 19:00:00,102099.57,-3.3,-11.1,54.73,5.14,10,NA,102560,NA,NA,NA,NA,NA,1,NA,NA,NA,10,NA,NA,NA,NA,NA,NA,NA,NA,-9.13,NA,-11.21,90829.91,0,0,0,-0.5,0,0,0,NA,NA,NA,NA,NA,NA,NA,NA,"0.028",2,223,36,-4.1,-0.8
2020-03-15 20:00:00,102201.16,-4.4,-11.1,59.44,2.57,350,NA,102680,NA,NA,3014,NA,NA,553,NA,NA,NA,10,NA,NA,NA,1676.4,NA,NA,NA,NA,-8.32,NA,-11.2,90920.29,0,0,0,1.4,1,1,0,20,27,13,2020-03-15 20:00:00,2020-03-16 08:00:00,13,2020-03-15 20:00:00,2020-03-16 08:00:00,"0.028",1.1,240,46,-4.7,4.7
2020-03-15 21:00:00,102268.89,-5,-11.1,62.2,0,0,NA,102730,NA,NA,NA,NA,NA,1,NA,NA,NA,10,NA,NA,NA,NA,NA,NA,NA,NA,NA,NA,-11.19,90980.54,0,0,0,0.9,1,1,1,20,27,13,2020-03-15 20:00:00,2020-03-16 08:00:00,13,2020-03-15 20:00:00,2020-03-16 08:00:00,"0.025",0.7,221,52,-5.5,8.4
2020-03-15 22:00:00,102302.75,-5.6,-10.6,67.75,0,0,NA,102760,NA,NA,NA,NA,NA,1,NA,NA,NA,10,NA,NA,NA,NA,NA,NA,NA,NA,NA,NA,-10.68,91010.67,0,0,0,0.6,1,1,1,20,27,13,2020-03-15 20:00:00,2020-03-16 08:00:00,13,2020-03-15 20:00:00,2020-03-16 08:00:00,"0.018",0.9,213,48,-6.5,9.3
2020-03-15 23:00:00,102302.75,-7.2,-11.1,73.6,0,0,NA,102800,NA,NA,1009,NA,NA,1,NA,NA,NA,10,-1.1,-7.2,NA,NA,NA,NA,NA,NA,NA,NA,-11.17,91010.67,0,0,0,1.8,1,1,1,20,27,13,2020-03-15 20:00:00,2020-03-16 08:00:00,13,2020-03-15 20:00:00,2020-03-16 08:00:00,"0.019",0.6,191,49,-7,10.3
2020-03-16,102336.62,-6.7,-11.1,70.82,0,0,NA,102770,NA,NA,NA,NA,NA,553,NA,NA,NA,10,NA,NA,NA,1676.4,NA,0,-10,NA,NA,NA,-11.17,91040.8,0,0,0,3.3,1,1,1,20,27,13,2020-03-15 20:00:00,2020-03-16 08:00:00,13,2020-03-15 20:00:00,2020-03-16 08:00:00,"0.01",0.8,265,67,-7.7,15.7
2020-03-16 01:00:00,102336.62,-7.8,-11.1,77.1,1.54,280,NA,102780,NA,NA,NA,NA,NA,1,NA,NA,NA,10,NA,NA,NA,NA,NA,NA,NA,NA,-10.73,NA,-11.16,91040.8,0,0,0,3.8,1,1,1,20,27,13,2020-03-15 20:00:00,2020-03-16 08:00:00,13,2020-03-15 20:00:00,2020-03-16 08:00:00,"0.008",0.6,218,50,-8.6,10.5
2020-03-16 02:00:00,102370.48,-7.8,-11.1,77.1,0,0,NA,102800,NA,NA,3006,NA,NA,1,NA,NA,NA,10,NA,NA,NA,NA,NA,NA,NA,NA,NA,NA,-11.16,91070.92,0,0,0,2.6,1,1,1,20,27,13,2020-03-15 20:00:00,2020-03-16 08:00:00,13,2020-03-15 20:00:00,2020-03-16 08:00:00,"0.004",0.8,222,62,-9.2,10.3
2020-03-16 03:00:00,102370.48,-8.3,-11.7,76.4,0,0,NA,102800,NA,NA,NA,NA,NA,1,NA,NA,NA,10,NA,NA,NA,NA,NA,NA,NA,NA,NA,NA,-11.76,91070.92,0,0,0,2.5,1,1,1,20,27,13,2020-03-15 20:00:00,2020-03-16 08:00:00,13,2020-03-15 20:00:00,2020-03-16 08:00:00,"0.002",0.6,220,66,-9.6,9.3
2020-03-16 04:00:00,102404.34,-8.9,-11.1,84.01,0,0,NA,102820,NA,NA,NA,NA,NA,1,NA,NA,NA,10,NA,NA,NA,NA,NA,NA,NA,NA,NA,NA,-11.14,91101.04,0,0,0,3.8,1,1,1,20,27,13,2020-03-15 20:00:00,2020-03-16 08:00:00,13,2020-03-15 20:00:00,2020-03-16 08:00:00,"0.001",0.6,211,47,-10.2,8.4
2020-03-16 05:00:00,102404.34,-9.4,-11.7,83.28,0,0,NA,102840,NA,NA,3003,NA,NA,1,NA,NA,NA,10,-6.1,-9.4,NA,NA,NA,NA,NA,NA,NA,NA,-11.74,91101.04,0,0,0,3.5,1,1,1,20,27,13,2020-03-15 20:00:00,2020-03-16 08:00:00,13,2020-03-15 20:00:00,2020-03-16 08:00:00,"0.001",0.5,232,57,-10.7,7.9
2020-03-16 06:00:00,102472.07,-8.9,-11.1,84.01,0,0,NA,102930,NA,NA,NA,NA,NA,1,NA,NA,NA,10,NA,NA,NA,NA,NA,NA,NA,NA,NA,NA,-11.14,91161.3,0,0,0,3.6,1,1,1,20,27,13,2020-03-15 20:00:00,2020-03-16 08:00:00,13,2020-03-15 20:00:00,2020-03-16 08:00:00,"0.001",0.5,250,61,-10.8,10.5
2020-03-16 07:00:00,102505.93,-9.4,-11.7,83.28,0,0,NA,102960,NA,NA,NA,NA,NA,1,NA,NA,NA,10,NA,NA,NA,NA,NA,NA,NA,NA,NA,NA,-11.74,91191.42,0,0,0,3.7,1,1,1,20,27,13,2020-03-15 20:00:00,2020-03-16 08:00:00,13,2020-03-15 20:00:00,2020-03-16 08:00:00,"0.003",0.8,227,46,-9.6,15.9
2020-03-16 08:00:00,102539.8,-7.2,-10,80.33,0,0,NA,102990,NA,NA,1012,NA,NA,1,NA,NA,NA,10,NA,NA,NA,NA,NA,NA,NA,NA,NA,NA,-10.05,91221.55,0,0,0,1.2,1,1,1,20,27,13,2020-03-15 20:00:00,2020-03-16 08:00:00,13,2020-03-15 20:00:00,2020-03-16 08:00:00,"0.012",1,249,60,-6.6,8.4
2020-03-16 09:00:00,102539.8,-5,-8.9,74.03,0,0,NA,102980,NA,NA,NA,NA,NA,1,NA,NA,NA,10,NA,NA,NA,NA,NA,NA,NA,NA,NA,NA,-8.97,91221.55,0,0,0,-0.9,0,0,1,NA,NA,NA,NA,NA,NA,NA,NA,"0.022",1.2,224,82,-4.2,8.6
2020-03-16 10:00:00,102573.66,-2.8,-9.4,60.34,1.54,NA,NA,102970,NA,NA,NA,NA,NA,1,NA,NA,NA,10,NA,NA,NA,NA,NA,NA,NA,NA,-5.02,NA,-9.5,91251.67,0,0,0,-1.8,0,0,1,NA,NA,NA,NA,NA,NA,NA,NA,"0.025",1.2,291,71,-2,8.8
2020-03-16 11:00:00,102505.93,-1,-9.4,54.52,0.77,0,NA,102890,NA,NA,8005,NA,NA,1,NA,NA,NA,10,0,-10.6,NA,NA,NA,NA,NA,NA,-2.96,NA,-9.11,91191.42,0,0,0,-2.6,0,0,1,NA,NA,NA,NA,NA,NA,NA,NA,"0.029",1.6,266,75,0.2,8.1
2020-03-16 12:00:00,102438.21,1,-9.4,43.57,0,0,NA,102740,NA,NA,NA,NA,NA,1,NA,NA,NA,10,NA,NA,NA,NA,NA,NA,NA,NA,-0.68,NA,-10.14,91131.18,0,0,0,-1.5,0,0,1,NA,NA,NA,NA,NA,NA,NA,NA,"0.031",1.6,358,55,2.7,11.3
2020-03-16 13:00:00,102336.62,3,-9.4,40.55,1.54,110,NA,102630,NA,NA,NA,NA,NA,1,NA,NA,NA,10,NA,NA,NA,NA,NA,NA,NA,NA,1.29,NA,-9.14,91040.8,0,0,0,-1.2,0,0,1,NA,NA,NA,NA,NA,NA,NA,NA,"0.034",1.3,170,52,5,11.5
2020-03-16 14:00:00,102201.16,5,-9.4,35.51,1.54,230,NA,102460,NA,NA,8030,NA,NA,1,NA,NA,NA,10,NA,NA,NA,NA,NA,NA,NA,NA,3.9,NA,-9.14,90920.29,0,0,0,-2.5,0,0,1,NA,NA,NA,NA,NA,NA,NA,NA,"0.036",1.9,256,38,6.1,9.1
2020-03-16 15:00:00,102065.7,7,-8.3,32.22,1.54,180,NA,102320,NA,NA,NA,NA,NA,1,NA,NA,NA,10,NA,NA,NA,NA,NA,NA,NA,NA,5.64,NA,-9.14,90799.78,0,0,0,-5.2,0,0,1,NA,NA,NA,NA,NA,NA,NA,NA,"0.036",1.9,313,50,7.4,8.8
2020-03-16 16:00:00,101964.11,8,-7.8,31.23,3.09,330,NA,102230,NA,NA,NA,NA,NA,1,NA,NA,NA,10,NA,NA,NA,NA,NA,NA,NA,NA,6.05,NA,-8.14,90709.41,0,0,0,-7.1,0,0,0,NA,NA,NA,NA,NA,NA,NA,NA,"0.037",2.3,320,22,7.6,5
2020-03-16 17:00:00,101896.38,8,-7.8,31.23,4.63,350,NA,102140,NA,NA,6028,NA,NA,1,NA,NA,NA,10,8.3,-0.6,NA,NA,NA,NA,NA,NA,5.25,NA,-8.14,90649.15,0,0,0,-7.7,0,0,0,NA,NA,NA,NA,NA,NA,NA,NA,"0.037",2,313,20,7.1,2.8
2020-03-16 18:00:00,101794.79,7,-7.2,36.13,4.63,360,NA,102080,NA,NA,NA,NA,NA,1,NA,NA,NA,10,NA,NA,NA,NA,NA,NA,NA,NA,4,NA,-7.14,90558.78,0,0,0,-7.8,0,0,0,NA,NA,NA,NA,NA,NA,NA,NA,"0.033",1.6,268,30,4.9,3.6
2020-03-16 19:00:00,101794.79,4,-7.2,44.49,6.17,360,NA,102130,NA,NA,NA,NA,NA,1,NA,NA,NA,10,NA,NA,NA,NA,NA,NA,NA,NA,-0.45,NA,-7.13,90558.78,0,0,0,-6,0,0,0,NA,NA,NA,NA,NA,NA,NA,NA,"0.03",1.1,184,32,2.1,3.8
2020-03-16 20:00:00,101760.93,3,-7.8,47.75,3.09,210,NA,102140,NA,NA,6006,NA,NA,1,NA,NA,NA,10,NA,NA,NA,NA,NA,NA,NA,NA,-0.505,NA,-7.12,90528.65,0,0,0,-5.5,0,0,0,NA,NA,NA,NA,NA,NA,NA,NA,"0.018",0.8,143,36,-0.3,4.3
2020-03-16 21:00:00,101760.93,0,-7.8,54.8,0,0,NA,102100,NA,NA,NA,NA,NA,1,NA,NA,NA,10,NA,NA,NA,NA,NA,NA,NA,NA,-1.82,NA,-8.11,90528.65,0,0,0,-2.4,0,0,1,NA,NA,NA,NA,NA,NA,NA,NA,"0.021",0.7,173,54,-1.5,5.1
2020-03-16 22:00:00,101727.07,-2,-7.2,63.45,0,0,NA,102070,NA,NA,NA,NA,NA,1,NA,NA,NA,10,NA,NA,NA,NA,NA,NA,NA,NA,-5.47,NA,-8.09,90498.53,0,0,0,-0.9,0,0,1,NA,NA,NA,NA,NA,NA,NA,NA,"0.014",0.7,134,53,-2.7,6.9
2020-03-16 23:00:00,101693.2,-2,-7.8,63.45,0,0,NA,102000,NA,NA,8007,NA,NA,1,NA,NA,NA,10,7.8,-2.8,NA,NA,NA,NA,NA,NA,-4.1,NA,-8.09,90468.4,0,0,0,-1.1,0,0,1,NA,NA,NA,NA,NA,NA,NA,NA,"0.008",0.6,146,66,-3.7,6.9
2020-03-17,101693.2,-3,-7.8,68.34,0,0,NA,101960,NA,NA,NA,NA,NA,1,NA,NA,NA,10,NA,NA,NA,NA,NA,8.3,-10.6,NA,-6.03,NA,-8.08,90468.4,0,0,0,-0.1,0,0,1,NA,NA,NA,NA,NA,NA,NA,NA,"0.003",0.5,177,62,-4.9,5.7
2020-03-17 01:00:00,101625.47,-4,-7.8,73.65,0,0,NA,101860,NA,NA,NA,NA,NA,1,NA,NA,NA,10,NA,NA,NA,NA,NA,NA,NA,NA,NA,NA,-8.07,90408.14,0,0,0,0.5,1,1,1,NA,28,1,2020-03-17 01:00:00,2020-03-17 01:00:00,12,2020-03-17 01:00:00,2020-03-17 12:00:00,"0.002",0.4,93,78,-5.6,5.9
2020-03-17 02:00:00,101557.75,-4,-8.3,73.65,0,0,NA,101810,NA,NA,8015,NA,NA,1,NA,NA,NA,10,NA,NA,NA,NA,NA,NA,NA,NA,NA,NA,-8.07,90347.9,0,0,0,0.4,0,1,1,NA,28,NA,NA,NA,12,2020-03-17 01:00:00,2020-03-17 12:00:00,"0.001",0.5,177,52,-6.2,7.1
2020-03-17 03:00:00,101490.02,-6,-8.3,81.21,0,0,NA,101710,NA,NA,NA,NA,NA,1,NA,NA,NA,10,NA,NA,NA,NA,NA,NA,NA,NA,NA,NA,-8.07,90287.65,0,0,0,3.1,1,1,1,22,28,9,2020-03-17 03:00:00,2020-03-17 11:00:00,12,2020-03-17 01:00:00,2020-03-17 12:00:00,"0.003",0.5,213,52,-6.9,9.8
2020-03-17 04:00:00,101422.29,-6,-8.9,85.59,0,0,NA,101650,NA,NA,NA,NA,NA,1,NA,NA,NA,10,NA,NA,NA,NA,NA,NA,NA,NA,NA,NA,-9.04,90227.39,0,0,0,2.5,1,1,1,22,28,9,2020-03-17 03:00:00,2020-03-17 11:00:00,12,2020-03-17 01:00:00,2020-03-17 12:00:00,"0.001",0.5,203,50,-7.5,11.5
2020-03-17 05:00:00,101354.56,-6,-8.9,85.59,0,0,NA,101580,NA,NA,6018,NA,NA,1,NA,NA,NA,10,-1.7,-6.7,NA,NA,NA,NA,NA,NA,-9.82,NA,-9.04,90167.14,0,0,0,3.2,1,1,1,22,28,9,2020-03-17 03:00:00,2020-03-17 11:00:00,12,2020-03-17 01:00:00,2020-03-17 12:00:00,"0",0.5,190,60,-8,8.8
2020-03-17 06:00:00,101320.7,-7,-10,85.59,0,0,NA,101610,NA,NA,NA,NA,NA,1,NA,NA,NA,10,NA,NA,NA,NA,NA,NA,NA,NA,NA,NA,-9.04,90137.02,0,0,0,3.9,1,1,1,22,28,9,2020-03-17 03:00:00,2020-03-17 11:00:00,12,2020-03-17 01:00:00,2020-03-17 12:00:00,"0.001",0.6,173,64,-8.3,8.1
2020-03-17 07:00:00,101320.7,-7,-8.3,85.59,0,0,NA,101640,NA,NA,NA,NA,NA,1,NA,NA,NA,10,NA,NA,NA,NA,NA,NA,NA,NA,-9.82,NA,-9.04,90137.02,0,0,0,4.1,1,1,1,22,28,9,2020-03-17 03:00:00,2020-03-17 11:00:00,12,2020-03-17 01:00:00,2020-03-17 12:00:00,"0.003",0.8,236,59,-6.7,10.7
2020-03-17 08:00:00,101320.7,-7,-6.7,85.59,0,0,NA,101650,NA,NA,6002,NA,NA,1,NA,NA,NA,10,NA,NA,NA,NA,NA,NA,NA,NA,-7.53,NA,-8.05,90137.02,0,0,0,4.1,1,1,1,22,28,9,2020-03-17 03:00:00,2020-03-17 11:00:00,12,2020-03-17 01:00:00,2020-03-17 12:00:00,"0.01",1.2,239,59,-4,11.7
2020-03-17 09:00:00,101286.84,-4,-6.1,79.74,0,0,NA,101580,NA,NA,NA,NA,NA,1,NA,NA,NA,10,NA,NA,NA,NA,NA,NA,NA,NA,NA,NA,-6.05,90106.89,0,0,0,2.3,1,1,1,22,28,9,2020-03-17 03:00:00,2020-03-17 11:00:00,12,2020-03-17 01:00:00,2020-03-17 12:00:00,"0.018",0.8,66,81,-0.7,12.2
2020-03-17 10:00:00,101252.97,-1,-6.1,68.78,0,0,NA,101540,NA,NA,NA,NA,NA,1,NA,NA,NA,10,NA,NA,NA,NA,NA,NA,NA,NA,-2.96,NA,-6.08,90076.76,0,0,0,3.3,1,1,1,22,28,9,2020-03-17 03:00:00,2020-03-17 11:00:00,12,2020-03-17 01:00:00,2020-03-17 12:00:00,"0.022",1.1,310,71,1.8,8.6
2020-03-17 11:00:00,101185.24,2,-5.6,55.64,0,0,NA,101410,NA,NA,8015,NA,NA,1,NA,NA,NA,10,2.8,-7.8,NA,NA,NA,NA,NA,NA,0.97,NA,-6.1,90016.51,0,0,0,0.5,1,1,1,22,28,9,2020-03-17 03:00:00,2020-03-17 11:00:00,12,2020-03-17 01:00:00,2020-03-17 12:00:00,"0.029",1.2,311,76,4.2,7.7
2020-03-17 12:00:00,101083.65,4,-5,51.85,0,0,NA,101290,NA,NA,NA,NA,NA,1,NA,NA,NA,10,NA,NA,NA,NA,NA,NA,NA,NA,2.75,NA,-5.11,89926.13,0,0,0,0.4,0,1,1,NA,28,NA,NA,NA,12,2020-03-17 01:00:00,2020-03-17 12:00:00,"0.033",1.1,330,62,7,8.3
2020-03-17 13:00:00,101015.92,7,-4.4,42.41,0,0,NA,101180,NA,NA,NA,NA,NA,1,NA,NA,NA,10,NA,NA,NA,NA,NA,NA,NA,NA,6.49,NA,-5.12,89865.88,0,0,0,-1.6,0,0,1,NA,NA,NA,NA,NA,NA,NA,NA,"0.037",1.6,325,69,9.2,6
2020-03-17 14:00:00,100880.47,9,-4.4,37.05,2.06,320,7.46,101020,NA,NA,8029,NA,NA,1,NA,NA,NA,10,NA,NA,NA,NA,NA,NA,NA,NA,8.47,NA,-4.12,89745.38,0,0,0,-3.6,0,0,0,NA,NA,NA,NA,NA,NA,NA,NA,"0.039",2.2,334,35,10.9,4.5
2020-03-17 15:00:00,100778.88,11,-5.6,29.79,4.63,20,NA,100950,NA,NA,NA,NA,NA,1,NA,NA,NA,10,NA,NA,NA,NA,NA,NA,NA,NA,NA,NA,-5.72,89655,0,0,0,-6.7,0,0,0,NA,NA,NA,NA,NA,NA,NA,NA,"0.042",2.5,344,33,11.8,2.3
2020-03-17 16:00:00,100778.88,12,-5.6,27.88,5.66,360,8.23,100940,NA,NA,NA,NA,NA,1,NA,NA,NA,10,NA,NA,NA,NA,NA,NA,NA,NA,NA,NA,-6.12,89655,0,0,0,-9.1,0,0,0,NA,NA,NA,NA,NA,NA,NA,NA,"0.044",3.2,48,27,12.8,1.3
2020-03-17 17:00:00,100745.01,12,-5.6,27.88,5.66,360,NA,100900,NA,NA,6011,NA,NA,1,NA,NA,NA,10,12.2,2.8,NA,NA,NA,NA,NA,NA,NA,NA,-6.12,89624.87,0,0,0,-9.5,0,0,0,NA,NA,NA,NA,NA,NA,NA,NA,"0.05",3.7,69,13,11.5,2.1
2020-03-17 18:00:00,100711.15,10,-6.7,31.84,5.14,20,NA,100930,NA,NA,NA,NA,NA,1,NA,NA,NA,10,NA,NA,NA,NA,NA,NA,NA,NA,7.54,NA,-6.13,89594.75,0,0,0,-8.7,0,0,0,NA,NA,NA,NA,NA,NA,NA,NA,"0.052",5.2,78,11,9,2.6
2020-03-17 19:00:00,100778.88,10,-9.4,25.53,5.14,70,8.75,101040,NA,NA,NA,NA,NA,1002,NA,NA,NA,10,NA,NA,NA,3048,NA,NA,NA,NA,6.185,NA,-9.13,89655,0,0,0,-10.6,0,0,0,NA,NA,NA,NA,NA,NA,NA,NA,"0.052",5.5,84,11,7.1,4.8
2020-03-17 20:00:00,100846.6,7,-9.4,30.59,4.12,80,NA,101120,NA,NA,3016,NA,NA,953,NA,NA,NA,10,NA,NA,NA,2895.6,NA,NA,NA,NA,4.83,NA,-9.14,89715.25,0,0,0,-9.2,0,0,0,NA,NA,NA,NA,NA,NA,NA,NA,"0.052",5.7,95,18,5.5,4
2020-03-17 21:00:00,100948.2,6,-10,32.82,5.14,90,9.515,101200,NA,NA,NA,NA,NA,1003,NA,NA,NA,10,NA,NA,NA,3048,NA,NA,NA,NA,2.76,NA,-9.14,89805.63,0,0,0,-9.4,0,0,0,NA,NA,NA,NA,NA,NA,NA,NA,"0.052",7.1,87,17,4.2,3.3
2020-03-17 22:00:00,101049.79,5,-10,32.82,4.63,100,NA,101280,NA,NA,NA,NA,NA,1002,1203,NA,NA,10,NA,NA,NA,3657.6,NA,NA,NA,NA,1.05,NA,-10.15,89896.01,0,0,0,-10,0,0,0,NA,NA,NA,NA,NA,NA,NA,NA,"0.054",6.8,92,19,3.3,3.1
2020-03-17 23:00:00,101117.52,4,-10.6,34.88,5.14,110,7.72,101300,NA,NA,1021,NA,NA,1202,1203.5,NA,NA,10,11.1,3.3,NA,3657.6,NA,NA,NA,NA,-0.45,NA,-11.15,89956.26,0,0,0,-9.8,0,0,0,NA,NA,NA,NA,NA,NA,NA,NA,"0.055",6.8,85,21,2.7,2.1
2020-03-18,101151.38,3,-11.1,34.88,5.66,110,8.75,101290,NA,NA,NA,NA,NA,1,NA,NA,NA,10,NA,NA,NA,NA,NA,12.2,-7.8,NA,-1.49,NA,-11.15,89986.38,0,0,0,-9.5,0,0,0,NA,NA,NA,NA,NA,NA,NA,NA,"0.055",7.7,98,16,2.2,2.8
2020-03-18 01:00:00,101117.52,3,-11.1,34.88,6.17,90,10.8,101240,NA,NA,NA,NA,NA,1103,NA,NA,NA,10,NA,NA,NA,3352.8,NA,NA,NA,NA,-1.72,NA,-11.15,89956.26,0,0,0,-10.1,0,0,0,NA,NA,NA,NA,NA,NA,NA,NA,"0.054",7.8,99,18,1.7,3.4
2020-03-18 02:00:00,101117.52,3,-10.6,34.88,6.17,90,9.515,101210,NA,NA,8001,NA,NA,703,1103,NA,NA,10,NA,NA,NA,3352.8,NA,NA,NA,NA,-1.94,NA,-11.15,89956.26,0,0,0,-10.1,0,0,0,NA,NA,NA,NA,NA,NA,NA,NA,"0.053",6.4,100,20,1.4,5.2
2020-03-18 03:00:00,101083.65,3,-9.4,37.77,5.66,110,9.77,101170,NA,1204,NA,NA,NA,704,1104,NA,NA,10,NA,NA,NA,2133.6,NA,NA,NA,NA,-1.94,NA,-10.14,89926.13,0,0,0,-10.3,0,0,0,NA,NA,NA,NA,NA,NA,NA,NA,"0.053",4.7,86,35,0.9,4.2
2020-03-18 04:00:00,101049.79,2,-10,40.55,4.63,120,NA,101150,NA,1103.5,NA,NA,NA,706,903,NA,NA,10,NA,NA,NA,2743.2,NA,NA,NA,NA,-2.27,NA,-10.14,89896.01,0,0,0,-9.3,0,0,0,NA,NA,NA,NA,NA,NA,NA,NA,"0.052",4.9,88,26,0.9,3
2020-03-18 05:00:00,101049.79,2,-9.4,40.55,4.63,100,8.75,101150,NA,NA,5005,NA,NA,653,654,NA,NA,10,3.3,1.1,NA,1981.2,NA,NA,NA,NA,-2.21,NA,-10.14,89896.01,0,0,0,-9.7,0,0,0,NA,NA,NA,NA,NA,NA,NA,NA,"0.051",3.6,93,26,0.9,4.2
2020-03-18 06:00:00,101049.79,2,-6.4,51.27,5.14,90,8.75,101160,NA,704,NA,NA,NA,364,553.5,NA,NA,10,NA,NA,NA,1280.16,NA,NA,NA,NA,-2.75,NA,-7.12,89896.01,0,0,0,-9.3,0,0,0,NA,NA,NA,NA,NA,NA,NA,NA,"0.049",2.7,82,33,0.8,6.2
2020-03-18 07:00:00,101049.79,1,-3.3,59.48,2.83,215,NA,101210,NA,NA,NA,NA,NA,494,604,NA,NA,10,NA,NA,NA,1676.4,NA,NA,NA,NA,-2.77,NA,-6.1,89896.01,0,0,0,-8,0,0,0,NA,NA,NA,NA,NA,NA,NA,NA,"0.046",1.5,48,55,0.6,4.9
2020-03-18 08:00:00,101083.65,-0.8,-3.05,84.09,2.57,325,NA,101260,NA,754,3002,NA,NA,628,754,NA,NA,10,NA,NA,NA,1981.2,NA,NA,NA,NA,-3.755,NA,-3.03,89926.13,0,0,0,-5.4,0,0,0,NA,NA,NA,NA,NA,NA,NA,NA,"0.048",1.4,50,47,2.1,6.4
2020-03-18 09:00:00,101083.65,0,-2.8,80.19,3.09,320,NA,101260,NA,NA,NA,NA,NA,604,754,NA,NA,10,NA,NA,NA,1828.8,NA,NA,NA,NA,-3.58,NA,-2.86,89926.13,0,0,0,-3.1,0,0,0,NA,NA,NA,NA,NA,NA,NA,NA,"BF",1.7,18,36,2.6,10.3
2020-03-18 10:00:00,101049.79,1.05,-3.45,69.43,3.345,310,NA,101230,NA,703,NA,NA,NA,602,753.5,NA,NA,10,NA,NA,NA,2286,NA,NA,NA,NA,-1.73,NA,-3.07,89896.01,0,0,0,-2.05,0,0,0,NA,NA,NA,NA,NA,NA,NA,NA,"0.046",2.4,299,27,2,7.2
2020-03-18 11:00:00,101015.92,2,-3.9,64.42,3.6,310,NA,101180,NA,NA,8006,NA,NA,504,753,NA,NA,10,2.8,-0.6,NA,1524,NA,NA,NA,NA,-1.56,NA,-3.99,89865.88,0,0,0,-1.9,0,0,0,NA,NA,NA,NA,NA,NA,NA,NA,"0.047",2.7,324,26,2.8,4.3
2020-03-18 12:00:00,101015.92,3,-4.4,60,3.6,320,NA,101130,NA,NA,NA,NA,NA,504,604,NA,NA,10,NA,NA,NA,1524,NA,NA,NA,NA,0.03,NA,-4.1,89865.88,0,0,0,-3.9,0,0,0,NA,NA,NA,NA,NA,NA,NA,NA,"0.049",1.4,325,56,4.2,5
2020-03-18 13:00:00,100948.2,6,-4.4,48.64,2.06,290,NA,101070,NA,NA,NA,NA,NA,492,604,NA,NA,10,NA,NA,NA,1524,NA,NA,NA,NA,4.31,NA,-4.11,89805.63,0,0,0,-5.5,0,0,0,NA,NA,NA,NA,NA,NA,NA,NA,"0.049",1.2,312,66,4.9,6.2
2020-03-18 14:00:00,100880.47,6,-3.9,45.12,2.06,300,NA,101000,NA,NA,8013,NA,NA,494,NA,NA,NA,10,NA,NA,NA,1493.52,NA,NA,NA,NA,5.04,NA,-4.12,89745.38,0,0,0,-5.2,0,0,0,NA,NA,NA,NA,NA,NA,NA,NA,"0.05",1.1,264,61,5.7,5.5
2020-03-18 15:00:00,100846.6,7,-4.4,45.4,2.06,300,NA,100940,NA,NA,NA,NA,NA,484,553,NA,NA,10,NA,NA,NA,1463.04,NA,NA,NA,NA,5.43,NA,-4.12,89715.25,0,0,0,-6.6,0,0,0,NA,NA,NA,NA,NA,NA,NA,NA,"0.051",1.2,115,56,7.9,6
2020-03-18 16:00:00,100812.74,9,-3.3,42.41,2.06,270,NA,100940,NA,NA,NA,NA,NA,1,556,NA,NA,10,NA,NA,NA,NA,NA,NA,NA,NA,7.59,NA,-4.12,89685.12,0,0,0,-7.6,0,0,0,NA,NA,NA,NA,NA,NA,NA,NA,"0.049",1.4,79,71,9.1,6.2
2020-03-18 17:00:00,100812.74,10,-2.2,42.71,2.06,285,NA,100900,NA,NA,6006,NA,NA,1,NA,NA,NA,10,10,2.8,NA,NA,NA,NA,NA,NA,8.47,NA,-3.12,89685.12,0,0,0,-8.9,0,0,0,NA,NA,NA,NA,NA,NA,NA,NA,"0.046",1.1,324,58,9.6,3.8
2020-03-18 18:00:00,100778.88,10,-2.8,39.93,2.57,300,NA,100910,NA,NA,NA,NA,NA,1,NA,NA,NA,10,NA,NA,NA,NA,NA,NA,NA,NA,8.78,NA,-3.12,89655,0,0,0,-9.2,0,0,0,NA,NA,NA,NA,NA,NA,NA,NA,"0.042",0.9,224,28,7.3,4.8
2020-03-18 19:00:00,100846.6,8,-3.9,42.41,2.57,300,NA,101030,NA,NA,NA,NA,NA,1,NA,NA,NA,10,NA,NA,NA,NA,NA,NA,NA,NA,6.05,NA,-4.12,89715.25,0,0,0,-8.2,0,0,0,NA,NA,NA,NA,NA,NA,NA,NA,"0.024",0.6,171,55,4.3,7.2
2020-03-18 20:00:00,100914.33,5,-3.9,52.13,1.54,270,NA,101110,NA,NA,3012,NA,NA,1,NA,NA,NA,10,NA,NA,NA,NA,NA,NA,NA,NA,3.9,NA,-4.11,89775.5,0,0,0,-6.7,0,0,1,NA,NA,NA,NA,NA,NA,NA,NA,"0.032",1,61,50,3.7,6.7
2020-03-18 21:00:00,100948.2,3,-3.9,60,1.54,80,NA,101190,NA,NA,NA,NA,NA,606,NA,NA,NA,10,NA,NA,NA,2133.6,NA,NA,NA,NA,1.61,NA,-4.1,89805.63,0,0,0,-5.6,0,0,1,NA,NA,NA,NA,NA,NA,NA,NA,"0.015",0.6,187,46,1.5,9.3
2020-03-18 22:00:00,101015.92,3,-2.8,64.66,2.57,130,NA,101230,NA,NA,NA,NA,NA,603,754,NA,NA,10,NA,NA,NA,2286,NA,NA,NA,NA,0.47,NA,-3.08,89865.88,0,0,0,-5.3,0,0,0,NA,NA,NA,NA,NA,NA,NA,NA,"0.012",0.6,154,57,0.8,19.4
2020-03-18 23:00:00,101083.65,3,-3.3,64.66,0,0,NA,101290,NA,NA,3016,NA,NA,553,754,NA,NA,10,10,1.7,NA,1676.4,NA,NA,NA,NA,0.03,NA,-3.08,89926.13,0,0,0,-5.2,0,0,1,NA,NA,NA,NA,NA,NA,NA,NA,"0.011",0.8,268,59,-0.2,9
2020-03-19,101151.38,3,-3.3,64.66,0,0,NA,101310,NA,NA,NA,NA,NA,553,754,NA,NA,10,NA,NA,NA,1676.4,NA,10,-0.6,NA,NA,NA,-3.08,89986.38,0,0,0,-5.3,0,0,1,NA,NA,NA,NA,NA,NA,NA,NA,"0.006",0.7,237,73,-0.9,8.3
2020-03-19 01:00:00,101151.38,1,-3.9,69.22,2.06,110,NA,101340,NA,NA,NA,NA,NA,802,NA,NA,NA,10,NA,NA,NA,2438.4,NA,NA,NA,NA,-1.36,NA,-4.07,89986.38,0,0,0,-3.5,0,0,0,NA,NA,NA,NA,NA,NA,NA,NA,"0.004",0.8,191,51,-1.9,8.3
2020-03-19 02:00:00,101185.24,1,-3.3,74.6,1.54,110,NA,101370,NA,NA,1010,NA,NA,474,NA,NA,NA,10,NA,NA,NA,1432.56,NA,NA,NA,NA,-1.36,NA,-3.36,90016.51,0,0,0,-4,0,0,1,NA,NA,NA,NA,NA,NA,NA,NA,"0.004",0.6,108,69,-1.7,9.4
2020-03-19 03:00:00,101219.11,1,-3.9,74.6,1.54,100,NA,101370,NA,NA,NA,NA,NA,504,NA,NA,NA,10,NA,NA,NA,1524,NA,NA,NA,NA,-1.36,NA,-3.06,90046.64,0,0,0,-4.5,0,0,1,NA,NA,NA,NA,NA,NA,NA,NA,"0.001",0.9,198,52,-2.5,9.5
2020-03-19 04:00:00,101219.11,0,-3.3,74.41,0,0,NA,101390,NA,NA,NA,NA,NA,503,654,NA,NA,10,NA,NA,NA,1524,NA,NA,NA,NA,-2.96,NA,-4.06,90046.64,0,0,0,-4.2,0,0,1,NA,NA,NA,NA,NA,NA,NA,NA,"0.005",1.2,235,52,-2.5,8.9
2020-03-19 05:00:00,101286.84,-2,-4.4,86.04,0,0,NA,101500,NA,NA,3013,NA,NA,1,NA,NA,NA,10,2.8,-2.8,NA,NA,NA,NA,NA,NA,-4.1,NA,-4.05,90106.89,0,0,0,-2.4,0,0,1,NA,NA,NA,NA,NA,NA,NA,NA,"0.004",0.7,225,76,-3.3,9.5
2020-03-19 06:00:00,101388.43,-2,-5,79.89,1.54,220,NA,101590,NA,NA,NA,NA,NA,553,803,NA,NA,10,NA,NA,NA,2438.4,NA,NA,NA,NA,-4.1,NA,-4.06,90197.27,0,0,0,-1.7,0,0,1,NA,NA,NA,NA,NA,NA,NA,NA,"0.001",0.7,203,62,-4,7.1
2020-03-19 07:00:00,101456.15,-2,-4.4,84.84,2.06,330,NA,101720,NA,NA,NA,NA,NA,803,NA,NA,NA,10,NA,NA,NA,2438.4,NA,NA,NA,NA,-4.86,NA,-5.04,90257.51,0,0,0,-2.6,0,0,0,NA,NA,NA,NA,NA,NA,NA,NA,"0.008",1.2,243,59,-2.3,5.6
2020-03-19 08:00:00,101557.75,0,-5.6,74.41,1.54,110,9.26,101760,NA,NA,2022,NA,NA,1,NA,NA,NA,10,NA,NA,NA,NA,NA,NA,NA,NA,-3.42,NA,-4.07,90347.9,0,0,0,-4.9,0,0,1,NA,NA,NA,NA,NA,NA,NA,NA,"0.04",3,74,28,1.7,8.4
2020-03-19 09:00:00,101625.47,3,-6.1,51.56,9.26,110,13.12,101860,NA,NA,NA,NA,NA,1,NA,NA,NA,10,NA,NA,NA,NA,NA,NA,NA,NA,-2.99,NA,-6.11,90408.14,0,0,0,-7.1,0,0,0,NA,NA,NA,NA,NA,NA,NA,NA,"0.043",5.8,84,18,3.1,5.7
2020-03-19 10:00:00,101693.2,3,-6.1,51.56,9.77,110,NA,101920,NA,NA,NA,NA,NA,1,NA,NA,NA,10,NA,NA,NA,NA,NA,NA,NA,NA,-2.68,NA,-6.11,90468.4,0,0,0,-5.4,0,0,0,NA,NA,NA,NA,NA,NA,NA,NA,"0.044",7.3,91,12,3.5,3.8
2020-03-19 11:00:00,101760.93,4,-6.1,48.05,9.77,110,12.86,101940,NA,NA,1016,NA,NA,1,NA,NA,NA,10,5,-2.8,NA,NA,NA,NA,NA,NA,-1.52,NA,-6.12,90528.65,0,0,0,-6.6,0,0,0,NA,NA,NA,NA,NA,NA,NA,NA,"0.045",8.8,95,13,4,5.7
2020-03-19 12:00:00,101794.79,6,-6.1,41.8,9.77,120,12.35,101940,NA,NA,NA,NA,NA,1,NA,NA,NA,10,NA,NA,NA,NA,NA,NA,NA,NA,0.97,NA,-6.13,90558.78,0,0,0,-5.9,0,0,0,NA,NA,NA,NA,NA,NA,NA,NA,"0.045",8.4,100,10,5.1,5.5
2020-03-19 13:00:00,101794.79,7,-6.1,36.66,10.29,120,12.605,101980,NA,NA,NA,NA,NA,1,NA,NA,NA,10,NA,NA,NA,NA,NA,NA,NA,NA,2.42,NA,-6.13,90558.78,0,0,0,-7.4,0,0,0,NA,NA,NA,NA,NA,NA,NA,NA,"0.045",5.4,88,18,6.8,6
2020-03-19 14:00:00,101794.79,8,-6.7,33.75,9.77,120,13.38,101960,NA,NA,4,NA,NA,1,NA,NA,NA,10,NA,NA,NA,NA,NA,NA,NA,NA,3.74,NA,-7.13,90558.78,0,0,0,-8.3,0,0,0,NA,NA,NA,NA,NA,NA,NA,NA,"0.046",4.9,84,19,7.4,4
2020-03-19 15:00:00,101794.79,9,-7.2,31.54,10.29,120,13.12,101950,NA,NA,NA,NA,NA,1,NA,NA,NA,10,NA,NA,NA,NA,NA,NA,NA,NA,4.72,NA,-7.13,90558.78,0,0,0,-10.3,0,0,0,NA,NA,NA,NA,NA,NA,NA,NA,"0.047",6.1,92,14,7.2,2.8
2020-03-19 16:00:00,101828.66,9,-7.8,29.19,9.77,120,12.35,102020,NA,NA,NA,NA,NA,1,NA,NA,NA,10,NA,NA,NA,NA,NA,NA,NA,NA,4.94,NA,-8.13,90588.91,0,0,0,-10.9,0,0,0,NA,NA,NA,NA,NA,NA,NA,NA,"0.046",6,97,10,6.6,5.5
2020-03-19 17:00:00,101862.52,8,-8.9,31.23,9.26,110,12.35,102090,NA,NA,3008,NA,NA,1,NA,NA,NA,10,9.4,5,NA,NA,NA,NA,NA,NA,4.01,NA,-8.14,90619.03,0,0,0,-10.7,0,0,0,NA,NA,NA,NA,NA,NA,NA,NA,"0.046",5.9,98,12,5.4,6.5
2020-03-19 18:00:00,101930.25,7,-8.9,33.13,9.77,110,13.38,102190,NA,NA,NA,NA,NA,1,NA,NA,NA,10,NA,NA,NA,NA,NA,NA,NA,NA,2.17,NA,-9.04,90679.28,0,0,0,-10.6,0,0,0,NA,NA,NA,NA,NA,NA,NA,NA,"0.046",7,99,12,3.6,5
2020-03-19 19:00:00,101997.98,5,-9.4,35.51,7.72,110,NA,102310,NA,NA,NA,NA,NA,1,NA,NA,NA,10,NA,NA,NA,NA,NA,NA,NA,NA,0.26,NA,-9.14,90739.54,0,0,0,-10.4,0,0,0,NA,NA,NA,NA,NA,NA,NA,NA,"0.045",5.9,88,18,2.2,1.8
2020-03-19 20:00:00,102099.57,3,-8.9,40.87,7.2,110,11.83,102370,NA,NA,3022,NA,NA,1,NA,NA,NA,10,NA,NA,NA,NA,NA,NA,NA,NA,-2.14,NA,-9.14,90829.91,0,0,0,-10.1,0,0,0,NA,NA,NA,NA,NA,NA,NA,NA,"0.045",5.9,88,21,1.2,-1.8
2020-03-19 21:00:00,102167.3,2,-9.4,43.88,7.72,110,NA,102430,NA,NA,NA,NA,NA,1,NA,NA,NA,10,NA,NA,NA,NA,NA,NA,NA,NA,-3.62,NA,-9.13,90890.17,0,0,0,-9.4,0,0,0,NA,NA,NA,NA,NA,NA,NA,NA,"0.044",6.2,85,22,0.4,-3.3
2020-03-19 22:00:00,102235.02,1,-9.4,47.14,7.2,110,NA,102480,NA,NA,NA,NA,NA,1,NA,NA,NA,10,NA,NA,NA,NA,NA,NA,NA,NA,-4.71,NA,-9.13,90950.41,0,0,0,-8.3,0,0,0,NA,NA,NA,NA,NA,NA,NA,NA,"0.044",5.5,89,23,-0.1,0
2020-03-19 23:00:00,102268.89,0,-9.4,49.11,6.17,120,NA,102480,NA,NA,1012,NA,NA,1,NA,NA,NA,10,7.8,0,NA,NA,NA,NA,NA,NA,-5,NA,-9.13,90980.54,0,0,0,-7.5,0,0,0,NA,NA,NA,NA,NA,NA,NA,NA,"0.043",2.9,82,31,-0.9,4.2
2020-03-20,102302.75,0,-9.4,50.68,5.66,110,NA,102510,NA,NA,NA,NA,NA,1,NA,NA,NA,10,NA,NA,NA,NA,NA,9.4,-2.8,NA,-5,NA,-9.12,91010.67,0,0,0,-8.2,0,0,0,NA,NA,NA,NA,NA,NA,NA,NA,"0.042",2.8,72,30,-1.7,4.4
2020-03-20 01:00:00,102336.62,-1,-9.4,54.52,3.09,100,NA,102560,NA,NA,NA,NA,NA,1,NA,NA,NA,10,NA,NA,NA,NA,NA,NA,NA,NA,-4.28,NA,-9.11,91040.8,0,0,0,-6.7,0,0,0,NA,NA,NA,NA,NA,NA,NA,NA,"0.042",2.5,57,33,-1.7,3.9
2020-03-20 02:00:00,102370.48,-2,-8.9,58.68,1.54,80,NA,102550,NA,NA,1009,NA,NA,1,NA,NA,NA,10,NA,NA,NA,2438.4,NA,NA,NA,NA,-5.6,NA,-9.1,91070.92,0,0,0,-4.4,0,0,1,NA,NA,NA,NA,NA,NA,NA,NA,"0.04",1.2,209,66,-2.1,5.1
2020-03-20 03:00:00,102370.48,-2,-8.9,58.68,2.06,30,NA,102560,NA,NA,NA,NA,NA,802,NA,NA,NA,10,NA,NA,NA,2438.4,NA,NA,NA,NA,-5.47,NA,-9.1,91070.92,0,0,0,-3.5,0,0,0,NA,NA,NA,NA,NA,NA,NA,NA,"0.035",1.2,233,61,-3,5.6
2020-03-20 04:00:00,102336.62,-2,-9.4,58.68,0,0,NA,102550,NA,NA,NA,NA,NA,753,NA,NA,NA,10,NA,NA,NA,2286,NA,NA,NA,NA,-5.25,NA,-9.1,91040.8,0,0,0,-3.3,0,0,1,NA,NA,NA,NA,NA,NA,NA,NA,"0.038",1.6,84,45,-3,4.4
2020-03-20 05:00:00,102370.48,-3,-9.4,63.2,2.06,20,NA,102620,NA,NA,3001,NA,NA,756,NA,NA,NA,10,0.6,-3.9,NA,2286,NA,NA,NA,NA,-6.03,NA,-9.09,91070.92,0,0,0,-3,0,0,0,NA,NA,NA,NA,NA,NA,NA,NA,"0.037",2.7,95,28,-3.5,5.1
2020-03-20 06:00:00,102370.48,-5,-9.4,73.45,0,0,NA,102670,NA,NA,NA,NA,NA,1,NA,NA,NA,10,NA,NA,NA,NA,NA,NA,NA,NA,-6.03,NA,-9.08,91070.92,0,0,0,-2,0,0,1,NA,NA,NA,NA,NA,NA,NA,NA,"0.035",2.9,103,33,-3.9,6.2
2020-03-20 07:00:00,102404.34,-6,-9.4,79.26,0,0,NA,102710,NA,NA,NA,NA,NA,1,NA,NA,NA,10,NA,NA,NA,NA,NA,NA,NA,NA,-8.67,NA,-9.05,91101.04,0,0,0,-1.1,0,0,1,NA,NA,NA,NA,NA,NA,NA,NA,"0.026",1.2,159,52,-3.8,6.8
2020-03-20 08:00:00,102404.34,-4,-7.8,68.11,0,0,NA,102730,NA,NA,3005,NA,NA,652,NA,NA,NA,10,NA,NA,NA,1981.2,NA,NA,NA,NA,-5.625,NA,-9.07,91101.04,0,0,0,-3.2,0,0,1,NA,NA,NA,NA,NA,NA,NA,NA,"0.031",1.1,230,59,-1.9,7.8
2020-03-20 09:00:00,102472.07,-1,-8.3,58.95,1.54,50,NA,102760,NA,NA,NA,NA,NA,702,NA,NA,NA,10,NA,NA,NA,1981.2,NA,NA,NA,NA,-5.21,NA,-8.1,91161.3,0,0,0,-3.7,0,0,1,NA,NA,NA,NA,NA,NA,NA,NA,"0.035",1.2,60,56,-0.3,7.4
2020-03-20 10:00:00,102472.07,-1,-8.3,58.95,0,0,NA,102730,NA,NA,NA,NA,NA,703,NA,NA,NA,10,NA,NA,NA,2133.6,NA,NA,NA,NA,-3.33,NA,-8.1,91161.3,0,0,0,-1.9,0,0,1,NA,NA,NA,NA,NA,NA,NA,NA,"0.037",1.2,3,65,1.4,7.4
2020-03-20 11:00:00,102404.34,1,-7.8,50.98,0,0,NA,102650,NA,NA,8004,NA,NA,1,NA,NA,NA,10,2.8,-6.1,NA,2133.6,NA,NA,NA,NA,-0.2,NA,-8.12,91101.04,0,0,0,-2.5,0,0,1,NA,NA,NA,NA,NA,NA,NA,NA,"0.039",1.2,69,70,3.5,11.2
2020-03-20 12:00:00,102336.62,4,-7.8,41.49,0,0,NA,102530,NA,NA,NA,NA,NA,1,NA,NA,NA,10,NA,NA,NA,NA,NA,NA,NA,NA,2.18,NA,-8.13,91040.8,0,0,0,-1.8,0,0,1,NA,NA,NA,NA,NA,NA,NA,NA,"0.039",1,75,68,5.9,14.9
2020-03-20 13:00:00,102268.89,6,-7.2,38.71,0,0,NA,102480,NA,NA,NA,NA,NA,1,NA,NA,NA,10,NA,NA,NA,NA,NA,NA,NA,NA,5.04,NA,-7.13,90980.54,0,0,0,-3.5,0,0,1,NA,NA,NA,NA,NA,NA,NA,NA,"0.042",1.2,51,63,7.7,10.5
2020-03-20 14:00:00,102167.3,8,-6.7,33.75,1.54,150,NA,102290,NA,NA,8026,NA,NA,1,NA,NA,NA,10,NA,NA,NA,NA,NA,NA,NA,NA,7.32,NA,-7.13,90890.17,0,0,0,-4.7,0,0,1,NA,NA,NA,NA,NA,NA,NA,NA,"0.044",1.4,139,67,9.7,7.4
2020-03-20 15:00:00,102031.84,10,-6.7,29.79,1.54,310,NA,102140,NA,NA,NA,NA,NA,1,NA,NA,NA,10,NA,NA,NA,NA,NA,NA,NA,NA,8.47,NA,-7.12,90769.66,0,0,0,-7.6,0,0,1,NA,NA,NA,NA,NA,NA,NA,NA,"0.048",1.2,11,63,11,6.9
2020-03-20 16:00:00,101896.38,12,-6.7,25.82,3.09,300,NA,102020,NA,NA,NA,NA,NA,1,NA,NA,NA,10,NA,NA,NA,NA,NA,NA,NA,NA,NA,NA,-7.12,90649.15,0,0,0,-9.4,0,0,0,NA,NA,NA,NA,NA,NA,NA,NA,"0.049",1.8,156,35,11.8,6.5
2020-03-20 17:00:00,101828.66,13,-6.7,24.18,3.09,230,NA,101980,NA,NA,6026,NA,NA,1,NA,NA,NA,10,13.3,2.8,NA,NA,NA,NA,NA,NA,NA,NA,-7.11,90588.91,0,0,0,-10.7,0,0,0,NA,NA,NA,NA,NA,NA,NA,NA,"0.048",1.7,210,26,10.5,6.5
2020-03-20 18:00:00,101828.66,11,-6.1,29.79,4.12,190,NA,102030,NA,NA,NA,NA,NA,1,NA,NA,NA,10,NA,NA,NA,NA,NA,NA,NA,NA,NA,NA,-6.12,90588.91,0,0,0,-8.9,0,0,0,NA,NA,NA,NA,NA,NA,NA,NA,"0.044",2.1,228,19,9.3,3.5
2020-03-20 19:00:00,101862.52,9,-5.6,34.05,4.12,170,NA,102080,NA,NA,NA,NA,NA,902,NA,NA,NA,10,NA,NA,NA,2743.2,NA,NA,NA,NA,6.89,NA,-6.13,90619.03,0,0,0,-7.8,0,0,0,NA,NA,NA,NA,NA,NA,NA,NA,"0.041",1.6,260,30,8.3,3.1
2020-03-20 20:00:00,101896.38,8.3,-5,36.44,1.54,70,NA,102100,NA,NA,3008,NA,NA,904,NA,NA,NA,10,NA,NA,NA,2743.2,NA,NA,NA,NA,7.32,NA,-6.13,90649.15,0,0,0,-8.8,0,0,1,NA,NA,NA,NA,NA,NA,NA,NA,"0.042",1.2,223,46,8.3,3.5
2020-03-20 21:00:00,101930.25,7,-5.6,39.32,2.06,310,NA,102190,NA,NA,NA,NA,NA,854,NA,NA,NA,10,NA,NA,NA,2590.8,NA,NA,NA,NA,5.22,NA,-5.13,90679.28,0,0,0,-7.4,0,0,0,NA,NA,NA,NA,NA,NA,NA,NA,"0.027",1.2,75,27,4.9,6.5
2020-03-20 22:00:00,101997.98,5,-5.6,44.8,2.06,330,NA,102240,NA,NA,NA,NA,NA,1,NA,NA,NA,10,NA,NA,NA,2438.4,NA,NA,NA,NA,4.03,NA,-6.13,90739.54,0,0,0,-5.3,0,0,0,NA,NA,NA,NA,NA,NA,NA,NA,"0.028",1.2,66,26,2.6,9.6
2020-03-20 23:00:00,102031.84,3,-6.1,47.75,0,0,NA,102240,NA,NA,1012,NA,NA,1,NA,NA,NA,10,12.2,2.8,NA,NA,NA,NA,NA,NA,1.875,NA,-7.12,90769.66,0,0,0,-3.8,0,0,1,NA,NA,NA,NA,NA,NA,NA,NA,"0.022",0.8,85,39,1.4,6.9
2020-03-21,102031.84,2,-6.7,55.08,0,0,NA,102250,NA,NA,NA,NA,NA,1,NA,NA,NA,10,NA,NA,NA,NA,NA,13.3,-6.1,NA,0.47,NA,-7.11,90769.66,0,0,0,-3.4,0,0,1,NA,NA,NA,NA,NA,NA,NA,NA,"0.015",0.6,119,54,-0.4,3
2020-03-21 01:00:00,102031.84,1,-6.1,59.48,0,0,NA,102250,NA,NA,NA,NA,NA,702,NA,NA,NA,10,NA,NA,NA,2133.6,NA,NA,NA,NA,NA,NA,-6.1,90769.66,0,0,0,-2.8,0,0,1,NA,NA,NA,NA,NA,NA,NA,NA,"0.007",0.6,112,50,-0.9,1.9
2020-03-21 02:00:00,102031.84,1,-5.6,59.48,0,0,NA,102210,NA,NA,3002,NA,NA,703,NA,NA,NA,10,NA,NA,NA,2133.6,NA,NA,NA,NA,NA,NA,-6.1,90769.66,0,0,0,-2.9,0,0,1,NA,NA,NA,NA,NA,NA,NA,NA,"0.003",0.6,215,66,-1.3,6.7
2020-03-21 03:00:00,102065.7,0,-5.6,63.94,0,0,NA,102180,NA,NA,NA,NA,NA,704,NA,NA,NA,10,NA,NA,NA,2133.6,NA,NA,NA,NA,-0.68,NA,-6.09,90799.78,0,0,0,-1.9,0,0,1,NA,NA,NA,NA,NA,NA,NA,NA,"0.008",0.6,109,60,-0.9,7.3
2020-03-21 04:00:00,102031.84,-1,-5,68.78,1.54,110,NA,102150,NA,NA,NA,NA,NA,752,NA,NA,NA,10,NA,NA,NA,2286,NA,NA,NA,NA,-1.82,NA,-6.08,90769.66,0,0,0,-1.5,0,0,1,NA,NA,NA,NA,NA,NA,NA,NA,"0.003",0.5,140,68,-2.2,7.1
2020-03-21 05:00:00,102031.84,-2,-6.1,73.84,0,0,NA,102190,NA,NA,5002,NA,NA,1,NA,NA,NA,10,2.8,-3.3,NA,NA,NA,NA,NA,NA,-2.965,NA,-6.07,90769.66,0,0,0,-0.6,0,0,1,NA,NA,NA,NA,NA,NA,NA,NA,"0",0.5,132,68,-3.2,12.2
2020-03-21 06:00:00,102065.7,-2,-5.6,74.03,0,0,NA,102230,NA,NA,NA,NA,NA,1,NA,NA,NA,10,NA,NA,NA,NA,NA,NA,NA,NA,-4.1,NA,-6.07,90799.78,0,0,0,-1.4,0,0,1,NA,NA,NA,NA,NA,NA,NA,NA,"0.001",0.5,117,58,-3.6,13.6
2020-03-21 07:00:00,102065.7,-3,-6.1,79.58,0,0,NA,102290,NA,NA,NA,NA,NA,1,NA,NA,NA,10,NA,NA,NA,NA,NA,NA,NA,NA,-3.53,NA,-6.15,90799.78,0,0,0,-0.9,0,0,1,NA,NA,NA,NA,NA,NA,NA,NA,"0.01",0.7,53,71,-2.1,11.1
2020-03-21 08:00:00,102099.57,-2,-4.4,79.74,0,0,NA,102290,NA,NA,2006,NA,NA,1,NA,NA,NA,10,NA,NA,NA,NA,NA,NA,NA,NA,NA,NA,-6.05,90829.91,0,0,0,-1.5,0,0,1,NA,NA,NA,NA,NA,NA,NA,NA,"0.018",0.5,156,62,1.3,10
2020-03-21 09:00:00,102099.57,1,-3.9,69.22,0,0,NA,102240,NA,NA,NA,NA,NA,1,NA,NA,NA,10,NA,NA,NA,NA,NA,NA,NA,NA,NA,NA,-4.07,90829.91,0,0,0,-3.8,0,0,1,NA,NA,NA,NA,NA,NA,NA,NA,"0.028",0.7,41,66,4.2,11
2020-03-21 10:00:00,102065.7,4,-4.4,55.91,2.06,150,NA,102210,NA,NA,NA,NA,NA,1,NA,NA,NA,10,NA,NA,NA,NA,NA,NA,NA,NA,2.44,NA,-4.1,90799.78,0,0,0,-5.9,0,0,0,NA,NA,NA,NA,NA,NA,NA,NA,"0.031",1,44,61,6.8,17
2020-03-21 11:00:00,101997.98,7,-3.3,48.64,1.54,150,NA,102090,NA,NA,8014,NA,NA,1,NA,NA,NA,10,7.8,-3.9,NA,NA,NA,NA,NA,NA,5.04,NA,-4.11,90739.54,0,0,0,-7,0,0,1,NA,NA,NA,NA,NA,NA,NA,NA,"0.039",1.4,35,64,9.1,10.3
2020-03-21 12:00:00,101862.52,9,-3.3,41.17,1.54,160,NA,101970,NA,NA,NA,NA,NA,1,NA,NA,NA,10,NA,NA,NA,NA,NA,NA,NA,NA,7.98,NA,-3.12,90619.03,0,0,0,-8.2,0,0,1,NA,NA,NA,NA,NA,NA,NA,NA,"0.043",0.8,302,67,9.5,9.8
2020-03-21 13:00:00,101794.79,9,-3.9,39.63,2.06,190,NA,101890,NA,NA,NA,NA,NA,902,NA,NA,NA,10,NA,NA,NA,NA,NA,NA,NA,NA,7.98,NA,-4.12,90558.78,0,0,0,-8.6,0,0,0,NA,NA,NA,NA,NA,NA,NA,NA,"0.048",1.1,121,45,11.1,8.6
2020-03-21 14:00:00,101693.2,11,-5,34.67,2.06,170,NA,101770,NA,NA,6027,NA,NA,902,903.5,NA,NA,10,NA,NA,NA,2743.2,NA,NA,NA,NA,9.14,NA,-4.12,90468.4,0,0,0,-8.4,0,0,0,NA,NA,NA,NA,NA,NA,NA,NA,"0.051",1.2,359,46,11.5,4.5
2020-03-21 15:00:00,101591.61,12,-6.1,27.88,2.83,310,NA,101670,NA,NA,NA,NA,NA,904,NA,NA,NA,10,NA,NA,NA,2743.2,NA,NA,NA,NA,NA,NA,-6.12,90378.02,0,0,0,-6.6,0,0,0,NA,NA,NA,NA,NA,NA,NA,NA,"0.051",2,309,36,11.7,3.6
2020-03-21 16:00:00,101523.88,12,-6.7,26.08,5.66,280,NA,101620,NA,NA,NA,NA,NA,904,NA,NA,NA,10,NA,NA,NA,2743.2,NA,NA,NA,NA,NA,NA,-6.82,90317.77,0,0,0,-8.7,0,0,0,NA,NA,NA,NA,NA,NA,NA,NA,"0.05",2.9,256,30,12.1,3.8
2020-03-21 17:00:00,101456.15,12,-7.2,25.82,5.14,270,7.975,101590,NA,NA,6019,NA,NA,904,954,NA,NA,10,13.9,7.8,NA,2743.2,NA,NA,NA,NA,NA,NA,-7.12,90257.51,0,0,0,-9.3,0,0,0,NA,NA,NA,NA,NA,NA,NA,NA,"0.049",2.8,221,23,11.2,2.6
2020-03-21 18:00:00,101422.29,12,-7.2,24.18,5.14,240,7.72,101540,NA,NA,NA,NA,NA,904,NA,NA,NA,10,NA,NA,NA,2743.2,NA,NA,NA,NA,NA,NA,-7.12,90227.39,0,0,0,-9.3,0,0,0,NA,NA,NA,NA,NA,NA,NA,NA,"0.047",1.7,235,22,10,5.7
2020-03-21 19:00:00,101422.29,11,-6.7,25.53,5.14,240,NA,101620,NA,NA,NA,NA,NA,904,NA,NA,NA,10,NA,NA,NA,2743.2,NA,NA,NA,NA,7.54,NA,-8.13,90227.39,0,0,0,-10.5,0,0,0,NA,NA,NA,NA,NA,NA,NA,NA,"0.046",1.4,220,23,8.4,6.2
2020-03-21 20:00:00,101456.15,9,-6.7,31.54,2.57,270,NA,101640,NA,NA,3003,NA,NA,904,NA,NA,NA,10,NA,NA,NA,2743.2,NA,NA,NA,NA,6.97,NA,-7.13,90257.51,0,0,0,-8.9,0,0,0,NA,NA,NA,NA,NA,NA,NA,NA,"0.047",1,203,34,8.2,6
2020-03-21 21:00:00,101490.02,8,-5.6,36.44,3.09,330,NA,101630,NA,NA,NA,NA,NA,954,NA,NA,NA,10,NA,NA,NA,2895.6,NA,NA,NA,NA,6.05,NA,-6.13,90287.65,0,0,0,-8.5,0,0,0,NA,NA,NA,NA,NA,NA,NA,NA,"0.048",1.3,247,41,8.1,5.7
2020-03-21 22:00:00,101523.88,8,-5,36.44,3.6,310,10.8,101660,NA,954,NA,NA,NA,954,954,NA,NA,10,NA,NA,NA,2895.6,NA,NA,NA,NA,5.75,NA,-6.13,90317.77,0,0,0,-8.9,0,0,0,NA,NA,NA,NA,NA,NA,NA,NA,"0.046",1.1,343,37,7.6,4
2020-03-21 23:00:00,101557.75,8,-4.4,42.41,2.57,310,NA,101620,NA,1004,6,NA,NA,702,828,NA,NA,10,12.8,7.2,13.89,2590.8,NA,NA,NA,280,5.62,NA,-4.12,90347.9,0,0,0,-9.5,0,0,0,NA,NA,NA,NA,NA,NA,NA,NA,"0.04",1.1,219,43,5.8,4.5
2020-03-22,101523.88,6,-5.6,45.4,2.57,260,NA,101580,NA,NA,NA,NA,NA,952,NA,NA,NA,10,NA,NA,NA,2895.6,NA,13.9,-3.9,NA,4.03,NA,-5.12,90317.77,0,0,0,-7.9,0,0,0,NA,NA,NA,NA,NA,NA,NA,NA,"0.043",2.2,334,50,5.3,5.7
2020-03-22 01:00:00,101591.61,6,0,60.77,8.75,280,15.175,101720,13,904,NA,0.025,NA,442,603,NA,NA,10,NA,NA,18.01,2133.6,NA,NA,NA,280,1.91,NA,-1.09,90378.02,0,0,0,-8.1,0,0,0,NA,NA,NA,NA,NA,NA,NA,NA,"0.046",2.7,6,39,3.7,6.2
2020-03-22 02:00:00,101625.47,4,0.6,80.78,2.57,310,NA,101710,13,904,3008,0.025,0.025,456,653,NA,NA,10,NA,NA,13.38,1828.8,NA,NA,NA,320,0.88,NA,0.96,90408.14,0,0,0,-6.9,0,0,0,NA,NA,NA,NA,NA,NA,NA,NA,"0.042",1.2,173,42,3,7.7
2020-03-22 03:00:00,101625.47,3,-0.6,80.63,2.06,330,NA,101710,NA,978,NA,NA,NA,603,754,NA,NA,10,NA,NA,NA,1981.2,NA,NA,NA,NA,0.97,NA,-0.05,90408.14,0,0,0,-6.7,0,0,0,NA,NA,NA,NA,NA,NA,NA,NA,"0.034",0.8,180,54,1.1,7.4
2020-03-22 04:00:00,101625.47,2,-1.1,80.49,1.54,180,NA,101740,NA,953,NA,NA,NA,602,753,NA,NA,10,NA,NA,NA,2133.6,NA,NA,NA,NA,0.135,NA,-1.05,90408.14,0,0,0,-5.2,0,0,1,NA,NA,NA,NA,NA,NA,NA,NA,"0.024",0.9,179,60,-0.9,3.5
2020-03-22 05:00:00,101659.34,0,-1.7,92.91,0,0,NA,101790,NA,NA,3003,NA,NA,1,NA,0.025,NA,10,7.2,-0.6,NA,NA,NA,NA,NA,NA,-2.96,NA,-2.02,90438.28,0,0,0,-3.5,0,0,1,NA,NA,NA,NA,NA,NA,NA,NA,"0.019",0.7,124,64,-1.9,-0.4
2020-03-22 06:00:00,101693.2,-2,-3.9,86.37,0,0,NA,101860,NA,NA,NA,NA,NA,1,NA,NA,NA,10,NA,NA,NA,NA,NA,NA,NA,NA,-4.86,NA,-3.03,90468.4,0,0,0,-1.9,0,0,1,NA,NA,NA,NA,NA,NA,NA,NA,"0.007",0.6,150,74,-2.7,-1.9
2020-03-22 07:00:00,101727.07,-2,-3.9,86.15,1.54,30,NA,101920,NA,NA,NA,NA,NA,1,NA,NA,NA,10,NA,NA,NA,NA,NA,NA,NA,NA,-4.1,NA,-4.03,90498.53,0,0,0,-3.2,0,0,1,NA,NA,NA,NA,NA,NA,NA,NA,"0.009",0.6,183,60,-1.2,0.7
2020-03-22 08:00:00,101760.93,-1,-1.7,86.26,0,0,NA,101960,NA,NA,3012,NA,NA,1,NA,NA,NA,10,NA,NA,NA,NA,NA,NA,NA,NA,-2.39,NA,-3.03,90528.65,0,0,0,-4.7,0,0,1,NA,NA,NA,NA,NA,NA,NA,NA,"0.027",0.7,48,57,2.4,18.5
2020-03-22 09:00:00,101794.79,2,-1.1,80.49,0,0,NA,101930,NA,NA,NA,NA,NA,1,NA,NA,NA,10,NA,NA,NA,NA,NA,NA,NA,NA,0.47,NA,-1.05,90558.78,0,0,0,-6.8,0,0,1,NA,NA,NA,NA,NA,NA,NA,NA,"0.036",0.8,24,55,4.6,7.7
2020-03-22 10:00:00,101760.93,4,-1.1,69.85,0,0,NA,101860,NA,NA,NA,NA,NA,1,NA,NA,NA,10,NA,NA,NA,NA,NA,NA,NA,NA,1.61,NA,-1.07,90528.65,0,0,0,-7.6,0,0,1,NA,NA,NA,NA,NA,NA,NA,NA,"0.044",1,50,59,7.1,7.4
2020-03-22 11:00:00,101727.07,7,-7.8,48.93,1.54,10,NA,101780,NA,NA,8009,NA,NA,1,NA,NA,NA,10,8.9,-2.8,NA,NA,NA,NA,NA,NA,6.18,NA,-3.11,90498.53,0,0,0,-8.8,0,0,1,NA,NA,NA,NA,NA,NA,NA,NA,"0.048",1.7,352,57,8.5,7.2
2020-03-22 12:00:00,101659.34,9,-9.4,26.99,2.06,295,NA,101710,NA,NA,NA,NA,NA,1,NA,NA,NA,10,NA,NA,NA,NA,NA,NA,NA,NA,7.59,NA,-9.14,90438.28,0,0,0,-8.7,0,0,0,NA,NA,NA,NA,NA,NA,NA,NA,"0.051",2.1,19,43,9.7,8.6
2020-03-22 13:00:00,101591.61,11,-11.1,23.61,2.57,50,NA,101630,NA,NA,NA,NA,NA,1,NA,NA,NA,10,NA,NA,NA,NA,NA,NA,NA,NA,9.035,NA,-9.13,90378.02,0,0,0,-9.4,0,0,0,NA,NA,NA,NA,NA,NA,NA,NA,"0.054",1.7,50,57,11.1,6.2
2020-03-22 14:00:00,101490.02,12,-11.7,17.41,2.83,290,NA,101510,NA,NA,8024,NA,NA,1,NA,NA,NA,10,NA,NA,NA,NA,NA,NA,NA,NA,NA,NA,-12.1,90287.65,0,0,0,-9.4,0,0,0,NA,NA,NA,NA,NA,NA,NA,NA,"0.055",2.6,236,50,12.3,3.3
2020-03-22 15:00:00,101388.43,13,-13.3,15.04,2.57,250,8.49,101420,NA,NA,NA,NA,NA,1,NA,NA,NA,10,NA,NA,NA,NA,NA,NA,NA,NA,NA,NA,-13.08,90197.27,0,0,0,-9.8,0,0,0,NA,NA,NA,NA,NA,NA,NA,NA,"0.056",3.1,297,27,13,2.3
2020-03-22 16:00:00,101320.7,13,-13.9,14.09,4.885,285,8.75,101390,NA,NA,NA,NA,NA,1,NA,NA,NA,10,NA,NA,NA,NA,NA,NA,NA,NA,NA,NA,-13.08,90137.02,0,0,0,-9.8,0,0,0,NA,NA,NA,NA,NA,NA,NA,NA,"0.056",3,290,30,13.1,5.3
2020-03-22 17:00:00,101286.84,13,-14.4,13.86,6.69,300,NA,101380,NA,NA,6014,NA,NA,1,NA,NA,NA,10,13.9,8.3,NA,NA,NA,NA,NA,NA,NA,NA,-14.07,90106.89,0,0,0,-10.4,0,0,0,NA,NA,NA,NA,NA,NA,NA,NA,"0.055",2.6,304,26,12.1,5.5
2020-03-22 18:00:00,101286.84,12,-16.1,12.76,6.17,270,9.26,101400,NA,NA,NA,NA,NA,1,NA,NA,NA,10,NA,NA,NA,NA,NA,NA,NA,NA,NA,NA,-15.08,90106.89,0,0,0,-9.7,0,0,0,NA,NA,NA,NA,NA,NA,NA,NA,"0.052",1,313,44,10.5,1.8
2020-03-22 19:00:00,101252.97,10,-15,15.56,4.63,270,NA,101420,NA,NA,NA,NA,NA,1,NA,NA,NA,10,NA,NA,NA,NA,NA,NA,NA,NA,6.49,NA,-15.11,90076.76,0,0,0,-9,0,0,0,NA,NA,NA,NA,NA,NA,NA,NA,"0.04",1.1,97,33,6.9,6.2
2020-03-22 20:00:00,101286.84,7,-12.8,19.07,2.57,310,NA,101470,NA,NA,5000,NA,NA,1,NA,NA,NA,10,NA,NA,NA,NA,NA,NA,NA,NA,5.22,NA,-15.13,90106.89,0,0,0,-8,0,0,0,NA,NA,NA,NA,NA,NA,NA,NA,"0.036",1.4,80,49,5.5,8.6
2020-03-22 21:00:00,101286.84,5,-11.7,27.97,1.54,10,NA,101420,NA,NA,NA,NA,NA,1,NA,NA,NA,10,NA,NA,NA,NA,NA,NA,NA,NA,3.9,NA,-12.15,90106.89,0,0,0,-6.2,0,0,1,NA,NA,NA,NA,NA,NA,NA,NA,"0.034",0.8,76,78,4.3,16.8
2020-03-22 22:00:00,101252.97,3.9,-10.6,34.88,0,0,NA,101370,NA,NA,NA,NA,NA,1,NA,NA,NA,10,NA,NA,NA,NA,NA,NA,NA,NA,2.14,NA,-10.75,90076.76,0,0,0,-5.3,0,0,1,NA,NA,NA,NA,NA,NA,NA,NA,"0.034",0.9,86,70,3.1,0.3
2020-03-22 23:00:00,101219.11,4,-10.6,34.88,1.54,30,NA,101310,NA,NA,8009,NA,NA,1,NA,NA,NA,10,13.3,2.2,NA,NA,NA,NA,NA,NA,1.61,NA,-11.15,90046.64,0,0,0,-5.1,0,0,1,NA,NA,NA,NA,NA,NA,NA,NA,"0.02",0.7,155,64,1.3,4
2020-03-23,101151.38,2,-10,40.55,0,0,NA,101270,NA,NA,NA,NA,NA,1,NA,NA,NA,10,NA,NA,NA,NA,NA,13.9,-2.8,NA,0.47,NA,-10.14,89986.38,0,0,0,-3.7,0,0,1,NA,NA,NA,NA,NA,NA,NA,NA,"0.016",0.7,131,60,0,8.4
2020-03-23 01:00:00,101117.52,1,-10,43.57,0,0,NA,101240,NA,NA,NA,NA,NA,1,NA,NA,NA,10,NA,NA,NA,NA,NA,NA,NA,NA,-1.605,NA,-10.14,89956.26,0,0,0,-2.3,0,0,1,NA,NA,NA,NA,NA,NA,NA,NA,"0.016",0.7,167,70,-0.4,8.6
2020-03-23 02:00:00,101083.65,0,-8.9,50.68,0,0,NA,101160,NA,NA,7012,NA,NA,1,NA,NA,NA,10,NA,NA,NA,NA,NA,NA,NA,NA,NA,NA,-9.12,89926.13,0,0,0,-1.5,0,0,1,NA,NA,NA,NA,NA,NA,NA,NA,"0.018",0.7,99,62,-0.6,5.1
2020-03-23 03:00:00,101015.92,0,-7.8,54.8,0,0,NA,101090,NA,NA,NA,NA,NA,1,NA,NA,NA,10,NA,NA,NA,NA,NA,NA,NA,NA,-1.25,NA,-8.11,89865.88,0,0,0,-1,0,0,1,NA,NA,NA,NA,NA,NA,NA,NA,"0.015",0.7,200,78,-0.7,3
2020-03-23 04:00:00,100914.33,-1,-7.8,58.95,0,0,NA,100940,NA,NA,NA,NA,NA,1,NA,NA,NA,10,NA,NA,NA,NA,NA,NA,NA,NA,-2.96,NA,-8.1,89775.5,0,0,0,0,0,1,1,NA,NA,NA,NA,NA,1,2020-03-23 04:00:00,2020-03-23 04:00:00,"0.011",0.8,148,65,-0.6,5.6
2020-03-23 05:00:00,100846.6,-1,-7.2,63.7,0,0,NA,100900,NA,NA,6021,NA,NA,1,NA,NA,NA,10,3.9,-1.7,NA,NA,NA,NA,NA,NA,-2.96,NA,-7.09,89715.25,0,0,0,-0.1,0,0,1,NA,NA,NA,NA,NA,NA,NA,NA,"0.005",0.6,191,58,-1,6.9
2020-03-23 06:00:00,100812.74,-1,-7.8,59.21,0,0,NA,100910,NA,NA,NA,NA,NA,1,NA,NA,NA,10,NA,NA,NA,NA,NA,NA,NA,NA,-2.96,NA,-7.9,89685.12,0,0,0,0.1,0,1,1,NA,NA,NA,NA,NA,3,2020-03-23 06:00:00,2020-03-23 08:00:00,"0.001",0.8,187,60,-1.3,6.3
2020-03-23 07:00:00,100778.88,-1,-7.2,63.7,0,0,NA,100920,NA,NA,NA,NA,NA,1,NA,NA,NA,10,NA,NA,NA,NA,NA,NA,NA,NA,-3.91,NA,-7.09,89655,0,0,0,0,0,1,1,NA,NA,NA,NA,NA,3,2020-03-23 06:00:00,2020-03-23 08:00:00,"0.003",0.7,197,53,-0.6,8.4
2020-03-23 08:00:00,100745.01,-1,-5.6,63.94,0,0,NA,100890,NA,NA,8010,NA,NA,1,NA,NA,NA,10,NA,NA,NA,NA,NA,NA,NA,NA,-2.96,NA,-7.08,89624.87,0,0,0,0.1,0,1,1,NA,NA,NA,NA,NA,3,2020-03-23 06:00:00,2020-03-23 08:00:00,"0.009",0.8,219,56,1.1,10.2
2020-03-23 09:00:00,100711.15,1,-5.6,59.48,0,0,NA,100850,NA,NA,NA,NA,NA,1,NA,NA,NA,10,NA,NA,NA,3352.8,NA,NA,NA,NA,-1.25,NA,-6.09,89594.75,0,0,0,-1.3,0,0,1,NA,NA,NA,NA,NA,NA,NA,NA,"0.024",0.8,61,76,4.4,11.2
2020-03-23 10:00:00,100677.29,6,-6.7,38.71,2.57,130,NA,100780,NA,NA,NA,NA,NA,1003,1103,NA,NA,10,NA,NA,NA,3352.8,NA,NA,NA,NA,4.03,NA,-6.83,89564.62,0,0,0,-4.1,0,0,0,NA,NA,NA,NA,NA,NA,NA,NA,"0.034",1,288,55,6.9,11
2020-03-23 11:00:00,100609.56,8,-6.1,33.75,2.06,140,NA,100670,NA,NA,8013,NA,NA,1,1002.5,NA,NA,10,9.4,-1.7,NA,3048,NA,NA,NA,NA,7.065,NA,-7.13,89504.37,0,0,0,-6.7,0,0,0,NA,NA,NA,NA,NA,NA,NA,NA,"0.04",1.4,314,69,9.8,8.3
2020-03-23 12:00:00,100541.83,10,-5,31.84,2.06,160,NA,100650,NA,NA,NA,NA,NA,653,803,NA,NA,10,NA,NA,NA,2286,NA,NA,NA,NA,9.14,NA,-6.12,89444.12,0,0,0,-7,0,0,0,NA,NA,NA,NA,NA,NA,NA,NA,"0.047",3.4,253,21,10.9,3.8
2020-03-23 13:00:00,100507.97,12,-3.3,34.67,2.06,210,NA,100590,NA,NA,NA,NA,NA,652,1106,NA,NA,10,NA,NA,NA,NA,NA,NA,NA,NA,NA,NA,-4.12,89413.99,0,0,0,-9.7,0,0,0,NA,NA,NA,NA,NA,NA,NA,NA,"0.048",3.6,250,24,12.1,0.9
2020-03-23 14:00:00,100440.24,12.2,-3.9,32.75,4.12,200,9.775,100470,NA,NA,8017,NA,NA,706,902,NA,NA,10,NA,NA,NA,NA,NA,NA,NA,NA,NA,NA,-3.11,89353.74,0,0,0,-9.3,0,0,0,NA,NA,NA,NA,NA,NA,NA,NA,"0.048",3.8,212,34,12.6,1.8
2020-03-23 15:00:00,100372.51,13,-1.1,32.75,5.915,230,11.06,100490,NA,903,NA,NA,NA,702,853,NA,NA,10,NA,NA,NA,2514.6,NA,NA,NA,NA,NA,NA,-3.11,89293.49,0,0,0,-10.5,0,0,0,NA,NA,NA,NA,NA,NA,NA,NA,"0.046",3.7,261,26,10.9,2.3
2020-03-23 16:00:00,100406.37,11,-1.1,43.31,7.2,270,NA,100560,NA,979,NA,NA,NA,703,804,NA,NA,10,NA,NA,14.4,2133.6,NA,NA,NA,300,7.19,NA,-1.11,89323.61,0,0,0,-9.4,0,0,0,NA,NA,NA,NA,NA,NA,NA,NA,"0.044",3.1,259,25,6.7,1.8
2020-03-23 17:00:00,100575.69,8,1.1,61.27,6.69,240,NA,100740,13,654,3019,0.025,NA,413,504,0.025,NA,10,13.9,6.7,NA,1341.12,NA,NA,NA,NA,4.25,NA,0.92,89474.24,0,0,0,-8,0,0,0,NA,NA,NA,NA,NA,NA,NA,NA,"0.044",2.2,201,31,6.7,3.5
2020-03-23 18:00:00,100575.69,7,-0.6,65.6,3.6,190,NA,100730,NA,704,NA,NA,NA,754,704,NA,NA,10,NA,NA,NA,2286,NA,NA,NA,NA,4.54,NA,0.93,89474.24,0,0,0,-9.1,0,0,0,NA,NA,NA,NA,NA,NA,NA,NA,"0.044",3.3,228,14,6.3,5.5
2020-03-23 19:00:00,100575.69,7,-1.1,56.72,4.63,210,NA,100790,NA,NA,NA,NA,NA,603,754,NA,NA,10,NA,NA,NA,2286,NA,NA,NA,NA,4,NA,-1.09,89474.24,0,0,0,-9.1,0,0,0,NA,NA,NA,NA,NA,NA,NA,NA,"0.044",2.9,217,21,5.6,5.7
2020-03-23 20:00:00,100643.42,6,-0.6,60.77,3.09,150,NA,100890,NA,704,3011,NA,NA,554,704,NA,NA,10,NA,NA,NA,1828.8,NA,NA,NA,NA,3.64,NA,-1.09,89534.49,0,0,0,-8.4,0,0,0,NA,NA,NA,NA,NA,NA,NA,NA,"0.042",2.1,245,46,4.2,5
2020-03-23 21:00:00,100846.6,4,-0.3,69.94,6.17,270,13.38,101010,13,604,NA,0.025,NA,296,492,NA,NA,10,NA,NA,16.46,1249.68,0,NA,NA,290,-0.23,NA,-0.08,89715.25,0,0,0,-6.5,0,0,0,NA,NA,NA,NA,NA,NA,NA,NA,"0.043",1.9,233,39,4.2,4
2020-03-23 22:00:00,100880.47,5,-3.9,56.73,2.57,150,NA,101050,NA,NA,NA,NA,NA,854,904,NA,NA,10,NA,NA,NA,2590.8,NA,NA,NA,NA,2.14,NA,-3.1,89745.38,0,0,0,-8.9,0,0,0,NA,NA,NA,NA,NA,NA,NA,NA,"0.045",1.5,231,37,4.3,2.1
2020-03-23 23:00:00,100982.06,4,-4.4,60,3.09,200,NA,101100,NA,1103,1025,NA,NA,603,1004,0.025,NA,10,7.8,2.8,NA,2895.6,NA,NA,NA,NA,0.88,NA,-4.1,89835.75,0,0,0,-8.2,0,0,0,NA,NA,NA,NA,NA,NA,NA,NA,"0.041",1.1,204,33,3.2,3.8
2020-03-24,101015.92,3,-4.4,60,0,0,NA,101150,NA,NA,NA,NA,NA,753,1103,NA,NA,10,NA,NA,NA,2362.2,NA,13.9,-1.7,NA,1.61,NA,-4.1,89865.88,0,0,0,-7.6,0,0,1,NA,NA,NA,NA,NA,NA,NA,NA,"0.037",1.1,259,41,2.4,5.2
2020-03-24 01:00:00,101083.65,3,-4.4,60,1.54,190,NA,101160,NA,754,NA,NA,NA,604,729,NA,NA,10,NA,NA,NA,1828.8,NA,NA,NA,NA,0.47,NA,-4.1,89926.13,0,0,0,-8.3,0,0,1,NA,NA,NA,NA,NA,NA,NA,NA,"0.027",0.9,184,62,-0.1,2.6
2020-03-24 02:00:00,101117.52,1,-3.3,69.22,2.06,80,NA,101220,NA,NA,1013,NA,NA,603,729.5,NA,NA,10,NA,NA,NA,1828.8,NA,NA,NA,NA,-1.36,NA,-4.07,89956.26,0,0,0,-6.1,0,0,0,NA,NA,NA,NA,NA,NA,NA,NA,"0.018",0.8,131,65,-1.4,1.5
2020-03-24 03:00:00,101151.38,1,-3.9,69.43,0,0,NA,101260,NA,1202.5,NA,NA,NA,553,1202,NA,NA,10,NA,NA,NA,1828.8,NA,NA,NA,NA,-2.735,NA,-4.06,89986.38,0,0,0,-6.1,0,0,1,NA,NA,NA,NA,NA,NA,NA,NA,"0.012",0.9,122,61,-1.6,1.7
2020-03-24 04:00:00,101151.38,1,-3.9,74.6,1.54,70,NA,101290,NA,NA,NA,NA,NA,553,603,NA,NA,10,NA,NA,NA,1676.4,NA,NA,NA,NA,-1.36,NA,-3.06,89986.38,0,0,0,-6.1,0,0,1,NA,NA,NA,NA,NA,NA,NA,NA,"0.01",0.8,187,57,-0.8,3.9
2020-03-24 05:00:00,101185.24,-1,-6.1,74.03,1.54,20,NA,101420,NA,NA,3007,NA,NA,956,954,NA,NA,10,3.9,-2.2,NA,NA,NA,NA,NA,NA,-2.96,NA,-6.07,90016.51,0,0,0,-5.4,0,0,1,NA,NA,NA,NA,NA,NA,NA,NA,"0.008",0.6,138,60,-1,3.7
2020-03-24 06:00:00,101219.11,-1,-6.7,68.78,1.54,30,NA,101400,NA,NA,NA,NA,NA,553,1103,NA,NA,10,NA,NA,NA,3352.8,NA,NA,NA,NA,-2.96,NA,-6.08,90046.64,0,0,0,-5.7,0,0,1,NA,NA,NA,NA,NA,NA,NA,NA,"0.002",0.9,174,75,-2,4.9
2020-03-24 07:00:00,101219.11,-2,-5.6,68.78,0.77,0,NA,101440,NA,NA,NA,NA,NA,554,NA,NA,NA,10,NA,NA,NA,1676.4,NA,NA,NA,NA,-4.48,NA,-6.08,90046.64,0,0,0,-5.2,0,0,1,NA,NA,NA,NA,NA,NA,NA,NA,"0.008",0.8,232,63,-0.4,6.1
2020-03-24 08:00:00,101252.97,-1,-3.9,74.22,1.54,80,NA,101400,NA,NA,1003,NA,NA,654,804,NA,NA,10,NA,NA,NA,1981.2,NA,NA,NA,NA,-2.53,NA,-4.07,90076.76,0,0,0,-6,0,0,1,NA,NA,NA,NA,NA,NA,NA,NA,"0.017",1,60,62,2.3,4.2
2020-03-24 09:00:00,101252.97,3,-3.9,60,2.06,120,NA,101410,NA,NA,NA,NA,NA,604,604,NA,NA,10,NA,NA,NA,1828.8,NA,NA,NA,NA,0.645,NA,-4.1,90076.76,0,0,0,-8.6,0,0,0,NA,NA,NA,NA,NA,NA,NA,NA,"0.037",1,339,65,4.4,4
2020-03-24 10:00:00,101252.97,4,-4.4,55.91,0,0,NA,101430,NA,704,NA,NA,NA,454,604,NA,NA,10,NA,NA,NA,1432.56,NA,NA,NA,NA,2.14,NA,-4.1,90076.76,0,0,0,-8.4,0,0,1,NA,NA,NA,NA,NA,NA,NA,NA,"0.038",1.7,15,43,3.8,16.2
2020-03-24 11:00:00,101252.97,4,-6.1,48.05,2.06,320,NA,101430,6,NA,1,NA,NA,494,654,NA,NA,10,5,-2.8,NA,1493.52,NA,NA,NA,NA,2.75,NA,-6.12,90076.76,0,0,0,-8.6,0,0,0,NA,NA,NA,NA,NA,NA,NA,NA,"0.036",1.8,110,31,4.1,6
2020-03-24 12:00:00,101219.11,5,-5,51.85,2.06,130,NA,101360,NA,854,NA,NA,NA,483,554,NA,NA,10,NA,NA,NA,1524,NA,NA,NA,NA,2.1,NA,-5.11,90046.64,0,0,0,-7.8,0,0,0,NA,NA,NA,NA,NA,NA,NA,NA,"0.042",1.7,292,56,4.5,3.6
2020-03-24 13:00:00,101185.24,4,-4.4,60.26,5.14,120,NA,101300,NA,1103,NA,NA,NA,652,854,NA,NA,10,NA,NA,NA,2590.8,NA,NA,NA,NA,0.02,NA,-3.09,90016.51,0,0,0,-4.9,0,0,0,NA,NA,NA,NA,NA,NA,NA,NA,"0.043",3.4,222,34,4.4,0.8
2020-03-24 14:00:00,101185.24,4,-1.1,60.26,6.17,290,9.77,101470,20,509,5002,0.025,0.025,322,463,NA,NA,6,NA,NA,NA,1402.08,0,NA,NA,NA,-0.45,NA,-3.09,90016.51,0,0,0,-5.9,0,0,0,NA,NA,NA,NA,NA,NA,NA,NA,"0.041",3.8,35,33,0.9,1.1
2020-03-24 15:00:00,101151.38,2,-0.6,86.48,3.09,105,8.75,101330,723,853,NA,0.508,NA,144,444,NA,NA,4.5,NA,NA,NA,1310.64,0,NA,NA,NA,-0.68,NA,-0.625,89986.38,0,0,0,-6.7,0,0,0,NA,NA,NA,NA,NA,NA,NA,NA,"0.041",2.5,107,44,2.3,1.1
2020-03-24 16:00:00,101083.65,3,-0.6,74.96,5.66,120,NA,101250,20,1103,NA,0.025,NA,233,903,NA,NA,9,NA,NA,NA,1082.04,NA,NA,NA,NA,-0.58,NA,-0.67,89926.13,0,0,0,-6,0,0,0,NA,NA,NA,NA,NA,NA,NA,NA,"0.045",3.2,201,23,5.7,2.1
2020-03-24 17:00:00,101015.92,6,-4.4,52.42,3.6,130,NA,101210,NA,NA,6023,NA,NA,602,1203,0.508,NA,10,6.1,0.6,NA,3657.6,NA,NA,NA,NA,3.02,NA,-3.11,89865.88,0,0,0,-8.5,0,0,0,NA,NA,NA,NA,NA,NA,NA,NA,"0.045",2.6,189,23,5.5,2.1
2020-03-24 18:00:00,100948.2,6,-5.6,41.8,4.12,160,NA,101130,NA,NA,NA,NA,NA,1202,1206,NA,NA,10,NA,NA,NA,3657.6,NA,NA,NA,NA,3.02,NA,-6.13,89805.63,0,0,0,-8.2,0,0,0,NA,NA,NA,NA,NA,NA,NA,NA,"0.043",1.8,194,26,4.7,-0.5
2020-03-24 19:00:00,100948.2,5,-5.6,44.8,4.12,160,NA,101160,NA,NA,NA,NA,NA,1,NA,NA,NA,10,NA,NA,NA,3657.6,NA,NA,NA,NA,1.79,NA,-6.13,89805.63,0,0,0,-8.7,0,0,0,NA,NA,NA,NA,NA,NA,NA,NA,"0.039",2,245,21,3.9,0.6
2020-03-24 20:00:00,100914.33,3,-5.6,51.56,3.6,190,NA,101100,NA,NA,6006,NA,NA,1,NA,NA,NA,10,NA,NA,NA,NA,NA,NA,NA,NA,-0.34,NA,-6.11,89775.5,0,0,0,-9.3,0,0,0,NA,NA,NA,NA,NA,NA,NA,NA,"0.032",1.3,112,45,2.2,3.1
2020-03-24 21:00:00,100948.2,2,-5.6,55.36,2.06,180,NA,101120,NA,NA,NA,NA,NA,1,NA,NA,NA,10,NA,NA,NA,NA,NA,NA,NA,NA,-0.27,NA,-6.11,89805.63,0,0,0,-8.2,0,0,0,NA,NA,NA,NA,NA,NA,NA,NA,"0.027",1.1,80,46,0.9,3.1
2020-03-24 22:00:00,100948.2,1,-5.6,59.48,1.54,20,NA,101150,NA,NA,NA,NA,NA,1,NA,NA,NA,10,NA,NA,NA,NA,NA,NA,NA,NA,-1.825,NA,-6.1,89805.63,0,0,0,-7.4,0,0,1,NA,NA,NA,NA,NA,NA,NA,NA,"0.021",0.7,125,49,-0.1,8.8
2020-03-24 23:00:00,100948.2,-1,-6.1,68.78,1.54,140,NA,101150,NA,NA,1,NA,NA,1,NA,NA,NA,10,6.1,-1.7,NA,NA,NA,NA,NA,NA,-2.96,NA,-6.08,89805.63,0,0,0,-5.2,0,0,1,NA,NA,NA,NA,NA,NA,NA,NA,"0.02",1.1,96,52,-0.8,9.2
2020-03-25,100914.33,-2,-6.7,68.56,0,0,NA,101120,NA,NA,NA,NA,NA,1,NA,NA,NA,10,NA,NA,NA,NA,NA,6.1,-2.8,NA,-5.165,NA,-7.08,89775.5,0,0,0,-4.7,0,0,1,NA,NA,NA,NA,NA,NA,NA,NA,"0.015",0.7,148,71,-1.5,7.4
2020-03-25 01:00:00,100948.2,-1,-6.1,68.78,0,0,NA,101140,NA,NA,NA,NA,NA,1103,NA,NA,NA,10,NA,NA,NA,3352.8,NA,NA,NA,NA,-3.53,NA,-6.08,89805.63,0,0,0,-5.9,0,0,1,NA,NA,NA,NA,NA,NA,NA,NA,"0.02",0.6,63,69,-1,5.8
2020-03-25 02:00:00,100948.2,-1,-5.6,69,0,0,NA,101190,NA,NA,3001,NA,NA,1104,NA,NA,NA,10,NA,NA,NA,3352.8,NA,NA,NA,NA,NA,NA,-5.08,89805.63,0,0,0,-5.5,0,0,1,NA,NA,NA,NA,NA,NA,NA,NA,"0.008",0.6,191,66,-2,2.3
2020-03-25 03:00:00,100948.2,-2,-5.6,74.03,0,0,NA,101170,NA,NA,NA,NA,NA,1202,1206,NA,NA,10,NA,NA,NA,NA,NA,NA,NA,NA,-3.93,NA,-6.07,89805.63,0,0,0,-4.5,0,0,1,NA,NA,NA,NA,NA,NA,NA,NA,"0.006",0.6,107,72,-2.3,2.3
2020-03-25 04:00:00,100948.2,-2,-5.6,74.22,0,0,NA,101150,NA,NA,NA,NA,NA,804,NA,NA,NA,10,NA,NA,NA,2438.4,NA,NA,NA,NA,-4.48,NA,-5.66,89805.63,0,0,0,-4.7,0,0,1,NA,NA,NA,NA,NA,NA,NA,NA,"0.009",1.2,204,52,-1.9,2.4
2020-03-25 05:00:00,100948.2,-2,-5,79.89,0,0,NA,101180,NA,904,3002,NA,NA,754,854,NA,0.508,10,0,-2.8,NA,2438.4,NA,NA,NA,NA,-5.25,NA,-5.05,89805.63,0,0,0,-5.3,0,0,1,NA,NA,NA,NA,NA,NA,NA,NA,"0.008",1.1,320,62,-1.6,5.6
2020-03-25 06:00:00,100982.06,-2,-5,79.89,0,0,NA,101150,NA,NA,NA,NA,NA,656,853,NA,NA,10,NA,NA,NA,2590.8,NA,NA,NA,NA,NA,NA,-5.05,89835.75,0,0,0,-4.6,0,0,1,NA,NA,NA,NA,NA,NA,NA,NA,"0.004",0.8,219,43,-2.3,6.7
2020-03-25 07:00:00,100982.06,-2,-4.4,79.89,1.54,90,NA,101200,NA,NA,NA,NA,NA,852,NA,NA,NA,10,NA,NA,NA,3352.8,NA,NA,NA,NA,-5.25,NA,-5.05,89835.75,0,0,0,-4.4,0,0,1,NA,NA,NA,NA,NA,NA,NA,NA,"0.008",1.2,312,47,-0.5,5
2020-03-25 08:00:00,100982.06,-1,-3.9,80.04,0,0,NA,101210,NA,1004,3002,NA,NA,802,979,NA,NA,10,NA,NA,NA,3048,NA,NA,NA,NA,-1.82,NA,-4.03,89835.75,0,0,0,-5.6,0,0,1,NA,NA,NA,NA,NA,NA,NA,NA,"0.022",0.8,154,80,0.8,4.7
2020-03-25 09:00:00,100982.06,2,-3.9,69.22,0,0,NA,101170,NA,NA,NA,NA,NA,806,954,NA,NA,10,NA,NA,NA,2895.6,NA,NA,NA,NA,-0.68,NA,-4.07,89835.75,0,0,0,-8,0,0,1,NA,NA,NA,NA,NA,NA,NA,NA,"0.028",1,7,63,2.7,5.2
2020-03-25 10:00:00,100948.2,3,-3.3,64.42,0,0,NA,101150,NA,NA,NA,NA,NA,1,NA,NA,NA,10,NA,NA,NA,NA,NA,NA,NA,NA,2.695,NA,-3.09,89805.63,0,0,0,-7.8,0,0,1,NA,NA,NA,NA,NA,NA,NA,NA,"0.035",1.3,352,62,4.8,6.2
2020-03-25 11:00:00,100948.2,4,-4.15,55.91,1.8,150,NA,101150,NA,903.5,8006,NA,NA,321,779.5,NA,NA,10,5,-3.9,NA,2743.2,NA,NA,NA,NA,2.61,NA,-4.1,89805.63,0,0,0,-6.9,0,0,1,NA,NA,NA,NA,NA,NA,NA,NA,"0.04",1.5,339,46,4.9,5
2020-03-25 12:00:00,100914.33,4,-5.6,55.91,2.57,250,NA,101090,NA,853,NA,NA,NA,556,703.5,NA,NA,10,NA,NA,NA,1828.8,NA,NA,NA,NA,2.14,NA,-4.1,89775.5,0,0,0,-2.8,0,0,0,NA,NA,NA,NA,NA,NA,NA,NA,"0.042",2.2,288,30,5.5,5
2020-03-25 13:00:00,100846.6,5,-4.75,47.02,2.315,260,NA,101000,6,754,NA,NA,NA,342.5,728.5,NA,NA,10,NA,NA,NA,1905,NA,NA,NA,NA,2.84,NA,-4.115,89715.25,0,0,0,-5.1,0,0,0,NA,NA,NA,NA,NA,NA,NA,NA,"0.044",1.6,271,56,5.7,6
2020-03-25 14:00:00,100812.74,7,-5,39.02,6.17,290,NA,101020,NA,902.5,5009,NA,NA,503,504,NA,NA,10,NA,NA,NA,1524,NA,NA,NA,NA,0.83,NA,-6.13,89685.12,0,0,0,-7.2,0,0,0,NA,NA,NA,NA,NA,NA,NA,NA,"0.039",3.4,299,33,0.9,4.8
2020-03-25 15:00:00,100948.2,1,-0.6,86.48,5.14,250,NA,101210,723,254,NA,0.254,NA,195,183,NA,NA,0.75,NA,NA,NA,579.12,NA,NA,NA,NA,-2.77,NA,-1.03,89805.63,0,0,0,-2.5,0,0,0,NA,NA,NA,NA,NA,NA,NA,NA,"0.038",2.5,92,39,0.1,2.1
2020-03-25 16:00:00,100948.2,2,0,92.37,0,0,NA,101180,2500,339,NA,0.254,NA,116,223,NA,NA,6.5,NA,NA,NA,640.08,NA,NA,NA,NA,0.47,NA,-0.02,89805.63,0,0,0,-6.3,0,0,1,NA,NA,NA,NA,NA,NA,NA,NA,"0.038",2,102,25,1.6,0.6
2020-03-25 17:00:00,100914.33,3,-1.4,74.96,3.6,340,NA,101120,NA,604,7,NA,NA,503,483,1.016,NA,10,7.8,0.6,NA,1600.2,NA,NA,NA,NA,-0.16,NA,-1.06,89775.5,0,0,0,-7.9,0,0,0,NA,NA,NA,NA,NA,NA,NA,NA,"0.038",1.8,109,31,2.8,4.3
2020-03-25 18:00:00,100914.33,4,0.8,69.85,3.09,200,NA,101140,NA,NA,NA,NA,NA,342,1103,NA,NA,10,NA,NA,NA,3352.8,NA,NA,NA,NA,1.445,NA,-1.07,89775.5,0,0,0,-9,0,0,0,NA,NA,NA,NA,NA,NA,NA,NA,"0.036",1.1,216,54,2.1,4
2020-03-25 19:00:00,100948.2,2,-0.6,80.49,2.57,180,NA,101210,NA,803,NA,NA,NA,346,854,NA,NA,10,NA,NA,NA,1828.8,NA,NA,NA,NA,-0.72,NA,-1.05,89805.63,0,0,0,-6.6,0,0,0,NA,NA,NA,NA,NA,NA,NA,NA,"0.032",1.5,95,30,1.3,1.3
2020-03-25 20:00:00,100982.06,2,-2.8,74.78,0.77,20,NA,101230,20,629,3008,0.254,0.254,353,483.5,NA,NA,6,NA,NA,NA,1066.8,NA,NA,NA,NA,0.47,NA,-2.06,89835.75,0,0,0,-7.7,0,0,1,NA,NA,NA,NA,NA,NA,NA,NA,"0.029",1,136,70,0.7,1.6
2020-03-25 21:00:00,101049.79,1,-2.2,74.78,1.54,240,NA,101290,NA,853,NA,NA,NA,482,703,NA,NA,10,NA,NA,NA,1493.52,NA,NA,NA,NA,-0.905,NA,-2.06,89896.01,0,0,0,-6.9,0,0,1,NA,NA,NA,NA,NA,NA,NA,NA,"0.023",0.9,218,55,-0.3,2.8
2020-03-25 22:00:00,101083.65,0,-3.3,78.42,2.06,330,NA,101280,NA,704,NA,NA,NA,494,628.5,NA,NA,10,NA,NA,NA,1493.52,NA,NA,NA,NA,-1.82,NA,-3.06,89926.13,0,0,0,-6.2,0,0,0,NA,NA,NA,NA,NA,NA,NA,NA,"0.018",0.9,178,54,-0.6,4.7
2020-03-25 23:00:00,101083.65,-0.6,-2.8,80.19,0,0,NA,101280,NA,NA,7,NA,NA,553,NA,0.254,NA,10,5,-1.1,NA,1676.4,NA,NA,NA,NA,-2.175,NA,-3.05,89926.13,0,0,0,-6.1,0,0,1,NA,NA,NA,NA,NA,NA,NA,NA,"0.021",0.7,256,80,-0.8,5.7
2020-03-26,101083.65,-1,-3.3,86.26,0,0,NA,101290,20,NA,NA,0.025,NA,604,NA,NA,NA,10,NA,NA,NA,1828.8,NA,7.8,-3.9,NA,NA,NA,-3.03,89926.13,0,0,0,-6.2,0,0,1,NA,NA,NA,NA,NA,NA,NA,NA,"0.031",1.2,220,43,-0.4,4.2
2020-03-26 01:00:00,101083.65,0,-2.8,85.03,0,0,NA,101240,NA,NA,NA,NA,NA,604,678.5,NA,NA,10,NA,NA,NA,1828.8,NA,NA,NA,NA,-1.82,NA,-3.03,89926.13,0,0,0,-7.5,0,0,1,NA,NA,NA,NA,NA,NA,NA,NA,"0.038",2.1,233,25,0.4,2
2020-03-26 02:00:00,101083.65,-1,-3.9,86.15,0,0,NA,101300,NA,854,3000,NA,0.025,704,753,NA,NA,10,NA,NA,NA,2133.6,NA,NA,NA,NA,-2.96,NA,-3.05,89926.13,0,0,0,-6.6,0,0,1,NA,NA,NA,NA,NA,NA,NA,NA,"0.037",1.6,229,45,0.1,3.2
2020-03-26 03:00:00,101083.65,-1,-3.9,86.26,0,0,NA,101330,NA,754,NA,NA,NA,442,704,NA,NA,10,NA,NA,NA,2133.6,NA,NA,NA,NA,-2.96,NA,-3.03,89926.13,0,0,0,-6.7,0,0,1,NA,NA,NA,NA,NA,NA,NA,NA,"0.03",0.7,37,54,-0.3,2.8
2020-03-26 04:00:00,101083.65,-1,-4.4,74.22,1.54,340,NA,101310,NA,NA,NA,NA,NA,704,NA,NA,NA,10,NA,NA,NA,2133.6,NA,NA,NA,NA,-2.96,NA,-5.06,89926.13,0,0,0,-6.6,0,0,1,NA,NA,NA,NA,NA,NA,NA,NA,"0.024",0.9,232,46,-0.7,2.2
2020-03-26 05:00:00,101117.52,-1,-4.4,80.04,0,0,NA,101330,20,754,3004,0.025,NA,473,704,0.025,1.27,10,0,-2.2,NA,1493.52,NA,NA,NA,NA,-2.96,NA,-4.05,89956.26,0,0,0,-6.8,0,0,1,NA,NA,NA,NA,NA,NA,NA,NA,"0.028",0.7,29,76,-1.1,4
2020-03-26 06:00:00,101117.52,-1,-4.4,80.04,0,0,NA,101360,NA,NA,NA,0.025,NA,704,704,NA,NA,10,NA,NA,NA,2133.6,NA,NA,NA,NA,-5.47,NA,-4.44,89956.26,0,0,0,-7,0,0,1,NA,NA,NA,NA,NA,NA,NA,NA,"0.015",0.9,242,49,-1.4,3.2
2020-03-26 07:00:00,101117.52,-2,-4.4,86.15,2.06,350,NA,101400,NA,NA,NA,NA,NA,654,704,NA,NA,10,NA,NA,NA,2133.6,NA,NA,NA,NA,-4.48,NA,-4.03,89956.26,0,0,0,-5.9,0,0,0,NA,NA,NA,NA,NA,NA,NA,NA,"0.031",2.2,237,30,-0.3,2.4
2020-03-26 08:00:00,101151.38,-1,-3.9,80.04,0,0,NA,101430,NA,NA,3005,NA,0.025,702,NA,NA,NA,10,NA,NA,NA,2133.6,NA,NA,NA,NA,-1.82,NA,-4.05,89986.38,0,0,0,-7.1,0,0,1,NA,NA,NA,NA,NA,NA,NA,NA,"0.034",2.1,230,31,0.7,3.5
2020-03-26 09:00:00,101151.38,2,-5,64.42,2.06,300,NA,101380,NA,NA,NA,NA,NA,602,NA,NA,NA,10,NA,NA,NA,NA,NA,NA,NA,NA,-0.2,NA,-4.09,89986.38,0,0,0,-9.7,0,0,0,NA,NA,NA,NA,NA,NA,NA,NA,"0.038",2.3,240,49,2,3
2020-03-26 10:00:00,101151.38,3,-6.7,51.56,3.09,300,NA,101370,NA,NA,NA,NA,NA,553,NA,NA,NA,10,NA,NA,NA,1676.4,NA,NA,NA,NA,0.03,NA,-6.11,89986.38,0,0,0,-10.5,0,0,0,NA,NA,NA,NA,NA,NA,NA,NA,"0.04",1.9,304,37,2.9,2
2020-03-26 11:00:00,101151.38,4,-7.8,44.49,4.63,290,NA,101360,NA,NA,6003,NA,NA,604,704,0.025,NA,10,4.4,-2.2,NA,1828.8,NA,NA,NA,NA,-0.34,NA,-7.13,89986.38,0,0,0,-11,0,0,0,NA,NA,NA,NA,NA,NA,NA,NA,"0.042",3.2,265,24,3.6,3.8
2020-03-26 12:00:00,101117.52,4.5,-7.2,41.18,5.14,295,NA,101300,NA,NA,NA,NA,NA,603,704,NA,NA,10,NA,NA,NA,1828.8,NA,NA,NA,NA,0.595,NA,-7.73,89956.26,0,0,0,-11.1,0,0,0,NA,NA,NA,NA,NA,NA,NA,NA,"0.043",2.9,280,26,4.3,3.3
2020-03-26 13:00:00,101083.65,5,-7.2,41.49,5.66,290,NA,101250,NA,NA,NA,NA,NA,553,704,NA,NA,10,NA,NA,NA,1981.2,NA,NA,NA,NA,1.04,NA,-7.13,89926.13,0,0,0,-10.9,0,0,0,NA,NA,NA,NA,NA,NA,NA,NA,"0.043",3.4,272,22,4.7,1.8
2020-03-26 14:00:00,101049.79,5.6,-7.8,35.82,5.66,280,9.26,101230,NA,NA,NA,NA,NA,603,754,NA,NA,10,NA,NA,NA,1828.8,NA,NA,NA,NA,1.73,NA,-8.14,89896.01,0,0,0,-10.2,0,0,0,NA,NA,NA,NA,NA,NA,NA,NA,"0.044",3.3,270,22,5.3,0.8
2020-03-26 15:00:00,101015.92,6,-7.2,38.71,7.2,260,9.77,101240,NA,NA,NA,NA,NA,704,NA,NA,NA,10,NA,NA,NA,2133.6,NA,NA,NA,NA,1.73,NA,-7.13,89865.88,0,0,0,-10.5,0,0,0,NA,NA,NA,NA,NA,NA,NA,NA,"0.044",3.7,274,20,5.9,0.3
2020-03-26 16:00:00,101049.79,6,-8.9,35.82,7.72,250,11.32,101260,NA,NA,NA,NA,NA,654,NA,NA,NA,10,NA,NA,NA,1981.2,NA,NA,NA,NA,1.56,NA,-8.14,89896.01,0,0,0,-10.3,0,0,0,NA,NA,NA,NA,NA,NA,NA,NA,"0.045",4,273,20,5.4,2.1
2020-03-26 17:00:00,101117.52,5,-7.8,38.4,6.69,280,NA,101310,NA,NA,3007,NA,NA,654,NA,NA,NA,10,6.7,3.9,NA,1981.2,NA,NA,NA,NA,1.27,NA,-8.14,89956.26,0,0,0,-10.5,0,0,0,NA,NA,NA,NA,NA,NA,NA,NA,"0.043",2.9,268,23,3.6,3.8
2020-03-26 18:00:00,101117.52,4,-7.8,41.18,5.66,290,NA,101350,NA,NA,NA,NA,NA,604,NA,NA,NA,10,NA,NA,NA,1828.8,NA,NA,NA,NA,-0.23,NA,-8.13,89956.26,0,0,0,-10.1,0,0,0,NA,NA,NA,NA,NA,NA,NA,NA,"0.043",2.8,256,21,3.1,2.6
2020-03-26 19:00:00,101117.52,4,-7.2,44.19,5.14,290,NA,101370,NA,NA,NA,NA,NA,654,NA,NA,NA,10,NA,NA,NA,1981.2,NA,NA,NA,NA,-0.45,NA,-8.13,89956.26,0,0,0,-10.3,0,0,0,NA,NA,NA,NA,NA,NA,NA,NA,"0.042",1.8,265,25,2.7,0.1
2020-03-26 20:00:00,101185.24,3,-6.1,47.75,3.6,250,NA,101420,NA,NA,3007,NA,NA,654,604,NA,NA,10,NA,NA,NA,1981.2,NA,NA,NA,NA,-0.34,NA,-7.12,90016.51,0,0,0,-9.7,0,0,0,NA,NA,NA,NA,NA,NA,NA,NA,"0.041",1.9,245,23,2.3,0.8
2020-03-26 21:00:00,101219.11,3,-5.6,51.56,3.6,270,NA,101420,NA,NA,NA,NA,NA,496,604,NA,NA,10,NA,NA,NA,1828.8,NA,NA,NA,NA,-0.67,NA,-6.11,90046.64,0,0,0,-9.9,0,0,0,NA,NA,NA,NA,NA,NA,NA,NA,"0.042",2.3,232,21,1.9,2.5
2020-03-26 22:00:00,101219.11,2,-5.6,55.36,2.06,300,NA,101430,NA,NA,NA,NA,NA,654,604,NA,NA,10,NA,NA,NA,1981.2,NA,NA,NA,NA,-0.68,NA,-6.11,90046.64,0,0,0,-8.8,0,0,0,NA,NA,NA,NA,NA,NA,NA,NA,"0.041",1.5,262,30,1.8,4
2020-03-26 23:00:00,101219.11,2,-6.7,55.36,2.06,320,NA,101390,NA,NA,2,NA,NA,654,NA,NA,NA,10,5,1.1,NA,1981.2,NA,NA,NA,NA,-0.2,NA,-6.11,90046.64,0,0,0,-8.8,0,0,0,NA,NA,NA,NA,NA,NA,NA,NA,"0.04",1.1,266,33,1.7,3.7
2020-03-27,101219.11,2,-6.1,55.36,2.57,320,NA,101380,NA,NA,NA,NA,NA,604,NA,NA,NA,10,NA,NA,NA,1828.8,NA,6.7,-2.2,NA,-0.72,NA,-6.11,90046.64,0,0,0,-8.7,0,0,0,NA,NA,NA,NA,NA,NA,NA,NA,"0.04",1.1,268,35,1.6,2.8
2020-03-27 01:00:00,101185.24,1.1,-6.1,58.6,2.57,320,NA,101360,NA,904,NA,NA,NA,554,753,NA,NA,10,NA,NA,NA,2286,NA,NA,NA,NA,-1.36,NA,-6.11,90016.51,0,0,0,-7.8,0,0,0,NA,NA,NA,NA,NA,NA,NA,NA,"0.037",0.9,330,51,0.8,1.8
2020-03-27 02:00:00,101185.24,1,-6.1,59.48,2.06,340,NA,101350,NA,NA,8004,NA,NA,754,854,NA,NA,10,NA,NA,NA,2286,NA,NA,NA,NA,-1.36,NA,-6.1,90016.51,0,0,0,-7.7,0,0,0,NA,NA,NA,NA,NA,NA,NA,NA,"0.032",0.9,125,39,0.5,1.7
2020-03-27 03:00:00,101151.38,1,-5.6,59.48,2.57,340,NA,101330,NA,NA,NA,NA,NA,754,NA,NA,NA,10,NA,NA,NA,2286,NA,NA,NA,NA,-1.91,NA,-6.1,89986.38,0,0,0,-7.6,0,0,0,NA,NA,NA,NA,NA,NA,NA,NA,"0.032",0.7,160,48,0.4,4.1
2020-03-27 04:00:00,101151.38,1,-4.4,69.22,1.54,180,NA,101310,NA,NA,NA,NA,NA,754,NA,NA,NA,10,NA,NA,NA,2286,NA,NA,NA,NA,-0.68,NA,-4.07,89986.38,0,0,0,-7.6,0,0,1,NA,NA,NA,NA,NA,NA,NA,NA,"0.032",1,85,32,0.5,5.4
2020-03-27 05:00:00,101117.52,1,-4.4,69.22,1.54,100,NA,101320,NA,NA,6003,NA,NA,506,754,NA,NA,10,2.2,0,NA,2286,NA,NA,NA,NA,-1.82,NA,-4.07,89956.26,0,0,0,-7.5,0,0,1,NA,NA,NA,NA,NA,NA,NA,NA,"0.033",1.7,104,26,0.4,3.9
2020-03-27 06:00:00,101117.52,1,-4.4,69.22,0,0,NA,101330,NA,754,NA,NA,NA,462,754,NA,NA,10,NA,NA,NA,1402.08,NA,NA,NA,NA,-0.68,NA,-4.07,89956.26,0,0,0,-7.5,0,0,1,NA,NA,NA,NA,NA,NA,NA,NA,"0.033",1.4,109,28,0.5,2.8
2020-03-27 07:00:00,101117.52,1,-4.4,69.22,0,0,NA,101350,NA,NA,NA,NA,NA,416,754,NA,NA,10,NA,NA,NA,2286,NA,NA,NA,NA,-0.68,NA,-4.07,89956.26,0,0,0,-7.5,0,0,1,NA,NA,NA,NA,NA,NA,NA,NA,"0.029",1.1,113,39,1,3.7
2020-03-27 08:00:00,101151.38,2,-4.4,64.42,0,0,NA,101350,NA,754,3002,NA,NA,606,653,NA,NA,10,NA,NA,NA,2286,NA,NA,NA,NA,NA,NA,-4.09,89986.38,0,0,0,-8.4,0,0,1,NA,NA,NA,NA,NA,NA,NA,NA,"0.037",0.8,113,63,2.2,4.3
2020-03-27 09:00:00,101185.24,2.8,-4.4,60,0,0,NA,101350,NA,804,NA,NA,NA,436,654,NA,NA,10,NA,NA,NA,2438.4,NA,NA,NA,NA,0.47,NA,-4.1,90016.51,0,0,0,-8.9,0,0,1,NA,NA,NA,NA,NA,NA,NA,NA,"0.037",1.3,48,62,3.4,3.3
2020-03-27 10:00:00,101151.38,4,-3.9,55.91,0,0,NA,101340,NA,804,NA,NA,NA,316,628.5,NA,NA,10,NA,NA,NA,1981.2,NA,NA,NA,NA,2.75,NA,-4.1,89986.38,0,0,0,-9.7,0,0,1,NA,NA,NA,NA,NA,NA,NA,NA,"0.039",1.3,328,56,4.1,4.5
2020-03-27 11:00:00,101151.38,4,-3.3,55.91,1.54,160,NA,101280,NA,804,8003,NA,NA,363,553,NA,NA,10,6.7,0.6,NA,1158.24,NA,NA,NA,NA,2.75,NA,-4.1,89986.38,0,0,0,-9.3,0,0,1,NA,NA,NA,NA,NA,NA,NA,NA,"0.042",1.5,305,36,5.2,6.7
2020-03-27 12:00:00,101117.52,6,-4.4,45.1,2.57,290,NA,101240,NA,NA,NA,NA,NA,452,504,NA,NA,10,NA,NA,NA,1493.52,NA,NA,NA,NA,3.48,NA,-5.12,89956.26,0,0,0,-10.5,0,0,0,NA,NA,NA,NA,NA,NA,NA,NA,"0.043",1.9,339,35,5.5,NA
2020-03-27 13:00:00,101049.79,6,-5,42.1,2.57,290,NA,101200,6,704,NA,NA,NA,476,604,NA,NA,10,NA,NA,NA,1828.8,NA,NA,NA,NA,4.25,NA,-5.13,89896.01,0,0,0,-10.4,0,0,0,NA,NA,NA,NA,NA,NA,NA,NA,"0.044",1.9,319,41,6,6.9
2020-03-27 14:00:00,101049.79,7,-5,45.1,4.63,320,7.2,101180,NA,754,6009,NA,NA,503,754,NA,NA,10,NA,NA,NA,1524,NA,NA,NA,NA,4,NA,-4.12,89896.01,0,0,0,-10,0,0,0,NA,NA,NA,NA,NA,NA,NA,NA,"0.043",1.9,329,38,5.9,5
2020-03-27 15:00:00,101015.92,7,-3.9,45.4,5.14,320,NA,101190,NA,NA,NA,NA,NA,603,754,NA,NA,10,NA,NA,NA,1828.8,NA,NA,NA,NA,3.78,NA,-4.12,89865.88,0,0,0,-10.5,0,0,0,NA,NA,NA,NA,NA,NA,NA,NA,"0.041",2.3,321,23,5.9,2.3
2020-03-27 16:00:00,101049.79,7,-3.9,45.4,6.69,320,NA,101210,NA,804,NA,NA,NA,553,754,NA,NA,10,NA,NA,NA,2286,NA,NA,NA,NA,3.19,NA,-4.12,89896.01,0,0,0,-10.1,0,0,0,NA,NA,NA,NA,NA,NA,NA,NA,"0.042",2,290,31,6.8,0.1
2020-03-27 17:00:00,101049.79,8,-5,42.41,5.66,310,NA,101220,NA,904,3004,NA,NA,606,854,NA,NA,10,8.3,5,NA,2590.8,NA,NA,NA,NA,4.64,NA,-4.12,89896.01,0,0,0,-11.3,0,0,0,NA,NA,NA,NA,NA,NA,NA,NA,"0.043",3.6,261,17,6.6,0.1
2020-03-27 18:00:00,101083.65,8,-5.6,39.02,6.69,290,NA,101290,NA,854,NA,NA,NA,604,854,NA,NA,10,NA,NA,NA,1828.8,NA,NA,NA,NA,4.15,NA,-6.13,89926.13,0,0,0,-11.5,0,0,0,NA,NA,NA,NA,NA,NA,NA,NA,"0.04",2.6,271,21,5.4,0.9
2020-03-27 19:00:00,101151.38,6,-5,45.1,5.66,280,NA,101350,NA,NA,NA,NA,NA,604,854,NA,NA,10,NA,NA,NA,1828.8,NA,NA,NA,NA,2.76,NA,-5.12,89986.38,0,0,0,-10,0,0,0,NA,NA,NA,NA,NA,NA,NA,NA,"0.039",1.7,274,30,4.7,2.3
2020-03-27 20:00:00,101219.11,4,-4.4,55.91,3.6,280,NA,101440,NA,NA,3018,NA,NA,552,854,NA,NA,10,NA,NA,NA,2590.8,NA,NA,NA,NA,1.24,NA,-4.1,90046.64,0,0,0,-8.5,0,0,0,NA,NA,NA,NA,NA,NA,NA,NA,"0.044",2.6,260,20,4.1,3.8
2020-03-27 21:00:00,101320.7,4,-3.9,55.91,3.09,270,NA,101510,NA,NA,NA,NA,NA,554,779,NA,NA,10,NA,NA,NA,1676.4,NA,NA,NA,NA,1.24,NA,-4.1,90137.02,0,0,0,-8.7,0,0,0,NA,NA,NA,NA,NA,NA,NA,NA,"0.044",1.7,242,29,3.7,3.1
2020-03-27 22:00:00,101354.56,3,-2.8,60,3.09,320,NA,101550,NA,NA,NA,NA,NA,504,604,NA,NA,10,NA,NA,NA,1524,NA,NA,NA,NA,0.97,NA,-4.1,90167.14,0,0,0,-7.8,0,0,0,NA,NA,NA,NA,NA,NA,NA,NA,"0.042",1.3,302,49,3,2.3
2020-03-27 23:00:00,101388.43,3,-2.8,69.64,3.09,30,NA,101520,NA,NA,10,NA,NA,604,604,NA,NA,10,8.3,2.8,NA,1828.8,NA,NA,NA,NA,0.03,NA,-2.07,90197.27,0,0,0,-7.8,0,0,0,NA,NA,NA,NA,NA,NA,NA,NA,"0.038",1.1,75,40,2.5,1.3
2020-03-28,101388.43,3,-2.8,64.66,1.54,50,NA,101570,NA,NA,NA,NA,NA,554,NA,NA,NA,10,NA,NA,NA,1676.4,NA,8.3,0,NA,0.97,NA,-3.08,90197.27,0,0,0,-7.9,0,0,1,NA,NA,NA,NA,NA,NA,NA,NA,"0.036",1.1,60,53,2.6,2.5
2020-03-28 01:00:00,101422.29,3,-2.2,69.43,0,0,NA,101590,NA,NA,NA,NA,NA,503,604,NA,NA,10,NA,NA,NA,1524,NA,NA,NA,NA,NA,NA,-3.07,90227.39,0,0,0,-8,0,0,1,NA,NA,NA,NA,NA,NA,NA,NA,"0.035",0.7,267,42,2.7,4
2020-03-28 02:00:00,101456.15,2,-2.2,74.78,0,0,NA,101610,20,NA,1007,0.025,0.025,403,494,NA,NA,10,NA,NA,NA,1219.2,NA,NA,NA,NA,0.47,NA,-2.06,90257.51,0,0,0,-6.8,0,0,1,NA,NA,NA,NA,NA,NA,NA,NA,"0.036",1.3,311,45,2.2,4.7
2020-03-28 03:00:00,101490.02,2,-0.6,80.49,2.57,320,NA,101650,20,754,NA,0.025,NA,424,552,NA,NA,10,NA,NA,NA,1280.16,NA,NA,NA,NA,-0.72,NA,-1.05,90287.65,0,0,0,-6.8,0,0,0,NA,NA,NA,NA,NA,NA,NA,NA,"0.038",0.9,348,58,1.5,3.3
2020-03-28 04:00:00,101490.02,2,-0.6,80.49,2.06,290,NA,101650,NA,NA,NA,NA,NA,704,729,NA,NA,10,NA,NA,NA,2133.6,NA,NA,NA,NA,-0.2,NA,-1.05,90287.65,0,0,0,-6.7,0,0,0,NA,NA,NA,NA,NA,NA,NA,NA,"0.035",0.9,150,54,1.3,2.1
2020-03-28 05:00:00,101523.88,2,-0.6,80.49,0,0,NA,101690,NA,NA,3006,NA,NA,754,NA,0.025,NA,10,3.3,1.1,NA,2286,NA,NA,NA,NA,-1.36,NA,-1.05,90317.77,0,0,0,-6.6,0,0,1,NA,NA,NA,NA,NA,NA,NA,NA,"0.035",1,97,59,1.4,2.5
2020-03-28 06:00:00,101523.88,2,-0.6,80.49,2.57,130,NA,101710,NA,NA,NA,NA,NA,754,NA,NA,NA,10,NA,NA,NA,2286,NA,NA,NA,NA,-0.72,NA,-1.05,90317.77,0,0,0,-6.4,0,0,0,NA,NA,NA,NA,NA,NA,NA,NA,"0.036",1.3,251,51,1.9,2
2020-03-28 07:00:00,101557.75,2,-1.1,80.49,2.06,90,NA,101770,NA,NA,NA,NA,NA,804,NA,NA,NA,10,NA,NA,NA,2438.4,NA,NA,NA,NA,-0.2,NA,-1.05,90347.9,0,0,0,-6.4,0,0,0,NA,NA,NA,NA,NA,NA,NA,NA,"0.032",0.9,311,41,1.8,4.2
2020-03-28 08:00:00,101591.61,2,-0.6,80.49,0,0,NA,101790,NA,NA,3009,NA,NA,754,NA,NA,NA,10,NA,NA,NA,2286,NA,NA,NA,NA,0.47,NA,-1.05,90378.02,0,0,0,-6.3,0,0,1,NA,NA,NA,NA,NA,NA,NA,NA,"0.033",1,8,49,3,5.3
2020-03-28 09:00:00,101625.47,4,-0.6,69.85,0,0,NA,101810,NA,754,NA,NA,NA,503,704,NA,NA,10,NA,NA,NA,2133.6,NA,NA,NA,NA,2.75,NA,-1.07,90408.14,0,0,0,-8,0,0,1,NA,NA,NA,NA,NA,NA,NA,NA,"0.035",1,340,52,4.4,4.3
2020-03-28 10:00:00,101659.34,5,-2.2,65.13,1.54,20,NA,101820,NA,NA,NA,NA,NA,466,804,NA,NA,10,NA,NA,NA,2438.4,NA,NA,NA,NA,3.31,NA,-1.08,90438.28,0,0,0,-8.6,0,0,1,NA,NA,NA,NA,NA,NA,NA,NA,"0.041",1.5,195,61,6.5,5
2020-03-28 11:00:00,101659.34,6,-1.7,56.46,1.54,50,NA,101750,NA,NA,8001,NA,NA,474,804,NA,NA,10,7.8,1.1,NA,1432.56,NA,NA,NA,NA,5.34,NA,-2.1,90438.28,0,0,0,-8.8,0,0,1,NA,NA,NA,NA,NA,NA,NA,NA,"0.044",1.9,290,61,8,3.8
2020-03-28 12:00:00,101591.61,8,-1.1,49.22,1.54,20,NA,101680,NA,754,NA,NA,NA,496,604,NA,NA,10,NA,NA,NA,1524,NA,NA,NA,NA,7.59,NA,-2.1,90378.02,0,0,0,-9.9,0,0,1,NA,NA,NA,NA,NA,NA,NA,NA,"0.044",2.1,266,61,8.9,3.3
2020-03-28 13:00:00,101523.88,9,-2.2,46,0,0,NA,101630,NA,NA,NA,NA,NA,553,704,NA,NA,10,NA,NA,NA,1828.8,NA,NA,NA,NA,7.785,NA,-2.11,90317.77,0,0,0,-10.7,0,0,1,NA,NA,NA,NA,NA,NA,NA,NA,"0.044",1.3,96,69,9.7,5
2020-03-28 14:00:00,101490.02,9,-2.2,46,2.06,45,NA,101580,NA,NA,7014,NA,NA,653,754,NA,NA,10,NA,NA,NA,2286,NA,NA,NA,NA,7.98,NA,-2.11,90287.65,0,0,0,-9.9,0,0,0,NA,NA,NA,NA,NA,NA,NA,NA,"0.043",1.3,25,80,9.9,4.5
2020-03-28 15:00:00,101456.15,11,-2.8,38.94,2.06,70,NA,101540,NA,NA,NA,NA,NA,754,754,NA,NA,10,NA,NA,NA,2286,NA,NA,NA,NA,9.375,NA,-3.12,90257.51,0,0,0,-12,0,0,0,NA,NA,NA,NA,NA,NA,NA,NA,"0.042",2.5,275,36,10.2,3.5
2020-03-28 16:00:00,101422.29,11,-2.8,37.36,2.06,330,NA,101510,NA,904,NA,NA,NA,606,804,NA,NA,10,NA,NA,NA,2438.4,NA,NA,NA,NA,NA,NA,-3.12,90227.39,0,0,0,-11.3,0,0,0,NA,NA,NA,NA,NA,NA,NA,NA,"0.043",3,271,27,10.3,0.8
2020-03-28 17:00:00,101388.43,11,-3.3,37.36,5.14,250,NA,101470,NA,854,8009,NA,NA,803,904,NA,NA,10,11.7,7.2,NA,2438.4,NA,NA,NA,NA,NA,NA,-3.12,90197.27,0,0,0,-11.5,0,0,0,NA,NA,NA,NA,NA,NA,NA,NA,"0.042",3.2,263,22,10.7,-1.3
2020-03-28 18:00:00,101388.43,11,-2.2,39.93,5.14,230,NA,101500,NA,NA,NA,NA,NA,802,904,NA,NA,10,NA,NA,NA,2286,NA,NA,NA,NA,7.54,NA,-3.11,90197.27,0,0,0,-10.7,0,0,0,NA,NA,NA,NA,NA,NA,NA,NA,"0.041",2.1,240,22,9,1.3
2020-03-28 19:00:00,101388.43,9,-1.7,46,3.09,230,NA,101540,NA,1104,NA,NA,NA,802,1004,NA,NA,10,NA,NA,NA,2895.6,NA,NA,NA,NA,6.97,NA,-2.11,90197.27,0,0,0,-9.7,0,0,0,NA,NA,NA,NA,NA,NA,NA,NA,"0.04",1.3,299,38,8.2,3.5
2020-03-28 20:00:00,101388.43,8,-1.7,49.22,3.09,220,NA,101510,NA,NA,1,NA,NA,754,1104,NA,NA,10,NA,NA,NA,2286,NA,NA,NA,NA,5.75,NA,-2.11,90197.27,0,0,0,-9.8,0,0,0,NA,NA,NA,NA,NA,NA,NA,NA,"0.038",0.6,172,48,7.6,3.5
2020-03-28 21:00:00,101388.43,7,-1.7,52.7,1.54,30,NA,101520,NA,NA,NA,NA,NA,753,1004,NA,NA,10,NA,NA,NA,2286,NA,NA,NA,NA,5.22,NA,-2.1,90197.27,0,0,0,-8.8,0,0,1,NA,NA,NA,NA,NA,NA,NA,NA,"0.035",0.4,169,49,6.9,4
2020-03-28 22:00:00,101388.43,7,-1.7,52.7,0,0,NA,101510,NA,NA,NA,NA,NA,654,704,NA,NA,10,NA,NA,NA,1981.2,NA,NA,NA,NA,5.64,NA,-2.1,90197.27,0,0,0,-8.8,0,0,1,NA,NA,NA,NA,NA,NA,NA,NA,"0.031",0.6,105,58,6.4,3.5
2020-03-28 23:00:00,101388.43,7,0,61.02,2.57,240,NA,101460,NA,NA,8000,NA,NA,504,754,NA,NA,10,11.7,6.1,NA,1524,NA,NA,NA,NA,5.22,NA,-0.08,90197.27,0,0,0,-8.9,0,0,0,NA,NA,NA,NA,NA,NA,NA,NA,"0.027",0.6,68,52,5.7,3.5
2020-03-29,101388.43,6,0,65.37,2.06,120,NA,101430,NA,NA,NA,NA,NA,554,729,NA,NA,10,NA,NA,NA,1676.4,NA,11.7,1.1,NA,4.47,NA,-0.08,90197.27,0,0,0,-7.8,0,0,0,NA,NA,NA,NA,NA,NA,NA,NA,"0.023",0.6,270,55,5.3,3.8
2020-03-29 01:00:00,101354.56,6,0,65.37,2.06,120,NA,101420,NA,904,NA,NA,NA,653,829,NA,NA,10,NA,NA,NA,1981.2,NA,NA,NA,NA,4.03,NA,-0.08,90167.14,0,0,0,-7.6,0,0,0,NA,NA,NA,NA,NA,NA,NA,NA,"0.025",0.6,85,76,4.8,1.3
2020-03-29 02:00:00,101320.7,6,0.6,70.27,3.09,140,NA,101380,NA,904,8006,NA,NA,654,753,NA,NA,10,NA,NA,NA,2133.6,NA,NA,NA,NA,3.64,NA,0.93,90137.02,0,0,0,-7.7,0,0,0,NA,NA,NA,NA,NA,NA,NA,NA,"0.029",0.8,195,46,4.5,2.8
2020-03-29 03:00:00,101286.84,5,-0.6,69.85,0,0,NA,101360,NA,1004,NA,NA,NA,603,754,NA,NA,10,NA,NA,NA,1828.8,NA,NA,NA,NA,2.75,NA,-0.67,90106.89,0,0,0,-6.7,0,0,1,NA,NA,NA,NA,NA,NA,NA,NA,"0.018",0.5,173,67,3.2,5.5
2020-03-29 04:00:00,101252.97,4,-0.6,69.85,0,0,NA,101350,NA,NA,NA,NA,NA,604,804,NA,NA,10,NA,NA,NA,2438.4,NA,NA,NA,NA,2.18,NA,-1.07,90076.76,0,0,0,-5.7,0,0,1,NA,NA,NA,NA,NA,NA,NA,NA,"0.014",0.8,92,61,1.8,2.6
2020-03-29 05:00:00,101286.84,2,-0.6,80.34,1.54,110,NA,101370,NA,NA,5001,NA,NA,556,1104,NA,NA,10,6.7,1.1,NA,3352.8,NA,NA,NA,NA,0.47,NA,-1.06,90106.89,0,0,0,-3.9,0,0,1,NA,NA,NA,NA,NA,NA,NA,NA,"0.018",0.8,347,58,1.8,1.6
2020-03-29 06:00:00,101286.84,3,-1.7,74.96,3.6,100,NA,101370,NA,NA,NA,NA,NA,1104,1104,NA,NA,10,NA,NA,NA,3352.8,NA,NA,NA,NA,0.03,NA,-1.06,90106.89,0,0,0,-5,0,0,0,NA,NA,NA,NA,NA,NA,NA,NA,"0.021",0.8,260,60,1.8,3.5
2020-03-29 07:00:00,101286.84,3,-1.7,69.64,3.6,120,NA,101400,NA,NA,NA,NA,NA,1104,NA,NA,NA,10,NA,NA,NA,3352.8,NA,NA,NA,NA,-0.34,NA,-2.07,90106.89,0,0,0,-5.5,0,0,0,NA,NA,NA,NA,NA,NA,NA,NA,"0.028",0.9,323,70,3.5,2.3
2020-03-29 08:00:00,101286.84,3,-1.7,74.96,3.09,120,NA,101390,NA,NA,8001,NA,NA,1104,NA,NA,NA,10,NA,NA,NA,3352.8,NA,NA,NA,NA,0.03,NA,-1.06,90106.89,0,0,0,-5.3,0,0,0,NA,NA,NA,NA,NA,NA,NA,NA,"0.03",1.5,321,36,4.8,2.8
2020-03-29 09:00:00,101252.97,4,-2.8,60.26,2.57,140,NA,101360,NA,NA,NA,NA,NA,1,NA,NA,NA,10,NA,NA,NA,2133.6,NA,NA,NA,NA,2.75,NA,-3.09,90076.76,0,0,0,-5.6,0,0,0,NA,NA,NA,NA,NA,NA,NA,NA,"0.037",1.7,275,46,7.2,2.3
2020-03-29 10:00:00,101219.11,7,-3.3,48.93,2.06,120,NA,101300,NA,1102,NA,NA,NA,602,1102.5,NA,NA,10,NA,NA,NA,2133.6,NA,NA,NA,NA,4.85,NA,-3.11,90046.64,0,0,0,-8,0,0,0,NA,NA,NA,NA,NA,NA,NA,NA,"0.038",2.1,151,42,9.4,2.6
2020-03-29 11:00:00,101185.24,9,-3.3,42.71,3.6,130,NA,101220,NA,NA,8011,NA,NA,604,NA,NA,NA,10,9.4,2.2,NA,1828.8,NA,NA,NA,NA,6.97,NA,-3.12,90016.51,0,0,0,-9.1,0,0,0,NA,NA,NA,NA,NA,NA,NA,NA,"0.041",2,241,32,9.9,3.5
2020-03-29 12:00:00,101151.38,10,-1.7,40.24,3.09,220,NA,101160,NA,NA,NA,NA,NA,604,629,NA,NA,10,NA,NA,NA,1828.8,NA,NA,NA,NA,8.62,NA,-2.11,89986.38,0,0,0,-8.9,0,0,0,NA,NA,NA,NA,NA,NA,NA,NA,"0.043",2.3,191,41,10.5,2.6
2020-03-29 13:00:00,101083.65,12,-1.7,37.66,4.12,230,9.77,101150,NA,804,NA,NA,NA,653,754,NA,NA,10,NA,NA,NA,2133.6,NA,NA,NA,NA,NA,NA,-2.11,89926.13,0,0,0,-12.3,0,0,0,NA,NA,NA,NA,NA,NA,NA,NA,"0.042",2.2,243,42,10.9,3.3
2020-03-29 14:00:00,101066.72,13,-1.4,35.47,6.43,220,10.29,101060,NA,903,8012,NA,NA,553,753,NA,NA,10,NA,NA,NA,1752.6,NA,NA,NA,NA,NA,NA,-2.1,89911.07,0,0,0,-13,0,0,0,NA,NA,NA,NA,NA,NA,NA,NA,"0.041",3.6,263,23,11.4,1.3
2020-03-29 15:00:00,101049.79,11,-1.7,40.54,6.17,240,NA,101070,NA,1204,NA,NA,NA,606,903,NA,NA,10,NA,NA,NA,2743.2,NA,NA,NA,NA,NA,NA,-1.11,89896.01,0,0,0,-10.1,0,0,0,NA,NA,NA,NA,NA,NA,NA,NA,"0.041",2.9,260,32,11.3,-0.8
2020-03-29 16:00:00,101015.92,12,0.6,43.9,6.17,290,12.35,101070,NA,1203,NA,NA,NA,603,753,NA,NA,10,NA,NA,NA,1828.8,NA,NA,NA,NA,NA,NA,0.5,89865.88,0,0,0,-11.3,0,0,0,NA,NA,NA,NA,NA,NA,NA,NA,"0.04",3.4,261,29,10.3,-1
2020-03-29 17:00:00,101049.79,10,1.95,53.53,8.23,270,NA,101240,13,1003,3007,0.025,NA,376,503,0.025,NA,10,14.4,7.2,NA,2286,NA,NA,NA,NA,4.72,NA,0.91,89896.01,0,0,0,-9.4,0,0,0,NA,NA,NA,NA,NA,NA,NA,NA,"0.039",2.7,249,42,7.5,0.1
2020-03-29 18:00:00,101117.52,7.8,1.7,70.68,3.6,210,NA,101230,13,1004,NA,0.254,NA,496,802,NA,NA,10,NA,NA,NA,2286,NA,NA,NA,NA,4.94,NA,2.94,89956.26,0,0,0,-8.6,0,0,0,NA,NA,NA,NA,NA,NA,NA,NA,"0.038",0.8,255,69,7.3,2.6
2020-03-29 19:00:00,101117.52,8,1.1,61.27,2.57,200,NA,101250,NA,954,NA,NA,NA,503,878.5,NA,NA,10,NA,NA,NA,2743.2,NA,NA,NA,NA,6.4,NA,0.92,89956.26,0,0,0,-9,0,0,0,NA,NA,NA,NA,NA,NA,NA,NA,"0.038",1.4,206,25,6.9,4.8
2020-03-29 20:00:00,101185.24,6,0.6,70.27,3.09,220,NA,101320,13,703,3007,0.025,0.254,474,528,NA,NA,10,NA,NA,NA,2133.6,NA,NA,NA,NA,4.54,NA,0.93,90016.51,0,0,0,-7.5,0,0,0,NA,NA,NA,NA,NA,NA,NA,NA,"0.038",1.1,207,50,6.6,4.3
2020-03-29 21:00:00,101185.24,6,0.6,67.8,1.54,60,NA,101320,NA,NA,NA,NA,NA,1004,1203,NA,NA,10,NA,NA,NA,3048,NA,NA,NA,NA,5.04,NA,0.93,90016.51,0,0,0,-7.7,0,0,1,NA,NA,NA,NA,NA,NA,NA,NA,"0.034",0.9,263,55,5.6,2.1
2020-03-29 22:00:00,101219.11,6,1.1,70.27,2.57,130,NA,101330,NA,NA,NA,NA,NA,502,702.5,NA,NA,10,NA,NA,NA,1432.56,NA,NA,NA,NA,3.905,NA,0.93,90046.64,0,0,0,-7.9,0,0,0,NA,NA,NA,NA,NA,NA,NA,NA,"0.032",0.9,1,65,5,0.6
2020-03-29 23:00:00,101286.84,6,0.6,75.32,5.14,160,NA,101370,NA,NA,3008,NA,NA,453,553.5,0.254,NA,10,8.3,5,NA,1371.6,NA,NA,NA,NA,1.91,NA,0.94,90106.89,0,0,0,-8.1,0,0,0,NA,NA,NA,NA,NA,NA,NA,NA,"0.035",1.1,257,38,4.9,2.1
2020-03-30,101320.7,5.6,1.1,72.76,3.6,110,NA,101380,NA,NA,NA,NA,NA,604,NA,NA,NA,10,NA,NA,NA,1828.8,NA,14.4,1.1,NA,2.83,NA,0.94,90137.02,0,0,0,-8.2,0,0,0,NA,NA,NA,NA,NA,NA,NA,NA,"0.033",1,226,55,4.3,3.3
2020-03-30 01:00:00,101320.7,5,1.7,75.32,3.6,140,NA,101380,NA,NA,NA,NA,NA,704,NA,NA,NA,10,NA,NA,NA,2133.6,NA,NA,NA,NA,2.44,NA,0.94,90137.02,0,0,0,-7.6,0,0,0,NA,NA,NA,NA,NA,NA,NA,NA,"0.031",0.9,351,59,4,2.8
2020-03-30 02:00:00,101320.7,5,1.1,75.5,3.6,110,NA,101320,NA,NA,8001,NA,NA,704,NA,NA,NA,10,NA,NA,NA,2133.6,NA,NA,NA,NA,2.1,NA,0.96,90137.02,0,0,0,-7.8,0,0,0,NA,NA,NA,NA,NA,NA,NA,NA,"0.026",1.1,285,64,3.2,3.3
2020-03-30 03:00:00,101286.84,4,0.6,80.78,3.6,110,NA,101360,NA,NA,NA,NA,NA,604,752.5,NA,NA,10,NA,NA,NA,1828.8,NA,NA,NA,NA,0.88,NA,0.96,90106.89,0,0,0,-6.4,0,0,0,NA,NA,NA,NA,NA,NA,NA,NA,"0.017",0.7,187,70,1.7,4.3
2020-03-30 04:00:00,101286.84,4,0.6,80.78,4.12,110,NA,101340,NA,NA,NA,NA,NA,604,754,NA,NA,10,NA,NA,NA,2133.6,NA,NA,NA,NA,0.28,NA,0.96,90106.89,0,0,0,-6.3,0,0,0,NA,NA,NA,NA,NA,NA,NA,NA,"0.017",0.9,78,58,0.6,4.5
2020-03-30 05:00:00,101252.97,3,0,81.79,5.14,110,NA,101360,NA,NA,8005,NA,NA,1,NA,NA,0.254,10,5.6,2.2,NA,NA,NA,NA,NA,NA,-1.24,NA,-0.04,90076.76,0,0,0,-5.4,0,0,0,NA,NA,NA,NA,NA,NA,NA,NA,"0.009",0.9,134,72,-0.5,3.3
2020-03-30 06:00:00,101252.97,3,0,80.63,5.66,110,NA,101360,NA,NA,NA,NA,NA,806,952,NA,NA,10,NA,NA,NA,NA,NA,NA,NA,NA,-1.49,NA,-0.05,90076.76,0,0,0,-5.8,0,0,0,NA,NA,NA,NA,NA,NA,NA,NA,"0.008",1,92,63,0.3,2.2
2020-03-30 07:00:00,101252.97,3,0,80.63,5.66,120,NA,101380,NA,NA,NA,NA,NA,603,804,NA,NA,10,NA,NA,NA,1981.2,NA,NA,NA,NA,-1.49,NA,-0.05,90076.76,0,0,0,-5.6,0,0,0,NA,NA,NA,NA,NA,NA,NA,NA,"0.02",0.8,90,62,2.3,2.3
2020-03-30 08:00:00,101252.97,3,0,75.14,5.14,120,NA,101390,NA,1104,1003,NA,NA,604,803,NA,NA,10,NA,NA,NA,1828.8,NA,NA,NA,NA,-1.24,NA,-0.06,90076.76,0,0,0,-5.3,0,0,0,NA,NA,NA,NA,NA,NA,NA,NA,"0.026",1.3,292,47,4.3,2.3
2020-03-30 09:00:00,NA,NA,NA,NA,NA,NA,NA,NA,NA,NA,NA,NA,NA,NA,NA,NA,NA,NA,NA,NA,NA,NA,NA,NA,NA,NA,NA,NA,NA,NA,NA,NA,NA,NA,NA,NA,NA,NA,NA,NA,NA,NA,NA,NA,NA,"0.031",2.5,342,25,6.9,0.6
2020-03-30 10:00:00,101151.38,8,-0.6,56.72,5.14,120,9.005,101190,NA,NA,NA,NA,NA,706,902,NA,NA,10,NA,NA,NA,2286,NA,NA,NA,NA,4.47,NA,-0.7,89986.38,0,0,0,-9.5,0,0,0,NA,NA,NA,NA,NA,NA,NA,NA,"0.034",1.8,43,56,8.5,0
2020-03-30 11:00:00,101083.65,9,-0.6,49.51,6.69,160,NA,101130,NA,NA,6018,NA,NA,704,853.5,NA,NA,10,10,2.2,NA,2133.6,NA,NA,NA,NA,6.09,NA,-1.1,89926.13,0,0,0,-8.6,0,0,0,NA,NA,NA,NA,NA,NA,NA,NA,"0.041",2,189,52,10.2,0.9
2020-03-30 12:00:00,101015.92,11,-0.6,43.31,4.12,160,NA,101070,NA,NA,NA,NA,NA,654,754,NA,NA,10,NA,NA,NA,1981.2,NA,NA,NA,NA,7.73,NA,-1.11,89865.88,0,0,0,-11,0,0,0,NA,NA,NA,NA,NA,NA,NA,NA,"0.045",3.5,184,28,10.7,0.8
2020-03-30 13:00:00,101015.92,11,-1.1,40.54,5.66,220,9.775,101060,NA,1153.5,NA,NA,NA,603,803,NA,NA,10,NA,NA,NA,1981.2,NA,NA,NA,NA,NA,NA,-1.11,89865.88,0,0,0,-10.9,0,0,0,NA,NA,NA,NA,NA,NA,NA,NA,"0.045",4,181,23,10.7,0.6
2020-03-30 14:00:00,100948.2,12,-1.7,40.54,6.17,190,13.12,100970,NA,904,8012,NA,NA,603,804,NA,NA,10,NA,NA,NA,1828.8,NA,NA,NA,NA,NA,NA,-1.11,89805.63,0,0,0,-11.6,0,0,0,NA,NA,NA,NA,NA,NA,NA,NA,"0.044",4.2,182,24,11.2,0.1
2020-03-30 15:00:00,100880.47,13,-2.2,36.63,8.23,210,12.35,100880,NA,1103.5,NA,NA,NA,602,753.5,NA,NA,10,NA,NA,NA,1981.2,NA,NA,NA,NA,NA,NA,-2.11,89745.38,0,0,0,-12.2,0,0,0,NA,NA,NA,NA,NA,NA,NA,NA,"0.044",4.9,174,24,12,0.1
2020-03-30 16:00:00,100778.88,13,-4.4,32.75,5.66,210,9.26,100780,NA,NA,NA,NA,NA,752,1203,NA,NA,10,NA,NA,13.89,3657.6,NA,NA,NA,220,NA,NA,-3.11,89655,0,0,0,-12.5,0,0,0,NA,NA,NA,NA,NA,NA,NA,NA,"0.044",5.9,192,32,11,0.6
2020-03-30 17:00:00,100846.605,12.1,2.8,31.76,7.205,245,13.89,101230,2481,1004,3013,0.254,NA,559,877.5,0.508,NA,10,13.9,4.4,23.15,2286,0,NA,NA,290,-0.935,NA,-4.115,89715.25,0,0,0,-11.6,0,0,0,NA,NA,NA,NA,NA,NA,NA,NA,"0.037",2.7,237,48,4.6,-0.3
2020-03-30 18:00:00,101117.52,5,2.5,86.89,3.345,325,NA,101310,13,629,NA,0.254,NA,483,554,NA,NA,10,NA,NA,NA,1463.04,NA,NA,NA,NA,2.27,NA,2.97,89956.26,0,0,0,-6.9,0,0,0,NA,NA,NA,NA,NA,NA,NA,NA,"0.038",1.5,227,31,4,0
2020-03-30 19:00:00,101185.24,5,1.7,80.92,2.06,20,NA,101330,13,NA,NA,0.025,NA,474,484,NA,NA,10,NA,NA,NA,1432.56,NA,NA,NA,NA,3.075,NA,1.96,90016.51,0,0,0,-7.6,0,0,0,NA,NA,NA,NA,NA,NA,NA,NA,"0.039",0.9,272,47,4,1.3
2020-03-30 20:00:00,101202.175,4,1.1,80.78,3.09,335,NA,101400,13,444,1015,0.254,0.508,276,345,NA,NA,10,NA,NA,NA,1371.6,NA,NA,NA,NA,1.24,NA,0.965,90031.575,0,0,0,-7.1,0,0,0,NA,NA,NA,NA,NA,NA,NA,NA,"0.041",2.3,7,36,2.2,3.3
2020-03-30 21:00:00,101269.905,3,0.6,86.68,2.315,320,NA,101420,1253,494,NA,0.762,NA,206,394,NA,NA,10,NA,NA,NA,1066.8,NA,NA,NA,NA,0.605,NA,0.97,90091.825,0,0,0,-7,0,0,0,NA,NA,NA,NA,NA,NA,NA,NA,"0.04",1.4,99,23,1.9,3.8
2020-03-30 22:00:00,101252.97,3,0,80.63,1.54,50,NA,101380,NA,729,NA,NA,NA,704,679,NA,NA,10,NA,NA,NA,2133.6,NA,NA,NA,NA,1.29,NA,-0.05,90076.76,0,0,0,-7.5,0,0,1,NA,NA,NA,NA,NA,NA,NA,NA,"0.038",1.2,137,36,2.1,1.1
2020-03-30 23:00:00,101252.97,3,0,80.63,2.57,190,NA,101350,NA,729,1,NA,NA,506,653.5,1.27,NA,10,5,2.8,NA,2286,NA,NA,NA,NA,0.47,NA,-0.05,90076.76,0,0,0,-7.6,0,0,0,NA,NA,NA,NA,NA,NA,NA,NA,"0.042",1.2,215,36,2.3,0
2020-03-31,101252.97,3,0,80.63,0,0,NA,101370,NA,1004,NA,NA,NA,373,803,NA,NA,10,NA,NA,NA,2438.4,NA,13.9,2.2,NA,0.97,NA,-0.05,90076.76,0,0,0,-8.2,0,0,1,NA,NA,NA,NA,NA,NA,NA,NA,"0.039",1,259,56,1.9,0.3
2020-03-31 01:00:00,101252.97,2,-0.6,81.7,1.54,30,NA,101340,NA,1104,NA,NA,NA,386,954,NA,NA,10,NA,NA,NA,2743.2,NA,NA,NA,NA,0.47,NA,-0.64,90076.76,0,0,0,-7,0,0,1,NA,NA,NA,NA,NA,NA,NA,NA,"0.035",1.3,306,44,1.6,1.1
2020-03-31 02:00:00,101286.84,2,0,86.58,0,0,NA,101370,NA,NA,3003,NA,NA,754,1004,NA,NA,10,NA,NA,NA,2286,NA,NA,NA,NA,-0.2,NA,-0.03,90106.89,0,0,0,-7.3,0,0,1,NA,NA,NA,NA,NA,NA,NA,NA,"0.035",1,123,59,1.5,1.5
2020-03-31 03:00:00,101286.84,2,-0.6,86.58,2.57,110,NA,101340,NA,NA,NA,NA,NA,1102,1104,NA,NA,10,NA,NA,NA,3352.8,NA,NA,NA,NA,-0.72,NA,-0.03,90106.89,0,0,0,-7.4,0,0,0,NA,NA,NA,NA,NA,NA,NA,NA,"0.023",0.5,333,85,0.7,2
2020-03-31 04:00:00,101252.97,1,-1.1,86.48,2.57,130,NA,101310,NA,NA,NA,NA,NA,1,NA,NA,NA,10,NA,NA,NA,NA,NA,NA,NA,NA,-1.91,NA,-1.03,90076.76,0,0,0,-6.4,0,0,0,NA,NA,NA,NA,NA,NA,NA,NA,"0.023",0.9,329,54,0.7,2.2
2020-03-31 05:00:00,101252.97,1,0,86.48,3.09,110,NA,101440,NA,NA,5002,NA,NA,554,NA,NA,1.778,10,2.8,0.6,NA,1676.4,NA,NA,NA,NA,-1.91,NA,-1.03,90076.76,0,0,0,-6.5,0,0,0,NA,NA,NA,NA,NA,NA,NA,NA,"0.021",1.1,70,66,0.4,1.2
2020-03-31 06:00:00,101219.11,1.1,-0.6,86.48,2.57,120,NA,101390,NA,NA,NA,NA,NA,554,753,NA,NA,10,NA,NA,NA,1676.4,NA,NA,NA,NA,-1.79,NA,-1.03,90046.64,0,0,0,-6.4,0,0,0,NA,NA,NA,NA,NA,NA,NA,NA,"0.01",1,214,61,-0.1,1.4
2020-03-31 07:00:00,101219.11,1,-0.6,86.48,3.09,140,NA,101390,NA,1004,NA,NA,NA,506,928.5,NA,NA,10,NA,NA,NA,3352.8,NA,NA,NA,NA,-2.38,NA,-1.03,90046.64,0,0,0,-6.7,0,0,0,NA,NA,NA,NA,NA,NA,NA,NA,"0.02",1.1,342,50,0.9,4.5
2020-03-31 08:00:00,101185.24,1,0.3,86.48,3.09,110,NA,101350,2500,729,6009,0.025,0.025,443,704,NA,NA,9.5,NA,NA,NA,1341.12,NA,NA,NA,NA,-2.38,NA,-1.03,90016.51,0,0,0,-6.4,0,0,0,NA,NA,NA,NA,NA,NA,NA,NA,"0.029",1.4,268,37,1.7,5.5
2020-03-31 09:00:00,101117.52,3,0,80.63,3.09,160,NA,101280,NA,NA,NA,NA,NA,382,654,NA,NA,10,NA,NA,NA,1828.8,NA,NA,NA,NA,0.03,NA,-0.05,89956.26,0,0,0,-7.4,0,0,0,NA,NA,NA,NA,NA,NA,NA,NA,"0.031",1.2,290,63,2.3,4
2020-03-31 10:00:00,101049.79,3,0.3,80.63,3.09,140,NA,101210,NA,779,NA,NA,NA,252,653,NA,NA,10,NA,NA,NA,1828.8,NA,NA,NA,NA,0.47,NA,-0.05,89896.01,0,0,0,-6.7,0,0,0,NA,NA,NA,NA,NA,NA,NA,NA,"0.032",1,307,50,2.6,1.6
2020-03-31 11:00:00,101015.92,4,0.6,80.78,3.6,130,NA,101170,13,604,6016,0.025,NA,446,603,0.025,NA,10,4.4,0.6,NA,1828.8,NA,NA,NA,NA,0.88,NA,0.96,89865.88,0,0,0,-7.3,0,0,0,NA,NA,NA,NA,NA,NA,NA,NA,"0.035",1.2,345,50,3.3,0.8
2020-03-31 12:00:00,101015.92,4,-1.7,75.14,1.54,130,NA,101210,20,489,NA,0.1395,NA,172,394,NA,NA,10,NA,NA,NA,990.6,NA,NA,NA,NA,2.14,NA,-0.06,89865.88,0,0,0,-6.2,0,0,1,NA,NA,NA,NA,NA,NA,NA,NA,"0.04",3.2,35,35,1.5,3.1
2020-03-31 13:00:00,101015.92,3.45,-0.3,75.405,1.8,105,NA,101100,20,604,NA,0.025,NA,406,502,NA,NA,10,NA,NA,NA,1676.4,0,NA,NA,NA,0.56,NA,-0.35,89865.88,0,0,0,-7.65,0,0,1,NA,NA,NA,NA,NA,NA,NA,NA,"0.042",3.1,97,18,3.2,2.6
2020-03-31 14:00:00,100846.6,5,-0.3,69.955,4.12,130,NA,100990,NA,1103,8015,NA,0.254,689,1003,NA,NA,10,NA,NA,NA,3048,0,NA,NA,NA,1.945,NA,-0.075,89715.25,0,0,0,-8.1,0,0,0,NA,NA,NA,NA,NA,NA,NA,NA,"0.044",1.7,224,58,4.6,0.3
2020-03-31 15:00:00,100812.74,6,0,56.46,4.12,145,10.8,101090,2500,504,NA,0.025,NA,452.5,503.5,NA,NA,10,NA,NA,NA,1402.08,0,NA,NA,NA,3.02,NA,-2.1,89685.12,0,0,0,-4.6,0,0,0,NA,NA,NA,NA,NA,NA,NA,NA,"0.041",2.6,2,33,2.6,0
2020-03-31 16:00:00,100880.47,3,0.6,86.68,2.57,180,NA,101090,2500,604,NA,0.762,NA,232,492,NA,NA,10,NA,NA,NA,1737.36,NA,NA,NA,NA,1.29,NA,0.75,89745.38,0,0,0,-5.8,0,0,0,NA,NA,NA,NA,NA,NA,NA,NA,"0.04",2.2,21,32,2.4,2.1
2020-03-31 17:00:00,100948.2,3,-0.6,74.96,5.4,280,12.35,101150,20,754,3005,0.025,NA,294.5,434,1.016,NA,5,6.1,1.1,NA,1051.56,0,NA,NA,NA,-0.45,NA,-1.06,89805.63,0,0,0,-6.8,0,0,0,NA,NA,NA,NA,NA,NA,NA,NA,"0.043",2.2,94,32,2.8,2.1
2020-03-31 18:00:00,100982.06,3,NA,74.96,2.57,40,NA,NA,NA,904,NA,NA,NA,386,492,NA,NA,10,NA,NA,NA,2743.2,NA,NA,NA,NA,0.47,NA,-1.06,89835.75,0,0,0,-8.1,0,0,0,NA,NA,NA,NA,NA,NA,NA,NA,"0.043",2.8,314,36,2.2,0.3
2020-03-31 19:00:00,NA,NA,NA,NA,NA,NA,NA,NA,NA,NA,NA,NA,NA,NA,NA,NA,NA,NA,NA,NA,NA,NA,NA,NA,NA,NA,NA,NA,NA,NA,NA,NA,NA,NA,NA,NA,NA,NA,NA,NA,NA,NA,NA,NA,NA,"0.038",1.5,138,57,0.9,2.3
2020-03-31 20:00:00,NA,NA,NA,NA,NA,NA,NA,NA,NA,NA,NA,NA,NA,NA,NA,NA,NA,NA,NA,NA,NA,NA,NA,NA,NA,NA,NA,NA,NA,NA,NA,NA,NA,NA,NA,NA,NA,NA,NA,NA,NA,NA,NA,NA,NA,"0.039",1.2,70,76,0.7,1.8
2020-03-31 21:00:00,NA,NA,NA,NA,NA,NA,NA,NA,NA,NA,NA,NA,NA,NA,NA,NA,NA,NA,NA,NA,NA,NA,NA,NA,NA,NA,NA,NA,NA,NA,NA,NA,NA,NA,NA,NA,NA,NA,NA,NA,NA,NA,NA,NA,NA,"0.034",1.3,236,47,0.4,1.8
2020-03-31 22:00:00,NA,NA,NA,NA,NA,NA,NA,NA,NA,NA,NA,NA,NA,NA,NA,NA,NA,NA,NA,NA,NA,NA,NA,NA,NA,NA,NA,NA,NA,NA,NA,NA,NA,NA,NA,NA,NA,NA,NA,NA,NA,NA,NA,NA,NA,"0.04",2.1,218,25,0.4,2.4
2020-03-31 23:00:00,NA,NA,NA,NA,NA,NA,NA,NA,NA,NA,NA,NA,NA,NA,NA,NA,NA,NA,NA,NA,NA,NA,NA,NA,NA,NA,NA,NA,NA,NA,NA,NA,NA,NA,NA,NA,NA,NA,NA,NA,NA,NA,NA,NA,NA,"0.04",1.6,267,36,0,1.2
