"Date_Time","altimeter_set_1","air_temp_set_1","dew_point_temperature_set_1","relative_humidity_set_1","wind_speed_set_1","wind_direction_set_1","wind_gust_set_1","sea_level_pressure_set_1","weather_cond_code_set_1","cloud_layer_3_code_set_1","pressure_tendency_set_1","precip_accum_one_hour_set_1","precip_accum_three_hour_set_1","cloud_layer_1_code_set_1","cloud_layer_2_code_set_1","precip_accum_six_hour_set_1","precip_accum_24_hour_set_1","visibility_set_1","air_temp_high_6_hour_set_1","air_temp_low_6_hour_set_1","peak_wind_speed_set_1","ceiling_set_1","pressure_change_code_set_1","air_temp_high_24_hour_set_1","air_temp_low_24_hour_set_1","peak_wind_direction_set_1","wind_chill_set_1d","heat_index_set_1d","dew_point_temperature_set_1d","pressure_set_1d","temp_flag","wind_flag","spike_flag","dT_mt_over_valley","SBI_flag_1","SBI_flag_2","calm_flag","Event_ID_1","Event_ID_2","event_hours_1","Event_Start_1","Event_Stop_1","event_hours_2","Event_Start_2","Event_Stop_2","ozone","ws","wd","sig","tempamb","pm25"
2019-01-01,102776.85,-12,-16.1,71.81,3.09,140,NA,103390,NA,NA,NA,NA,NA,504,NA,NA,NA,10,NA,NA,NA,1524,NA,NA,NA,NA,-18.03,NA,-17.07,91432.44,0,0,0,-3.5,0,0,0,NA,NA,NA,NA,NA,NA,NA,NA,NA,1.4,235,37,-13.5,14.4
2019-01-01 01:00:00,102810.71,-12,-16.7,66.23,4.63,130,NA,103380,NA,NA,5003,NA,NA,504,NA,NA,NA,10,NA,NA,NA,1524,NA,NA,NA,NA,-19.61,NA,-17.08,91462.56,0,0,0,-3.1,0,0,0,NA,NA,NA,NA,NA,NA,NA,NA,NA,1.2,347,54,-13.2,13.7
2019-01-01 02:00:00,102844.57,-12,-16.7,66.23,3.6,150,NA,103380,NA,NA,NA,NA,NA,494,NA,NA,NA,10,NA,NA,NA,1493.52,NA,NA,NA,NA,-18.61,NA,-17.08,91492.68,0,0,0,-3.2,0,0,0,NA,NA,NA,NA,NA,NA,NA,NA,NA,1.1,320,57,-13.3,11
2019-01-01 03:00:00,102776.85,-12,-17.2,66.23,5.66,150,NA,103360,NA,NA,NA,NA,NA,484,NA,NA,NA,10,NA,NA,NA,1463.04,NA,NA,NA,NA,-20.44,NA,-17.08,91432.44,0,0,0,-4.3,0,0,0,NA,NA,NA,NA,NA,NA,NA,NA,NA,1.1,312,65,-13.2,9.7
2019-01-01 04:00:00,102709.12,-12,-17.2,66.23,5.66,150,NA,103290,NA,NA,8014,NA,NA,464,NA,NA,NA,10,-11.7,-13.3,NA,1402.08,NA,NA,NA,NA,-20.44,NA,-17.08,91372.18,0,0,0,-3.5,0,0,0,NA,NA,NA,NA,NA,NA,NA,NA,NA,1,318,60,-13.4,10.7
2019-01-01 05:00:00,102709.12,-12,-17.8,60.85,3.6,160,NA,103380,NA,NA,NA,NA,NA,464,NA,NA,NA,10,NA,NA,NA,1402.08,NA,NA,NA,NA,-18.61,NA,-18.09,91372.18,0,0,0,-4,0,0,0,NA,NA,NA,NA,NA,NA,NA,NA,NA,1.3,311,64,-13.3,9.5
2019-01-01 06:00:00,102709.12,-13,-16.7,71.81,2.06,150,NA,103360,NA,NA,NA,NA,NA,456,604,NA,NA,10,NA,NA,NA,1524,NA,NA,NA,NA,-18.12,NA,-17.07,91372.18,0,0,0,-3.4,0,0,0,NA,NA,NA,NA,NA,NA,NA,NA,NA,1.8,233,31,-14.1,5.2
2019-01-01 07:00:00,102742.98,-12,-15.6,72.03,1.54,140,NA,103450,20,NA,1007,0.025,0.025,504,654,NA,NA,5,NA,NA,NA,1524,NA,NA,NA,NA,-16.605,NA,-16.07,91402.31,0,0,0,-4.2,0,0,1,NA,NA,NA,NA,NA,NA,NA,NA,NA,1.1,231,43,-14,4.2
2019-01-01 08:00:00,102742.98,-13,-15.6,78.1,1.54,200,NA,103430,20,NA,NA,0.025,NA,504,NA,NA,NA,4,NA,NA,NA,1524,NA,NA,NA,NA,-16.67,NA,-16.05,91402.31,0,0,0,-2.1,0,0,1,NA,NA,NA,NA,NA,NA,NA,NA,NA,0.9,139,54,-13.7,6.1
2019-01-01 09:00:00,102776.85,-12,-15.6,72.03,0,0,NA,103450,20,654,NA,0.025,NA,554,503,NA,NA,9,NA,NA,NA,1828.8,NA,NA,NA,NA,-15.645,NA,-16.07,91432.44,0,0,0,-2,0,0,1,NA,NA,NA,NA,NA,NA,NA,NA,NA,1.2,134,48,-13.1,6.9
2019-01-01 10:00:00,102810.71,-12,-14.4,78.27,0,0,NA,103440,20,NA,3007,0.025,NA,554,NA,0.025,NA,8,-11.7,-12.8,NA,1676.4,NA,NA,NA,NA,-15.53,NA,-15.05,91462.56,0,0,0,-0.9,0,0,1,NA,NA,NA,NA,NA,NA,NA,NA,NA,0.9,202,57,-11.9,7.1
2019-01-01 11:00:00,102810.71,-12,-14.4,84.99,0,0,NA,103400,NA,NA,NA,0.025,NA,504,NA,NA,NA,10,NA,NA,NA,1524,NA,NA,NA,NA,-15.53,NA,-14.04,91462.56,0,0,0,-0.4,0,0,1,NA,NA,NA,NA,NA,NA,NA,NA,NA,1,207,65,-10.8,6.6
2019-01-01 12:00:00,102776.85,-11,-14.4,78.44,0,0,NA,103390,NA,NA,NA,NA,NA,444,484,NA,NA,10,NA,NA,NA,1341.12,NA,NA,NA,NA,-14.39,NA,-14.05,91432.44,0,0,0,-0.5,0,0,1,NA,NA,NA,NA,NA,NA,NA,NA,NA,1.1,137,59,-10.1,6.4
2019-01-01 13:00:00,102709.12,-11,-13.9,78.44,0,0,NA,103260,NA,NA,8015,NA,0.025,424,NA,NA,NA,10,NA,NA,NA,1280.16,NA,NA,NA,NA,-14.39,NA,-14.05,91372.18,0,0,0,-0.5,0,0,1,NA,NA,NA,NA,NA,NA,NA,NA,NA,1.1,158,49,-10,7.4
2019-01-01 14:00:00,102641.39,-10,-14.4,72.44,0,0,NA,103250,NA,NA,NA,NA,NA,394,NA,NA,NA,10,NA,NA,NA,1188.72,NA,NA,NA,NA,NA,NA,-14.07,91311.93,0,0,0,-1,0,0,1,NA,NA,NA,NA,NA,NA,NA,NA,NA,1,203,59,-9.5,6.9
2019-01-01 15:00:00,102675.25,-9,-14.4,66.95,0,0,NA,103300,NA,NA,NA,NA,NA,374,444,NA,NA,10,NA,NA,NA,1127.76,NA,NA,NA,NA,-13.14,NA,-14.08,91342.05,0,0,0,-2.3,0,0,1,NA,NA,NA,NA,NA,NA,NA,NA,NA,0.9,304,84,-9.4,5.4
2019-01-01 16:00:00,102675.25,-9,-13.9,66.95,0,0,NA,103290,NA,NA,3003,NA,NA,434,NA,0.025,NA,10,-9.4,-11.7,NA,1310.64,NA,NA,NA,NA,NA,NA,-14.08,91342.05,0,0,0,-1.8,0,0,1,NA,NA,NA,NA,NA,NA,NA,NA,NA,0.9,202,53,-9.4,4.2
2019-01-01 17:00:00,102675.25,-9,-13.3,72.65,0,0,NA,103250,20,NA,NA,0.025,NA,364,NA,NA,NA,10,NA,NA,NA,1097.28,NA,NA,NA,NA,-12.1,NA,-13.07,91342.05,0,0,0,-2.4,0,0,1,NA,NA,NA,NA,NA,NA,NA,NA,NA,1,286,48,-9.6,6.1
2019-01-01 18:00:00,102641.39,-9,-13.3,72.65,0,0,NA,103250,NA,NA,NA,NA,NA,344,NA,NA,NA,10,NA,NA,NA,1036.32,NA,NA,NA,NA,-12.1,NA,-13.07,91311.93,0,0,0,-2.4,0,0,1,NA,NA,NA,NA,NA,NA,NA,NA,NA,1.1,260,46,-9.5,10.2
2019-01-01 19:00:00,102641.39,-9,-12.8,72.65,0,0,NA,103190,NA,NA,8008,NA,0.025,374,NA,NA,NA,10,NA,NA,NA,1127.76,NA,NA,NA,NA,-12.1,NA,-13.07,91311.93,0,0,0,-2.1,0,0,1,NA,NA,NA,NA,NA,NA,NA,NA,NA,1.1,254,44,-9.5,10.3
2019-01-01 20:00:00,102573.66,-9,-12.8,72.65,0,0,NA,103160,NA,NA,NA,NA,NA,374,NA,NA,NA,10,NA,NA,NA,1127.76,NA,NA,NA,NA,-12.1,NA,-13.07,91251.67,0,0,0,-1.8,0,0,1,NA,NA,NA,NA,NA,NA,NA,NA,NA,0.9,253,48,-9.6,8
2019-01-01 21:00:00,102573.66,-9,-12.8,72.65,1.54,250,NA,103110,NA,NA,NA,NA,NA,374,NA,NA,NA,10,NA,NA,NA,1127.76,NA,NA,NA,NA,-12.1,NA,-13.07,91251.67,0,0,0,-1.8,0,0,1,NA,NA,NA,NA,NA,NA,NA,NA,NA,1,249,44,-9.6,7.4
2019-01-01 22:00:00,102505.93,-9,-12.8,72.65,0,0,NA,103120,NA,NA,5005,NA,NA,384,NA,0.025,NA,10,-8.9,-9.4,NA,1158.24,NA,NA,NA,NA,-12.045,NA,-13.07,91191.42,0,0,0,-1.5,0,0,1,NA,NA,NA,NA,NA,NA,NA,NA,NA,1,235,43,-9.6,8
2019-01-01 23:00:00,102539.8,-9,-12.2,72.85,0,0,NA,103120,NA,NA,NA,NA,NA,384,NA,NA,NA,10,NA,NA,NA,1158.24,NA,-8.3,-12.8,NA,-11.53,NA,-12.07,91221.55,0,0,0,-0.9,0,0,1,NA,NA,NA,NA,NA,NA,NA,NA,NA,0.8,227,49,-9.4,7.8
2019-01-02,102539.8,-8,-12.2,72.85,0,0,NA,103100,NA,NA,NA,NA,NA,354,NA,NA,NA,10,NA,NA,NA,1066.8,NA,NA,NA,NA,-11.53,NA,-12.07,91221.55,0,0,0,-1.7,0,0,1,NA,NA,NA,NA,NA,NA,NA,NA,NA,1.2,229,37,-9.2,8.5
2019-01-02 01:00:00,102607.53,-8,-12.2,67.19,0,0,NA,103140,NA,NA,3004,NA,NA,354,NA,NA,NA,10,NA,NA,NA,1066.8,NA,NA,NA,NA,-10.96,NA,-13.08,91281.81,0,0,0,-1.4,0,0,1,NA,NA,NA,NA,NA,NA,NA,NA,NA,1,207,42,-9,9.3
2019-01-02 02:00:00,102607.53,-8,-12.2,72.85,0,0,NA,103180,NA,NA,NA,NA,NA,364,414,NA,NA,10,NA,NA,NA,1127.76,NA,NA,NA,NA,-10.96,NA,-12.07,91281.81,0,0,0,-0.6,0,0,1,NA,NA,NA,NA,NA,NA,NA,NA,NA,0.8,199,49,-8.7,11.7
2019-01-02 03:00:00,102641.39,-8,-11.7,72.85,0,0,NA,103160,NA,NA,NA,NA,NA,444,NA,NA,NA,10,NA,NA,NA,1341.12,NA,NA,NA,NA,-10.96,NA,-12.07,91311.93,0,0,0,-0.300000000000001,0,0,1,NA,NA,NA,NA,NA,NA,NA,NA,NA,0.9,215,54,-8.4,12.2
2019-01-02 04:00:00,102573.66,-8,-12.2,72.85,1.54,140,NA,103060,NA,NA,8006,NA,NA,394,NA,NA,NA,10,-7.2,-8.9,NA,1188.72,NA,NA,NA,NA,-10.96,NA,-12.07,91251.67,0,0,0,0.0999999999999996,0,1,1,NA,NA,NA,NA,NA,1,2019-01-02 04:00:00,2019-01-02 04:00:00,NA,0.9,202,50,-8.2,8.3
2019-01-02 05:00:00,102505.93,-7,-11.7,67.42,0,0,NA,103020,NA,NA,NA,NA,NA,344,364,NA,NA,10,NA,NA,NA,1036.32,NA,NA,NA,NA,NA,NA,-12.08,91191.42,0,0,0,-0.7,0,0,1,NA,NA,NA,NA,NA,NA,NA,NA,NA,0.8,260,62,-8,8.5
2019-01-02 06:00:00,102505.93,-7,-11.1,73.06,1.54,280,NA,103000,NA,NA,NA,NA,NA,296,374,NA,NA,10,NA,NA,NA,1127.76,NA,NA,NA,NA,-10.04,NA,-11.17,91191.42,0,0,0,0,0,1,1,NA,2,NA,NA,NA,11,2019-01-02 06:00:00,2019-01-02 16:00:00,NA,1.1,275,43,-7.9,10
2019-01-02 07:00:00,102505.93,-7,-11.1,73.06,0,0,NA,103040,NA,NA,5001,NA,NA,414,NA,NA,NA,10,NA,NA,NA,1249.68,NA,NA,NA,NA,NA,NA,-11.07,91191.42,0,0,0,0.3,0,1,1,NA,2,NA,NA,NA,11,2019-01-02 06:00:00,2019-01-02 16:00:00,NA,1,222,39,-7.7,9.3
2019-01-02 08:00:00,102505.93,-7,-10.6,73.06,1.54,250,NA,103020,NA,NA,NA,NA,NA,454,NA,NA,NA,10,NA,NA,NA,1371.6,NA,NA,NA,NA,-9.82,NA,-11.07,91191.42,0,0,0,0.7,1,1,1,1,2,7,2019-01-02 08:00:00,2019-01-02 14:00:00,11,2019-01-02 06:00:00,2019-01-02 16:00:00,NA,0.9,235,45,-7.5,10.5
2019-01-02 09:00:00,102438.21,-7,-10,73.06,0,0,NA,102950,NA,NA,NA,NA,NA,464,NA,NA,NA,10,NA,NA,NA,1402.08,NA,NA,NA,NA,-9.82,NA,-11.07,91131.18,0,0,0,0.9,1,1,1,1,2,7,2019-01-02 08:00:00,2019-01-02 14:00:00,11,2019-01-02 06:00:00,2019-01-02 16:00:00,NA,0.9,205,48,-6.6,11.2
2019-01-02 10:00:00,102438.21,-6,-10,73.25,0,0,NA,102930,NA,NA,6008,NA,NA,474,NA,NA,NA,10,-5,-7.2,NA,1432.56,NA,NA,NA,NA,-9.82,NA,-10.07,91131.18,0,0,0,0.9,1,1,1,1,2,7,2019-01-02 08:00:00,2019-01-02 14:00:00,11,2019-01-02 06:00:00,2019-01-02 16:00:00,NA,0.9,232,45,-6.1,10.3
2019-01-02 11:00:00,102370.48,-6,-10.6,70.38,0,0,NA,102850,NA,NA,NA,NA,NA,1,NA,NA,NA,10,NA,NA,NA,NA,NA,NA,NA,NA,-9.82,NA,-11.07,91070.92,0,0,0,1.8,1,1,1,1,2,7,2019-01-02 08:00:00,2019-01-02 14:00:00,11,2019-01-02 06:00:00,2019-01-02 16:00:00,NA,0.9,140,55,-3,12.7
2019-01-02 12:00:00,102302.75,-4,-10,62.95,0,0,NA,102720,NA,NA,NA,NA,NA,412,NA,NA,NA,10,NA,NA,NA,NA,NA,NA,NA,NA,-6.39,NA,-10.09,91010.67,0,0,0,1.1,1,1,1,1,2,7,2019-01-02 08:00:00,2019-01-02 14:00:00,11,2019-01-02 06:00:00,2019-01-02 16:00:00,NA,1,152,49,-1.6,12.4
2019-01-02 13:00:00,102201.16,-5,-10,62.95,0,0,NA,102620,NA,NA,8025,NA,NA,1,NA,NA,NA,10,NA,NA,NA,NA,NA,NA,NA,NA,-7.53,NA,-10.09,90920.29,0,0,0,2.9,1,1,1,1,2,7,2019-01-02 08:00:00,2019-01-02 14:00:00,11,2019-01-02 06:00:00,2019-01-02 16:00:00,NA,1.2,245,44,-2,10.5
2019-01-02 14:00:00,102099.57,-4,-9.4,68.11,0,0,NA,102530,NA,NA,NA,NA,NA,456,NA,NA,NA,10,NA,NA,NA,1371.6,NA,NA,NA,NA,NA,NA,-9.08,90829.91,0,0,0,2.5,1,1,1,1,2,7,2019-01-02 08:00:00,2019-01-02 14:00:00,11,2019-01-02 06:00:00,2019-01-02 16:00:00,NA,0.9,138,65,-1.4,10.2
2019-01-02 15:00:00,102065.7,-3,-8.3,63.2,0,0,NA,102500,NA,NA,NA,NA,NA,414,NA,NA,NA,10,NA,NA,NA,1249.68,NA,NA,NA,NA,-5.59,NA,-9.09,90799.78,0,0,0,0.4,0,1,1,NA,2,NA,NA,NA,11,2019-01-02 06:00:00,2019-01-02 16:00:00,NA,0.9,184,67,-1.4,10.5
2019-01-02 16:00:00,102065.7,-3,-7.8,68.34,1.54,195,NA,102460,NA,NA,6011,NA,NA,424,NA,NA,NA,10,-2.8,-6.7,NA,1280.16,NA,NA,NA,NA,-5.25,NA,-8.08,90799.78,0,0,0,0.1,0,1,1,NA,2,NA,NA,NA,11,2019-01-02 06:00:00,2019-01-02 16:00:00,NA,1,214,62,-2.2,10.7
2019-01-02 17:00:00,102031.84,-3,-7.2,68.34,0,0,NA,102430,NA,NA,NA,NA,NA,444,NA,NA,NA,10,NA,NA,NA,1341.12,NA,NA,NA,NA,-5.25,NA,-8.08,90769.66,0,0,0,-0.1,0,0,1,NA,NA,NA,NA,NA,NA,NA,NA,NA,1.4,231,67,-2.8,9.5
2019-01-02 18:00:00,101997.98,-3,-6.7,73.84,0,0,NA,102440,NA,NA,NA,NA,NA,454,NA,NA,NA,10,NA,NA,NA,1371.6,NA,NA,NA,NA,NA,NA,-7.07,90739.54,0,0,0,0,0,1,1,NA,3,NA,NA,NA,20,2019-01-02 18:00:00,2019-01-03 13:00:00,NA,1,254,64,-2.9,7.4
2019-01-02 19:00:00,101930.25,-4,-8.3,73.84,1.54,240,NA,102360,NA,NA,8010,NA,NA,474,904,NA,NA,10,NA,NA,NA,1432.56,NA,NA,NA,NA,-6.615,NA,-7.07,90679.28,0,0,0,1.1,1,1,1,2,3,19,2019-01-02 19:00:00,2019-01-03 13:00:00,20,2019-01-02 18:00:00,2019-01-03 13:00:00,NA,1,194,72,-3,10.7
2019-01-02 20:00:00,101930.25,-4,-7.8,73.65,2.06,300,NA,102350,NA,704,NA,NA,NA,464,553,NA,NA,10,NA,NA,NA,1402.08,NA,NA,NA,NA,-7.2,NA,-8.07,90679.28,0,0,0,1.2,1,1,0,2,3,19,2019-01-02 19:00:00,2019-01-03 13:00:00,20,2019-01-02 18:00:00,2019-01-03 13:00:00,NA,0.9,247,78,-3.7,11.2
2019-01-02 21:00:00,101930.25,-5,-8.3,79.42,2.06,290,NA,102380,NA,NA,NA,NA,NA,703,1103,NA,NA,10,NA,NA,NA,3352.8,NA,NA,NA,NA,-8.22,NA,-8.05,90679.28,0,0,0,2.3,1,1,0,2,3,19,2019-01-02 19:00:00,2019-01-03 13:00:00,20,2019-01-02 18:00:00,2019-01-03 13:00:00,NA,1.2,216,69,-4.4,6.7
2019-01-02 22:00:00,101930.25,-6,-8.9,79.42,1.54,100,NA,102350,NA,NA,8002,NA,NA,703,1203,NA,NA,10,-2.8,-6.7,NA,3657.6,NA,NA,NA,NA,-9.1,NA,-9.04,90679.28,0,0,0,3.2,1,1,1,2,3,19,2019-01-02 19:00:00,2019-01-03 13:00:00,20,2019-01-02 18:00:00,2019-01-03 13:00:00,NA,0.8,209,59,-4.9,16.7
2019-01-02 23:00:00,101862.52,-6,-8.9,79.26,0,0,NA,102310,NA,NA,NA,NA,NA,1102,NA,NA,NA,10,NA,NA,NA,NA,NA,-2.8,-8.9,NA,-8.73,NA,-9.05,90619.03,0,0,0,2.8,1,1,1,2,3,19,2019-01-02 19:00:00,2019-01-03 13:00:00,20,2019-01-02 18:00:00,2019-01-03 13:00:00,NA,1.3,189,54,-5.4,40.6
2019-01-03,101896.38,-5,-7.8,79.42,0,0,NA,102290,NA,NA,NA,NA,NA,1104,1104,NA,NA,10,NA,NA,NA,3352.8,NA,NA,NA,NA,-8.035,NA,-8.05,90649.15,0,0,0,1.8,1,1,1,2,3,19,2019-01-02 19:00:00,2019-01-03 13:00:00,20,2019-01-02 18:00:00,2019-01-03 13:00:00,NA,1.2,180,71,-5.4,24.3
2019-01-03 01:00:00,101862.52,-4,-7.8,73.65,0,0,NA,102270,NA,NA,6004,NA,NA,1202,NA,NA,NA,10,NA,NA,NA,3352.8,NA,NA,NA,NA,-7.2,NA,-8.07,90619.03,0,0,0,1.3,1,1,1,2,3,19,2019-01-02 19:00:00,2019-01-03 13:00:00,20,2019-01-02 18:00:00,2019-01-03 13:00:00,NA,0.8,173,77,-4.9,16.7
2019-01-03 02:00:00,101862.52,-4,-7.2,79.58,0,0,NA,102270,NA,NA,NA,NA,NA,504,1202,NA,NA,10,NA,NA,NA,1524,NA,NA,NA,NA,-6.39,NA,-7.05,90619.03,0,0,0,1.2,1,1,1,2,3,19,2019-01-02 19:00:00,2019-01-03 13:00:00,20,2019-01-02 18:00:00,2019-01-03 13:00:00,NA,0.9,216,71,-4.7,12.7
2019-01-03 03:00:00,101862.52,-5,-7.2,79.42,0,0,NA,102250,NA,NA,NA,NA,NA,504,NA,NA,NA,10,NA,NA,NA,1524,NA,NA,NA,NA,-7.53,NA,-8.05,90619.03,0,0,0,2.2,1,1,1,2,3,19,2019-01-02 19:00:00,2019-01-03 13:00:00,20,2019-01-02 18:00:00,2019-01-03 13:00:00,NA,1.1,222,51,-4.8,12.4
2019-01-03 04:00:00,101828.66,-4,-6.7,79.58,0,0,NA,102170,NA,NA,8006,NA,NA,504,NA,NA,NA,10,-3.9,-6.7,NA,1524,NA,NA,NA,NA,-6.39,NA,-7.05,90588.91,0,0,0,1.3,1,1,1,2,3,19,2019-01-02 19:00:00,2019-01-03 13:00:00,20,2019-01-02 18:00:00,2019-01-03 13:00:00,NA,0.9,178,78,-4.7,10.5
2019-01-03 05:00:00,101794.79,-4,-6.7,79.58,0,0,NA,102160,NA,NA,NA,NA,NA,484,NA,NA,NA,10,NA,NA,NA,1463.04,NA,NA,NA,NA,-6.39,NA,-7.05,90558.78,0,0,0,1.3,1,1,1,2,3,19,2019-01-02 19:00:00,2019-01-03 13:00:00,20,2019-01-02 18:00:00,2019-01-03 13:00:00,NA,1,203,59,-4.8,10.7
2019-01-03 06:00:00,101693.2,-5,-7.8,79.42,1.54,120,NA,102090,NA,NA,NA,NA,NA,493,NA,NA,NA,10,NA,NA,NA,1493.52,NA,NA,NA,NA,-7.365,NA,-8.05,90468.4,0,0,0,2.5,1,1,1,2,3,19,2019-01-02 19:00:00,2019-01-03 13:00:00,20,2019-01-02 18:00:00,2019-01-03 13:00:00,NA,1.2,173,66,-5.2,11.7
2019-01-03 07:00:00,101693.2,-4,-7.8,79.58,0,0,NA,102050,NA,NA,8014,NA,NA,504,1203,NA,NA,10,NA,NA,NA,1524,NA,NA,NA,NA,-7.53,NA,-7.05,90468.4,0,0,0,1.7,1,1,1,2,3,19,2019-01-02 19:00:00,2019-01-03 13:00:00,20,2019-01-02 18:00:00,2019-01-03 13:00:00,NA,1.2,201,65,-5.7,11.9
2019-01-03 08:00:00,101659.34,-6,-7.8,85.71,1.54,20,NA,102090,NA,NA,NA,NA,NA,1,1202,NA,NA,9,NA,NA,NA,3657.6,NA,NA,NA,NA,-8.85,NA,-8.04,90438.28,0,0,0,3.7,1,1,1,2,3,19,2019-01-02 19:00:00,2019-01-03 13:00:00,20,2019-01-02 18:00:00,2019-01-03 13:00:00,NA,1.4,181,69,-5.8,13.2
2019-01-03 09:00:00,101693.2,-6,-8.3,85.71,1.54,270,NA,102130,NA,NA,NA,NA,NA,552,NA,NA,NA,8,NA,NA,NA,1524,NA,NA,NA,NA,-8.67,NA,-8.04,90468.4,0,0,0,3.8,1,1,1,2,3,19,2019-01-02 19:00:00,2019-01-03 13:00:00,20,2019-01-02 18:00:00,2019-01-03 13:00:00,NA,1.4,201,61,-4.8,13.2
2019-01-03 10:00:00,101693.2,-3,-5.6,79.42,0,0,NA,102050,NA,NA,4,NA,NA,504,NA,NA,NA,8,-0.6,-6.1,NA,1524,NA,NA,NA,NA,-4.585,NA,-6.08,90468.4,0,0,0,1.3,1,1,1,2,3,19,2019-01-02 19:00:00,2019-01-03 13:00:00,20,2019-01-02 18:00:00,2019-01-03 13:00:00,NA,1.2,246,62,-2.7,16.7
2019-01-03 11:00:00,101625.47,-1,-5,74.22,1.54,120,NA,101960,NA,NA,NA,NA,NA,504,NA,NA,NA,10,NA,NA,NA,1524,NA,NA,NA,NA,-3.7,NA,-5.06,90408.14,0,0,0,0.5,1,1,1,2,3,19,2019-01-02 19:00:00,2019-01-03 13:00:00,20,2019-01-02 18:00:00,2019-01-03 13:00:00,NA,0.9,156,58,-0.5,18.4
2019-01-03 12:00:00,101557.75,-1.55,-5,74.03,1.8,275,NA,101870,NA,NA,NA,NA,NA,554,NA,NA,NA,8,NA,NA,NA,1676.4,NA,NA,NA,NA,-3.955,NA,-6.07,90347.9,0,0,0,0.75,1,1,1,2,3,19,2019-01-02 19:00:00,2019-01-03 13:00:00,20,2019-01-02 18:00:00,2019-01-03 13:00:00,NA,1.1,93,77,0.7,17.5
2019-01-03 13:00:00,101490.02,-1,-3.9,74.41,2.06,270,NA,101790,NA,NA,6021,NA,NA,554,NA,NA,NA,7,NA,NA,NA,1676.4,NA,NA,NA,NA,-3.7,NA,-4.06,90287.65,0,0,0,0.6,1,1,0,2,3,19,2019-01-02 19:00:00,2019-01-03 13:00:00,20,2019-01-02 18:00:00,2019-01-03 13:00:00,NA,1.5,253,53,1,17
2019-01-03 14:00:00,101456.15,1,-2.8,69.22,0,0,NA,101770,NA,NA,NA,NA,NA,504,854,NA,NA,10,NA,NA,NA,1524,NA,NA,NA,NA,-0.68,NA,-4.07,90257.51,0,0,0,-1.8,0,0,1,NA,NA,NA,NA,NA,NA,NA,NA,NA,1.1,207,77,1.6,15.9
2019-01-03 15:00:00,101490.02,2,-2.8,69.43,1.54,40,NA,101820,NA,NA,NA,NA,NA,494,854,NA,NA,9,NA,NA,NA,1493.52,NA,NA,NA,NA,-0.2,NA,-3.07,90287.65,0,0,0,-2.8,0,0,1,NA,NA,NA,NA,NA,NA,NA,NA,NA,1.1,119,72,1.9,23.5
2019-01-03 16:00:00,101490.02,3,-2.8,69.64,2.06,330,NA,101800,NA,NA,4,NA,NA,474,504,NA,NA,10,3.3,-2.2,NA,1432.56,NA,NA,NA,NA,0.47,NA,-2.07,90287.65,0,0,0,-4.3,0,0,0,NA,NA,NA,NA,NA,NA,NA,NA,NA,1,178,70,1.9,22
2019-01-03 17:00:00,101523.88,5,-1.1,65.13,3.09,360,NA,101760,NA,NA,NA,NA,NA,446,554,NA,NA,10,NA,NA,NA,1463.04,NA,NA,NA,NA,2.44,NA,-1.09,90317.77,0,0,0,-6.3,0,0,0,NA,NA,NA,NA,NA,NA,NA,NA,NA,1,179,76,1.9,18.7
2019-01-03 18:00:00,101490.02,3,-2.2,69.64,2.57,205,NA,101810,NA,NA,NA,NA,NA,464,484,NA,NA,10,NA,NA,NA,1402.08,NA,NA,NA,NA,0.47,NA,-2.05,90287.65,0,0,0,-4.3,0,0,0,NA,NA,NA,NA,NA,NA,NA,NA,NA,0.9,176,67,1.8,18.2
2019-01-03 19:00:00,101490.02,3,-1.1,72.85,1.54,60,NA,101790,NA,NA,3000,NA,NA,404,NA,NA,NA,10,NA,NA,NA,1219.2,NA,NA,NA,NA,0.47,NA,-2.06,90287.65,0,0,0,-3.8,0,0,1,NA,NA,NA,NA,NA,NA,NA,NA,NA,1.2,69,77,1.7,15.2
2019-01-03 20:00:00,101523.88,2,-1.7,74.78,0,0,NA,101790,NA,NA,NA,NA,NA,424,604,NA,NA,10,NA,NA,NA,1280.16,NA,NA,NA,NA,-0.2,NA,-2.06,90317.77,0,0,0,-2.7,0,0,1,NA,NA,NA,NA,NA,NA,NA,NA,NA,1.3,122,75,2,12.9
2019-01-03 21:00:00,101490.02,2,-1.7,74.78,0,0,NA,101810,NA,NA,NA,NA,NA,466,604,NA,NA,10,NA,NA,NA,1828.8,NA,NA,NA,NA,0.47,NA,-2.06,90287.65,0,0,0,-2.7,0,0,1,NA,NA,NA,NA,NA,NA,NA,NA,NA,0.8,190,62,1.2,11.4
2019-01-03 22:00:00,101456.15,1,-1.7,80.34,0,0,NA,101690,NA,NA,8006,NA,NA,503,553,NA,NA,10,6.1,0.6,NA,1676.4,NA,NA,NA,NA,-1.635,NA,-2.05,90257.51,0,0,0,-1.8,0,0,1,NA,NA,NA,NA,NA,NA,NA,NA,NA,1,131,67,0.7,12.2
2019-01-03 23:00:00,101422.29,0,-2.8,85.03,1.54,140,NA,101650,NA,NA,NA,NA,NA,1,NA,NA,NA,10,NA,NA,NA,NA,NA,6.1,-6.1,NA,-1.82,NA,-2.84,90227.39,0,0,0,-1.1,0,0,1,NA,NA,NA,NA,NA,NA,NA,NA,NA,1,154,62,-0.4,24.8
2019-01-04,101354.56,-2,-3.3,86.26,1.54,270,NA,101640,NA,NA,NA,NA,NA,1,NA,NA,NA,9,NA,NA,NA,NA,NA,NA,NA,NA,-3.73,NA,-3.03,90167.14,0,0,0,-0.1,0,0,1,NA,NA,NA,NA,NA,NA,NA,NA,NA,1.1,138,77,-0.3,13.6
2019-01-04 01:00:00,101286.84,-2,-4.4,92.79,2.06,130,NA,101550,NA,NA,8016,NA,NA,1,NA,NA,NA,9,NA,NA,NA,NA,NA,NA,NA,NA,-5.73,NA,-4.02,90106.89,0,0,0,-0.8,0,0,0,NA,NA,NA,NA,NA,NA,NA,NA,NA,1.1,122,76,-1.2,10.5
2019-01-04 02:00:00,101252.97,1,-3.3,74.6,4.12,110,NA,101490,NA,NA,NA,NA,NA,1,NA,NA,NA,10,NA,NA,NA,NA,NA,NA,NA,NA,-3.45,NA,-3.06,90076.76,0,0,0,-3.9,0,0,0,NA,NA,NA,NA,NA,NA,NA,NA,NA,1,352,74,0.1,4.2
2019-01-04 03:00:00,101252.97,-5,-7.2,91.96,2.06,275,NA,101560,31,NA,NA,NA,NA,25,NA,NA,NA,1.125,NA,NA,NA,60.96,NA,NA,NA,NA,-8.37,NA,-6.085,90076.76,0,0,0,1.6,1,1,0,3,4,7,2019-01-04 03:00:00,2019-01-04 09:00:00,8,2019-01-04 03:00:00,2019-01-04 10:00:00,NA,1,132,60,-1.9,3
2019-01-04 04:00:00,101185.24,-6,-7.2,92.58,0,0,NA,101530,30,NA,8006,NA,NA,25,NA,NA,NA,0.5,1.7,-7.2,NA,60.96,NA,NA,NA,NA,-9.82,NA,-7.115,90016.51,0,0,0,2.6,1,1,1,3,4,7,2019-01-04 03:00:00,2019-01-04 09:00:00,8,2019-01-04 03:00:00,2019-01-04 10:00:00,NA,1.2,209,49,-3.8,4.7
2019-01-04 05:00:00,101185.24,-7.8,-8.9,92.48,1.54,300,NA,101460,31,NA,NA,NA,NA,15,NA,NA,NA,0.75,NA,NA,NA,30.48,NA,NA,NA,NA,-10.96,NA,-9.02,90016.51,0,0,0,4,1,1,1,3,4,7,2019-01-04 03:00:00,2019-01-04 09:00:00,8,2019-01-04 03:00:00,2019-01-04 10:00:00,NA,1,167,74,-4.7,5.9
2019-01-04 06:00:00,101185.24,-8,-9.4,92.48,0,0,NA,101520,31,NA,NA,NA,NA,13,NA,NA,NA,1.75,NA,NA,NA,30.48,NA,NA,NA,NA,-11.13,NA,-9.02,90016.51,0,0,0,3.9,1,1,1,3,4,7,2019-01-04 03:00:00,2019-01-04 09:00:00,8,2019-01-04 03:00:00,2019-01-04 10:00:00,NA,1.1,212,60,-5.3,7.6
2019-01-04 07:00:00,101185.24,-8,-9.45,87.885,0,0,NA,101510,31,NA,3000,NA,NA,1,NA,NA,NA,5,NA,NA,NA,NA,NA,NA,NA,NA,-10.96,NA,-9.03,90016.51,0,0,0,4.4,1,1,1,3,4,7,2019-01-04 03:00:00,2019-01-04 09:00:00,8,2019-01-04 03:00:00,2019-01-04 10:00:00,NA,1.1,204,71,-5.5,10.3
2019-01-04 08:00:00,101252.97,-7,-8.9,85.59,0,0,NA,101610,NA,NA,NA,NA,NA,1,NA,NA,NA,9,NA,NA,NA,NA,NA,NA,NA,NA,-9.82,NA,-9.04,90076.76,0,0,0,3.8,1,1,1,3,4,7,2019-01-04 03:00:00,2019-01-04 09:00:00,8,2019-01-04 03:00:00,2019-01-04 10:00:00,NA,1.2,207,70,-5.4,11.5
2019-01-04 09:00:00,101286.84,-6,-6.1,92.55,0,0,NA,101670,NA,NA,NA,NA,NA,1106,NA,NA,NA,9,NA,NA,NA,NA,NA,NA,NA,NA,-7.53,NA,-8,90106.89,0,0,0,3.2,1,1,1,3,4,7,2019-01-04 03:00:00,2019-01-04 09:00:00,8,2019-01-04 03:00:00,2019-01-04 10:00:00,NA,1.4,190,71,-4.9,12.2
2019-01-04 10:00:00,101354.56,-2,-3.3,88.8,2.06,290,8.235,101640,NA,1203,1016,NA,NA,606,952,NA,NA,9,-1.1,-8.9,NA,3657.6,NA,NA,NA,NA,-5.62,NA,-4.02,90167.14,0,0,0,0,0,1,0,NA,4,NA,NA,NA,8,2019-01-04 03:00:00,2019-01-04 10:00:00,NA,1.6,227,89,-3.2,13.9
2019-01-04 11:00:00,101388.43,-2,-2.8,92.85,1.54,70,NA,101630,NA,NA,NA,NA,NA,704,1203,NA,NA,8,NA,NA,NA,2133.6,NA,NA,NA,NA,-4.25,NA,-3.02,90197.27,0,0,0,-0.1,0,0,1,NA,NA,NA,NA,NA,NA,NA,NA,NA,1.3,188,72,-0.7,9.7
2019-01-04 12:00:00,101286.84,1,-1.7,80.34,0,0,NA,101510,NA,NA,NA,NA,NA,654,NA,NA,NA,10,NA,NA,NA,1981.2,NA,NA,NA,NA,0.015,NA,-2.05,90106.89,0,0,0,-2.9,0,0,1,NA,NA,NA,NA,NA,NA,NA,NA,NA,1.2,125,69,1.7,8.5
2019-01-04 13:00:00,101252.97,2,-1.7,74.78,1.54,240,NA,101500,NA,NA,6012,NA,NA,702,903,NA,NA,10,NA,NA,NA,2743.2,NA,NA,NA,NA,-0.2,NA,-2.06,90076.76,0,0,0,-3,0,0,1,NA,NA,NA,NA,NA,NA,NA,NA,NA,1.5,201,58,3,15.1
2019-01-04 14:00:00,101219.11,3,-1.7,69.64,2.06,70,NA,101440,NA,NA,NA,NA,NA,702,803,NA,NA,10,NA,NA,NA,2438.4,NA,NA,NA,NA,1.465,NA,-2.07,90046.64,0,0,0,-4,0,0,0,NA,NA,NA,NA,NA,NA,NA,NA,NA,0.9,48,76,4.4,7.9
2019-01-04 15:00:00,101219.11,3,-1.7,74.96,2.57,120,NA,101530,NA,NA,NA,NA,NA,703,803.5,NA,NA,8,NA,NA,NA,2133.6,NA,NA,NA,NA,0.47,NA,-1.06,90046.64,0,0,0,-3.9,0,0,0,NA,NA,NA,NA,NA,NA,NA,NA,NA,1,176,81,4.4,9.8
2019-01-04 16:00:00,101252.97,5,-2.8,60.51,2.57,165,NA,101550,NA,NA,3002,NA,NA,703,853,NA,NA,10,6.1,-2.8,NA,2133.6,NA,NA,NA,NA,2.84,NA,-2.09,90076.76,0,0,0,-6.6,0,0,0,NA,NA,NA,NA,NA,NA,NA,NA,NA,1,127,79,3.7,11.7
2019-01-04 17:00:00,101252.97,6.7,-3.3,48.93,2.57,190,NA,101540,NA,NA,NA,NA,NA,654,804,NA,NA,10,NA,NA,NA,1981.2,NA,NA,NA,NA,4.1,NA,-3.11,90076.76,0,0,0,-9,0,0,0,NA,NA,NA,NA,NA,NA,NA,NA,NA,1.7,238,72,3.9,10.7
2019-01-04 18:00:00,101252.97,6,-2.8,52.42,2.57,255,NA,101540,NA,NA,NA,NA,NA,604,NA,NA,NA,10,NA,NA,NA,1828.8,NA,NA,NA,NA,4.03,NA,-3.11,90076.76,0,0,0,-8.3,0,0,0,NA,NA,NA,NA,NA,NA,NA,NA,NA,1.3,183,60,2.9,9.5
2019-01-04 19:00:00,101320.7,4,-2.2,64.9,0,0,NA,101610,NA,NA,3005,NA,NA,604,NA,NA,NA,10,NA,NA,NA,1828.8,NA,NA,NA,NA,2.045,NA,-2.08,90137.02,0,0,0,-6.3,0,0,1,NA,NA,NA,NA,NA,NA,NA,NA,NA,0.7,120,64,2.4,9.3
2019-01-04 20:00:00,101320.7,4,-1.7,64.9,1.54,50,NA,101650,NA,NA,NA,NA,NA,604,NA,NA,NA,10,NA,NA,NA,1828.8,NA,NA,NA,NA,1.65,NA,-2.08,90137.02,0,0,0,-6,0,0,1,NA,NA,NA,NA,NA,NA,NA,NA,NA,0.9,141,65,2.5,8.5
2019-01-04 21:00:00,101320.7,2,-1.7,74.78,0,0,NA,101620,NA,NA,NA,NA,NA,604,NA,NA,NA,10,NA,NA,NA,1828.8,NA,NA,NA,NA,0.365,NA,-2.06,90137.02,0,0,0,-4,0,0,1,NA,NA,NA,NA,NA,NA,NA,NA,NA,0.8,196,66,1.8,10.5
2019-01-04 22:00:00,101286.84,2,-1.7,74.78,0,0,NA,101550,NA,NA,8002,NA,NA,554,NA,NA,NA,10,7.2,1.7,NA,1676.4,NA,NA,NA,NA,0.47,NA,-2.06,90106.89,0,0,0,-3.8,0,0,1,NA,NA,NA,NA,NA,NA,NA,NA,NA,0.8,172,60,1.5,15.2
2019-01-04 23:00:00,101286.84,1,-1.7,80.34,0,0,NA,101550,NA,NA,NA,NA,NA,464,654,NA,NA,10,NA,NA,NA,1463.04,NA,7.2,-8.9,NA,-0.62,NA,-2.05,90106.89,0,0,0,-2.6,0,0,1,NA,NA,NA,NA,NA,NA,NA,NA,NA,0.6,169,76,1,12.9
2019-01-05,101286.84,1,-1.7,80.34,1.54,40,NA,101480,NA,NA,NA,NA,NA,603,804,NA,NA,10,NA,NA,NA,1981.2,NA,NA,NA,NA,-0.68,NA,-2.05,90106.89,0,0,0,-2.5,0,0,1,NA,NA,NA,NA,NA,NA,NA,NA,NA,0.7,112,54,0,12.7
2019-01-05 01:00:00,101252.97,-1,-3.3,86.26,0,0,NA,101500,NA,NA,7003,NA,NA,606,803,NA,NA,10,NA,NA,NA,2438.4,NA,NA,NA,NA,-2.96,NA,-3.03,90076.76,0,0,0,-0.2,0,0,1,NA,NA,NA,NA,NA,NA,NA,NA,NA,0.8,179,65,-0.9,12.7
2019-01-05 02:00:00,101286.84,-1,-2.2,86.26,0,0,NA,101540,NA,NA,NA,NA,NA,1,NA,NA,NA,10,NA,NA,NA,NA,NA,NA,NA,NA,-2.96,NA,-3.03,90106.89,0,0,0,-0.6,0,0,1,NA,NA,NA,NA,NA,NA,NA,NA,NA,0.8,174,46,-2.1,12.2
2019-01-05 03:00:00,101286.84,-1,-4.4,86.15,0,0,NA,101540,NA,NA,NA,NA,NA,1,NA,NA,NA,10,NA,NA,NA,NA,NA,NA,NA,NA,-3.53,NA,-3.06,90106.89,0,0,0,-1.2,0,0,1,NA,NA,NA,NA,NA,NA,NA,NA,NA,0.6,126,55,-2.8,10
2019-01-05 04:00:00,101252.97,-2,-3.9,88.1,2.06,130,NA,101440,31,NA,8004,NA,NA,1,NA,NA,NA,7,2.2,-3.3,NA,NA,NA,NA,NA,NA,-4.86,NA,-4.02,90076.76,0,0,0,0.3,0,1,0,NA,NA,NA,NA,NA,1,2019-01-05 04:00:00,2019-01-05 04:00:00,NA,0.6,152,61,-3.4,8.5
2019-01-05 05:00:00,101185.24,-2,-3.9,86.15,1.54,120,NA,101420,NA,NA,NA,NA,NA,1,NA,NA,NA,10,NA,NA,NA,NA,NA,NA,NA,NA,-5.1,NA,-4.03,90016.51,0,0,0,-0.3,0,0,1,NA,NA,NA,NA,NA,NA,NA,NA,NA,0.7,175,63,-4.1,7.6
2019-01-05 06:00:00,101185.24,-3,-4.4,86.15,0,0,NA,101420,NA,NA,NA,NA,NA,1,NA,NA,NA,10,NA,NA,NA,NA,NA,NA,NA,NA,-5.36,NA,-4.03,90016.51,0,0,0,0.5,1,1,1,4,6,11,2019-01-05 06:00:00,2019-01-05 16:00:00,11,2019-01-05 06:00:00,2019-01-05 16:00:00,NA,0.6,171,62,-4.7,5.5
2019-01-05 07:00:00,101185.24,-4,-5.6,85.93,0,0,NA,101410,31,NA,8005,NA,NA,1,NA,NA,NA,6,NA,NA,NA,NA,NA,NA,NA,NA,NA,NA,-6.04,90016.51,0,0,0,1.6,1,1,1,4,6,11,2019-01-05 06:00:00,2019-01-05 16:00:00,11,2019-01-05 06:00:00,2019-01-05 16:00:00,NA,0.8,187,60,-4.9,4.5
2019-01-05 08:00:00,101151.38,-4,-7.8,85.93,0,0,NA,101440,NA,NA,NA,NA,NA,1,NA,NA,NA,10,NA,NA,NA,NA,NA,NA,NA,NA,-5.25,NA,-6.04,89986.38,0,0,0,1.7,1,1,1,4,6,11,2019-01-05 06:00:00,2019-01-05 16:00:00,11,2019-01-05 06:00:00,2019-01-05 16:00:00,NA,0.7,203,49,-5.3,3
2019-01-05 09:00:00,101117.52,-7,-7.8,92.55,0,0,NA,101400,31,NA,NA,NA,NA,11.5,NA,NA,NA,5,NA,NA,NA,NA,NA,NA,NA,NA,-9.82,NA,-8.02,89956.26,0,0,0,5.2,1,1,1,4,6,11,2019-01-05 06:00:00,2019-01-05 16:00:00,11,2019-01-05 06:00:00,2019-01-05 16:00:00,NA,0.8,221,62,-4.3,5.7
2019-01-05 10:00:00,101049.79,-6,-7.2,92.61,0,0,NA,101340,31,NA,6008,NA,NA,22,NA,NA,NA,5,-1.7,-7.2,NA,NA,NA,NA,NA,NA,-6.39,NA,-7.02,89896.01,0,0,0,4.8,1,1,1,4,6,11,2019-01-05 06:00:00,2019-01-05 16:00:00,11,2019-01-05 06:00:00,2019-01-05 16:00:00,NA,0.7,204,59,-2.2,11
2019-01-05 11:00:00,100982.06,-4,-6.1,86.04,1.54,240,NA,101200,31,NA,NA,NA,NA,1,NA,NA,NA,5,NA,NA,NA,NA,NA,NA,NA,NA,-6.39,NA,-6.02,89835.75,0,0,0,3.9,1,1,1,4,6,11,2019-01-05 06:00:00,2019-01-05 16:00:00,11,2019-01-05 06:00:00,2019-01-05 16:00:00,NA,1.4,241,42,-0.5,10.5
2019-01-05 12:00:00,100880.47,-2,-3.3,86.26,0,0,NA,101050,31,NA,NA,NA,NA,1,NA,NA,NA,7,NA,NA,NA,NA,NA,NA,NA,NA,-4.105,NA,-3.34,89745.38,0,0,0,4,1,1,1,4,6,11,2019-01-05 06:00:00,2019-01-05 16:00:00,11,2019-01-05 06:00:00,2019-01-05 16:00:00,NA,0.9,132,63,1.6,7.6
2019-01-05 13:00:00,100711.15,-1,-3.3,86.26,1.54,230,NA,100960,NA,NA,6034,NA,NA,1,NA,NA,NA,8,NA,NA,NA,NA,NA,NA,NA,NA,-2.96,NA,-3.03,89594.75,0,0,0,2.6,1,1,1,4,6,11,2019-01-05 06:00:00,2019-01-05 16:00:00,11,2019-01-05 06:00:00,2019-01-05 16:00:00,NA,1,225,56,2.5,9
2019-01-05 14:00:00,100609.56,0,-2.8,80.19,1.54,260,NA,100850,NA,NA,NA,NA,NA,1,NA,NA,NA,10,NA,NA,NA,NA,NA,NA,NA,NA,-2.53,NA,-3.05,89504.37,0,0,0,1.3,1,1,1,4,6,11,2019-01-05 06:00:00,2019-01-05 16:00:00,11,2019-01-05 06:00:00,2019-01-05 16:00:00,NA,0.8,266,63,2.3,9.8
2019-01-05 15:00:00,100575.69,-1,-3.3,86.26,0,0,NA,100810,NA,NA,NA,NA,NA,1,NA,NA,NA,9,NA,NA,NA,NA,NA,NA,NA,NA,-3.33,NA,-3.03,89474.24,0,0,0,2.4,1,1,1,4,6,11,2019-01-05 06:00:00,2019-01-05 16:00:00,11,2019-01-05 06:00:00,2019-01-05 16:00:00,NA,0.8,232,67,1.4,11
2019-01-05 16:00:00,100474.1,-1,-3.9,80.04,0,0,NA,100700,NA,NA,8025,NA,NA,1,NA,NA,NA,9,0.6,-5,NA,NA,NA,NA,NA,NA,-3.7,NA,-4.05,89383.86,0,0,0,1.4,1,1,1,4,6,11,2019-01-05 06:00:00,2019-01-05 16:00:00,11,2019-01-05 06:00:00,2019-01-05 16:00:00,NA,0.9,212,64,0.4,26.3
2019-01-05 17:00:00,100338.65,-1,-3.9,80.04,1.54,300,NA,100590,NA,NA,NA,NA,NA,1,NA,NA,NA,10,NA,NA,NA,NA,NA,NA,NA,NA,-3.7,NA,-4.05,89263.36,0,0,0,-0.2,0,0,1,NA,NA,NA,NA,NA,NA,NA,NA,NA,0.9,194,54,-0.6,28.5
2019-01-05 18:00:00,100270.92,-2,-3.9,86.15,2.06,150,NA,100530,NA,NA,NA,NA,NA,1,NA,NA,NA,9,NA,NA,NA,NA,NA,NA,NA,NA,-4.86,NA,-4.03,89203.11,0,0,0,1.9,1,1,0,NA,NA,1,2019-01-05 18:00:00,2019-01-05 18:00:00,2,2019-01-05 18:00:00,2019-01-05 19:00:00,NA,0.9,136,68,-0.8,22.3
2019-01-05 19:00:00,100203.19,-1,-3.3,80.04,1.54,130,NA,100440,NA,NA,6021,NA,NA,1202,NA,NA,NA,10,NA,NA,NA,3352.8,NA,NA,NA,NA,-3.7,NA,-4.05,89142.85,0,0,0,0.1,0,1,1,NA,NA,NA,NA,NA,2,2019-01-05 18:00:00,2019-01-05 19:00:00,NA,1,128,72,-0.8,22
2019-01-05 20:00:00,100135.46,1,-3.3,74.6,1.54,110,NA,100430,NA,NA,NA,NA,NA,1004,1204,NA,NA,10,NA,NA,NA,3048,NA,NA,NA,NA,-1.59,NA,-3.07,89082.6,0,0,0,-1.5,0,0,1,NA,NA,NA,NA,NA,NA,NA,NA,NA,1.3,114,70,-0.4,14.6
2019-01-05 21:00:00,100067.74,-1,-3.9,80.04,1.54,230,NA,100420,NA,1104,NA,NA,NA,903,1004,NA,NA,9,NA,NA,NA,2743.2,NA,NA,NA,NA,-3.76,NA,-4.05,89022.36,0,0,0,0.7,1,1,1,NA,8,2,2019-01-05 21:00:00,2019-01-05 22:00:00,6,2019-01-05 21:00:00,2019-01-06 02:00:00,NA,1.2,173,70,0.1,16.4
2019-01-05 22:00:00,100033.87,-1.1,-3.9,81.24,1.54,210,NA,100280,NA,NA,8018,NA,NA,954,NA,NA,NA,9,2.2,-2.2,NA,2895.6,NA,NA,NA,NA,-3.9,NA,-4.03,88992.22,0,0,0,0.5,1,1,1,NA,8,2,2019-01-05 21:00:00,2019-01-05 22:00:00,6,2019-01-05 21:00:00,2019-01-06 02:00:00,NA,1,180,65,-0.3,17.9
2019-01-05 23:00:00,99932.28,-1,-3.9,80.04,1.54,20,NA,100160,NA,NA,NA,NA,NA,1004,1203,NA,NA,10,NA,NA,NA,3048,NA,2.2,-7.2,NA,-2.96,NA,-4.05,88901.85,0,0,0,0,0,1,1,NA,8,NA,NA,NA,6,2019-01-05 21:00:00,2019-01-06 02:00:00,NA,1.3,207,79,-0.4,10
2019-01-06,99830.69,-2,-4.4,86.15,1.54,250,NA,100080,NA,1203,NA,NA,NA,1004,1103,NA,NA,8,NA,NA,NA,3200.4,NA,NA,NA,NA,-4.86,NA,-4.03,88811.47,0,0,0,0.9,1,1,1,NA,8,1,2019-01-06,2019-01-06,6,2019-01-05 21:00:00,2019-01-06 02:00:00,NA,1.4,208,68,-0.7,10.7
2019-01-06 01:00:00,99830.69,-2,-4.4,86.15,1.54,270,NA,100090,NA,NA,5013,NA,NA,954,978.5,NA,NA,10,NA,NA,NA,3048,NA,NA,NA,NA,-4.1,NA,-4.03,88811.47,0,0,0,0.4,0,1,1,NA,8,NA,NA,NA,6,2019-01-05 21:00:00,2019-01-06 02:00:00,NA,1.4,189,77,-1.2,11.5
2019-01-06 02:00:00,99830.69,-2,-3.9,86.15,2.06,290,NA,100110,NA,NA,NA,NA,NA,854,929,NA,NA,10,NA,NA,NA,2743.2,NA,NA,NA,NA,-4.78,NA,-4.03,88811.47,0,0,0,0.1,0,1,0,NA,8,NA,NA,NA,6,2019-01-05 21:00:00,2019-01-06 02:00:00,NA,1.6,203,50,-1,10.7
2019-01-06 03:00:00,99796.82,-2,-3.9,86.15,1.54,80,NA,100020,NA,NA,NA,NA,NA,704,929,NA,NA,10,NA,NA,NA,2743.2,NA,NA,NA,NA,-4.1,NA,-4.03,88781.34,0,0,0,-0.1,0,0,1,NA,NA,NA,NA,NA,NA,NA,NA,NA,1.2,200,64,-1.2,11.7
2019-01-06 04:00:00,99729.1,-2,-4.4,86.15,1.54,60,NA,99980,NA,NA,8013,NA,NA,703,904,NA,NA,10,-0.6,-2.2,NA,2133.6,NA,NA,NA,NA,-4.86,NA,-4.03,88721.09,0,0,0,-0.4,0,0,1,NA,NA,NA,NA,NA,NA,NA,NA,NA,1.2,178,67,-2,11
2019-01-06 05:00:00,99729.1,-2,-3.9,86.15,1.54,30,NA,99970,NA,NA,NA,NA,NA,653,879,NA,NA,10,NA,NA,NA,1981.2,NA,NA,NA,NA,-4.1,NA,-4.03,88721.09,0,0,0,-0.2,0,0,1,NA,NA,NA,NA,NA,NA,NA,NA,NA,1.7,198,74,-1.7,9.8
2019-01-06 06:00:00,99729.1,-2,-3.9,86.15,2.06,300,NA,99990,NA,804,NA,NA,NA,496,703,NA,NA,10,NA,NA,NA,2286,NA,NA,NA,NA,-4.63,NA,-4.03,88721.09,0,0,0,-0.5,0,0,0,NA,NA,NA,NA,NA,NA,NA,NA,NA,1.2,206,51,-1.6,9.5
2019-01-06 07:00:00,99796.82,-1,-3.3,84.97,0.77,55,NA,100030,41,704,3009,0.127,0.025,452,553,NA,NA,10,NA,NA,NA,1493.52,NA,NA,NA,NA,-4.34,NA,-4.03,88781.34,0,0,0,-1.5,0,0,1,NA,NA,NA,NA,NA,NA,NA,NA,NA,1.2,174,56,-1.4,7.9
2019-01-06 08:00:00,99898.42,0,-2.75,86.26,3.09,115,10.29,100150,30.5,704,NA,0.508,NA,192,408,NA,NA,10,NA,NA,NA,1417.32,0,NA,NA,NA,-4.7,NA,-3.03,88871.72,0,0,0,-2.7,0,0,0,NA,NA,NA,NA,NA,NA,NA,NA,NA,2.5,186,58,0.5,5.4
2019-01-06 09:00:00,100033.87,1,-1.65,86.48,2.315,100,NA,100290,NA,1004,NA,NA,NA,556,878.5,NA,NA,10,NA,NA,NA,2438.4,NA,NA,NA,NA,-1.635,NA,-1.03,88992.22,0,0,0,-4.7,0,0,0,NA,NA,NA,NA,NA,NA,NA,NA,NA,1.4,154,46,1.4,3.8
2019-01-06 10:00:00,100135.46,1,-1.1,86.48,1.54,40,NA,100390,NA,1104,1031,NA,NA,502,603,0.508,NA,10,1.1,-2.2,NA,1828.8,NA,NA,NA,NA,-1.02,NA,-1.03,89082.6,0,0,0,-4.8,0,0,1,NA,NA,NA,NA,NA,NA,NA,NA,NA,2.4,235,28,3.2,3.5
2019-01-06 11:00:00,100169.33,1.1,-1.05,86.48,3.09,240,7.715,100390,1270.5,604,NA,0.076,NA,233,408,NA,NA,4,NA,NA,NA,701.04,NA,NA,NA,NA,-2.295,NA,-1.05,89112.73,0,0,0,-5.3,0,0,0,NA,NA,NA,NA,NA,NA,NA,NA,NA,2,285,24,2.7,4.7
2019-01-06 12:00:00,100135.46,2,1.7,100,1.54,80,NA,100370,NA,1028.5,NA,0.254,NA,506,802.5,NA,NA,10,NA,NA,NA,2590.8,NA,NA,NA,NA,0.08,NA,2,89082.6,0,0,0,-5.9,0,0,1,NA,NA,NA,NA,NA,NA,NA,NA,NA,3.9,254,29,0.3,3.8
2019-01-06 13:00:00,100101.6,2,NA,NA,3.09,120,NA,100330,NA,703,8005,NA,0.254,506,653,NA,NA,10,NA,NA,NA,1981.2,NA,NA,NA,NA,-1.17,NA,NA,89052.48,0,0,0,-6.2,0,0,0,NA,NA,NA,NA,NA,NA,NA,NA,NA,2,181,26,1.8,2
2019-01-06 14:00:00,100101.6,2,NA,NA,3.09,130,NA,100310,NA,904,NA,NA,NA,603,754,NA,NA,10,NA,NA,NA,1828.8,NA,NA,NA,NA,-1.53,NA,NA,89052.48,0,0,0,-6.7,0,0,0,NA,NA,NA,NA,NA,NA,NA,NA,NA,3.3,198,21,2.1,1.3
2019-01-06 15:00:00,100101.6,2,1.1,100,6.17,170,10.29,100350,2500,1004,NA,0.025,NA,492,603,NA,NA,10,NA,NA,NA,1493.52,NA,NA,NA,NA,-3.22,NA,1.55,89052.48,0,0,0,-6.7,0,0,0,NA,NA,NA,NA,NA,NA,NA,NA,NA,2.8,210,31,1.6,-0.1
2019-01-06 16:00:00,100169.33,0.6,-0.6,92.96,2.57,180,NA,100410,2500,264,3005,0.508,NA,83,154,0.762,NA,1.75,2.8,0,NA,457.2,NA,NA,NA,NA,-2.53,NA,-0.82,89112.73,0,0,0,-5.6,0,0,0,NA,NA,NA,NA,NA,NA,NA,NA,NA,2,188,33,-0.3,0.3
2019-01-06 17:00:00,100135.46,0.8,-0.6,89.065,2.57,80,NA,100370,2500,474,NA,0.025,NA,53,134,NA,NA,3.25,NA,NA,NA,304.8,NA,NA,NA,NA,-2.38,NA,-1.025,89082.6,0,0,0,-6.1,0,0,0,NA,NA,NA,NA,NA,NA,NA,NA,NA,1.1,106,66,-0.5,1.8
2019-01-06 18:00:00,100135.46,1,-0.6,86.48,1.54,50,NA,100340,2500,404,NA,0.254,NA,154,253,NA,NA,3.5,NA,NA,NA,518.16,NA,NA,NA,NA,-1.13,NA,-1.03,89082.6,0,0,0,-6.4,0,0,1,NA,NA,NA,NA,NA,NA,NA,NA,NA,0.9,83,58,-0.5,4
2019-01-06 19:00:00,100101.6,-0.6,-1.4,92.91,2.06,240,NA,100350,31,653,6003,0.025,0.762,46,133,NA,NA,6.5,NA,NA,NA,396.24,NA,NA,NA,NA,-3.64,NA,-1.03,89052.48,0,0,0,-4.5,0,0,0,NA,NA,NA,NA,NA,NA,NA,NA,NA,0.9,205,45,-0.7,6.2
2019-01-06 20:00:00,100101.6,-1,-1.7,95.68,1.54,235,NA,100340,30,703,NA,NA,NA,26,603,NA,NA,1.375,NA,NA,NA,457.2,NA,NA,NA,NA,-4.19,NA,-2.01,89052.48,0,0,0,-4,0,0,1,NA,NA,NA,NA,NA,NA,NA,NA,NA,0.9,187,55,-0.8,8.8
2019-01-06 21:00:00,100067.74,-1,-1.7,92.91,1.54,45,NA,100310,31,NA,NA,NA,NA,25,NA,NA,NA,0.875,NA,NA,NA,60.96,NA,NA,NA,NA,-2.96,NA,-2.02,89022.36,0,0,0,-4.2,0,0,1,NA,NA,NA,NA,NA,NA,NA,NA,NA,0.8,158,61,-0.9,10
2019-01-06 22:00:00,100033.87,-1,-1.95,92.91,1.54,90,NA,100240,31,604,8008,NA,NA,36,222,0.762,NA,7,0.6,-1.7,NA,1981.2,NA,NA,NA,NA,-2.96,NA,-2.02,88992.22,0,0,0,-4.5,0,0,1,NA,NA,NA,NA,NA,NA,NA,NA,NA,0.6,200,61,-1.1,8.8
2019-01-06 23:00:00,100000.01,-1,-2.2,92.91,0,0,NA,100190,31,704,NA,NA,NA,654,403,NA,NA,6,NA,NA,NA,1981.2,NA,2.8,-2.2,NA,-3.7,NA,-2.02,88962.1,0,0,0,-4.5,0,0,1,NA,NA,NA,NA,NA,NA,NA,NA,NA,0.9,190,39,-1.3,10.5
2019-01-07,99932.28,-1,-2.2,92.91,3.6,100,NA,100130,30,NA,NA,0.025,NA,175,704,NA,NA,0.5,NA,NA,NA,518.16,NA,NA,NA,NA,-5.21,NA,-2.02,88901.85,0,0,0,-4.5,0,0,0,NA,NA,NA,NA,NA,NA,NA,NA,NA,0.6,222,82,-1.3,8.6
2019-01-07 01:00:00,99932.28,-1,-1.7,92.91,4.12,110,NA,100150,2500,444,6008,0.025,0.025,76,404,NA,NA,2.75,NA,NA,NA,1341.12,NA,NA,NA,NA,-5.6,NA,-2.02,88901.85,0,0,0,-4.6,0,0,0,NA,NA,NA,NA,NA,NA,NA,NA,NA,0.5,94,89,-1.2,5.4
2019-01-07 02:00:00,99932.28,-1,-1.1,92.96,3.09,110,NA,100160,2500,384,NA,0.254,NA,53,374,NA,NA,2.5,NA,NA,NA,152.4,NA,NA,NA,NA,-4.78,NA,-1.02,88901.85,0,0,0,-4.6,0,0,0,NA,NA,NA,NA,NA,NA,NA,NA,NA,0.9,126,63,-1.1,5.2
2019-01-07 03:00:00,100000.01,-1,-1.1,100,2.57,120,NA,100250,2500,NA,NA,0.025,NA,44,124,NA,NA,2,NA,NA,NA,121.92,NA,NA,NA,NA,-3.99,NA,-1,88962.1,0,0,0,-4.6,0,0,0,NA,NA,NA,NA,NA,NA,NA,NA,NA,1,171,62,-1,4.5
2019-01-07 04:00:00,100135.46,-1,-1.7,92.91,4.12,300,NA,100410,2421,NA,3020,0.508,NA,44,184,1.778,3.81,1,0,-1.7,NA,121.92,NA,NA,NA,NA,-5.6,NA,-1.87,89082.6,0,0,0,-4.7,0,0,0,NA,NA,NA,NA,NA,NA,NA,NA,NA,1.8,311,56,-1.2,3.3
2019-01-07 05:00:00,100203.19,-1,-2.2,92.22,3.6,340,NA,100520,2500,NA,NA,0.025,NA,286,1004,NA,NA,10,NA,NA,NA,3048,NA,NA,NA,NA,-5.21,NA,-2.22,89142.85,0,0,0,-5.3,0,0,0,NA,NA,NA,NA,NA,NA,NA,NA,NA,1.8,108,56,-1.7,3
2019-01-07 06:00:00,100355.58,-2,-4.15,86.15,2.06,190,NA,100680,NA,1003,NA,NA,NA,393,503,NA,NA,10,NA,NA,NA,1524,NA,NA,NA,NA,-4.86,NA,-4.03,89278.425,0,0,0,-4.9,0,0,0,NA,NA,NA,NA,NA,NA,NA,NA,NA,2.2,210,58,-1.2,2.3
2019-01-07 07:00:00,100507.97,-2,-5.6,79.89,1.54,320,NA,100830,NA,554,3035,NA,0.025,503,504,NA,NA,10,NA,NA,NA,1524,NA,NA,NA,NA,-4.595,NA,-5.05,89413.99,0,0,0,-5.3,0,0,1,NA,NA,NA,NA,NA,NA,NA,NA,NA,2.8,185,32,-1.4,3
2019-01-07 08:00:00,100643.42,-3,-5.6,79.74,2.06,110,NA,101010,NA,1203,NA,NA,NA,502,1103,NA,NA,10,NA,NA,NA,3352.8,NA,NA,NA,NA,-6.03,NA,-6.05,89534.49,0,0,0,-4.7,0,0,0,NA,NA,NA,NA,NA,NA,NA,NA,NA,1.8,186,34,-1.5,2.8
2019-01-07 09:00:00,100812.74,-2,-5,79.89,3.6,180,NA,101160,NA,703,NA,NA,NA,456,604,NA,NA,10,NA,NA,NA,1828.8,NA,NA,NA,NA,-6.43,NA,-5.05,89685.12,0,0,0,-5.9,0,0,0,NA,NA,NA,NA,NA,NA,NA,NA,NA,1,209,55,-0.9,2.5
2019-01-07 10:00:00,100948.2,-1,-4.4,74.22,2.57,150,NA,101280,NA,NA,1041,NA,NA,492,604,0.025,NA,10,0,-3.9,NA,1828.8,NA,NA,NA,NA,-4.28,NA,-5.06,89805.63,0,0,0,-6.6,0,0,0,NA,NA,NA,NA,NA,NA,NA,NA,NA,1.5,206,38,-0.3,2.3
2019-01-07 11:00:00,101049.79,1,-6.1,59.48,2.57,240,10.8,101340,NA,NA,NA,NA,NA,486,554,NA,NA,10,NA,NA,NA,1676.4,NA,NA,NA,NA,-2.65,NA,-6.1,89896.01,0,0,0,-8.3,0,0,0,NA,NA,NA,NA,NA,NA,NA,NA,NA,2.2,221,39,1,0.6
2019-01-07 12:00:00,101151.38,1,-7.2,55.08,7.72,280,12.86,101430,NA,NA,NA,NA,NA,506,602.5,NA,NA,10,NA,NA,NA,1676.4,NA,NA,NA,NA,-4.92,NA,-7.11,89986.38,0,0,0,-8,0,0,0,NA,NA,NA,NA,NA,NA,NA,NA,NA,2.7,247,31,1.5,1.3
2019-01-07 13:00:00,101252.97,1,-7.8,55.08,10.29,270,14.145,101560,NA,NA,3027,NA,NA,396,NA,NA,NA,10,NA,NA,NA,NA,NA,NA,NA,NA,-5.8,NA,-7.11,90076.76,0,0,0,-8.3,0,0,0,NA,NA,NA,NA,NA,NA,NA,NA,NA,3.4,237,32,1.6,1.5
2019-01-07 14:00:00,101422.29,1,-7.2,50.98,7.2,280,15.95,101710,NA,NA,NA,NA,NA,506,NA,NA,NA,10,NA,NA,NA,1600.2,NA,NA,NA,NA,-4.71,NA,-8.12,90227.39,0,0,0,-8,0,0,0,NA,NA,NA,NA,NA,NA,NA,NA,NA,2.4,247,59,2.6,1.1
2019-01-07 15:00:00,101557.75,2,-7.2,51.27,5.14,280,9.26,101890,NA,NA,NA,NA,NA,554,NA,NA,NA,10,NA,NA,NA,1676.4,NA,NA,NA,NA,-2.75,NA,-7.12,90347.9,0,0,0,-9.8,0,0,0,NA,NA,NA,NA,NA,NA,NA,NA,NA,3,264,33,2,0.1
2019-01-07 16:00:00,101693.2,-1,-7.8,58.95,3.6,280,NA,102050,NA,NA,1040,NA,NA,496,NA,NA,NA,10,2.2,-2.2,NA,1676.4,NA,NA,NA,NA,-5.21,NA,-8.1,90468.4,0,0,0,-7,0,0,0,NA,NA,NA,NA,NA,NA,NA,NA,NA,4.2,235,24,-0.9,-3
2019-01-07 17:00:00,101828.66,-2,-8.9,58.95,2.06,330,NA,102220,NA,NA,NA,NA,NA,492,NA,NA,NA,10,NA,NA,NA,NA,NA,NA,NA,NA,-4.86,NA,-8.1,90588.91,0,0,0,-6.2,0,0,0,NA,NA,NA,NA,NA,NA,NA,NA,NA,2.5,220,31,-2.4,-3.3
2019-01-07 18:00:00,101964.11,-2,-7.8,63.45,4.12,340,NA,102300,NA,NA,NA,NA,NA,1,NA,NA,NA,10,NA,NA,NA,NA,NA,NA,NA,NA,-6.83,NA,-8.09,90709.41,0,0,0,-7,0,0,0,NA,NA,NA,NA,NA,NA,NA,NA,NA,1.5,255,61,-2.3,-0.3
2019-01-07 19:00:00,102031.84,-3,-8.9,63.45,2.83,345,NA,102470,NA,NA,1032,NA,NA,1,NA,NA,NA,10,NA,NA,NA,NA,NA,NA,NA,NA,-6.92,NA,-9.08,90769.66,0,0,0,-6.2,0,0,0,NA,NA,NA,NA,NA,NA,NA,NA,NA,2.6,214,43,-3,1
2019-01-07 20:00:00,102167.3,-4,-8.3,73.65,2.57,90,NA,102550,NA,NA,NA,NA,NA,606,803,NA,NA,10,NA,NA,NA,2438.4,NA,NA,NA,NA,-8.4,NA,-8.07,90890.17,0,0,0,-5.1,0,0,0,NA,NA,NA,NA,NA,NA,NA,NA,NA,2.2,195,37,-2.4,3.5
2019-01-07 21:00:00,102235.02,-3,-6.7,73.84,1.54,110,NA,102640,NA,804,NA,NA,NA,556,754,NA,NA,10,NA,NA,NA,2286,NA,NA,NA,NA,-7.42,NA,-7.07,90950.41,0,0,0,-6.1,0,0,1,NA,NA,NA,NA,NA,NA,NA,NA,NA,2.8,223,26,-2.2,5.2
2019-01-07 22:00:00,102336.62,-3,-7.8,73.84,0,0,NA,102660,NA,NA,1022,NA,NA,603,779,NA,NA,10,-0.6,-5,NA,2286,NA,NA,NA,NA,-5.25,NA,-7.07,91040.8,0,0,0,-6.1,0,0,1,NA,NA,NA,NA,NA,NA,NA,NA,NA,4.1,220,25,-1,2.8
2019-01-07 23:00:00,102404.34,-3,-7.2,68.34,2.315,335,NA,102730,NA,804,NA,NA,NA,556,754,NA,NA,10,NA,NA,NA,1828.8,NA,2.2,-5,NA,-6.23,NA,-8.08,91101.04,0,0,0,-5.9,0,0,0,NA,NA,NA,NA,NA,NA,NA,NA,NA,3.2,253,29,-1.2,0.8
2019-01-08,102438.21,-3,-9.4,73.84,2.57,340,NA,102850,NA,NA,NA,NA,NA,606,753.5,NA,NA,10,NA,NA,NA,2286,NA,NA,NA,NA,-6.65,NA,-7.07,91131.18,0,0,0,-5.9,0,0,0,NA,NA,NA,NA,NA,NA,NA,NA,NA,1.2,206,56,-3.9,5
2019-01-08 01:00:00,102505.93,-6,-8.3,79.42,1.54,110,NA,102910,NA,NA,1018,NA,NA,602,NA,NA,NA,10,NA,NA,NA,1828.8,NA,NA,NA,NA,-10.7,NA,-9.04,91191.42,0,0,0,NA,NA,NA,1,NA,NA,NA,NA,NA,NA,NA,NA,NA,0.8,150,50,-5.3,4.2
2019-01-08 02:00:00,102607.53,-6,-7.8,85.59,2.57,100,NA,102950,NA,NA,NA,NA,NA,554,NA,NA,NA,10,NA,NA,NA,1676.4,NA,NA,NA,NA,-9.28,NA,-8.05,91281.81,0,0,0,-2.9,0,0,0,NA,NA,NA,NA,NA,NA,NA,NA,NA,0.9,198,46,-6,4
2019-01-08 03:00:00,102675.25,-4,-10,62.95,3.6,100,NA,103050,NA,NA,NA,NA,NA,503,NA,NA,NA,10,NA,NA,NA,1600.2,NA,NA,NA,NA,-8.87,NA,-10.09,91342.05,0,0,0,-5,0,0,0,NA,NA,NA,NA,NA,NA,NA,NA,NA,1.3,182,52,-5.5,5.7
2019-01-08 04:00:00,102709.12,-4,-11.1,58.14,4.12,100,NA,103130,NA,NA,1019,NA,NA,503,NA,NA,NA,10,-1.7,-6.7,NA,1524,NA,NA,NA,NA,-9.29,NA,-11.1,91372.18,0,0,0,-5.2,0,0,0,NA,NA,NA,NA,NA,NA,NA,NA,NA,1,162,59,-6.1,4.2
2019-01-08 05:00:00,102810.71,-6,-11.7,62.44,3.6,120,NA,103260,NA,NA,NA,NA,NA,1,NA,NA,NA,10,NA,NA,NA,NA,NA,NA,NA,NA,-10.8,NA,-12.09,91462.56,0,0,0,-3.5,0,0,0,NA,NA,NA,NA,NA,NA,NA,NA,NA,0.9,174,53,-6.9,3.3
2019-01-08 06:00:00,102912.3,-7,-12.8,62.44,4.63,120,NA,103400,NA,NA,NA,NA,NA,1,NA,NA,NA,10,NA,NA,NA,NA,NA,NA,NA,NA,-12.25,NA,-12.09,91552.94,0,0,0,-3.4,0,0,0,NA,NA,NA,NA,NA,NA,NA,NA,NA,0.8,195,39,-8.9,4
2019-01-08 07:00:00,102980.03,-8,-12.2,67.19,2.06,130,NA,103450,NA,NA,1019,NA,NA,1,NA,NA,NA,10,NA,NA,NA,NA,NA,NA,NA,NA,-11.87,NA,-13.08,91613.19,0,0,0,-2.6,0,0,0,NA,NA,NA,NA,NA,NA,NA,NA,NA,0.7,190,65,-9.9,6.9
2019-01-08 08:00:00,102980.03,-9,-13.3,72.85,1.54,90,NA,103510,NA,NA,NA,NA,NA,1,NA,NA,NA,10,NA,NA,NA,NA,NA,NA,NA,NA,-11.87,NA,-13.07,91613.19,0,0,0,-1.7,0,0,1,NA,NA,NA,NA,NA,NA,NA,NA,NA,0.8,181,59,-10.4,7.4
2019-01-08 09:00:00,103013.89,-9,-12.8,72.65,1.54,130,NA,103510,NA,NA,NA,NA,NA,1,NA,NA,NA,10,NA,NA,NA,NA,NA,NA,NA,NA,-11.99,NA,-13.07,91643.31,0,0,0,NA,NA,NA,1,NA,NA,NA,NA,NA,NA,NA,NA,NA,1.1,215,55,-8.8,8.5
2019-01-08 10:00:00,103047.76,-8,-11.7,72.85,1.54,160,NA,103490,NA,NA,1007,NA,NA,1,NA,NA,NA,10,-4.4,-11.1,NA,NA,NA,NA,NA,NA,-11.87,NA,-12.07,91673.44,0,0,0,-0.9,0,0,1,NA,NA,NA,NA,NA,NA,NA,NA,NA,1.2,193,52,-6.1,7.9
2019-01-08 11:00:00,102980.03,-7,-10.6,73.06,0,0,NA,103350,NA,NA,NA,NA,NA,1,NA,NA,NA,10,NA,NA,NA,NA,NA,NA,NA,NA,-9.82,NA,-11.07,91613.19,0,0,0,0.4,0,1,1,NA,NA,NA,NA,NA,2,2019-01-08 11:00:00,2019-01-08 12:00:00,NA,1.1,127,50,-4,7.1
2019-01-08 12:00:00,102810.71,-6,-11.1,67.65,1.54,280,NA,103220,NA,NA,NA,NA,NA,1,NA,NA,NA,10,NA,NA,NA,NA,NA,NA,NA,NA,-8.67,NA,-11.08,91462.56,0,0,0,0,0,1,1,NA,NA,NA,NA,NA,2,2019-01-08 11:00:00,2019-01-08 12:00:00,NA,1.1,179,67,-2.2,5.9
2019-01-08 13:00:00,102675.25,-4,-11.1,58.14,0,0,NA,103100,NA,NA,8036,NA,NA,1,NA,NA,NA,10,NA,NA,NA,NA,NA,NA,NA,NA,-7.53,NA,-11.1,91342.05,0,0,0,-1.1,0,0,1,NA,NA,NA,NA,NA,NA,NA,NA,NA,1.4,206,35,-2.2,2
2019-01-08 14:00:00,102607.53,-4,-10.6,58.14,0,0,NA,102990,NA,NA,NA,NA,NA,953,NA,NA,NA,10,NA,NA,NA,2743.2,NA,NA,NA,NA,-6.795,NA,-11.1,91281.81,0,0,0,-0.9,0,0,1,NA,NA,NA,NA,NA,NA,NA,NA,NA,1.8,223,32,-3.3,1.3
2019-01-08 15:00:00,102539.8,-4,-9.4,62.95,1.54,260,NA,102910,NA,NA,NA,NA,NA,804,904,NA,NA,10,NA,NA,NA,2438.4,NA,NA,NA,NA,-6.39,NA,-10.09,91221.55,0,0,0,-0.9,0,0,1,NA,NA,NA,NA,NA,NA,NA,NA,NA,1.7,233,36,-3.3,3.5
2019-01-08 16:00:00,102472.07,-4,-8.9,68.11,0,0,NA,102840,NA,NA,7019,NA,NA,754,904,NA,NA,10,-3.3,-8.3,NA,2286,NA,NA,NA,NA,-7.2,NA,-9.08,91161.3,0,0,0,-0.2,0,0,1,NA,NA,NA,NA,NA,NA,NA,NA,NA,1.2,248,39,-3.3,3.5
2019-01-08 17:00:00,102438.21,-4,-9.4,68.11,0,0,NA,102880,NA,NA,NA,NA,NA,704,904,NA,NA,10,NA,NA,NA,2133.6,NA,NA,NA,NA,-6.39,NA,-9.08,91131.18,0,0,0,0.5,1,1,1,8,10,43,2019-01-08 17:00:00,2019-01-10 11:00:00,43,2019-01-08 17:00:00,2019-01-10 11:00:00,NA,1.1,232,40,-3.9,5.7
2019-01-08 18:00:00,102404.34,-4,-8.15,68.11,0.77,90,NA,102820,NA,NA,NA,NA,NA,704,NA,NA,NA,10,NA,NA,NA,2133.6,NA,NA,NA,NA,-7.2,NA,-9.08,91101.04,0,0,0,0.7,1,1,1,8,10,43,2019-01-08 17:00:00,2019-01-10 11:00:00,43,2019-01-08 17:00:00,2019-01-10 11:00:00,NA,1.1,198,34,-4.1,6.6
2019-01-08 19:00:00,102370.48,-4,-9.4,68.11,0,0,NA,102810,NA,NA,8009,NA,NA,754,1004,NA,NA,10,NA,NA,NA,2286,NA,NA,NA,NA,-7.2,NA,-9.08,91070.92,0,0,0,1.4,1,1,1,8,10,43,2019-01-08 17:00:00,2019-01-10 11:00:00,43,2019-01-08 17:00:00,2019-01-10 11:00:00,NA,0.7,173,43,-4.9,5.2
2019-01-08 20:00:00,102336.62,-4,-8.9,68.11,1.54,100,NA,102780,NA,NA,NA,NA,NA,754,1004,NA,NA,10,NA,NA,NA,2286,NA,NA,NA,NA,-6.39,NA,-9.08,91040.8,0,0,0,1.7,1,1,1,8,10,43,2019-01-08 17:00:00,2019-01-10 11:00:00,43,2019-01-08 17:00:00,2019-01-10 11:00:00,NA,1,204,34,-5.2,7.4
2019-01-08 21:00:00,102268.89,-4,-10,62.95,1.54,90,NA,102750,NA,NA,NA,NA,NA,1102,1152.5,NA,NA,10,NA,NA,NA,2819.4,NA,NA,NA,NA,-6.39,NA,-10.09,90980.54,0,0,0,2.5,1,1,1,8,10,43,2019-01-08 17:00:00,2019-01-10 11:00:00,43,2019-01-08 17:00:00,2019-01-10 11:00:00,NA,0.6,201,49,-5.5,10.5
2019-01-08 22:00:00,102268.89,-4,-9.4,68.11,2.06,100,NA,102690,NA,1004,7009,NA,NA,603,1004,NA,NA,10,-3.3,-5,NA,2209.8,NA,NA,NA,NA,-6.39,NA,-9.08,90980.54,0,0,0,2.3,1,1,0,8,10,43,2019-01-08 17:00:00,2019-01-10 11:00:00,43,2019-01-08 17:00:00,2019-01-10 11:00:00,NA,0.8,210,68,-5.2,11
2019-01-08 23:00:00,102201.16,-3,-8.3,63.2,0,0,NA,102590,NA,NA,NA,NA,NA,703,804,NA,NA,10,NA,NA,NA,2133.6,NA,-2.8,-11.1,NA,-5.82,NA,-9.09,90920.29,0,0,0,1.6,1,1,1,8,10,43,2019-01-08 17:00:00,2019-01-10 11:00:00,43,2019-01-08 17:00:00,2019-01-10 11:00:00,NA,1.9,230,40,-4.6,8.3
2019-01-09,102133.43,-4,-7.8,73.65,1.54,290,NA,102450,NA,NA,NA,NA,NA,754,904,NA,NA,10,NA,NA,NA,2286,NA,NA,NA,NA,-6.52,NA,-8.07,90860.04,0,0,0,3.3,1,1,1,8,10,43,2019-01-08 17:00:00,2019-01-10 11:00:00,43,2019-01-08 17:00:00,2019-01-10 11:00:00,NA,1.1,209,53,-4.7,10
2019-01-09 01:00:00,101964.11,-4,-7.8,73.65,2.57,250,NA,102310,NA,NA,8030,NA,NA,852,1054,NA,NA,10,NA,NA,NA,2590.8,NA,NA,NA,NA,-7.84,NA,-8.07,90709.41,0,0,0,3.6,1,1,0,8,10,43,2019-01-08 17:00:00,2019-01-10 11:00:00,43,2019-01-08 17:00:00,2019-01-10 11:00:00,NA,1.5,207,49,-4.5,11.2
2019-01-09 02:00:00,101896.38,-4,-8.3,73.65,1.54,250,NA,102280,NA,NA,NA,NA,NA,1,NA,NA,NA,10,NA,NA,NA,NA,NA,NA,NA,NA,-7.2,NA,-8.07,90649.15,0,0,0,4.5,1,1,1,8,10,43,2019-01-08 17:00:00,2019-01-10 11:00:00,43,2019-01-08 17:00:00,2019-01-10 11:00:00,NA,1.3,203,57,-4.7,9.3
2019-01-09 03:00:00,101896.38,-4,-7.2,73.65,2.57,150,NA,102280,NA,NA,NA,NA,NA,1003,1154,NA,NA,10,NA,NA,NA,3048,NA,NA,NA,NA,-8.12,NA,-8.07,90649.15,0,0,0,4.5,1,1,0,8,10,43,2019-01-08 17:00:00,2019-01-10 11:00:00,43,2019-01-08 17:00:00,2019-01-10 11:00:00,NA,0.9,205,60,-4.6,6.7
2019-01-09 04:00:00,101760.93,-4,-7.8,79.58,2.06,100,NA,102100,NA,954,8019,NA,NA,706,804,NA,NA,10,-3.3,-5,NA,2895.6,NA,NA,NA,NA,-7.2,NA,-7.05,90528.65,0,0,0,4.2,1,1,0,8,10,43,2019-01-08 17:00:00,2019-01-10 11:00:00,43,2019-01-08 17:00:00,2019-01-10 11:00:00,NA,1.4,222,62,-4.3,6.9
2019-01-09 05:00:00,101727.07,-3,-7.2,68.34,1.54,60,NA,102110,NA,NA,NA,NA,NA,1004,1104,NA,NA,10,NA,NA,NA,3048,NA,NA,NA,NA,-6.03,NA,-8.08,90498.53,0,0,0,4.1,1,1,1,8,10,43,2019-01-08 17:00:00,2019-01-10 11:00:00,43,2019-01-08 17:00:00,2019-01-10 11:00:00,NA,1.4,212,63,-4,5.7
2019-01-09 06:00:00,101760.93,-3,-6.7,68.34,0,0,NA,102110,NA,NA,NA,NA,NA,804,904,NA,NA,10,NA,NA,NA,2438.4,NA,NA,NA,NA,-5.25,NA,-8.08,90528.65,0,0,0,2.4,1,1,1,8,10,43,2019-01-08 17:00:00,2019-01-10 11:00:00,43,2019-01-08 17:00:00,2019-01-10 11:00:00,NA,1.2,218,57,-3.7,NA
2019-01-09 07:00:00,101727.07,-3,-6.7,73.84,0,0,NA,102080,NA,NA,8001,NA,NA,752,1103.5,NA,NA,10,NA,NA,NA,2286,NA,NA,NA,NA,-6.03,NA,-7.07,90498.53,0,0,0,2.2,1,1,1,8,10,43,2019-01-08 17:00:00,2019-01-10 11:00:00,43,2019-01-08 17:00:00,2019-01-10 11:00:00,NA,0.9,212,39,-3.9,NA
2019-01-09 08:00:00,101693.2,-4,-6.7,79.58,0,0,NA,102090,NA,NA,NA,NA,NA,1204,1103,NA,NA,10,NA,NA,NA,3657.6,NA,NA,NA,NA,NA,NA,-7.05,90468.4,0,0,0,3.2,1,1,1,8,10,43,2019-01-08 17:00:00,2019-01-10 11:00:00,43,2019-01-08 17:00:00,2019-01-10 11:00:00,NA,1.1,213,46,-4.5,NA
2019-01-09 09:00:00,101727.07,-3,-6.7,73.84,0,0,NA,102130,NA,NA,NA,NA,NA,1104,1004,NA,NA,10,NA,NA,NA,3352.8,NA,NA,NA,NA,-6.795,NA,-7.07,90498.53,0,0,0,2.3,1,1,1,8,10,43,2019-01-08 17:00:00,2019-01-10 11:00:00,43,2019-01-08 17:00:00,2019-01-10 11:00:00,NA,0.8,208,57,-3.5,NA
2019-01-09 10:00:00,101727.07,-3,-5.6,79.74,0,0,NA,102070,NA,1203,2,NA,NA,802,1003,NA,NA,10,-1.7,-4.4,NA,3048,NA,NA,NA,NA,-5.25,NA,-6.05,90498.53,0,0,0,3,1,1,1,8,10,43,2019-01-08 17:00:00,2019-01-10 11:00:00,43,2019-01-08 17:00:00,2019-01-10 11:00:00,NA,1,205,47,-2,NA
2019-01-09 11:00:00,101659.34,-2,-6.1,74.03,1.54,240,NA,102000,NA,NA,NA,NA,NA,1103,1203,NA,NA,10,NA,NA,NA,3505.2,NA,NA,NA,NA,-4.1,NA,-6.07,90438.28,0,0,0,3.5,1,1,1,8,10,43,2019-01-08 17:00:00,2019-01-10 11:00:00,43,2019-01-08 17:00:00,2019-01-10 11:00:00,NA,1,218,52,-0.9,NA
2019-01-09 12:00:00,101591.61,-2,-6.1,74.03,1.54,240,NA,101880,NA,NA,NA,NA,NA,803,1103,NA,NA,10,NA,NA,NA,2743.2,NA,NA,NA,NA,-4.1,NA,-6.07,90378.02,0,0,0,3.5,1,1,1,8,10,43,2019-01-08 17:00:00,2019-01-10 11:00:00,43,2019-01-08 17:00:00,2019-01-10 11:00:00,NA,0.8,180,56,0.1,NA
2019-01-09 13:00:00,101523.88,-1,-6.7,63.7,0,0,NA,101830,NA,NA,6020,NA,NA,1,NA,NA,NA,10,NA,NA,NA,NA,NA,NA,NA,NA,-2.96,NA,-7.09,90317.77,0,0,0,2.9,1,1,1,8,10,43,2019-01-08 17:00:00,2019-01-10 11:00:00,43,2019-01-08 17:00:00,2019-01-10 11:00:00,NA,1,211,60,1,NA
2019-01-09 14:00:00,101490.02,-1,-6.7,63.7,0,0,NA,101830,NA,NA,NA,NA,NA,1,NA,NA,NA,10,NA,NA,NA,NA,NA,NA,NA,NA,-2.39,NA,-7.09,90287.65,0,0,0,3.3,1,1,1,8,10,43,2019-01-08 17:00:00,2019-01-10 11:00:00,43,2019-01-08 17:00:00,2019-01-10 11:00:00,NA,1,208,67,0.3,4
2019-01-09 15:00:00,101490.02,-1,-6.7,63.7,0,0,NA,101830,NA,NA,NA,NA,NA,803,NA,NA,NA,10,NA,NA,NA,2438.4,NA,NA,NA,NA,-3.9,NA,-7.09,90287.65,0,0,0,3.1,1,1,1,8,10,43,2019-01-08 17:00:00,2019-01-10 11:00:00,43,2019-01-08 17:00:00,2019-01-10 11:00:00,NA,1,177,53,0.3,5.9
2019-01-09 16:00:00,101557.75,-1,-6.1,63.94,2.06,320,NA,101890,NA,NA,3007,NA,NA,754,854,NA,NA,10,0,-2.2,NA,2286,NA,NA,NA,NA,-3.7,NA,-6.09,90347.9,0,0,0,2.4,1,1,0,8,10,43,2019-01-08 17:00:00,2019-01-10 11:00:00,43,2019-01-08 17:00:00,2019-01-10 11:00:00,NA,0.8,172,66,-0.3,6.6
2019-01-09 17:00:00,101557.75,-2,-7.2,68.78,2.57,160,NA,101900,NA,1103,NA,NA,NA,752,906,NA,NA,10,NA,NA,NA,2286,NA,NA,NA,NA,-5.47,NA,-6.09,90347.9,0,0,0,2.5,1,1,0,8,10,43,2019-01-08 17:00:00,2019-01-10 11:00:00,43,2019-01-08 17:00:00,2019-01-10 11:00:00,NA,1.2,172,63,-1,9
2019-01-09 18:00:00,101557.75,-2,-7.2,68.56,2.06,60,NA,101930,NA,NA,NA,NA,NA,853,953,NA,NA,10,NA,NA,NA,2590.8,NA,NA,NA,NA,-5.47,NA,-7.08,90347.9,0,0,0,2.7,1,1,0,8,10,43,2019-01-08 17:00:00,2019-01-10 11:00:00,43,2019-01-08 17:00:00,2019-01-10 11:00:00,NA,1,146,78,-2.6,10.2
2019-01-09 19:00:00,101591.61,-3,-7.8,73.84,1.54,290,NA,101970,NA,NA,3002,NA,NA,703,953,NA,NA,10,NA,NA,NA,2286,NA,NA,NA,NA,-5.25,NA,-7.08,90378.02,0,0,0,3.9,1,1,1,8,10,43,2019-01-08 17:00:00,2019-01-10 11:00:00,43,2019-01-08 17:00:00,2019-01-10 11:00:00,NA,1,213,73,-3.7,8
2019-01-09 20:00:00,101625.47,-3.3,-7.2,73.84,1.54,300,NA,101990,NA,NA,NA,NA,NA,703,NA,NA,NA,10,NA,NA,NA,2133.6,NA,NA,NA,NA,-5.81,NA,-7.07,90408.14,0,0,0,3.9,1,1,1,8,10,43,2019-01-08 17:00:00,2019-01-10 11:00:00,43,2019-01-08 17:00:00,2019-01-10 11:00:00,NA,0.9,184,54,-4.6,9.5
2019-01-09 21:00:00,101659.34,-4,-7.2,79.58,0,0,NA,102050,NA,NA,NA,NA,NA,704,NA,NA,NA,10,NA,NA,NA,2209.8,NA,NA,NA,NA,-5.64,NA,-7.05,90438.28,0,0,0,4.8,1,1,1,8,10,43,2019-01-08 17:00:00,2019-01-10 11:00:00,43,2019-01-08 17:00:00,2019-01-10 11:00:00,NA,0.7,204,69,-4.7,11.4
2019-01-09 22:00:00,101693.2,-3,-6.7,73.84,0,0,NA,102050,NA,NA,1010,NA,NA,754,NA,NA,NA,10,0,-5,NA,2286,NA,NA,NA,NA,-5.25,NA,-7.07,90468.4,0,0,0,3.7,1,1,1,8,10,43,2019-01-08 17:00:00,2019-01-10 11:00:00,43,2019-01-08 17:00:00,2019-01-10 11:00:00,NA,0.7,184,65,-4.2,10.7
2019-01-09 23:00:00,101727.07,-3,-6.7,73.84,0,0,NA,102100,NA,NA,NA,NA,NA,703,NA,NA,NA,10,NA,NA,NA,2133.6,NA,0,-5,NA,-5.25,NA,-7.07,90498.53,0,0,0,3.5,1,1,1,8,10,43,2019-01-08 17:00:00,2019-01-10 11:00:00,43,2019-01-08 17:00:00,2019-01-10 11:00:00,NA,0.8,191,69,-4.5,10.5
2019-01-10,101760.93,-3,-6.7,79.74,0,0,NA,102100,NA,NA,NA,NA,NA,652,954,NA,NA,10,NA,NA,NA,2895.6,NA,NA,NA,NA,-6.39,NA,-6.05,90528.65,0,0,0,3.2,1,1,1,8,10,43,2019-01-08 17:00:00,2019-01-10 11:00:00,43,2019-01-08 17:00:00,2019-01-10 11:00:00,NA,1,222,61,-4.1,16.4
2019-01-10 01:00:00,101794.79,-3,-6.7,79.74,2.06,300,NA,102160,NA,904,3010,NA,NA,603,904,NA,NA,10,NA,NA,NA,1981.2,NA,NA,NA,NA,-6.39,NA,-6.05,90558.78,0,0,0,2.8,1,1,0,8,10,43,2019-01-08 17:00:00,2019-01-10 11:00:00,43,2019-01-08 17:00:00,2019-01-10 11:00:00,NA,1.1,208,59,-3.4,11
2019-01-10 02:00:00,101828.66,-4,-6.1,85.93,1.54,280,NA,102220,NA,NA,NA,NA,NA,604,904,NA,NA,9,NA,NA,NA,1828.8,NA,NA,NA,NA,-6.39,NA,-6.04,90588.91,0,0,0,4,1,1,1,8,10,43,2019-01-08 17:00:00,2019-01-10 11:00:00,43,2019-01-08 17:00:00,2019-01-10 11:00:00,NA,1.1,228,55,-3.1,11.2
2019-01-10 03:00:00,101896.38,-4,-6.1,85.93,0,0,NA,102220,NA,NA,NA,NA,NA,604,904,NA,NA,9,NA,NA,NA,1828.8,NA,NA,NA,NA,-6.39,NA,-6.04,90649.15,0,0,0,4.2,1,1,1,8,10,43,2019-01-08 17:00:00,2019-01-10 11:00:00,43,2019-01-08 17:00:00,2019-01-10 11:00:00,NA,0.8,221,57,-3.2,12.9
2019-01-10 04:00:00,101862.52,-4,-6.1,85.93,0,0,NA,102210,NA,NA,1006,NA,NA,603,903,NA,NA,10,-2.8,-4.4,NA,1828.8,NA,NA,NA,NA,-6.39,NA,-6.04,90619.03,0,0,0,3.8,1,1,1,8,10,43,2019-01-08 17:00:00,2019-01-10 11:00:00,43,2019-01-08 17:00:00,2019-01-10 11:00:00,NA,0.8,214,60,-3.3,13.4
2019-01-10 05:00:00,101862.52,-3,-5.6,79.74,0,0,NA,102210,NA,904,NA,NA,NA,553,804,NA,NA,10,NA,NA,NA,2438.4,NA,NA,NA,NA,-5.59,NA,-6.05,90619.03,0,0,0,2.6,1,1,1,8,10,43,2019-01-08 17:00:00,2019-01-10 11:00:00,43,2019-01-08 17:00:00,2019-01-10 11:00:00,NA,0.9,181,61,-3.1,13.2
2019-01-10 06:00:00,101862.52,-3,-5.6,79.74,0,0,NA,102180,NA,829,NA,NA,NA,506,653,NA,NA,10,NA,NA,NA,2286,NA,NA,NA,NA,-6.03,NA,-6.05,90619.03,0,0,0,2.7,1,1,1,8,10,43,2019-01-08 17:00:00,2019-01-10 11:00:00,43,2019-01-08 17:00:00,2019-01-10 11:00:00,NA,0.9,224,53,-3,11.2
2019-01-10 07:00:00,101862.52,-2,-4.4,79.89,0,0,NA,102270,41,704,3002,0.127,0.025,492,604,NA,NA,10,NA,NA,NA,2133.6,NA,NA,NA,NA,-4.675,NA,-5.05,90619.03,0,0,0,1.6,1,1,1,8,10,43,2019-01-08 17:00:00,2019-01-10 11:00:00,43,2019-01-08 17:00:00,2019-01-10 11:00:00,NA,1,183,62,-2.9,9.3
2019-01-10 08:00:00,101930.25,-2,-5,86.15,0,0,NA,102320,41,754,NA,0.127,NA,456,603,NA,NA,8,NA,NA,NA,1828.8,NA,NA,NA,NA,-5.64,NA,-4.03,90679.28,0,0,0,1.6,1,1,1,8,10,43,2019-01-08 17:00:00,2019-01-10 11:00:00,43,2019-01-08 17:00:00,2019-01-10 11:00:00,NA,0.9,180,58,-2.5,11.7
2019-01-10 09:00:00,102031.84,-2,-3.9,86.15,0,0,NA,102420,31,704,NA,NA,NA,443,554,NA,NA,7,NA,NA,NA,1402.08,NA,NA,NA,NA,-5.25,NA,-4.03,90769.66,0,0,0,1.5,1,1,1,8,10,43,2019-01-08 17:00:00,2019-01-10 11:00:00,43,2019-01-08 17:00:00,2019-01-10 11:00:00,NA,0.8,215,67,-1.8,10.5
2019-01-10 10:00:00,102099.57,-2,-3.9,86.15,0,0,NA,102460,31,854,1019,NA,NA,552,703,0.025,NA,7,-1.7,-3.3,NA,2133.6,NA,NA,NA,NA,-4.48,NA,-4.03,90829.91,0,0,0,1.6,1,1,1,8,10,43,2019-01-08 17:00:00,2019-01-10 11:00:00,43,2019-01-08 17:00:00,2019-01-10 11:00:00,NA,1,129,53,-0.3,10.5
2019-01-10 11:00:00,102099.57,-1,-4.4,80.04,0,0,NA,102430,NA,NA,NA,NA,NA,503,1202,NA,NA,9,NA,NA,NA,1508.76,NA,NA,NA,NA,-3.33,NA,-4.05,90829.91,0,0,0,0.5,1,1,1,8,10,43,2019-01-08 17:00:00,2019-01-10 11:00:00,43,2019-01-08 17:00:00,2019-01-10 11:00:00,NA,1.2,244,44,1.4,19.7
2019-01-10 12:00:00,102065.7,0,-3.9,74.41,1.54,20,NA,102380,NA,NA,NA,NA,NA,473,554,NA,NA,9,NA,NA,NA,1432.56,NA,NA,NA,NA,-1.82,NA,-4.06,90799.78,0,0,0,-0.2,0,0,1,NA,NA,NA,NA,NA,NA,NA,NA,NA,1.2,229,43,2,5.2
2019-01-10 13:00:00,102031.84,1,-3.9,69.22,1.54,40,NA,102370,NA,NA,6006,NA,NA,503,853,NA,NA,9,NA,NA,NA,1524,NA,NA,NA,NA,-0.68,NA,-4.07,90769.66,0,0,0,-1.4,0,0,1,NA,NA,NA,NA,NA,NA,NA,NA,NA,0.7,268,78,3.6,17.5
2019-01-10 14:00:00,102031.84,1,-3.9,69.22,0,0,NA,102350,NA,NA,NA,NA,NA,453,554,NA,NA,9,NA,NA,NA,1371.6,NA,NA,NA,NA,-0.105,NA,-4.07,90769.66,0,0,0,-1.7,0,0,1,NA,NA,NA,NA,NA,NA,NA,NA,NA,0.9,336,67,3.5,10.7
2019-01-10 15:00:00,102099.57,2,-2.8,69.43,0,0,NA,102450,NA,NA,NA,NA,NA,503,603,NA,NA,8,NA,NA,NA,1524,NA,NA,NA,NA,-0.68,NA,-3.07,90829.91,0,0,0,-2.7,0,0,1,NA,NA,NA,NA,NA,NA,NA,NA,NA,0.7,139,74,3.1,16.4
2019-01-10 16:00:00,102133.43,2,-3.3,69.43,0,0,NA,102450,NA,NA,3009,NA,NA,656,904,NA,NA,9,2.8,-1.7,NA,2743.2,NA,NA,NA,NA,0.47,NA,-3.07,90860.04,0,0,0,-2.9,0,0,1,NA,NA,NA,NA,NA,NA,NA,NA,NA,0.9,231,53,2.4,22.3
2019-01-10 17:00:00,102167.3,1,-3.9,74.6,2.06,250,NA,102570,NA,NA,NA,NA,NA,903,953.5,NA,NA,8,NA,NA,NA,2743.2,NA,NA,NA,NA,-2.745,NA,-3.06,90890.17,0,0,0,-2.3,0,0,0,NA,NA,NA,NA,NA,NA,NA,NA,NA,0.8,191,49,1.4,26
2019-01-10 18:00:00,102235.02,1,-3.3,74.6,1.54,30,NA,102530,NA,NA,NA,NA,NA,483,903,NA,NA,9,NA,NA,NA,2103.12,NA,NA,NA,NA,-1.36,NA,-3.06,90950.41,0,0,0,-2.3,0,0,1,NA,NA,NA,NA,NA,NA,NA,NA,NA,1.2,180,39,0.4,23.8
2019-01-10 19:00:00,102201.16,-2,-4.4,80.04,0,0,NA,102550,NA,NA,1006,NA,NA,1,NA,NA,NA,8,NA,NA,NA,NA,NA,NA,NA,NA,-3.93,NA,-4.05,90920.29,0,0,0,0.7,1,1,1,NA,11,1,2019-01-10 19:00:00,2019-01-10 19:00:00,13,2019-01-10 19:00:00,2019-01-11 07:00:00,NA,0.7,137,66,-1.4,22.5
2019-01-10 20:00:00,102235.02,-2,-4.4,86.15,1.54,270,NA,102590,NA,NA,NA,NA,NA,424,NA,NA,NA,8,NA,NA,NA,1280.16,NA,NA,NA,NA,-4.1,NA,-4.03,90950.41,0,0,0,0.2,0,1,1,NA,11,NA,NA,NA,13,2019-01-10 19:00:00,2019-01-11 07:00:00,NA,0.9,177,59,-2.3,30.7
2019-01-10 21:00:00,102268.89,-3,-5,86.04,0,0,NA,102640,31,NA,NA,NA,NA,414,NA,NA,NA,7,NA,NA,NA,1249.68,NA,NA,NA,NA,-6.65,NA,-5.04,90980.54,0,0,0,1.1,1,1,1,10,11,9,2019-01-10 21:00:00,2019-01-11 05:00:00,13,2019-01-10 19:00:00,2019-01-11 07:00:00,NA,0.8,192,70,-2.9,27.3
2019-01-10 22:00:00,102302.75,-4,-6.7,91.92,2.57,260,NA,102730,31,NA,3013,NA,NA,423,NA,NA,NA,8,2.2,-5.6,NA,1280.16,NA,NA,NA,NA,-8.22,NA,-6.02,91010.67,0,0,0,2.1,1,1,0,10,11,9,2019-01-10 21:00:00,2019-01-11 05:00:00,13,2019-01-10 19:00:00,2019-01-11 07:00:00,NA,0.8,172,55,-3.7,20.9
2019-01-10 23:00:00,102370.48,-4,-5.6,85.93,0,0,NA,102770,31,NA,NA,NA,NA,1,NA,NA,NA,5,NA,NA,NA,NA,NA,2.8,-5.6,NA,-7.53,NA,-6.04,91070.92,0,0,0,1.8,1,1,1,10,11,9,2019-01-10 21:00:00,2019-01-11 05:00:00,13,2019-01-10 19:00:00,2019-01-11 07:00:00,NA,1.2,183,50,-4.4,26.3
2019-01-11,102404.34,-5,-7.8,85.93,0,0,NA,102790,31,NA,NA,NA,NA,364,NA,NA,NA,4,NA,NA,NA,1158.24,NA,NA,NA,NA,-7.935,NA,-7.02,91101.04,0,0,0,2.7,1,1,1,10,11,9,2019-01-10 21:00:00,2019-01-11 05:00:00,13,2019-01-10 19:00:00,2019-01-11 07:00:00,NA,1,169,52,-5.1,20.2
2019-01-11 01:00:00,102438.21,-5.3,-6.4,91.96,0,0,NA,102810,31,NA,1009,NA,NA,343,NA,NA,NA,2.5,NA,NA,NA,1066.8,NA,NA,NA,NA,-8.67,NA,-7.02,91131.18,0,0,0,2.9,1,1,1,10,11,9,2019-01-10 21:00:00,2019-01-11 05:00:00,13,2019-01-10 19:00:00,2019-01-11 07:00:00,NA,0.6,181,55,-5.8,17.7
2019-01-11 02:00:00,102505.93,-4.7,-6.65,85.93,0,0,NA,102830,31,NA,NA,NA,NA,1,NA,NA,NA,4,NA,NA,NA,91.44,NA,NA,NA,NA,-6.39,NA,-6.575,91191.42,0,0,0,2.1,1,1,1,10,11,9,2019-01-10 21:00:00,2019-01-11 05:00:00,13,2019-01-10 19:00:00,2019-01-11 07:00:00,NA,0.6,157,68,-6.3,18.2
2019-01-11 03:00:00,102539.8,-8,-9.15,92.48,1.54,260,NA,102890,30,NA,NA,NA,NA,25,NA,NA,NA,0.24,NA,NA,NA,60.96,NA,NA,NA,NA,-10.96,NA,-9.02,91221.55,0,0,0,5.3,1,1,1,10,11,9,2019-01-10 21:00:00,2019-01-11 05:00:00,13,2019-01-10 19:00:00,2019-01-11 07:00:00,NA,0.7,189,64,-6.5,20.4
2019-01-11 04:00:00,102505.93,-7,-8.05,88.34,1.54,260,NA,102850,30,NA,8001,NA,NA,25,NA,NA,NA,0.13,-3.9,-8.9,NA,60.96,NA,NA,NA,NA,-9.82,NA,-8.04,91191.42,0,0,0,3.8,1,1,1,10,11,9,2019-01-10 21:00:00,2019-01-11 05:00:00,13,2019-01-10 19:00:00,2019-01-11 07:00:00,NA,1,200,51,-7,12.7
2019-01-11 05:00:00,102472.07,-6,-7.8,85.71,0,0,NA,102840,30,NA,NA,NA,NA,25,NA,NA,NA,0.25,NA,NA,NA,60.96,NA,NA,NA,NA,-6.84,NA,-7.93,91161.3,0,0,0,2.7,1,1,1,10,11,9,2019-01-10 21:00:00,2019-01-11 05:00:00,13,2019-01-10 19:00:00,2019-01-11 07:00:00,NA,1,206,63,-6.8,15.4
2019-01-11 06:00:00,102472.07,-4,-6.1,85.93,1.54,150,NA,102840,30,NA,NA,NA,NA,25,NA,NA,NA,0.25,NA,NA,NA,60.96,NA,NA,NA,NA,-6.84,NA,-6.04,91161.3,0,0,0,0.1,0,1,1,NA,11,NA,NA,NA,13,2019-01-10 19:00:00,2019-01-11 07:00:00,NA,0.8,166,44,-6.1,15.6
2019-01-11 07:00:00,102472.07,-4,-5.6,85.93,1.54,120,NA,102840,30,NA,7001,NA,NA,25,NA,NA,NA,0.25,NA,NA,NA,60.96,NA,NA,NA,NA,-6.39,NA,-6.04,91161.3,0,0,0,0,0,1,1,NA,11,NA,NA,NA,13,2019-01-10 19:00:00,2019-01-11 07:00:00,NA,0.9,134,51,-5.3,10.7
2019-01-11 08:00:00,102505.93,-4,-5.6,85.93,0,0,NA,102930,30,NA,NA,NA,NA,35,NA,NA,NA,0.25,NA,NA,NA,91.44,NA,NA,NA,NA,-6.39,NA,-6.04,91191.42,0,0,0,-0.7,0,0,1,NA,NA,NA,NA,NA,NA,NA,NA,NA,0.8,203,41,-4.8,12.2
2019-01-11 09:00:00,102607.53,-3,-5,88.35,1.54,300,NA,102980,31,134,NA,NA,NA,46,94,NA,NA,1.5,NA,NA,NA,198.12,NA,NA,NA,NA,-5.25,NA,-4.73,91281.81,0,0,0,-1.2,0,0,1,NA,NA,NA,NA,NA,NA,NA,NA,NA,1.1,221,35,-4.2,16.7
2019-01-11 10:00:00,102607.53,-3,-3.9,92.79,0,0,NA,103000,31,NA,11,NA,NA,36,124,NA,NA,2,-2.2,-5,NA,365.76,NA,NA,NA,NA,-5.64,NA,-4.02,91281.81,0,0,0,0.2,0,1,1,NA,NA,NA,NA,NA,5,2019-01-11 10:00:00,2019-01-11 14:00:00,NA,0.9,238,44,-3.6,17
2019-01-11 11:00:00,102539.8,-2,-2.9,92.85,1.54,230,NA,102890,31,NA,NA,NA,NA,124,143,NA,NA,4,NA,NA,NA,365.76,NA,NA,NA,NA,-4.1,NA,-3.02,91221.55,0,0,0,1.6,1,1,1,NA,NA,4,2019-01-11 11:00:00,2019-01-11 14:00:00,5,2019-01-11 10:00:00,2019-01-11 14:00:00,NA,0.7,215,49,-2.1,19.7
2019-01-11 12:00:00,102472.07,-1,-2.8,86.26,0,0,NA,102840,31,NA,NA,NA,NA,1,142,NA,NA,4,NA,NA,NA,426.72,NA,NA,NA,NA,-2.96,NA,-3.03,91161.3,0,0,0,1.5,1,1,1,NA,NA,4,2019-01-11 11:00:00,2019-01-11 14:00:00,5,2019-01-11 10:00:00,2019-01-11 14:00:00,NA,0.9,208,55,0.9,14.1
2019-01-11 13:00:00,102438.21,-1,-3.3,86.26,2.57,300,NA,102800,31,NA,8007,NA,NA,1,NA,NA,NA,6,NA,NA,NA,NA,NA,NA,NA,NA,-4.28,NA,-3.03,91131.18,0,0,0,4,1,1,0,NA,NA,4,2019-01-11 11:00:00,2019-01-11 14:00:00,5,2019-01-11 10:00:00,2019-01-11 14:00:00,NA,1.2,279,47,1.9,12.2
2019-01-11 14:00:00,102404.34,0,-2.8,80.19,1.54,310,NA,102730,NA,NA,NA,NA,NA,1,NA,NA,NA,10,NA,NA,NA,NA,NA,NA,NA,NA,-2.53,NA,-3.05,91101.04,0,0,0,1.7,1,1,1,NA,NA,4,2019-01-11 11:00:00,2019-01-11 14:00:00,5,2019-01-11 10:00:00,2019-01-11 14:00:00,NA,1.3,298,54,1.7,8.5
2019-01-11 15:00:00,102404.34,1,-3.3,74.6,1.54,250,NA,102810,NA,NA,NA,NA,NA,1,NA,NA,NA,10,NA,NA,NA,NA,NA,NA,NA,NA,-1.36,NA,-3.06,91101.04,0,0,0,-1,0,0,1,NA,NA,NA,NA,NA,NA,NA,NA,NA,0.9,240,65,2,8.3
2019-01-11 16:00:00,102370.48,-1,-5,84.77,2.06,290,NA,102790,31,NA,6006,NA,NA,1,NA,NA,NA,7,1.7,-2.8,NA,NA,NA,NA,NA,NA,-4.28,NA,-4.05,91070.92,0,0,0,0.5,1,1,0,12,13,43,2019-01-11 16:00:00,2019-01-13 10:00:00,43,2019-01-11 16:00:00,2019-01-13 10:00:00,NA,1,312,63,0.4,6.9
2019-01-11 17:00:00,102370.48,-3,-6.1,86.04,1.54,320,NA,102770,31,NA,NA,NA,NA,1,NA,NA,NA,8,NA,NA,NA,NA,NA,NA,NA,NA,-6.03,NA,-5.04,91070.92,0,0,0,1.6,1,1,1,12,13,43,2019-01-11 16:00:00,2019-01-13 10:00:00,43,2019-01-11 16:00:00,2019-01-13 10:00:00,NA,0.9,162,44,-2.4,16.4
2019-01-11 18:00:00,102370.48,-4,-6.7,79.58,0,0,NA,102770,NA,NA,NA,NA,NA,1,NA,NA,NA,10,NA,NA,NA,NA,NA,NA,NA,NA,-6.39,NA,-7.05,91070.92,0,0,0,1.3,1,1,1,12,13,43,2019-01-11 16:00:00,2019-01-13 10:00:00,43,2019-01-11 16:00:00,2019-01-13 10:00:00,NA,0.7,147,37,-3.9,11
2019-01-11 19:00:00,102370.48,-5.6,-7.8,85.71,0,0,NA,102790,NA,NA,3000,NA,NA,1,NA,NA,NA,10,NA,NA,NA,NA,NA,NA,NA,NA,NA,NA,-7.84,91070.92,0,0,0,3.3,1,1,1,12,13,43,2019-01-11 16:00:00,2019-01-13 10:00:00,43,2019-01-11 16:00:00,2019-01-13 10:00:00,NA,0.7,197,30,-5.1,10.3
2019-01-11 20:00:00,102370.48,-6,-8.3,85.71,0,0,NA,102810,NA,NA,NA,NA,NA,1,NA,NA,NA,10,NA,NA,NA,NA,NA,NA,NA,NA,NA,NA,-8.04,91070.92,0,0,0,3.5,1,1,1,12,13,43,2019-01-11 16:00:00,2019-01-13 10:00:00,43,2019-01-11 16:00:00,2019-01-13 10:00:00,NA,0.7,182,47,-6,11
2019-01-11 21:00:00,102404.34,-6.7,-8.9,85.71,0,0,NA,102820,NA,NA,NA,NA,NA,1,NA,NA,NA,10,NA,NA,NA,NA,NA,NA,NA,NA,-9.245,NA,-8.04,91101.04,0,0,0,4.8,1,1,1,12,13,43,2019-01-11 16:00:00,2019-01-13 10:00:00,43,2019-01-11 16:00:00,2019-01-13 10:00:00,NA,0.6,187,51,-6.8,13.6
2019-01-11 22:00:00,102404.34,-7.2,-9.4,85.59,0,0,NA,102830,30,NA,3003,NA,NA,23,114,NA,NA,1.5,-2.2,-8.3,NA,60.96,NA,NA,NA,NA,NA,NA,-9.04,91101.04,0,0,0,6.5,1,1,1,12,13,43,2019-01-11 16:00:00,2019-01-13 10:00:00,43,2019-01-11 16:00:00,2019-01-13 10:00:00,NA,0.8,183,53,-7.1,13.9
2019-01-11 23:00:00,102404.34,-10,-11.7,85.3,0,0,NA,102850,31,NA,NA,NA,NA,23,114,NA,NA,1.375,NA,NA,NA,60.96,NA,1.7,-10,NA,NA,NA,-11.885,91101.04,0,0,0,9.6,1,1,1,12,13,43,2019-01-11 16:00:00,2019-01-13 10:00:00,43,2019-01-11 16:00:00,2019-01-13 10:00:00,NA,0.7,191,40,-7.9,54.4
2019-01-12,102387.41,-10,-11.7,85.24,0,0,NA,102810,31,NA,NA,NA,NA,26,103,NA,NA,7.5,NA,NA,NA,91.44,NA,NA,NA,NA,NA,NA,-12.04,91085.98,0,0,0,9.8,1,1,1,12,13,43,2019-01-11 16:00:00,2019-01-13 10:00:00,43,2019-01-11 16:00:00,2019-01-13 10:00:00,NA,0.6,169,48,-8.3,12.2
2019-01-12 01:00:00,102404.34,-9,-11.1,85.36,0,0,NA,102830,31,NA,5000,NA,NA,54,114,NA,NA,2.5,NA,NA,NA,152.4,NA,NA,NA,NA,NA,NA,-11.13,91101.04,0,0,0,9.4,1,1,1,12,13,43,2019-01-11 16:00:00,2019-01-13 10:00:00,43,2019-01-11 16:00:00,2019-01-13 10:00:00,NA,0.9,142,49,-7.8,13.6
2019-01-12 02:00:00,102438.21,-8.9,-10.6,85.36,0,0,NA,102820,31,NA,NA,NA,NA,123,124,NA,NA,9,NA,NA,NA,365.76,NA,NA,NA,NA,-11.3,NA,-11.04,91131.18,0,0,0,8.6,1,1,1,12,13,43,2019-01-11 16:00:00,2019-01-13 10:00:00,43,2019-01-11 16:00:00,2019-01-13 10:00:00,NA,0.6,196,64,-6.7,11.5
2019-01-12 03:00:00,102438.21,-7,-8.6,92.55,2.06,80,NA,102830,31,NA,NA,NA,NA,34.5,102,NA,NA,8,NA,NA,NA,91.44,NA,NA,NA,NA,-10.7,NA,-8.02,91131.18,0,0,0,6.6,1,1,0,12,13,43,2019-01-11 16:00:00,2019-01-13 10:00:00,43,2019-01-11 16:00:00,2019-01-13 10:00:00,NA,0.7,139,61,-6.2,9.5
2019-01-12 04:00:00,102404.34,-7,-8.05,92.55,0,0,NA,102840,31,NA,7002,NA,NA,64,NA,NA,NA,3,-6.7,-10.6,NA,182.88,NA,NA,NA,NA,-9.82,NA,-8.02,91101.04,0,0,0,6.8,1,1,1,12,13,43,2019-01-11 16:00:00,2019-01-13 10:00:00,43,2019-01-11 16:00:00,2019-01-13 10:00:00,NA,0.9,103,61,-5.9,8.8
2019-01-12 05:00:00,102438.21,-7,-8.9,92.55,0,0,NA,102880,31,NA,NA,NA,NA,53,94,NA,NA,9,NA,NA,NA,182.88,NA,NA,NA,NA,NA,NA,-8.02,91131.18,0,0,0,6.9,1,1,1,12,13,43,2019-01-11 16:00:00,2019-01-13 10:00:00,43,2019-01-11 16:00:00,2019-01-13 10:00:00,NA,1.7,102,54,-6.3,4.5
2019-01-12 06:00:00,102472.07,-6,-7.8,85.71,1.54,110,NA,102910,NA,NA,NA,NA,NA,84,NA,NA,NA,10,NA,NA,NA,243.84,NA,NA,NA,NA,-9.53,NA,-8.04,91161.3,0,0,0,5,1,1,1,12,13,43,2019-01-11 16:00:00,2019-01-13 10:00:00,43,2019-01-11 16:00:00,2019-01-13 10:00:00,NA,1.2,101,57,-6.9,5.7
2019-01-12 07:00:00,102505.93,-6,-8.3,85.71,2.57,110,NA,102950,NA,NA,3004,NA,NA,84,NA,NA,NA,10,NA,NA,NA,243.84,NA,NA,NA,NA,-10.22,NA,-8.04,91191.42,0,0,0,4.9,1,1,0,12,13,43,2019-01-11 16:00:00,2019-01-13 10:00:00,43,2019-01-11 16:00:00,2019-01-13 10:00:00,NA,1.1,79,63,-7.3,7.8
2019-01-12 08:00:00,102539.8,-6,-7.8,85.71,2.06,100,NA,103060,NA,NA,NA,NA,NA,74,NA,NA,NA,10,NA,NA,NA,213.36,NA,NA,NA,NA,-9.935,NA,-8.04,91221.55,0,0,0,5.6,1,1,0,12,13,43,2019-01-11 16:00:00,2019-01-13 10:00:00,43,2019-01-11 16:00:00,2019-01-13 10:00:00,NA,1.6,63,68,-7.2,6.4
2019-01-12 09:00:00,102641.39,-6,-8.3,85.71,3.09,120,NA,103140,NA,NA,NA,NA,NA,74,NA,NA,NA,10,NA,NA,NA,213.36,NA,NA,NA,NA,-10.8,NA,-8.04,91311.93,0,0,0,7,1,1,0,12,13,43,2019-01-11 16:00:00,2019-01-13 10:00:00,43,2019-01-11 16:00:00,2019-01-13 10:00:00,NA,1.9,87,47,-7.3,6.2
2019-01-12 10:00:00,102709.12,-6,-7.2,85.71,2.57,120,NA,103170,NA,NA,1018,NA,NA,64,NA,NA,NA,10,-5.6,-7.2,NA,182.88,NA,NA,NA,NA,-10.22,NA,-8.04,91372.18,0,0,0,9.5,1,1,0,12,13,43,2019-01-11 16:00:00,2019-01-13 10:00:00,43,2019-01-11 16:00:00,2019-01-13 10:00:00,NA,1.3,58,79,-6.3,2
2019-01-12 11:00:00,102675.25,-6,-6.7,92.61,1.54,130,NA,103160,NA,NA,NA,NA,NA,64,NA,NA,NA,9,NA,NA,NA,182.88,NA,NA,NA,NA,-9.53,NA,-7.02,91342.05,0,0,0,11.9,1,1,1,12,13,43,2019-01-11 16:00:00,2019-01-13 10:00:00,43,2019-01-11 16:00:00,2019-01-13 10:00:00,NA,1.1,42,69,-5.7,1
2019-01-12 12:00:00,102573.66,-5,-6.7,85.82,0,0,NA,103070,NA,NA,NA,NA,NA,64,NA,NA,NA,10,NA,NA,NA,182.88,NA,NA,NA,NA,-8.445,NA,-7.04,91251.67,0,0,0,10.9,1,1,1,12,13,43,2019-01-11 16:00:00,2019-01-13 10:00:00,43,2019-01-11 16:00:00,2019-01-13 10:00:00,NA,1.4,67,68,-5.5,3.8
2019-01-12 13:00:00,102505.93,-5,-6.7,85.82,0,0,NA,102990,NA,NA,6017,NA,NA,64,NA,NA,NA,10,NA,NA,NA,182.88,NA,NA,NA,NA,-8.1,NA,-7.04,91191.42,0,0,0,11.2,1,1,1,12,13,43,2019-01-11 16:00:00,2019-01-13 10:00:00,43,2019-01-11 16:00:00,2019-01-13 10:00:00,NA,1.3,92,64,-5,3.5
2019-01-12 14:00:00,102472.07,-5,-6.7,85.82,1.54,230,NA,102940,NA,NA,NA,NA,NA,84,NA,NA,NA,10,NA,NA,NA,243.84,NA,NA,NA,NA,-7.53,NA,-7.04,91161.3,0,0,0,10.2,1,1,1,12,13,43,2019-01-11 16:00:00,2019-01-13 10:00:00,43,2019-01-11 16:00:00,2019-01-13 10:00:00,NA,1.2,263,65,-4.8,5.7
2019-01-12 15:00:00,102472.07,-5,-7.2,85.82,1.54,240,NA,102960,NA,NA,NA,NA,NA,74,NA,NA,NA,8,NA,NA,NA,213.36,NA,NA,NA,NA,-8.22,NA,-7.04,91161.3,0,0,0,9.5,1,1,1,12,13,43,2019-01-11 16:00:00,2019-01-13 10:00:00,43,2019-01-11 16:00:00,2019-01-13 10:00:00,NA,1.4,224,46,-5,6.4
2019-01-12 16:00:00,102505.93,-6,-7.8,85.71,1.54,220,NA,102970,31,NA,5001,NA,NA,64,NA,NA,NA,7,-3.9,-6.1,NA,182.88,NA,NA,NA,NA,-8.67,NA,-8.04,91191.42,0,0,0,10.3,1,1,1,12,13,43,2019-01-11 16:00:00,2019-01-13 10:00:00,43,2019-01-11 16:00:00,2019-01-13 10:00:00,NA,0.9,224,44,-5.5,6.2
2019-01-12 17:00:00,102539.8,-6,-7.2,85.71,0,0,NA,103030,31,NA,NA,NA,NA,54,NA,NA,NA,6,NA,NA,NA,152.4,NA,NA,NA,NA,NA,NA,-8.04,91221.55,0,0,0,9.2,1,1,1,12,13,43,2019-01-11 16:00:00,2019-01-13 10:00:00,43,2019-01-11 16:00:00,2019-01-13 10:00:00,NA,2,206,38,-6.4,5.7
2019-01-12 18:00:00,102573.66,-6,-7.2,92.61,1.54,210,NA,103050,31,NA,NA,NA,NA,34,NA,NA,NA,3.5,NA,NA,NA,91.44,NA,NA,NA,NA,-8.67,NA,-7.02,91251.67,0,0,0,7.8,1,1,1,12,13,43,2019-01-11 16:00:00,2019-01-13 10:00:00,43,2019-01-11 16:00:00,2019-01-13 10:00:00,NA,1.7,194,61,-6.9,7.4
2019-01-12 19:00:00,102607.53,-6,-7.2,92.61,0,0,NA,103090,31,NA,1010,0.254,0.254,34,NA,NA,NA,0.75,NA,NA,NA,91.44,NA,NA,NA,NA,-8.67,NA,-7.02,91281.81,0,0,0,8.4,1,1,1,12,13,43,2019-01-11 16:00:00,2019-01-13 10:00:00,43,2019-01-11 16:00:00,2019-01-13 10:00:00,NA,1.6,135,47,-7,10.3
2019-01-12 20:00:00,102624.46,-6,-7.2,92.61,0,0,NA,103120,30,NA,NA,0.025,NA,25,NA,NA,NA,0.25,NA,NA,NA,60.96,NA,NA,NA,NA,-8.67,NA,-7.02,91296.87,0,0,0,8.3,1,1,1,12,13,43,2019-01-11 16:00:00,2019-01-13 10:00:00,43,2019-01-11 16:00:00,2019-01-13 10:00:00,NA,2.3,100,30,-7.3,11.7
2019-01-12 21:00:00,102675.25,-6.7,-7.8,92.55,0,0,NA,103160,31,NA,NA,0.025,NA,34,NA,NA,NA,1.5,NA,NA,NA,91.44,NA,NA,NA,NA,-9.82,NA,-7.83,91342.05,0,0,0,9.5,1,1,1,12,13,43,2019-01-11 16:00:00,2019-01-13 10:00:00,43,2019-01-11 16:00:00,2019-01-13 10:00:00,NA,2.1,99,35,-7.7,11.5
2019-01-12 22:00:00,102709.12,-7,-7.8,92.55,1.54,160,NA,103190,2500,NA,1006,0.025,NA,34,NA,0.254,NA,1.75,-6.1,-6.7,NA,91.44,NA,NA,NA,NA,-9.82,NA,-8.02,91372.18,0,0,0,9.6,1,1,1,12,13,43,2019-01-11 16:00:00,2019-01-13 10:00:00,43,2019-01-11 16:00:00,2019-01-13 10:00:00,NA,1.8,112,48,-7.7,9.3
2019-01-12 23:00:00,102742.98,-7,-8.3,92.55,0,0,NA,103210,31,NA,NA,NA,NA,34,NA,NA,NA,2.5,NA,NA,NA,91.44,NA,-3.9,-10.6,NA,-9.82,NA,-8.02,91402.31,0,0,0,9,1,1,1,12,13,43,2019-01-11 16:00:00,2019-01-13 10:00:00,43,2019-01-11 16:00:00,2019-01-13 10:00:00,NA,1.3,92,62,-7.5,9.5
2019-01-13,102742.98,-7,-8.3,92.55,2.06,290,NA,103250,30,NA,NA,NA,NA,25,NA,NA,NA,0.25,NA,NA,NA,60.96,NA,NA,NA,NA,-10.7,NA,-8.02,91402.31,0,0,0,7.6,1,1,0,12,13,43,2019-01-11 16:00:00,2019-01-13 10:00:00,43,2019-01-11 16:00:00,2019-01-13 10:00:00,NA,1.8,112,44,-7.9,9
2019-01-13 01:00:00,102776.85,-7,-8.3,92.55,2.06,270,NA,103270,30,NA,1007,NA,NA,25,NA,NA,NA,0.25,NA,NA,NA,60.96,NA,NA,NA,NA,-10.7,NA,-8.02,91432.44,0,0,0,7.5,1,1,0,12,13,43,2019-01-11 16:00:00,2019-01-13 10:00:00,43,2019-01-11 16:00:00,2019-01-13 10:00:00,NA,2,121,45,-8.1,7.6
2019-01-13 02:00:00,102827.64,-7,-8.6,85.59,2.06,310,NA,103300,30,NA,NA,NA,NA,35,NA,NA,NA,0.5,NA,NA,NA,91.44,NA,NA,NA,NA,-10.815,NA,-9.04,91477.62,0,0,0,8.4,1,1,0,12,13,43,2019-01-11 16:00:00,2019-01-13 10:00:00,43,2019-01-11 16:00:00,2019-01-13 10:00:00,NA,1.8,101,40,-8.3,7.9
2019-01-13 03:00:00,102844.57,-7,-8.3,92.55,1.54,70,NA,103320,30,NA,NA,NA,NA,35,NA,NA,NA,0.5,NA,NA,NA,91.44,NA,NA,NA,NA,-9.82,NA,-8.02,91492.68,0,0,0,8,1,1,1,12,13,43,2019-01-11 16:00:00,2019-01-13 10:00:00,43,2019-01-11 16:00:00,2019-01-13 10:00:00,NA,1.9,95,37,-8.9,8.3
2019-01-13 04:00:00,102844.57,-7,-8.3,90.445,1.54,155,NA,103350,31,NA,1007,NA,NA,34,NA,NA,0.254,1.25,-6.7,-7.2,NA,91.44,NA,NA,NA,NA,-9.82,NA,-8.175,91492.68,0,0,0,9,1,1,1,12,13,43,2019-01-11 16:00:00,2019-01-13 10:00:00,43,2019-01-11 16:00:00,2019-01-13 10:00:00,NA,1.7,109,42,-9.3,9
2019-01-13 05:00:00,102878.44,-7,-8.9,85.59,0,0,NA,103370,31,NA,NA,NA,NA,34,NA,NA,NA,1.75,NA,NA,NA,91.44,NA,NA,NA,NA,-10.04,NA,-9.04,91522.81,0,0,0,9,1,1,1,12,13,43,2019-01-11 16:00:00,2019-01-13 10:00:00,43,2019-01-11 16:00:00,2019-01-13 10:00:00,NA,1.6,98,54,-9.3,7.9
2019-01-13 06:00:00,102912.3,-7,-9.15,85.59,1.54,160,NA,103400,31,NA,NA,0.025,NA,24,NA,NA,NA,1.25,NA,NA,NA,60.96,NA,NA,NA,NA,-9.82,NA,-9.04,91552.94,0,0,0,10.2,1,1,1,12,13,43,2019-01-11 16:00:00,2019-01-13 10:00:00,43,2019-01-11 16:00:00,2019-01-13 10:00:00,NA,1.2,74,74,-9.2,5.2
2019-01-13 07:00:00,102912.3,-7,-9.4,85.59,2.06,140,NA,103420,31,NA,3005,0.025,0.025,34,NA,NA,NA,5,NA,NA,NA,91.44,NA,NA,NA,NA,-10.815,NA,-9.04,91552.94,0,0,0,9.7,1,1,0,12,13,43,2019-01-11 16:00:00,2019-01-13 10:00:00,43,2019-01-11 16:00:00,2019-01-13 10:00:00,NA,1.6,56,56,-9.3,5.9
2019-01-13 08:00:00,102946.16,-8,-11.1,78.94,3.09,130,NA,103470,31,NA,NA,NA,NA,44,NA,NA,NA,7,NA,NA,NA,121.92,NA,NA,NA,NA,-13.21,NA,-11.05,91583.06,0,0,0,10.4,1,1,0,12,13,43,2019-01-11 16:00:00,2019-01-13 10:00:00,43,2019-01-11 16:00:00,2019-01-13 10:00:00,NA,2,82,48,-9.8,7.4
2019-01-13 09:00:00,103013.89,-8,-10.6,78.94,3.6,130,NA,103540,31,NA,NA,NA,NA,74,NA,NA,NA,7,NA,NA,NA,213.36,NA,NA,NA,NA,-13.74,NA,-11.05,91643.31,0,0,0,11.4,1,1,0,12,13,43,2019-01-11 16:00:00,2019-01-13 10:00:00,43,2019-01-11 16:00:00,2019-01-13 10:00:00,NA,1.8,69,59,-9.9,6.2
2019-01-13 10:00:00,103047.76,-8,-10.6,78.94,3.6,120,NA,103570,31,NA,1012,NA,NA,94,NA,0.025,NA,8,-6.7,-8.3,NA,274.32,NA,NA,NA,NA,-13.74,NA,-11.05,91673.44,0,0,0,13.8,1,1,0,12,13,43,2019-01-11 16:00:00,2019-01-13 10:00:00,43,2019-01-11 16:00:00,2019-01-13 10:00:00,NA,1.7,107,54,-9.5,4
2019-01-13 11:00:00,103047.76,-8,-10,85.47,2.06,130,NA,103510,31,NA,NA,NA,NA,64,NA,NA,NA,7,NA,NA,NA,182.88,NA,NA,NA,NA,-11.87,NA,-10.04,91673.44,0,0,0,NA,NA,NA,0,NA,NA,NA,NA,NA,NA,NA,NA,NA,1.2,175,60,-9,5.5
2019-01-13 12:00:00,102912.3,-8,-9.4,92.48,0,0,NA,103400,NA,NA,NA,NA,NA,84,NA,NA,NA,9,NA,NA,NA,243.84,NA,NA,NA,NA,NA,NA,-9.02,91552.94,0,0,0,19.2,1,1,1,13,14,103,2019-01-13 12:00:00,2019-01-17 18:00:00,106,2019-01-13 12:00:00,2019-01-17 21:00:00,NA,1.3,284,64,-8.6,7.4
2019-01-13 13:00:00,102844.57,-8,-10,85.47,1.54,190,NA,103350,NA,NA,6019,NA,NA,94,NA,NA,NA,10,NA,NA,NA,274.32,NA,NA,NA,NA,-10.96,NA,-10.04,91492.68,0,0,0,17.8,1,1,1,13,14,103,2019-01-13 12:00:00,2019-01-17 18:00:00,106,2019-01-13 12:00:00,2019-01-17 21:00:00,NA,1.5,25,60,-8.4,9
2019-01-13 14:00:00,102844.57,-8,-10,85.47,1.54,170,NA,103340,NA,NA,NA,NA,NA,74,NA,NA,NA,9,NA,NA,NA,213.36,NA,NA,NA,NA,-10.96,NA,-10.04,91492.68,0,0,0,17,1,1,1,13,14,103,2019-01-13 12:00:00,2019-01-17 18:00:00,106,2019-01-13 12:00:00,2019-01-17 21:00:00,NA,1.3,288,61,-8.1,11
2019-01-13 15:00:00,102810.71,-8,-10,85.47,0,0,NA,103330,NA,NA,NA,NA,NA,74,NA,NA,NA,8,NA,NA,NA,213.36,NA,NA,NA,NA,-10.96,NA,-10.04,91462.56,0,0,0,15.1,1,1,1,13,14,103,2019-01-13 12:00:00,2019-01-17 18:00:00,106,2019-01-13 12:00:00,2019-01-17 21:00:00,NA,1.5,298,67,-8.3,10.2
2019-01-13 16:00:00,102810.71,-8,-10,85.47,1.54,180,NA,103330,31,NA,6002,NA,NA,64,NA,NA,NA,6,-7.2,-8.3,NA,182.88,NA,NA,NA,NA,-11.87,NA,-10.04,91462.56,0,0,0,14.8,1,1,1,13,14,103,2019-01-13 12:00:00,2019-01-17 18:00:00,106,2019-01-13 12:00:00,2019-01-17 21:00:00,NA,1.3,252,50,-8.7,10.3
2019-01-13 17:00:00,102844.57,-8,-10.6,85.47,1.54,160,NA,103390,31,NA,NA,NA,NA,54,NA,NA,NA,6,NA,NA,NA,152.4,NA,NA,NA,NA,-11.585,NA,-10.04,91492.68,0,0,0,13,1,1,1,13,14,103,2019-01-13 12:00:00,2019-01-17 18:00:00,106,2019-01-13 12:00:00,2019-01-17 21:00:00,NA,1.6,207,40,-9.1,8.6
2019-01-13 18:00:00,102878.44,-8,-10,85.47,1.8,125,NA,103400,31,NA,NA,0.025,NA,54,NA,NA,NA,3.25,NA,NA,NA,152.4,NA,NA,NA,NA,-11.87,NA,-10.04,91522.81,0,0,0,12.3,1,1,1,13,14,103,2019-01-13 12:00:00,2019-01-17 18:00:00,106,2019-01-13 12:00:00,2019-01-17 21:00:00,NA,1.8,147,50,-9.3,6.2
2019-01-13 19:00:00,102878.44,-8,-9.4,85.47,1.54,80,NA,103390,31,NA,1005,NA,0.025,44,NA,NA,NA,4,NA,NA,NA,121.92,NA,NA,NA,NA,-10.96,NA,-10.04,91522.81,0,0,0,11.2,1,1,1,13,14,103,2019-01-13 12:00:00,2019-01-17 18:00:00,106,2019-01-13 12:00:00,2019-01-17 21:00:00,NA,1.5,65,58,-9.2,6.2
2019-01-13 20:00:00,102878.44,-8,-10,85.47,0,0,NA,103420,2420,NA,NA,0.025,NA,34,NA,NA,NA,1.5,NA,NA,NA,91.44,NA,NA,NA,NA,-10.96,NA,-10.04,91522.81,0,0,0,10.6,1,1,1,13,14,103,2019-01-13 12:00:00,2019-01-17 18:00:00,106,2019-01-13 12:00:00,2019-01-17 21:00:00,NA,1.6,228,62,-9.2,8.8
2019-01-13 21:00:00,102912.3,-8,-10,88.975,1.54,165,NA,103460,31,NA,NA,0.025,NA,44,NA,NA,NA,5,NA,NA,NA,121.92,NA,NA,NA,NA,-10.96,NA,-9.53,91552.94,0,0,0,10.5,1,1,1,13,14,103,2019-01-13 12:00:00,2019-01-17 18:00:00,106,2019-01-13 12:00:00,2019-01-17 21:00:00,NA,1.7,209,42,-9.4,9.3
2019-01-13 22:00:00,102946.16,-8,-10,85.47,0,0,NA,103490,31,NA,3007,NA,NA,44,NA,0.254,NA,7,-7.8,-8.3,NA,121.92,NA,NA,NA,NA,-10.96,NA,-10.04,91583.06,0,0,0,10.3,1,1,1,13,14,103,2019-01-13 12:00:00,2019-01-17 18:00:00,106,2019-01-13 12:00:00,2019-01-17 21:00:00,NA,1.7,190,39,-9.6,8.5
2019-01-13 23:00:00,102980.03,-8,-10,85.47,1.54,190,NA,103500,31,NA,NA,NA,NA,54,NA,NA,NA,7,NA,NA,NA,152.4,NA,-6.7,-8.3,NA,-10.96,NA,-10.04,91613.19,0,0,0,10.5,1,1,1,13,14,103,2019-01-13 12:00:00,2019-01-17 18:00:00,106,2019-01-13 12:00:00,2019-01-17 21:00:00,NA,1.7,131,51,-9.9,9.5
2019-01-14,102946.16,-8,-10,85.47,1.8,250,NA,103460,31,NA,NA,NA,NA,44,NA,NA,NA,5,NA,NA,NA,121.92,NA,NA,NA,NA,-11.87,NA,-10.04,91583.06,0,0,0,9.7,1,1,1,13,14,103,2019-01-13 12:00:00,2019-01-17 18:00:00,106,2019-01-13 12:00:00,2019-01-17 21:00:00,NA,1.6,123,45,-9.8,9
2019-01-14 01:00:00,102946.16,-8,-10.6,78.94,2.57,300,NA,103460,31,NA,8002,NA,NA,34,NA,NA,NA,5,NA,NA,NA,91.44,NA,NA,NA,NA,-12.59,NA,-11.05,91583.06,0,0,0,9.7,1,1,0,13,14,103,2019-01-13 12:00:00,2019-01-17 18:00:00,106,2019-01-13 12:00:00,2019-01-17 21:00:00,NA,1.7,127,49,-9.9,9.5
2019-01-14 02:00:00,102946.16,-8,-10.6,78.94,2.57,290,NA,103490,31,NA,NA,NA,NA,44,NA,NA,NA,6,NA,NA,NA,121.92,NA,NA,NA,NA,-12.59,NA,-11.05,91583.06,0,0,0,8.2,1,1,0,13,14,103,2019-01-13 12:00:00,2019-01-17 18:00:00,106,2019-01-13 12:00:00,2019-01-17 21:00:00,NA,2,123,48,-10.4,8.6
2019-01-14 03:00:00,102946.16,-8,-11.1,78.94,2.06,300,NA,103480,31,NA,NA,NA,NA,44,NA,NA,NA,5,NA,NA,NA,121.92,NA,NA,NA,NA,-11.87,NA,-11.05,91583.06,0,0,0,9.1,1,1,0,13,14,103,2019-01-13 12:00:00,2019-01-17 18:00:00,106,2019-01-13 12:00:00,2019-01-17 21:00:00,NA,1.9,120,49,-10.6,5.9
2019-01-14 04:00:00,102946.16,-8.3,-11.1,80.16,2.06,305,NA,103460,6,NA,8001,NA,NA,44,NA,NA,0.254,6,-7.8,-8.9,NA,121.92,NA,NA,NA,NA,-12.1,NA,-11.05,91583.06,0,0,0,9,1,1,0,13,14,103,2019-01-13 12:00:00,2019-01-17 18:00:00,106,2019-01-13 12:00:00,2019-01-17 21:00:00,NA,1.8,124,52,-10.6,5.4
2019-01-14 05:00:00,102912.3,-8,-11.4,78.94,0,0,NA,103460,18.5,NA,NA,NA,NA,54,NA,NA,NA,7,NA,NA,NA,152.4,NA,NA,NA,NA,-11.87,NA,-11.05,91552.94,0,0,0,8.9,1,1,1,13,14,103,2019-01-13 12:00:00,2019-01-17 18:00:00,106,2019-01-13 12:00:00,2019-01-17 21:00:00,NA,1.7,127,52,-10.7,6.6
2019-01-14 06:00:00,102912.3,-9,-11.7,78.77,1.54,170,NA,103440,20,NA,NA,0.025,NA,84,NA,NA,NA,8,NA,NA,NA,243.84,NA,NA,NA,NA,-12.345,NA,-12.05,91552.94,0,0,0,10.5,1,1,1,13,14,103,2019-01-13 12:00:00,2019-01-17 18:00:00,106,2019-01-13 12:00:00,2019-01-17 21:00:00,NA,1.4,129,50,-10.9,6.4
2019-01-14 07:00:00,102912.3,-9,-11.7,78.77,2.06,130,NA,103430,2500,NA,8003,0.254,0.254,102.5,164,NA,NA,1.125,NA,NA,NA,335.28,NA,NA,NA,NA,-13.5,NA,-12.05,91552.94,0,0,0,10.6,1,1,0,13,14,103,2019-01-13 12:00:00,2019-01-17 18:00:00,106,2019-01-13 12:00:00,2019-01-17 21:00:00,NA,1.1,206,56,-11,7.1
2019-01-14 08:00:00,102912.3,-10,-12.5,79.335,3.09,120,NA,103460,NA,NA,NA,NA,NA,94,154,NA,NA,8,NA,NA,NA,274.32,NA,NA,NA,NA,-15.62,NA,-12.05,91552.94,0,0,0,11.8,1,1,0,13,14,103,2019-01-13 12:00:00,2019-01-17 18:00:00,106,2019-01-13 12:00:00,2019-01-17 21:00:00,NA,1.2,159,72,-11.2,9.5
2019-01-14 09:00:00,102912.3,-10,-11.7,85.24,2.06,130,NA,103490,31,NA,NA,NA,NA,74,NA,NA,NA,6,NA,NA,NA,213.36,NA,NA,NA,NA,-14.2,NA,-12.04,91552.94,0,0,0,13.5,1,1,0,13,14,103,2019-01-13 12:00:00,2019-01-17 18:00:00,106,2019-01-13 12:00:00,2019-01-17 21:00:00,NA,1.5,201,68,-11.1,9.8
2019-01-14 10:00:00,102946.16,-10,-12.2,85.24,2.06,140,NA,103490,31,NA,3,NA,NA,74,NA,0.254,NA,6,-8.3,-10,NA,213.36,NA,NA,NA,NA,-14.2,NA,-12.04,91583.06,0,0,0,15,1,1,0,13,14,103,2019-01-13 12:00:00,2019-01-17 18:00:00,106,2019-01-13 12:00:00,2019-01-17 21:00:00,NA,1.5,229,48,-10.8,9.5
2019-01-14 11:00:00,102878.44,-10,-12.2,85.24,1.54,100,NA,103390,31,NA,NA,NA,NA,94,NA,NA,NA,5,NA,NA,NA,274.32,NA,NA,NA,NA,-13.24,NA,-12.04,91522.81,0,0,0,18.6,1,1,1,13,14,103,2019-01-13 12:00:00,2019-01-17 18:00:00,106,2019-01-13 12:00:00,2019-01-17 21:00:00,NA,1,303,71,-10.2,8.8
2019-01-14 12:00:00,102742.98,-9,-12,78.77,1.54,250,NA,103250,31,NA,NA,0.025,NA,104,174,NA,NA,4,NA,NA,NA,304.8,NA,NA,NA,NA,-13.04,NA,-12.05,91402.31,0,0,0,18.2,1,1,1,13,14,103,2019-01-13 12:00:00,2019-01-17 18:00:00,106,2019-01-13 12:00:00,2019-01-17 21:00:00,NA,1.4,283,57,-10,8.3
2019-01-14 13:00:00,102641.39,-10,-12.2,85.24,1.54,210,NA,103150,31,NA,7029,0.025,0.025,134,144,NA,NA,9,NA,NA,NA,396.24,NA,NA,NA,NA,-13.24,NA,-12.04,91311.93,0,0,0,18.7,1,1,1,13,14,103,2019-01-13 12:00:00,2019-01-17 18:00:00,106,2019-01-13 12:00:00,2019-01-17 21:00:00,NA,1.4,258,62,-9.6,8.6
2019-01-14 14:00:00,102573.66,-10,-12.2,85.24,0,0,NA,103110,NA,NA,NA,NA,NA,114,NA,NA,NA,9,NA,NA,NA,335.28,NA,NA,NA,NA,-12.9,NA,-12.04,91251.67,0,0,0,17.9,1,1,1,13,14,103,2019-01-13 12:00:00,2019-01-17 18:00:00,106,2019-01-13 12:00:00,2019-01-17 21:00:00,NA,1.3,263,65,-8.9,10
2019-01-14 15:00:00,102539.8,-9,-12.2,78.77,0,0,NA,103030,NA,NA,NA,NA,NA,104,NA,NA,NA,10,NA,NA,NA,304.8,NA,NA,NA,NA,NA,NA,-12.05,91221.55,0,0,0,15.2,1,1,1,13,14,103,2019-01-13 12:00:00,2019-01-17 18:00:00,106,2019-01-13 12:00:00,2019-01-17 21:00:00,NA,1.7,242,51,-9,8.8
2019-01-14 16:00:00,102472.07,-10,-12.5,78.77,0,0,NA,103020,NA,NA,7013,NA,NA,103,NA,0.025,NA,9,-8.9,-10.6,NA,304.8,NA,NA,NA,NA,-13.24,NA,-12.05,91161.3,0,0,0,16.2,1,1,1,13,14,103,2019-01-13 12:00:00,2019-01-17 18:00:00,106,2019-01-13 12:00:00,2019-01-17 21:00:00,NA,1.7,223,38,-10.2,7.6
2019-01-14 17:00:00,102438.21,-11,-13.9,85.11,0,0,NA,102990,NA,NA,NA,NA,NA,113,NA,NA,NA,8,NA,NA,NA,335.28,NA,NA,NA,NA,NA,NA,-13.04,91131.18,0,0,0,14.4,1,1,1,13,14,103,2019-01-13 12:00:00,2019-01-17 18:00:00,106,2019-01-13 12:00:00,2019-01-17 21:00:00,NA,1.7,212,38,-10.8,7.6
2019-01-14 18:00:00,102438.21,-11,-12.5,85.11,0,0,NA,102990,NA,NA,NA,NA,NA,104,NA,NA,NA,8,NA,NA,NA,304.8,NA,NA,NA,NA,-13.24,NA,-13.04,91131.18,0,0,0,13.4,1,1,1,13,14,103,2019-01-13 12:00:00,2019-01-17 18:00:00,106,2019-01-13 12:00:00,2019-01-17 21:00:00,NA,1.9,196,41,-11,7.6
2019-01-14 19:00:00,102438.21,-10,-12.2,85.24,1.54,170,NA,102990,31,NA,5002,NA,NA,84,NA,NA,NA,7,NA,NA,NA,243.84,NA,NA,NA,NA,-14.2,NA,-12.04,91131.18,0,0,0,12.4,1,1,1,13,14,103,2019-01-13 12:00:00,2019-01-17 18:00:00,106,2019-01-13 12:00:00,2019-01-17 21:00:00,NA,1.8,124,39,-11.3,8.8
2019-01-14 20:00:00,102438.21,-10,-12.2,85.24,0,0,NA,102980,NA,NA,NA,NA,NA,64,NA,NA,NA,7,NA,NA,NA,182.88,NA,NA,NA,NA,-13.24,NA,-12.04,91131.18,0,0,0,12.4,1,1,1,13,14,103,2019-01-13 12:00:00,2019-01-17 18:00:00,106,2019-01-13 12:00:00,2019-01-17 21:00:00,NA,2,94,32,-11.6,9.5
2019-01-14 21:00:00,102404.34,-10,-12.2,85.24,0,0,NA,102960,31,NA,NA,NA,NA,64,NA,NA,NA,7,NA,NA,NA,182.88,NA,NA,NA,NA,-13.24,NA,-12.04,91101.04,0,0,0,12.3,1,1,1,13,14,103,2019-01-13 12:00:00,2019-01-17 18:00:00,106,2019-01-13 12:00:00,2019-01-17 21:00:00,NA,1.9,104,37,-11.6,10.7
2019-01-14 22:00:00,102404.34,-11,-12.2,92.29,1.54,30,NA,102980,31,NA,5003,NA,NA,64,NA,NA,NA,6,-10,-11.7,NA,182.88,NA,NA,NA,NA,-14.88,NA,-12.02,91101.04,0,0,0,14.6,1,1,1,13,14,103,2019-01-13 12:00:00,2019-01-17 18:00:00,106,2019-01-13 12:00:00,2019-01-17 21:00:00,NA,1.8,130,34,-11.7,10.2
2019-01-14 23:00:00,102438.21,-11,-12.2,92.29,0,0,NA,102990,31,NA,NA,0.025,NA,54,NA,NA,NA,6,NA,NA,NA,152.4,NA,-7.8,-11.7,NA,-14.39,NA,-12.02,91131.18,0,0,0,13.8,1,1,1,13,14,103,2019-01-13 12:00:00,2019-01-17 18:00:00,106,2019-01-13 12:00:00,2019-01-17 21:00:00,NA,1.8,122,40,-11.8,8.6
2019-01-15,102370.48,-11,-12.2,92.29,1.54,260,NA,102930,31,NA,NA,NA,NA,54,NA,NA,NA,6,NA,NA,NA,152.4,NA,NA,NA,NA,-14.39,NA,-12.02,91070.92,0,0,0,11.2,1,1,1,13,14,103,2019-01-13 12:00:00,2019-01-17 18:00:00,106,2019-01-13 12:00:00,2019-01-17 21:00:00,NA,1.8,121,39,-11.8,6.6
2019-01-15 01:00:00,102370.48,-11,-12.8,92.29,2.06,280,NA,102930,31,NA,8006,NA,0.025,54,NA,NA,NA,6,NA,NA,NA,152.4,NA,NA,NA,NA,-16.485,NA,-12.02,91070.92,0,0,0,10.9,1,1,0,13,14,103,2019-01-13 12:00:00,2019-01-17 18:00:00,106,2019-01-13 12:00:00,2019-01-17 21:00:00,NA,1.8,121,38,-12,5.7
2019-01-15 02:00:00,102370.48,-11,-12.8,85.11,2.57,280,NA,102970,31,NA,NA,NA,NA,64,NA,NA,NA,6,NA,NA,NA,182.88,NA,NA,NA,NA,-16.15,NA,-13.04,91070.92,0,0,0,11.4,1,1,0,13,14,103,2019-01-13 12:00:00,2019-01-17 18:00:00,106,2019-01-13 12:00:00,2019-01-17 21:00:00,NA,1.8,104,42,-12,6.9
2019-01-15 03:00:00,102404.34,-11,-12.8,85.11,2.06,290,NA,102950,31,NA,NA,0.025,NA,64,NA,NA,NA,6,NA,NA,NA,182.88,NA,NA,NA,NA,-15.49,NA,-13.04,91101.04,0,0,0,11.1,1,1,0,13,14,103,2019-01-13 12:00:00,2019-01-17 18:00:00,106,2019-01-13 12:00:00,2019-01-17 21:00:00,NA,1.6,109,46,-12.1,9.8
2019-01-15 04:00:00,102370.48,-11.7,-13.3,87.85,2.06,320,NA,102940,2500,NA,0,0.025,NA,64,NA,0.025,0.254,7,-10.6,-11.7,NA,182.88,NA,NA,NA,NA,-15.53,NA,-13.04,91070.92,0,0,0,10.3,1,1,0,13,14,103,2019-01-13 12:00:00,2019-01-17 18:00:00,106,2019-01-13 12:00:00,2019-01-17 21:00:00,NA,1,107,69,-12.1,10
2019-01-15 05:00:00,102336.62,-12,-12.8,92.22,1.54,300,NA,102890,1265.5,NA,NA,0.025,NA,64,NA,NA,NA,5,NA,NA,NA,182.88,NA,NA,NA,NA,-16.035,NA,-13.02,91040.8,0,0,0,11,1,1,1,13,14,103,2019-01-13 12:00:00,2019-01-17 18:00:00,106,2019-01-13 12:00:00,2019-01-17 21:00:00,NA,1.6,109,35,-12.4,7.8
2019-01-15 06:00:00,102268.89,-11,-13.3,85.11,1.54,280,NA,102850,31,NA,NA,0.025,NA,64,NA,NA,NA,6,NA,NA,NA,182.88,NA,NA,NA,NA,-14.39,NA,-13.04,90980.54,0,0,0,9.5,1,1,1,13,14,103,2019-01-13 12:00:00,2019-01-17 18:00:00,106,2019-01-13 12:00:00,2019-01-17 21:00:00,NA,1.5,111,43,-12.5,7.4
2019-01-15 07:00:00,102268.89,-12,-14.4,84.99,3.09,120,NA,102810,20,NA,6010,0.025,0.025,124,164,NA,NA,8,NA,NA,NA,396.24,NA,NA,NA,NA,-17.67,NA,-14.04,90980.54,0,0,0,10.1,1,1,0,13,14,103,2019-01-13 12:00:00,2019-01-17 18:00:00,106,2019-01-13 12:00:00,2019-01-17 21:00:00,NA,1.8,98,33,-12.6,6.4
2019-01-15 08:00:00,102235.02,-12,-14.4,84.99,2.57,125,NA,102820,6,NA,NA,NA,NA,129,NA,NA,NA,6,NA,NA,NA,381,NA,NA,NA,NA,-17.34,NA,-14.04,90950.41,0,0,0,9.4,1,1,0,13,14,103,2019-01-13 12:00:00,2019-01-17 18:00:00,106,2019-01-13 12:00:00,2019-01-17 21:00:00,NA,1.7,113,34,-12.9,NA
2019-01-15 09:00:00,102235.02,-12,-14.4,84.99,2.57,125,NA,102820,6,NA,NA,NA,NA,124,NA,NA,NA,5,NA,NA,NA,365.76,NA,NA,NA,NA,-17.34,NA,-14.04,90950.41,0,0,0,9.9,1,1,0,13,14,103,2019-01-13 12:00:00,2019-01-17 18:00:00,106,2019-01-13 12:00:00,2019-01-17 21:00:00,NA,1.7,105,37,-12.5,NA
2019-01-15 10:00:00,102235.02,-11,-13.3,78.44,2.06,150,NA,102800,6,NA,8001,NA,NA,124,NA,0.025,NA,5,-11.1,-11.7,NA,365.76,NA,NA,NA,NA,-15.37,NA,-14.05,90950.41,0,0,0,10.7,1,1,0,13,14,103,2019-01-13 12:00:00,2019-01-17 18:00:00,106,2019-01-13 12:00:00,2019-01-17 21:00:00,NA,1.1,84,63,-11.6,NA
2019-01-15 11:00:00,102167.3,-11,-13.9,78.44,0,0,NA,102720,6,NA,NA,NA,NA,124,NA,NA,NA,6,NA,NA,NA,365.76,NA,NA,NA,NA,-14.39,NA,-14.05,90890.17,0,0,0,11.5,1,1,1,13,14,103,2019-01-13 12:00:00,2019-01-17 18:00:00,106,2019-01-13 12:00:00,2019-01-17 21:00:00,NA,2,223,43,-11,6.4
2019-01-15 12:00:00,102048.77,-11,-13.3,80.45,0,0,NA,102580,6,NA,NA,NA,NA,153,173,NA,NA,7,NA,NA,NA,457.2,NA,NA,NA,NA,-14.39,NA,-13.35,90784.72,0,0,0,13.1,1,1,1,13,14,103,2019-01-13 12:00:00,2019-01-17 18:00:00,106,2019-01-13 12:00:00,2019-01-17 21:00:00,NA,1.8,220,41,-10.3,10.2
2019-01-15 13:00:00,101930.25,-11,-13.9,78.44,0,0,NA,102480,6,NA,6022,NA,NA,1,172,NA,NA,9,NA,NA,NA,NA,NA,NA,NA,NA,-14.39,NA,-14.05,90679.28,0,0,0,13,1,1,1,13,14,103,2019-01-13 12:00:00,2019-01-17 18:00:00,106,2019-01-13 12:00:00,2019-01-17 21:00:00,NA,1.7,254,49,-10.3,11.7
2019-01-15 14:00:00,101862.52,-11,-13.9,78.44,0,0,NA,102450,NA,NA,NA,NA,NA,1,NA,NA,NA,8,NA,NA,NA,NA,NA,NA,NA,NA,-14.39,NA,-14.05,90619.03,0,0,0,12.5,1,1,1,13,14,103,2019-01-13 12:00:00,2019-01-17 18:00:00,106,2019-01-13 12:00:00,2019-01-17 21:00:00,NA,1.2,248,57,-10.5,10
2019-01-15 15:00:00,101862.52,-9,-13.9,69.66,0,0,NA,102420,NA,NA,NA,NA,NA,1,NA,NA,NA,9,NA,NA,NA,NA,NA,NA,NA,NA,NA,NA,-14.07,90619.03,0,0,0,7.7,1,1,1,13,14,103,2019-01-13 12:00:00,2019-01-17 18:00:00,106,2019-01-13 12:00:00,2019-01-17 21:00:00,NA,1.3,216,51,-10,8.6
2019-01-15 16:00:00,101862.52,-10,-13.9,72.44,0,0,NA,102410,NA,NA,7006,NA,NA,1202,NA,NA,NA,9,-9.4,-11.1,NA,NA,NA,NA,NA,NA,-13.24,NA,-14.07,90619.03,0,0,0,8.1,1,1,1,13,14,103,2019-01-13 12:00:00,2019-01-17 18:00:00,106,2019-01-13 12:00:00,2019-01-17 21:00:00,NA,1,199,45,-10.1,8.3
2019-01-15 17:00:00,101828.66,-9,-13.3,72.65,0,0,NA,102390,NA,NA,NA,NA,NA,1103,NA,NA,NA,9,NA,NA,NA,3352.8,NA,NA,NA,NA,NA,NA,-13.07,90588.91,0,0,0,5.5,1,1,1,13,14,103,2019-01-13 12:00:00,2019-01-17 18:00:00,106,2019-01-13 12:00:00,2019-01-17 21:00:00,NA,1,198,29,-10.1,9.5
2019-01-15 18:00:00,101828.66,-9,-12.8,72.65,0,0,NA,102380,NA,NA,NA,NA,NA,804,954,NA,NA,10,NA,NA,NA,2438.4,NA,NA,NA,NA,-12.1,NA,-13.07,90588.91,0,0,0,4.7,1,1,1,13,14,103,2019-01-13 12:00:00,2019-01-17 18:00:00,106,2019-01-13 12:00:00,2019-01-17 21:00:00,NA,0.7,195,72,-9.8,9.5
2019-01-15 19:00:00,101794.79,-9,-12.8,72.65,1.54,280,NA,102350,NA,754,8005,NA,NA,263,628.5,NA,NA,9,NA,NA,NA,792.48,NA,NA,NA,NA,-12.1,NA,-13.07,90558.78,0,0,0,4.4,1,1,1,13,14,103,2019-01-13 12:00:00,2019-01-17 18:00:00,106,2019-01-13 12:00:00,2019-01-17 21:00:00,NA,1.1,309,61,-9.6,11
2019-01-15 20:00:00,101760.93,-9,-12.8,72.65,1.54,260,NA,102310,NA,NA,NA,NA,NA,244,NA,NA,NA,9,NA,NA,NA,731.52,NA,NA,NA,NA,-12.1,NA,-13.07,90528.65,0,0,0,4.5,1,1,1,13,14,103,2019-01-13 12:00:00,2019-01-17 18:00:00,106,2019-01-13 12:00:00,2019-01-17 21:00:00,NA,1.3,290,49,-9.7,12.4
2019-01-15 21:00:00,101727.07,-9,-12.4,72.65,1.54,280,NA,102270,NA,654,NA,NA,NA,243,502,NA,NA,8,NA,NA,NA,731.52,NA,NA,NA,NA,-12.1,NA,-13.07,90498.53,0,0,0,4.8,1,1,1,13,14,103,2019-01-13 12:00:00,2019-01-17 18:00:00,106,2019-01-13 12:00:00,2019-01-17 21:00:00,NA,0.9,287,64,-9.6,10.7
2019-01-15 22:00:00,101693.2,-9,-12.2,76.91,0,0,NA,102260,NA,NA,6005,NA,NA,704,654,NA,NA,8,-8.9,-10,NA,2133.6,NA,NA,NA,NA,-12.1,NA,-12.26,90468.4,0,0,0,4.8,1,1,1,13,14,103,2019-01-13 12:00:00,2019-01-17 18:00:00,106,2019-01-13 12:00:00,2019-01-17 21:00:00,NA,0.9,269,60,-9.5,9.5
2019-01-15 23:00:00,101727.07,-8,-12.2,72.85,0,0,NA,102260,NA,NA,NA,NA,NA,704,NA,NA,NA,8,NA,NA,NA,2133.6,NA,-8.3,-11.7,NA,NA,NA,-12.07,90498.53,0,0,0,4.2,1,1,1,13,14,103,2019-01-13 12:00:00,2019-01-17 18:00:00,106,2019-01-13 12:00:00,2019-01-17 21:00:00,NA,1,215,45,-9.5,17
2019-01-16,101693.2,-9,-12.2,78.77,0,0,NA,102180,NA,NA,NA,NA,NA,184,704,NA,NA,8,NA,NA,NA,548.64,NA,NA,NA,NA,NA,NA,-12.05,90468.4,0,0,0,4.8,1,1,1,13,14,103,2019-01-13 12:00:00,2019-01-17 18:00:00,106,2019-01-13 12:00:00,2019-01-17 21:00:00,NA,0.5,176,69,-9.3,20.7
2019-01-16 01:00:00,101659.34,-8,-12.2,72.85,0,0,NA,102180,NA,NA,8005,NA,NA,184,NA,NA,NA,9,NA,NA,NA,548.64,NA,NA,NA,NA,NA,NA,-12.07,90438.28,0,0,0,3.6,1,1,1,13,14,103,2019-01-13 12:00:00,2019-01-17 18:00:00,106,2019-01-13 12:00:00,2019-01-17 21:00:00,NA,0.7,215,52,-9.1,16.7
2019-01-16 02:00:00,101659.34,-8,-12.2,72.85,0,0,NA,102190,NA,NA,NA,NA,NA,184,NA,NA,NA,9,NA,NA,NA,548.64,NA,NA,NA,NA,NA,NA,-12.07,90438.28,0,0,0,3.4,1,1,1,13,14,103,2019-01-13 12:00:00,2019-01-17 18:00:00,106,2019-01-13 12:00:00,2019-01-17 21:00:00,NA,0.7,203,46,-8.9,12.2
2019-01-16 03:00:00,101659.34,-8,-12.2,72.85,0,0,NA,102180,NA,NA,NA,NA,NA,184,NA,NA,NA,8,NA,NA,NA,548.64,NA,NA,NA,NA,NA,NA,-12.07,90438.28,0,0,0,3.4,1,1,1,13,14,103,2019-01-13 12:00:00,2019-01-17 18:00:00,106,2019-01-13 12:00:00,2019-01-17 21:00:00,NA,0.9,215,31,-9.1,12.7
2019-01-16 04:00:00,101659.34,-8,-11.7,72.85,0,0,NA,102160,NA,NA,8000,NA,NA,144,174,NA,NA,8,-7.8,-8.9,NA,426.72,NA,NA,NA,NA,NA,NA,-12.07,90438.28,0,0,0,3.6,1,1,1,13,14,103,2019-01-13 12:00:00,2019-01-17 18:00:00,106,2019-01-13 12:00:00,2019-01-17 21:00:00,NA,1.2,117,45,-8.9,16.4
2019-01-16 05:00:00,101625.47,-8,-11.7,72.85,0,0,NA,102170,NA,NA,NA,NA,NA,114,NA,NA,NA,8,NA,NA,NA,335.28,NA,NA,NA,NA,NA,NA,-12.07,90408.14,0,0,0,2.8,1,1,1,13,14,103,2019-01-13 12:00:00,2019-01-17 18:00:00,106,2019-01-13 12:00:00,2019-01-17 21:00:00,NA,1.3,116,43,-9.1,8.8
2019-01-16 06:00:00,101659.34,-8,-11.4,78.94,0,0,NA,102180,NA,NA,NA,NA,NA,94,NA,NA,NA,8,NA,NA,NA,274.32,NA,NA,NA,NA,NA,NA,-11.05,90438.28,0,0,0,2.8,1,1,1,13,14,103,2019-01-13 12:00:00,2019-01-17 18:00:00,106,2019-01-13 12:00:00,2019-01-17 21:00:00,NA,1.2,120,47,-9.2,9
2019-01-16 07:00:00,101659.34,-9,-11.7,78.77,1.54,250,NA,102210,NA,NA,3004,NA,NA,94,NA,NA,NA,7,NA,NA,NA,274.32,NA,NA,NA,NA,-12.1,NA,-12.05,90438.28,0,0,0,3.9,1,1,1,13,14,103,2019-01-13 12:00:00,2019-01-17 18:00:00,106,2019-01-13 12:00:00,2019-01-17 21:00:00,NA,1.3,124,58,-9.3,16.2
2019-01-16 08:00:00,101659.34,-8,-11.1,78.94,1.54,270,NA,102170,6,NA,NA,NA,NA,84,NA,NA,NA,6,NA,NA,NA,243.84,NA,NA,NA,NA,-11.3,NA,-11.05,90438.28,0,0,0,2.2,1,1,1,13,14,103,2019-01-13 12:00:00,2019-01-17 18:00:00,106,2019-01-13 12:00:00,2019-01-17 21:00:00,NA,1.6,129,53,-9.5,13.7
2019-01-16 09:00:00,101727.07,-8,-10.6,78.94,1.54,230,NA,102260,6,NA,NA,NA,NA,84,NA,NA,NA,6,NA,NA,NA,243.84,NA,NA,NA,NA,-10.96,NA,-11.05,90498.53,0,0,0,2.8,1,1,1,13,14,103,2019-01-13 12:00:00,2019-01-17 18:00:00,106,2019-01-13 12:00:00,2019-01-17 21:00:00,NA,1.7,158,41,-9.3,13.4
2019-01-16 10:00:00,101794.79,-8,-10,85.47,1.54,190,NA,102310,31,NA,3011,NA,NA,94,NA,NA,NA,5,-7.8,-8.9,NA,274.32,NA,NA,NA,NA,-10.96,NA,-10.04,90558.78,0,0,0,4,1,1,1,13,14,103,2019-01-13 12:00:00,2019-01-17 18:00:00,106,2019-01-13 12:00:00,2019-01-17 21:00:00,NA,1.3,144,56,-8.8,12
2019-01-16 11:00:00,101794.79,-8,-10,85.47,1.54,195,NA,102270,31,NA,NA,NA,NA,99,NA,NA,NA,5,NA,NA,NA,289.56,NA,NA,NA,NA,-10.96,NA,-10.04,90558.78,0,0,0,6.7,1,1,1,13,14,103,2019-01-13 12:00:00,2019-01-17 18:00:00,106,2019-01-13 12:00:00,2019-01-17 21:00:00,NA,1.8,187,45,-8.4,16.7
2019-01-16 12:00:00,101727.07,-7,-9.4,85.59,0,0,NA,102200,31,NA,NA,NA,NA,104,NA,NA,NA,5,NA,NA,NA,304.8,NA,NA,NA,NA,-9.93,NA,-9.04,90498.53,0,0,0,6.6,1,1,1,13,14,103,2019-01-13 12:00:00,2019-01-17 18:00:00,106,2019-01-13 12:00:00,2019-01-17 21:00:00,NA,1.4,239,58,-7.4,17.2
2019-01-16 13:00:00,101659.34,-7,-9.4,79.26,0,0,NA,102110,6,NA,8016,NA,NA,94,NA,NA,NA,5,NA,NA,NA,274.32,NA,NA,NA,NA,-9.82,NA,-9.45,90438.28,0,0,0,8,1,1,1,13,14,103,2019-01-13 12:00:00,2019-01-17 18:00:00,106,2019-01-13 12:00:00,2019-01-17 21:00:00,NA,1.6,248,44,-7.3,15.7
2019-01-16 14:00:00,101608.54,-7,-9.15,85.59,0,0,NA,102080,6,NA,NA,NA,NA,1,NA,NA,NA,6,NA,NA,NA,NA,NA,NA,NA,NA,-9.305,NA,-9.04,90393.08,0,0,0,7.2,1,1,1,13,14,103,2019-01-13 12:00:00,2019-01-17 18:00:00,106,2019-01-13 12:00:00,2019-01-17 21:00:00,NA,0.9,212,60,-4.1,11.2
2019-01-16 15:00:00,101625.47,-6,-10,79.1,1.54,240,NA,102090,6,NA,NA,NA,NA,1,NA,NA,NA,6,NA,NA,NA,NA,NA,NA,NA,NA,-9.07,NA,-10.05,90408.14,0,0,0,5.1,1,1,1,13,14,103,2019-01-13 12:00:00,2019-01-17 18:00:00,106,2019-01-13 12:00:00,2019-01-17 21:00:00,NA,1.5,173,39,-5.4,11.4
2019-01-16 16:00:00,101591.61,-7,-10,79.1,0,0,NA,102070,6,NA,6003,NA,NA,1,NA,NA,NA,6,-5.6,-8.3,NA,NA,NA,NA,NA,NA,-9.82,NA,-10.05,90378.02,0,0,0,5.2,1,1,1,13,14,103,2019-01-13 12:00:00,2019-01-17 18:00:00,106,2019-01-13 12:00:00,2019-01-17 21:00:00,NA,1.9,205,34,-5.8,11.7
2019-01-16 17:00:00,101591.61,-7,-10.6,79.1,0,0,NA,102030,6,NA,NA,NA,NA,1,NA,NA,NA,7,NA,NA,NA,NA,NA,NA,NA,NA,-10.7,NA,-10.05,90378.02,0,0,0,3.4,1,1,1,13,14,103,2019-01-13 12:00:00,2019-01-17 18:00:00,106,2019-01-13 12:00:00,2019-01-17 21:00:00,NA,1.9,230,39,-7.6,12.7
2019-01-16 18:00:00,101557.75,-8,-10.6,78.94,2.06,120,NA,102020,NA,NA,NA,NA,NA,1,NA,NA,NA,7,NA,NA,NA,NA,NA,NA,NA,NA,-11.87,NA,-11.05,90347.9,0,0,0,3.8,1,1,0,13,14,103,2019-01-13 12:00:00,2019-01-17 18:00:00,106,2019-01-13 12:00:00,2019-01-17 21:00:00,NA,1.2,204,43,-8.7,14.2
2019-01-16 19:00:00,101591.61,-8,-10,85.47,2.57,110,NA,102080,31,NA,5002,NA,NA,1,NA,NA,NA,7,NA,NA,NA,2057.4,NA,NA,NA,NA,-12.59,NA,-10.04,90378.02,0,0,0,4.5,1,1,0,13,14,103,2019-01-13 12:00:00,2019-01-17 18:00:00,106,2019-01-13 12:00:00,2019-01-17 21:00:00,NA,1.2,229,38,-9,14.1
2019-01-16 20:00:00,101523.88,-7.2,-9.4,85.59,2.57,110,NA,102010,31,NA,NA,NA,NA,654,NA,NA,NA,5,NA,NA,NA,1981.2,NA,NA,NA,NA,-12.01,NA,-9.04,90317.77,0,0,0,3.8,1,1,0,13,14,103,2019-01-13 12:00:00,2019-01-17 18:00:00,106,2019-01-13 12:00:00,2019-01-17 21:00:00,NA,0.8,138,62,-8.4,13.6
2019-01-16 21:00:00,101523.88,-7,-8.9,85.59,2.06,120,NA,101980,31,NA,NA,NA,NA,704,NA,NA,NA,5,NA,NA,NA,2133.6,NA,NA,NA,NA,-10.7,NA,-9.04,90317.77,0,0,0,4.1,1,1,0,13,14,103,2019-01-13 12:00:00,2019-01-17 18:00:00,106,2019-01-13 12:00:00,2019-01-17 21:00:00,NA,0.8,154,54,-7.9,17.2
2019-01-16 22:00:00,101490.02,-8,-10.6,85.59,0,0,NA,101970,31,NA,6010,NA,NA,656,NA,NA,NA,5,-6.7,-8.9,NA,2057.4,NA,NA,NA,NA,-9.82,NA,-9.04,90287.65,0,0,0,5.3,1,1,1,13,14,103,2019-01-13 12:00:00,2019-01-17 18:00:00,106,2019-01-13 12:00:00,2019-01-17 21:00:00,NA,0.6,202,39,-8.5,17.2
2019-01-16 23:00:00,101456.15,-9,-11.1,85.36,0,0,NA,101920,31,NA,NA,NA,NA,902,NA,NA,NA,5,NA,NA,NA,2743.2,NA,-5.6,-10,NA,-12.1,NA,-11.04,90257.51,0,0,0,5.8,1,1,1,13,14,103,2019-01-13 12:00:00,2019-01-17 18:00:00,106,2019-01-13 12:00:00,2019-01-17 21:00:00,NA,0.8,216,43,-9.6,19.2
2019-01-17,101422.29,-9,-10,85.36,0,0,NA,101870,31,NA,NA,NA,NA,804,903,NA,NA,5,NA,NA,NA,2438.4,NA,NA,NA,NA,NA,NA,-11.04,90227.39,0,0,0,6,1,1,1,13,14,103,2019-01-13 12:00:00,2019-01-17 18:00:00,106,2019-01-13 12:00:00,2019-01-17 21:00:00,NA,0.7,215,37,-10.1,22.3
2019-01-17 01:00:00,101354.56,-8,-10,85.47,0,0,NA,101770,31,NA,8015,NA,NA,804,NA,NA,NA,4,NA,NA,NA,2438.4,NA,NA,NA,NA,-12.1,NA,-10.04,90167.14,0,0,0,5.5,1,1,1,13,14,103,2019-01-13 12:00:00,2019-01-17 18:00:00,106,2019-01-13 12:00:00,2019-01-17 21:00:00,NA,1.1,216,41,-9.9,17
2019-01-17 02:00:00,101286.84,-8,-9.4,85.47,0,0,NA,101730,31,NA,NA,NA,NA,704,854,NA,NA,4,NA,NA,NA,2133.6,NA,NA,NA,NA,-10.96,NA,-10.04,90106.89,0,0,0,5.7,1,1,1,13,14,103,2019-01-13 12:00:00,2019-01-17 18:00:00,106,2019-01-13 12:00:00,2019-01-17 21:00:00,NA,1,224,51,-9.4,18.9
2019-01-17 03:00:00,101219.11,-8,-9.4,92.48,0,0,NA,101670,31,NA,NA,NA,NA,754,779,NA,NA,5,NA,NA,NA,2286,NA,NA,NA,NA,-10.96,NA,-9.02,90046.64,0,0,0,5.8,1,1,1,13,14,103,2019-01-13 12:00:00,2019-01-17 18:00:00,106,2019-01-13 12:00:00,2019-01-17 21:00:00,NA,1.1,252,48,-9,17.5
2019-01-17 04:00:00,101151.38,-8,-10,92.48,2.06,130,NA,101560,31,NA,8019,NA,NA,704,754,NA,NA,5,-7.8,-10,NA,2133.6,NA,NA,NA,NA,-11.87,NA,-9.02,89986.38,0,0,0,5.9,1,1,0,13,14,103,2019-01-13 12:00:00,2019-01-17 18:00:00,106,2019-01-13 12:00:00,2019-01-17 21:00:00,NA,0.9,220,47,-8.6,14.2
2019-01-17 05:00:00,101015.92,-7,-9.4,85.59,2.06,110,NA,101440,31,NA,NA,NA,NA,554,754,NA,NA,6,NA,NA,NA,1676.4,NA,NA,NA,NA,-11.4,NA,-9.04,89865.88,0,0,0,4.9,1,1,0,13,14,103,2019-01-13 12:00:00,2019-01-17 18:00:00,106,2019-01-13 12:00:00,2019-01-17 21:00:00,NA,0.9,63,71,-8.2,19.2
2019-01-17 06:00:00,100880.47,-7,-9.4,85.59,0,0,NA,101320,31,NA,NA,0.025,NA,464,704,NA,NA,5,NA,NA,NA,1676.4,NA,NA,NA,NA,-9.82,NA,-9.04,89745.38,0,0,0,4.3,1,1,1,13,14,103,2019-01-13 12:00:00,2019-01-17 18:00:00,106,2019-01-13 12:00:00,2019-01-17 21:00:00,NA,1,228,47,-8,17.2
2019-01-17 07:00:00,100846.6,-7,-8.9,85.59,0,0,NA,101280,31,NA,6025,0.025,0.025,654,NA,NA,NA,5,NA,NA,NA,1981.2,NA,NA,NA,NA,-9.82,NA,-9.04,89715.25,0,0,0,4,1,1,1,13,14,103,2019-01-13 12:00:00,2019-01-17 18:00:00,106,2019-01-13 12:00:00,2019-01-17 21:00:00,NA,1.3,226,37,-7.7,14.9
2019-01-17 08:00:00,100812.74,-7,-8.9,85.59,1.54,120,NA,101260,2500,NA,NA,0.025,NA,364,604,NA,NA,2.5,NA,NA,NA,1097.28,NA,NA,NA,NA,-9.82,NA,-9.04,89685.12,0,0,0,4.4,1,1,1,13,14,103,2019-01-13 12:00:00,2019-01-17 18:00:00,106,2019-01-13 12:00:00,2019-01-17 21:00:00,NA,0.9,215,54,-7.4,20.8
2019-01-17 09:00:00,100812.74,-7,-8.3,92.55,2.06,130,NA,101210,2403,NA,NA,0.762,NA,115,NA,NA,NA,0.5,NA,NA,NA,335.28,NA,NA,NA,NA,-10.7,NA,-8.02,89685.12,0,0,0,4.2,1,1,0,13,14,103,2019-01-13 12:00:00,2019-01-17 18:00:00,106,2019-01-13 12:00:00,2019-01-17 21:00:00,NA,0.8,233,63,-7,18.2
2019-01-17 10:00:00,100711.15,-6,-7.8,85.71,0,0,NA,101120,2411.5,704,6012,1.016,NA,135,382,2.54,NA,1,-5.6,-7.8,NA,396.24,NA,NA,NA,NA,-9.47,NA,-8.04,89594.75,0,0,0,3.6,1,1,1,13,14,103,2019-01-13 12:00:00,2019-01-17 18:00:00,106,2019-01-13 12:00:00,2019-01-17 21:00:00,NA,1.1,215,44,-6.2,18.7
2019-01-17 11:00:00,100677.29,-6,-7.8,85.71,2.06,290,NA,101100,31,704,NA,NA,NA,654,704,NA,NA,5,NA,NA,NA,2133.6,NA,NA,NA,NA,-9.3,NA,-8.04,89564.62,0,0,0,4.4,1,1,0,13,14,103,2019-01-13 12:00:00,2019-01-17 18:00:00,106,2019-01-13 12:00:00,2019-01-17 21:00:00,NA,1.5,263,53,-5.3,21.5
2019-01-17 12:00:00,100609.56,-5,-7.2,85.82,1.54,250,NA,101020,31,NA,NA,NA,NA,654,754,NA,NA,4,NA,NA,NA,1981.2,NA,NA,NA,NA,-7.53,NA,-7.04,89504.37,0,0,0,3.7,1,1,1,13,14,103,2019-01-13 12:00:00,2019-01-17 18:00:00,106,2019-01-13 12:00:00,2019-01-17 21:00:00,NA,1,243,68,-3.8,17.9
2019-01-17 13:00:00,100541.83,-4,-6.1,80.83,0,0,NA,100930,31,579,8017,0.025,0.254,303,393,NA,NA,2.5,NA,NA,NA,1249.68,NA,NA,NA,NA,-7.08,NA,-6.75,89444.12,0,0,0,2.7,1,1,1,13,14,103,2019-01-13 12:00:00,2019-01-17 18:00:00,106,2019-01-13 12:00:00,2019-01-17 21:00:00,NA,1.2,245,53,-3.5,13.9
2019-01-17 14:00:00,100474.1,-3,-5.6,85.93,2.06,320,NA,100850,2500,404,NA,0.025,NA,243,344,NA,NA,1.25,NA,NA,NA,853.44,NA,NA,NA,NA,-6.65,NA,-6.04,89383.86,0,0,0,1.6,1,1,0,13,14,103,2019-01-13 12:00:00,2019-01-17 18:00:00,106,2019-01-13 12:00:00,2019-01-17 21:00:00,NA,1.3,245,52,-3.5,20.4
2019-01-17 15:00:00,100474.1,-2,-4.15,86.15,2.06,300,NA,100870,31,599,NA,0.025,NA,426,518,NA,NA,4,NA,NA,NA,1524,NA,NA,NA,NA,-4.86,NA,-4.03,89383.86,0,0,0,0.9,1,1,0,13,14,103,2019-01-13 12:00:00,2019-01-17 18:00:00,106,2019-01-13 12:00:00,2019-01-17 21:00:00,NA,1.6,237,48,-3.3,15.4
2019-01-17 16:00:00,100541.83,-1.7,-3.9,86.15,2.06,310,NA,100920,2500,754,3007,0.025,NA,226,384,0.508,NA,4,-1.1,-5.6,NA,1158.24,NA,NA,NA,NA,-4.1,NA,-3.95,89444.12,0,0,0,0.9,1,1,0,13,14,103,2019-01-13 12:00:00,2019-01-17 18:00:00,106,2019-01-13 12:00:00,2019-01-17 21:00:00,NA,1.2,209,46,-3.1,13.4
2019-01-17 17:00:00,100609.56,-2,-3.6,92.79,2.06,260,NA,101000,2500,504,NA,0.254,NA,203,414,NA,NA,2,NA,NA,NA,1005.84,NA,NA,NA,NA,-5.47,NA,-4.02,89504.37,0,0,0,1.1,1,1,0,13,14,103,2019-01-13 12:00:00,2019-01-17 18:00:00,106,2019-01-13 12:00:00,2019-01-17 21:00:00,NA,1.6,225,37,-3,13.7
2019-01-17 18:00:00,100677.29,-2,-3.3,92.85,2.06,115,NA,101090,2500,184,NA,0.254,NA,66,184,NA,NA,1.625,NA,NA,NA,548.64,NA,NA,NA,NA,-5.285,NA,-3.02,89564.62,0,0,0,0.7,1,1,0,13,14,103,2019-01-13 12:00:00,2019-01-17 18:00:00,106,2019-01-13 12:00:00,2019-01-17 21:00:00,NA,0.8,74,74,-2.8,16.2
2019-01-17 19:00:00,100745.01,-2,-3.3,92.85,0,0,NA,101140,2500,NA,1021,0.1395,1.016,154,204,NA,NA,1.75,NA,NA,NA,457.2,NA,NA,NA,NA,NA,NA,-3.02,89624.87,0,0,0,0.4,0,1,1,NA,14,NA,NA,NA,106,2019-01-13 12:00:00,2019-01-17 21:00:00,NA,0.9,204,49,-2.7,16.7
2019-01-17 20:00:00,100812.74,-2,-3.3,92.85,0,0,NA,101210,2500,NA,NA,0.508,NA,154,204,NA,NA,1,NA,NA,NA,457.2,NA,NA,NA,NA,-4.1,NA,-3.02,89685.12,0,0,0,0.1,0,1,1,NA,14,NA,NA,NA,106,2019-01-13 12:00:00,2019-01-17 21:00:00,NA,0.6,139,65,-2.6,19.4
2019-01-17 21:00:00,100880.47,-2,-3.3,92.85,0,0,NA,101270,2500,NA,NA,0.508,NA,153,324,NA,NA,1.5,NA,NA,NA,975.36,NA,NA,NA,NA,-4.1,NA,-3.02,89745.38,0,0,0,0,0,1,1,NA,14,NA,NA,NA,106,2019-01-13 12:00:00,2019-01-17 21:00:00,NA,0.7,217,48,-2.5,18.9
2019-01-17 22:00:00,100948.2,-2,-3.9,87.475,0,0,NA,101330,31,554,1011,0.025,NA,152,323,2.286,NA,1.75,-1.7,-2.8,NA,914.4,NA,NA,NA,NA,NA,NA,-4.025,89805.63,0,0,0,-0.1,0,0,1,NA,NA,NA,NA,NA,NA,NA,NA,NA,0.8,209,40,-2.5,19.2
2019-01-17 23:00:00,101015.92,-2,-3.6,92.47,0.77,30,NA,101400,31,474,NA,0.025,NA,66,148,NA,NA,3,NA,NA,NA,426.72,NA,-1.1,-10,NA,-4.1,NA,-3.325,89865.88,0,0,0,-0.3,0,0,1,NA,NA,NA,NA,NA,NA,NA,NA,NA,0.6,112,56,-2.5,16.7
2019-01-18,101083.65,-3,-3.6,92.79,0.77,110,NA,101480,31,474,NA,0.025,NA,64,133,NA,NA,3,NA,NA,NA,182.88,NA,NA,NA,NA,-5.25,NA,-3.97,89926.13,0,0,0,0.7,1,1,1,NA,NA,1,2019-01-18,2019-01-18,1,2019-01-18,2019-01-18,NA,1,220,50,-2.6,19.2
2019-01-18 01:00:00,101151.38,-2,-3.3,92.85,0,0,NA,101530,31,NA,1021,NA,0.025,54,NA,NA,NA,3,NA,NA,NA,152.4,NA,NA,NA,NA,-4.1,NA,-3.02,89986.38,0,0,0,-0.4,0,0,1,NA,NA,NA,NA,NA,NA,NA,NA,NA,0.8,171,61,-2.8,20.7
2019-01-18 02:00:00,101219.11,-2,-3.9,92.11,0,0,NA,101610,31,NA,NA,0.025,NA,54,NA,NA,NA,3.5,NA,NA,NA,152.4,NA,NA,NA,NA,-5.8,NA,-4.02,90046.64,0,0,0,-0.3,0,0,1,NA,NA,NA,NA,NA,NA,NA,NA,NA,0.8,186,65,-3,18.9
2019-01-18 03:00:00,101354.56,-2,-3.3,92.79,0,0,NA,101690,31,NA,NA,NA,NA,54,NA,NA,NA,3.5,NA,NA,NA,152.4,NA,NA,NA,NA,-4.1,NA,-4.02,90167.14,0,0,0,-0.3,0,0,1,NA,NA,NA,NA,NA,NA,NA,NA,NA,0.7,190,63,-3,24
2019-01-18 04:00:00,101456.15,-2,-3.95,92.85,1.54,265,NA,101800,31,484,3008,NA,NA,44,384,0.025,5.334,3,-1.7,-2.8,NA,121.92,NA,NA,NA,NA,-4.48,NA,-3.02,90257.51,0,0,0,-0.3,0,0,1,NA,NA,NA,NA,NA,NA,NA,NA,NA,1,214,53,-3.1,18.2
2019-01-18 05:00:00,101523.88,-3,-3.9,92.79,0,0,NA,101900,31,NA,NA,NA,NA,24,384,NA,NA,2.5,NA,NA,NA,60.96,NA,NA,NA,NA,-5.25,NA,-4.02,90317.77,0,0,0,0.3,0,1,1,NA,NA,NA,NA,NA,1,2019-01-18 05:00:00,2019-01-18 05:00:00,NA,0.8,217,82,-3.1,17.2
2019-01-18 06:00:00,101625.47,-3,-3.3,92.85,0,0,NA,101980,30.5,NA,NA,NA,NA,34,NA,NA,NA,1.25,NA,NA,NA,91.44,NA,NA,NA,NA,-6.03,NA,-3.165,90408.14,0,0,0,-0.1,0,0,1,NA,NA,NA,NA,NA,NA,NA,NA,NA,1,278,73,-2.9,19.7
2019-01-18 07:00:00,101727.07,-3,-3.3,96.34,0,0,NA,102100,30,484,3026,NA,NA,55,484,NA,NA,0.25,NA,NA,NA,320.04,NA,NA,NA,NA,-5.25,NA,-3.165,90498.53,0,0,0,-0.4,0,0,1,NA,NA,NA,NA,NA,NA,NA,NA,NA,1,197,46,-2.8,17
2019-01-18 08:00:00,101794.79,-3,-3.3,96.34,0,0,NA,102190,30,464,NA,NA,NA,46,307,NA,NA,0.5,NA,NA,NA,1402.08,NA,NA,NA,NA,-5.25,NA,-3.31,90558.78,0,0,0,-0.6,0,0,1,NA,NA,NA,NA,NA,NA,NA,NA,NA,0.9,208,72,-2.5,17
2019-01-18 09:00:00,101896.38,-3,-3.9,100,0,0,NA,102280,30,1103,NA,NA,NA,473,602.5,NA,NA,0.5,NA,NA,NA,2057.4,NA,NA,NA,NA,-5.25,NA,-3.46,90649.15,0,0,0,-0.7,0,0,1,NA,NA,NA,NA,NA,NA,NA,NA,NA,1,211,61,-1.9,27.5
2019-01-18 10:00:00,101981.045,-2,-3.3,92.85,0,0,NA,102370,30,474,1024,NA,NA,33,474,NA,NA,0.13,-1.7,-3.9,NA,121.92,NA,NA,NA,NA,-4.86,NA,-3.02,90724.475,0,0,0,-1.7,0,0,1,NA,NA,NA,NA,NA,NA,NA,NA,NA,0.9,255,50,-0.6,30.7
2019-01-18 11:00:00,102065.7,-1.1,-2.8,92.91,0,0,NA,102390,31,1104,NA,NA,NA,42,503,NA,NA,2,NA,NA,NA,1493.52,NA,NA,NA,NA,-4.1,NA,-2.22,90799.78,0,0,0,-2.5,0,0,1,NA,NA,NA,NA,NA,NA,NA,NA,NA,0.9,261,75,0.2,30.9
2019-01-18 12:00:00,102099.57,-1,-1.7,92.91,0,0,NA,102430,31,903,NA,NA,NA,506,852,NA,NA,6,NA,NA,NA,2743.2,NA,NA,NA,NA,-2.96,NA,-2.02,90829.91,0,0,0,-2.5,0,0,1,NA,NA,NA,NA,NA,NA,NA,NA,NA,0.6,168,71,2.6,38.6
2019-01-18 13:00:00,102065.7,0,-1.7,86.37,0,0,NA,102380,31,653,4,NA,NA,472,603,NA,NA,7,NA,NA,NA,1828.8,NA,NA,NA,NA,-3.27,NA,-2.02,90799.78,0,0,0,-3.5,0,0,1,NA,NA,NA,NA,NA,NA,NA,NA,NA,0.8,204,59,4.5,37.4
2019-01-18 14:00:00,102099.57,1.55,-1.7,80.34,2.06,140,NA,102430,6,NA,NA,NA,NA,482.5,903,NA,NA,6,NA,NA,NA,1493.52,NA,NA,NA,NA,-1.04,NA,-2.05,90829.91,0,0,0,-4.65,0,0,0,NA,NA,NA,NA,NA,NA,NA,NA,NA,0.8,2,48,5.6,10.5
2019-01-18 15:00:00,102167.3,2,-1.7,74.78,0,0,NA,102460,6,NA,NA,NA,NA,482,902.5,NA,NA,7,NA,NA,NA,2743.2,NA,NA,NA,NA,-0.78,NA,-2.05,90890.17,0,0,0,-5.2,0,0,1,NA,NA,NA,NA,NA,NA,NA,NA,NA,1,167,73,4.4,22.1
2019-01-18 16:00:00,102201.16,2,-2.2,74.78,1.54,230,NA,102480,NA,NA,1011,NA,NA,493,803,NA,NA,10,3.3,-2.2,NA,2438.4,NA,NA,NA,NA,0.47,NA,-2.06,90920.29,0,0,0,-5.2,0,0,1,NA,NA,NA,NA,NA,NA,NA,NA,NA,0.8,10,70,3.7,1.3
2019-01-18 17:00:00,102201.16,2,-2.2,74.78,1.54,30,NA,102530,NA,NA,NA,NA,NA,423,NA,NA,NA,10,NA,NA,NA,1280.16,NA,NA,NA,NA,-0.38,NA,-2.06,90920.29,0,0,0,-5.7,0,0,1,NA,NA,NA,NA,NA,NA,NA,NA,NA,0.9,126,59,1.6,4
2019-01-18 18:00:00,102235.02,0,-3.3,80.34,1.54,240,NA,102590,NA,NA,NA,NA,NA,552,NA,NA,NA,10,NA,NA,NA,1676.4,NA,NA,NA,NA,-1.82,NA,-3.05,90950.41,0,0,0,-3.9,0,0,1,NA,NA,NA,NA,NA,NA,NA,NA,NA,1.1,115,45,0.2,6.4
2019-01-18 19:00:00,102235.02,-2,-3.3,86.26,2.06,270,NA,102590,NA,NA,1005,NA,NA,1,NA,NA,NA,10,NA,NA,NA,NA,NA,NA,NA,NA,-4.86,NA,-3.03,90950.41,0,0,0,-2.1,0,0,0,NA,NA,NA,NA,NA,NA,NA,NA,NA,0.9,189,48,-1.6,8.8
2019-01-18 20:00:00,102201.16,-2,-4.4,86.15,0,0,NA,102510,NA,NA,NA,NA,NA,1,NA,NA,NA,10,NA,NA,NA,NA,NA,NA,NA,NA,-4.48,NA,-4.03,90920.29,0,0,0,-2.6,0,0,1,NA,NA,NA,NA,NA,NA,NA,NA,NA,0.8,113,51,-2.2,10.7
2019-01-18 21:00:00,102167.3,-3,-5,86.15,0,0,NA,102540,NA,NA,NA,NA,NA,1,NA,NA,NA,10,NA,NA,NA,NA,NA,NA,NA,NA,-5.25,NA,-5.02,90890.17,0,0,0,-2,0,0,1,NA,NA,NA,NA,NA,NA,NA,NA,NA,0.7,194,53,-3.2,12.7
2019-01-18 22:00:00,102167.3,-4,-5.6,85.93,0,0,NA,102550,NA,NA,5006,NA,NA,1,NA,NA,NA,10,2.8,-5,NA,NA,NA,NA,NA,NA,NA,NA,-6.04,90890.17,0,0,0,-1.9,0,0,1,NA,NA,NA,NA,NA,NA,NA,NA,NA,0.7,180,64,-4,25.2
2019-01-18 23:00:00,102167.3,-4,-5,86.04,0,0,NA,102470,NA,NA,NA,NA,NA,1,NA,NA,NA,10,NA,NA,NA,3657.6,NA,3.3,-5,NA,-6.39,NA,-5.04,90890.17,0,0,0,-1.1,0,0,1,NA,NA,NA,NA,NA,NA,NA,NA,NA,0.7,203,58,-4,9
2019-01-19,102099.57,-3,-3.9,86.15,0,0,NA,102390,NA,NA,NA,NA,NA,1203,NA,NA,NA,10,NA,NA,NA,3505.2,NA,NA,NA,NA,-5.25,NA,-4.03,90829.91,0,0,0,-1.9,0,0,1,NA,NA,NA,NA,NA,NA,NA,NA,NA,0.7,158,61,-3.9,10.5
2019-01-19 01:00:00,102031.84,-3,-5,86.04,0,0,NA,102300,NA,NA,8020,NA,NA,1102,1202.5,NA,NA,10,NA,NA,NA,3352.8,NA,NA,NA,NA,-5.25,NA,-5.04,90769.66,0,0,0,-1.8,0,0,1,NA,NA,NA,NA,NA,NA,NA,NA,NA,0.7,177,67,-3.8,11
2019-01-19 02:00:00,101930.25,-3,-4.4,92.07,0,0,NA,102240,31,NA,NA,NA,NA,904,904,NA,NA,9,NA,NA,NA,2743.2,NA,NA,NA,NA,NA,NA,-5.02,90679.28,0,0,0,-1.7,0,0,1,NA,NA,NA,NA,NA,NA,NA,NA,NA,0.9,209,50,-3.5,10.3
2019-01-19 03:00:00,101964.11,-4,-5,86.04,0,0,NA,102300,31,NA,NA,NA,NA,484,804,NA,NA,7,NA,NA,NA,1463.04,NA,NA,NA,NA,-6.795,NA,-5.04,90709.41,0,0,0,-0.8,0,0,1,NA,NA,NA,NA,NA,NA,NA,NA,NA,1,209,56,-3.2,9
2019-01-19 04:00:00,101964.11,-2.8,-4.15,88.71,0,0,NA,102230,2500,NA,8002,0.025,NA,364,NA,0.025,NA,3,-2.2,-4.4,NA,1097.28,NA,NA,NA,NA,-5.25,NA,-4.02,90709.41,0,0,0,-2.1,0,0,1,NA,NA,NA,NA,NA,NA,NA,NA,NA,1.1,213,53,-3,8.8
2019-01-19 05:00:00,101964.11,-3,-3.9,92.79,1.54,60,NA,102240,2500,NA,NA,0.025,NA,474,754,NA,NA,3,NA,NA,NA,1432.56,NA,NA,NA,NA,-5.25,NA,-4.02,90709.41,0,0,0,-1.7,0,0,1,NA,NA,NA,NA,NA,NA,NA,NA,NA,1.3,215,54,-3,8.3
2019-01-19 06:00:00,101930.25,-2,-3.9,86.15,0,0,NA,102290,2500,754,NA,0.025,NA,474,578.5,NA,NA,5,NA,NA,NA,1432.56,NA,NA,NA,NA,-4.1,NA,-4.03,90679.28,0,0,0,-2.4,0,0,1,NA,NA,NA,NA,NA,NA,NA,NA,NA,1,200,61,-2.7,6.9
2019-01-19 07:00:00,101930.25,-2,-3.3,92.85,1.54,40,NA,102190,31,NA,8006,NA,0.025,454,504,NA,NA,6,NA,NA,NA,1371.6,NA,NA,NA,NA,-4.1,NA,-3.02,90679.28,0,0,0,-1.8,0,0,1,NA,NA,NA,NA,NA,NA,NA,NA,NA,1.3,171,78,-2.1,7.4
2019-01-19 08:00:00,101896.38,-2,-2.8,92.85,1.54,270,NA,102190,31,NA,NA,NA,NA,434,NA,NA,NA,5,NA,NA,NA,1310.64,NA,NA,NA,NA,-4.1,NA,-3.02,90649.15,0,0,0,-1.1,0,0,1,NA,NA,NA,NA,NA,NA,NA,NA,NA,1.3,210,63,-1.3,5.5
2019-01-19 09:00:00,101862.52,-1,-2.2,92.91,0,0,NA,102220,31,NA,NA,NA,NA,424,NA,NA,NA,7,NA,NA,NA,1280.16,NA,NA,NA,NA,-2.96,NA,-2.02,90619.03,0,0,0,-1.8,0,0,1,NA,NA,NA,NA,NA,NA,NA,NA,NA,1.1,177,64,-0.3,2.8
2019-01-19 10:00:00,101896.38,-1,-2.2,92.91,1.54,250,NA,102240,31,NA,3001,NA,NA,464,494,0.025,NA,5,0,-3.3,NA,1402.08,NA,NA,NA,NA,-3.7,NA,-2.02,90649.15,0,0,0,-1.2,0,0,1,NA,NA,NA,NA,NA,NA,NA,NA,NA,1.1,199,73,1,5.2
2019-01-19 11:00:00,101930.25,1,-1.7,80.34,2.57,300,NA,102250,13,554,NA,0.025,NA,403,494,NA,NA,10,NA,NA,NA,1219.2,NA,NA,NA,NA,-2.38,NA,-2.05,90679.28,0,0,0,-2.8,0,0,0,NA,NA,NA,NA,NA,NA,NA,NA,NA,1.6,221,36,0.5,6.7
2019-01-19 12:00:00,101896.38,1,-1.1,86.48,0,0,NA,102170,13,654,NA,0.025,NA,386,602,NA,NA,9,NA,NA,NA,1828.8,NA,NA,NA,NA,-0.68,NA,-1.03,90649.15,0,0,0,-2.3,0,0,1,NA,NA,NA,NA,NA,NA,NA,NA,NA,1.1,274,64,1.2,9.3
2019-01-19 13:00:00,101862.52,1.1,-0.6,86.48,0,0,NA,102170,13,654,8003,0.254,0.254,463,578.5,NA,NA,10,NA,NA,NA,1493.52,NA,NA,NA,NA,-0.68,NA,-1.03,90619.03,0,0,0,-1.6,0,0,1,NA,NA,NA,NA,NA,NA,NA,NA,NA,1,214,47,1.8,12.2
2019-01-19 14:00:00,101828.66,1,-1.1,86.48,2.57,130,NA,102120,13,804,NA,0.025,NA,506,578.5,NA,NA,8,NA,NA,NA,2590.8,NA,NA,NA,NA,-1.91,NA,-1.03,90588.91,0,0,0,-1.8,0,0,0,NA,NA,NA,NA,NA,NA,NA,NA,NA,1.4,134,57,2.2,9.5
2019-01-19 15:00:00,101794.79,2,-0.6,80.49,1.54,70,NA,102080,NA,1203,NA,NA,NA,854,1153.5,NA,NA,9,NA,NA,NA,2743.2,NA,NA,NA,NA,0.47,NA,-1.05,90558.78,0,0,0,-3.3,0,0,1,NA,NA,NA,NA,NA,NA,NA,NA,NA,0.9,66,50,4.3,6.9
2019-01-19 16:00:00,101828.66,2,-1.1,80.49,2.06,270,NA,102180,31,1104,3002,NA,NA,904,1004,0.254,NA,7,2.8,-1.1,NA,2895.6,NA,NA,NA,NA,-0.72,NA,-1.05,90588.91,0,0,0,-3.5,0,0,0,NA,NA,NA,NA,NA,NA,NA,NA,NA,1.3,51,78,4.3,4
2019-01-19 17:00:00,101828.66,2,-1.1,80.49,2.06,90,NA,102140,31,1104,NA,NA,NA,906,1003.5,NA,NA,9,NA,NA,NA,3352.8,NA,NA,NA,NA,-0.2,NA,-1.05,90588.91,0,0,0,-4,0,0,0,NA,NA,NA,NA,NA,NA,NA,NA,NA,1,191,66,4.2,2.3
2019-01-19 18:00:00,101896.38,1,-1.7,80.49,1.54,50,NA,102190,NA,NA,NA,NA,NA,506,NA,NA,NA,8,NA,NA,NA,NA,NA,NA,NA,NA,-1.59,NA,-2.03,90649.15,0,0,0,-3.4,0,0,1,NA,NA,NA,NA,NA,NA,NA,NA,NA,1,108,76,2.8,7.4
2019-01-19 19:00:00,101930.25,1,-1.7,80.34,1.54,190,NA,102280,31,NA,3007,NA,NA,553,603,NA,NA,9,NA,NA,NA,1524,NA,NA,NA,NA,-2.435,NA,-2.05,90679.28,0,0,0,-3.6,0,0,1,NA,NA,NA,NA,NA,NA,NA,NA,NA,0.8,105,78,1.8,7.6
2019-01-19 20:00:00,101930.25,1,-1.7,80.34,1.54,60,NA,102200,31,NA,NA,NA,NA,506,603,NA,NA,10,NA,NA,NA,1676.4,NA,NA,NA,NA,-0.68,NA,-2.05,90679.28,0,0,0,-4,0,0,1,NA,NA,NA,NA,NA,NA,NA,NA,NA,0.8,110,68,1.1,8.8
2019-01-19 21:00:00,101930.25,0,-1.7,88.3,1.54,20,NA,102230,31,NA,NA,NA,NA,553,604,NA,NA,6,NA,NA,NA,1676.4,NA,NA,NA,NA,-1.865,NA,-2.02,90679.28,0,0,0,-3.1,0,0,1,NA,NA,NA,NA,NA,NA,NA,NA,NA,1.1,159,69,0.4,14.2
2019-01-19 22:00:00,101930.25,0,-2.2,86.37,0.77,10,NA,102270,31,NA,5001,NA,NA,602,603,NA,NA,8,2.8,-1.1,NA,1828.8,NA,NA,NA,NA,-2.445,NA,-2.03,90679.28,0,0,0,NA,NA,NA,1,NA,NA,NA,NA,NA,NA,NA,NA,NA,0.9,162,69,-0.2,11.7
2019-01-19 23:00:00,101964.11,-1,-1.7,92.91,1.54,290,NA,102250,31,NA,NA,NA,NA,453,604,NA,NA,6,NA,NA,NA,1371.6,NA,2.8,-4.4,NA,-3.23,NA,-2.02,90709.41,0,0,0,-2.1,0,0,1,NA,NA,NA,NA,NA,NA,NA,NA,NA,0.7,161,69,-0.4,10
2019-01-20,101930.25,-0.6,-2.2,88.9,2.06,140,NA,102200,31,1054,NA,NA,NA,506,653,NA,NA,7,NA,NA,NA,1981.2,NA,NA,NA,NA,-3.33,NA,-2.03,90679.28,0,0,0,-2.5,0,0,0,NA,NA,NA,NA,NA,NA,NA,NA,NA,0.8,169,61,-0.5,11.9
2019-01-20 01:00:00,101930.25,-1,-2.8,92.91,0,0,NA,102190,31,1003,8005,NA,NA,503,653,NA,NA,7,NA,NA,NA,1676.4,NA,NA,NA,NA,-3.7,NA,-2.02,90679.28,0,0,0,-2,0,0,1,NA,NA,NA,NA,NA,NA,NA,NA,NA,0.8,140,55,-0.8,22
2019-01-20 02:00:00,101896.38,-2,-3.3,92.85,1.54,270,NA,102150,30,NA,NA,NA,NA,277,604,NA,NA,0.25,NA,NA,NA,1828.8,NA,NA,NA,NA,-4.86,NA,-3.02,90649.15,0,0,0,NA,NA,NA,1,NA,NA,NA,NA,NA,NA,NA,NA,NA,0.8,194,63,-1,8.6
2019-01-20 03:00:00,101828.66,-2,-3.3,92.85,0,0,NA,102090,30,NA,NA,NA,NA,25,604,NA,NA,0.25,NA,NA,NA,60.96,NA,NA,NA,NA,-4.1,NA,-3.02,90588.91,0,0,0,-1.2,0,0,1,NA,NA,NA,NA,NA,NA,NA,NA,NA,0.9,160,66,-1.4,11
2019-01-20 04:00:00,101794.79,-2.5,-3.05,92.79,0,0,NA,102020,30,NA,8016,NA,NA,23.5,NA,NA,0.254,0.5,0.6,-3.3,NA,60.96,NA,NA,NA,NA,-4.595,NA,-3.62,90558.78,0,0,0,-1,0,0,1,NA,NA,NA,NA,NA,NA,NA,NA,NA,1,208,66,-1.6,13.4
2019-01-20 05:00:00,101693.2,-3,-3.9,92.79,0,0,NA,101890,31,NA,NA,NA,NA,26,1102,NA,NA,3,NA,NA,NA,NA,NA,NA,NA,NA,-4.1,NA,-4.02,90468.4,0,0,0,-0.9,0,0,1,NA,NA,NA,NA,NA,NA,NA,NA,NA,0.8,192,65,-1.9,11.7
2019-01-20 06:00:00,101557.75,-3,-3.9,92.79,0,0,NA,101840,31,NA,NA,NA,NA,36,1103,NA,NA,1.25,NA,NA,NA,3352.8,NA,NA,NA,NA,NA,NA,-3.92,90347.9,0,0,0,-1,0,0,1,NA,NA,NA,NA,NA,NA,NA,NA,NA,0.6,200,60,-2,9.8
2019-01-20 07:00:00,101490.02,-2.9,-4.2,92.79,1.54,115,NA,101740,31,NA,6017,NA,NA,29,1104,NA,NA,3,NA,NA,NA,3352.8,NA,NA,NA,NA,-5.25,NA,-4.02,90287.65,0,0,0,-1.2,0,0,1,NA,NA,NA,NA,NA,NA,NA,NA,NA,0.9,176,60,-2.1,10.5
2019-01-20 08:00:00,101320.7,-3,-3.6,96.34,0,0,NA,101580,31,1004,NA,NA,NA,23,1004,NA,NA,1,NA,NA,NA,2286,NA,NA,NA,NA,-5.25,NA,-3.31,90137.02,0,0,0,-1.1,0,0,1,NA,NA,NA,NA,NA,NA,NA,NA,NA,1.2,248,45,-2,12.4
2019-01-20 09:00:00,101252.97,-2,-3.3,92.91,1.8,90,NA,101490,2500,704,NA,0.025,NA,26,413,NA,NA,1.25,NA,NA,NA,1249.68,NA,NA,NA,NA,-4.34,NA,-3,90076.76,0,0,0,-1.8,0,0,1,NA,NA,NA,NA,NA,NA,NA,NA,NA,0.7,75,76,-1.4,12.4
2019-01-20 10:00:00,101151.38,-0.6,-1.1,92.96,2.06,100,NA,101370,2500,NA,6019,0.254,NA,82,234,0.254,NA,1.25,0,-3.3,NA,426.72,NA,NA,NA,NA,-3.7,NA,-1.02,89986.38,0,0,0,-2.7,0,0,0,NA,NA,NA,NA,NA,NA,NA,NA,NA,0.8,141,52,-0.7,12.7
2019-01-20 11:00:00,101015.92,-1,-2.2,92.91,2.06,260,NA,101230,2500,NA,NA,0.508,NA,43,224,NA,NA,0.75,NA,NA,NA,121.92,NA,NA,NA,NA,-3.08,NA,-2.02,89865.88,0,0,0,-2.2,0,0,0,NA,NA,NA,NA,NA,NA,NA,NA,NA,1.1,234,51,-0.1,12.4
2019-01-20 12:00:00,100812.74,-1,-1.4,92.91,1.54,260,NA,101020,2420,NA,NA,0.508,NA,53,184,NA,NA,0.5,NA,NA,NA,152.4,NA,NA,NA,NA,-2.96,NA,-2.02,89685.12,0,0,0,-1.6,0,0,1,NA,NA,NA,NA,NA,NA,NA,NA,NA,1.1,226,43,-0.1,8.3
2019-01-20 13:00:00,100643.42,0,-0.6,92.96,0,0,NA,100820,740,NA,8048,0.508,1.778,54,74,NA,NA,0.5,NA,NA,NA,152.4,NA,NA,NA,NA,-1.82,NA,-1.02,89534.49,0,0,0,-2.4,0,0,1,NA,NA,NA,NA,NA,NA,NA,NA,NA,0.8,183,44,0.3,5.4
2019-01-20 14:00:00,100474.1,0,-1.1,92.96,1.54,310,NA,100710,723,NA,NA,0.762,NA,62,144,NA,NA,0.5,NA,NA,NA,182.88,NA,NA,NA,NA,-1.82,NA,-1.02,89383.86,0,0,0,-2.3,0,0,1,NA,NA,NA,NA,NA,NA,NA,NA,NA,0.9,223,51,-0.2,5.7
2019-01-20 15:00:00,100406.37,0,-0.6,92.96,1.54,330,NA,100630,723,NA,NA,1.016,NA,63,104,NA,NA,0.5,NA,NA,NA,182.88,NA,NA,NA,NA,-1.82,NA,-1.02,89323.61,0,0,0,-1.6,0,0,1,NA,NA,NA,NA,NA,NA,NA,NA,NA,0.8,177,38,-0.4,6.2
2019-01-20 16:00:00,100338.65,0,-0.85,92.96,2.06,320,NA,100600,2500,NA,6020,0.889,NA,76,114,5.588,NA,1,0.6,-1.1,NA,365.76,NA,NA,NA,NA,-2.53,NA,-1.02,89263.36,0,0,0,-1.3,0,0,0,NA,NA,NA,NA,NA,NA,NA,NA,NA,0.8,178,37,-0.4,5.7
2019-01-20 17:00:00,100338.65,0,-0.85,92.96,2.57,300,NA,100610,2500,NA,NA,0.508,NA,164,184,NA,NA,1.25,NA,NA,NA,518.16,NA,NA,NA,NA,-3.09,NA,-1.02,89263.36,0,0,0,-1.3,0,0,0,NA,NA,NA,NA,NA,NA,NA,NA,NA,0.8,166,44,-0.5,5.5
2019-01-20 18:00:00,100372.51,0,-1.1,92.96,4.12,300,NA,100620,2500,NA,NA,0.254,NA,214,464,NA,NA,2.5,NA,NA,NA,640.08,NA,NA,NA,NA,-4.37,NA,-1.02,89293.49,0,0,0,-1.5,0,0,0,NA,NA,NA,NA,NA,NA,NA,NA,NA,1,193,45,-0.6,7.1
2019-01-20 19:00:00,100338.65,0,-1.1,92.96,2.315,285,NA,100610,2500,904,6002,0.025,1.524,303,423,NA,NA,3.5,NA,NA,NA,1143,NA,NA,NA,NA,-2.81,NA,-1.02,89263.36,0,0,0,-1.8,0,0,0,NA,NA,NA,NA,NA,NA,NA,NA,NA,1.1,153,37,-0.6,6.6
2019-01-20 20:00:00,100338.65,0,-1.1,92.96,0.77,50,NA,100590,31,504,NA,NA,NA,29,423,NA,NA,5,NA,NA,NA,121.92,NA,NA,NA,NA,-1.82,NA,-1.02,89263.36,0,0,0,-2.5,0,0,1,NA,NA,NA,NA,NA,NA,NA,NA,NA,0.9,146,48,-0.6,4.5
2019-01-20 21:00:00,100338.65,0,-1.1,92.96,0,0,NA,100610,2500,494,NA,0.025,NA,374,504,NA,NA,3.5,NA,NA,NA,1158.24,NA,NA,NA,NA,-1.82,NA,-1.02,89263.36,0,0,0,-2.8,0,0,1,NA,NA,NA,NA,NA,NA,NA,NA,NA,0.8,190,67,-0.7,4
2019-01-20 22:00:00,100406.37,0,-1.1,92.96,2.06,280,NA,100670,2500,424,3007,0.025,NA,36,347.5,1.524,NA,1.75,0,0,NA,1005.84,NA,NA,NA,NA,-3.09,NA,-1.02,89323.61,0,0,0,-3.4,0,0,0,NA,NA,NA,NA,NA,NA,NA,NA,NA,1,217,53,-0.8,6.2
2019-01-20 23:00:00,100440.24,-0.6,-1.1,96.41,2.57,290,NA,100740,31,494,NA,0.025,NA,246,348,NA,NA,0.5,NA,NA,NA,1127.76,NA,0.6,-3.3,NA,-3.7,NA,-1.02,89353.74,0,0,0,-3.1,0,0,0,NA,NA,NA,NA,NA,NA,NA,NA,NA,0.9,194,58,-0.7,10
2019-01-21,100474.1,-1,-1.1,100,2.06,280,NA,100760,31,414,NA,NA,NA,32,353.5,NA,NA,2.5,NA,NA,NA,883.92,NA,NA,NA,NA,-3.7,NA,-1,89383.86,0,0,0,-3.4,0,0,0,NA,NA,NA,NA,NA,NA,NA,NA,NA,1,133,55,-0.7,9
2019-01-21 01:00:00,100541.83,-1,-1.1,100,2.06,20,NA,100800,31,504,2012,NA,0.025,24,203,NA,NA,1.5,NA,NA,NA,60.96,NA,NA,NA,NA,-3.99,NA,-1,89444.12,0,0,0,-4,0,0,0,NA,NA,NA,NA,NA,NA,NA,NA,NA,1.5,54,45,-0.4,4
2019-01-21 02:00:00,100575.69,0,-1.4,86.37,1.54,285,NA,100860,31,504,NA,NA,NA,473,754,NA,NA,10,NA,NA,NA,1524,NA,NA,NA,NA,-2.53,NA,-2.03,89474.24,0,0,0,-5.3,0,0,1,NA,NA,NA,NA,NA,NA,NA,NA,NA,1.1,90,55,-0.4,3
2019-01-21 03:00:00,100677.29,0,-2.2,86.37,4.12,330,NA,100940,NA,624,NA,NA,NA,374,484,NA,NA,10,NA,NA,NA,1127.76,NA,NA,NA,NA,-4.7,NA,-2.03,89564.62,0,0,0,-5.6,0,0,0,NA,NA,NA,NA,NA,NA,NA,NA,NA,0.8,176,63,-0.7,3.3
2019-01-21 04:00:00,100745.01,0,-2.8,80.19,4.63,340,NA,101030,NA,654,3021,NA,NA,403,492.5,0.025,7.366,10,0.6,-0.6,NA,1219.2,NA,NA,NA,NA,-4.7,NA,-3.05,89624.87,0,0,0,-6.1,0,0,0,NA,NA,NA,NA,NA,NA,NA,NA,NA,1.4,269,55,-0.7,2
2019-01-21 05:00:00,100846.6,0,-3.3,80.19,4.375,340,NA,101140,20,604,NA,0.025,NA,345,463,NA,NA,10,NA,NA,NA,1402.08,NA,NA,NA,NA,-4.535,NA,-3.05,89715.25,0,0,0,-6.8,0,0,0,NA,NA,NA,NA,NA,NA,NA,NA,NA,1,195,40,-1.1,2
2019-01-21 06:00:00,100948.2,-1,-3.9,86.26,4.12,340,NA,101240,NA,NA,NA,0.025,NA,603,704,NA,NA,10,NA,NA,NA,1828.8,NA,NA,NA,NA,-5.6,NA,-3.03,89805.63,0,0,0,-6.3,0,0,0,NA,NA,NA,NA,NA,NA,NA,NA,NA,1.1,124,46,-1.3,2.3
2019-01-21 07:00:00,101049.79,-1,-5,80.04,3.09,340,NA,101350,NA,754,1026,NA,0.025,483,604,NA,NA,10,NA,NA,NA,1493.52,NA,NA,NA,NA,-5.21,NA,-4.05,89896.01,0,0,0,-6.4,0,0,0,NA,NA,NA,NA,NA,NA,NA,NA,NA,1,200,52,-1.6,2.8
2019-01-21 08:00:00,101117.52,-2,-5,79.89,2.57,350,NA,101450,NA,NA,NA,NA,NA,554,NA,NA,NA,10,NA,NA,NA,1676.4,NA,NA,NA,NA,-5.99,NA,-5.05,89956.26,0,0,0,-5.6,0,0,0,NA,NA,NA,NA,NA,NA,NA,NA,NA,1.4,182,40,-2.4,2.8
2019-01-21 09:00:00,101219.11,-2,-3.9,86.15,1.54,230,NA,101550,NA,NA,NA,NA,NA,554,NA,NA,NA,10,NA,NA,NA,1676.4,NA,NA,NA,NA,-5.25,NA,-4.03,90046.64,0,0,0,-5.6,0,0,1,NA,NA,NA,NA,NA,NA,NA,NA,NA,1,200,64,-1.4,3
2019-01-21 10:00:00,101320.7,-1,-3.9,80.04,3.6,330,NA,101660,NA,NA,3029,NA,NA,654,NA,0.025,NA,10,0.6,-2.8,NA,1981.2,NA,NA,NA,NA,-4.37,NA,-4.05,90137.02,0,0,0,-5.9,0,0,0,NA,NA,NA,NA,NA,NA,NA,NA,NA,0.7,219,64,-0.5,4.7
2019-01-21 11:00:00,101456.15,0,-4.4,74.41,4.12,340,NA,101760,NA,NA,NA,NA,NA,603,704,NA,NA,10,NA,NA,NA,1981.2,NA,NA,NA,NA,-3.99,NA,-4.06,90257.51,0,0,0,-6.8,0,0,0,NA,NA,NA,NA,NA,NA,NA,NA,NA,0.8,131,65,1.1,4.5
2019-01-21 12:00:00,101523.88,0,-3.9,74.41,4.12,330,NA,101840,20,504,NA,0.025,NA,452,504,NA,NA,10,NA,NA,NA,1524,NA,NA,NA,NA,-3.99,NA,-4.06,90317.77,0,0,0,-6,0,0,0,NA,NA,NA,NA,NA,NA,NA,NA,NA,1,3,76,0.6,3.5
2019-01-21 13:00:00,101625.47,0,-3.9,74.41,3.6,340,NA,101930,20,474,1024,0.254,0.254,323,343,NA,NA,3,NA,NA,NA,975.36,NA,NA,NA,NA,-3.785,NA,-4.06,90408.14,0,0,0,-5.9,0,0,0,NA,NA,NA,NA,NA,NA,NA,NA,NA,1.6,42,54,0,3.5
2019-01-21 14:00:00,101693.2,0,-3.3,80.19,4.63,20,NA,102000,20,479,NA,0.025,NA,306,394,NA,NA,3.5,NA,NA,NA,1097.28,NA,NA,NA,NA,-4.7,NA,-3.34,90468.4,0,0,0,-6.5,0,0,0,NA,NA,NA,NA,NA,NA,NA,NA,NA,1.6,86,52,0.4,2
2019-01-21 15:00:00,101794.79,-1,-3.05,86.26,4.12,335,NA,102130,20,NA,NA,0.254,NA,209.5,314,NA,NA,1.125,NA,NA,NA,624.84,NA,NA,NA,NA,-5.405,NA,-3.03,90558.78,0,0,0,-5.7,0,0,0,NA,NA,NA,NA,NA,NA,NA,NA,NA,1.6,50,55,-1,-0.6
2019-01-21 16:00:00,101930.25,-1,-2.8,86.26,3.09,340,NA,102290,2403,NA,3031,0.508,NA,173,304,1.27,NA,1,0.6,-1.1,NA,518.16,NA,NA,NA,NA,-4.78,NA,-3.03,90679.28,0,0,0,-6.2,0,0,0,NA,NA,NA,NA,NA,NA,NA,NA,NA,1.1,309,66,-1.5,-0.8
2019-01-21 17:00:00,102099.57,-1,-3,86.26,3.6,310,NA,102410,2500,354,NA,0.508,NA,142,298,NA,NA,1.5,NA,NA,NA,457.2,NA,NA,NA,NA,-5.21,NA,-3.03,90829.91,0,0,0,-6.9,0,0,0,NA,NA,NA,NA,NA,NA,NA,NA,NA,1.1,311,80,-1.9,-1
2019-01-21 18:00:00,102184.23,-1,-3.85,80.04,3.6,335,NA,102530,20,454,NA,0.254,NA,244,374,NA,NA,6.5,NA,NA,NA,1051.56,NA,NA,NA,NA,-5.21,NA,-4.05,90905.23,0,0,0,-7.8,0,0,0,NA,NA,NA,NA,NA,NA,NA,NA,NA,1.1,200,44,-2,-0.6
2019-01-21 19:00:00,102268.89,-2,-5,76.45,2.57,340,NA,102650,20,424,1029,0.025,0.762,331,463,NA,NA,10,NA,NA,NA,1402.08,NA,NA,NA,NA,-5.47,NA,-5.855,90980.54,0,0,0,-6.7,0,0,0,NA,NA,NA,NA,NA,NA,NA,NA,NA,1.1,188,51,-2.1,1.3
2019-01-21 20:00:00,102336.62,-2,-5,79.89,2.57,290,NA,102740,NA,NA,NA,NA,NA,306,474,NA,NA,10,NA,NA,NA,1432.56,NA,NA,NA,NA,-5.47,NA,-5.05,91040.8,0,0,0,-7.6,0,0,0,NA,NA,NA,NA,NA,NA,NA,NA,NA,1.1,201,34,-2.3,4.2
2019-01-21 21:00:00,102438.21,-2,-3.9,86.15,2.57,270,NA,102800,NA,554,NA,NA,NA,452,529,NA,NA,10,NA,NA,NA,1524,NA,NA,NA,NA,-5.99,NA,-4.03,91131.18,0,0,0,-6.8,0,0,0,NA,NA,NA,NA,NA,NA,NA,NA,NA,0.9,197,33,-2.8,9.8
2019-01-21 22:00:00,102505.93,-3,-4.4,88.71,1.54,280,NA,102840,NA,NA,1019,NA,NA,604,NA,0.762,NA,10,-1.1,-3.3,NA,1828.8,NA,NA,NA,NA,-5.055,NA,-4.03,91191.42,0,0,0,-5.6,0,0,1,NA,NA,NA,NA,NA,NA,NA,NA,NA,0.8,108,67,-3.3,9.5
2019-01-21 23:00:00,102556.73,-3,-4.4,92.79,0,0,NA,102920,NA,604,NA,NA,NA,333,464,NA,NA,10,NA,NA,NA,1676.4,NA,0.6,-3.3,NA,-6.34,NA,-4.02,91236.61,0,0,0,-5.4,0,0,1,NA,NA,NA,NA,NA,NA,NA,NA,NA,1.1,92,51,-4.1,4.2
2019-01-22,102641.39,-3,-4.4,92.79,1.54,130,NA,102970,NA,NA,NA,NA,NA,396,504,NA,NA,10,NA,NA,NA,1524,NA,NA,NA,NA,-5.25,NA,-4.02,91311.93,0,0,0,-5.5,0,0,1,NA,NA,NA,NA,NA,NA,NA,NA,NA,0.8,137,63,-4.2,2.3
2019-01-22 01:00:00,102675.25,-3,-5.6,86.04,1.54,30,NA,103060,NA,503.5,1017,NA,NA,392,504,NA,NA,10,NA,NA,NA,1524,NA,NA,NA,NA,-6.27,NA,-5.04,91342.05,0,0,0,-5.2,0,0,1,NA,NA,NA,NA,NA,NA,NA,NA,NA,0.7,123,64,-4.5,5.2
2019-01-22 02:00:00,102742.98,-6,-7.1,92.61,0,0,NA,103140,31,NA,NA,NA,NA,475,472,NA,NA,3.5,NA,NA,NA,1432.56,NA,NA,NA,NA,-8.67,NA,-7.02,91402.31,0,0,0,-2.5,0,0,1,NA,NA,NA,NA,NA,NA,NA,NA,NA,0.9,135,72,-5.5,5
2019-01-22 03:00:00,102776.85,-5,-7.8,85.82,1.54,100,NA,103140,NA,NA,NA,NA,NA,464,NA,NA,NA,10,NA,NA,NA,1402.08,NA,NA,NA,NA,-7.2,NA,-7.04,91432.44,0,0,0,-4,0,0,1,NA,NA,NA,NA,NA,NA,NA,NA,NA,1,198,66,-7.1,2.3
2019-01-22 04:00:00,102810.71,-3,-8.3,68.34,1.54,290,NA,103160,NA,NA,3004,NA,NA,454,NA,NA,2.032,10,-2.2,-6.7,NA,1371.6,NA,NA,NA,NA,-5.25,NA,-8.08,91462.56,0,0,0,-6.3,0,0,1,NA,NA,NA,NA,NA,NA,NA,NA,NA,1.1,186,74,-6.5,1.8
2019-01-22 05:00:00,102810.71,-5,-8.9,73.45,1.54,290,NA,103220,NA,NA,NA,NA,NA,453,NA,NA,NA,10,NA,NA,NA,1371.6,NA,NA,NA,NA,-6.795,NA,-9.07,91462.56,0,0,0,-4.7,0,0,1,NA,NA,NA,NA,NA,NA,NA,NA,NA,0.9,186,65,-7.4,2
2019-01-22 06:00:00,102844.57,-4,-7.8,73.65,2.57,340,NA,103210,NA,NA,NA,NA,NA,434,NA,NA,NA,10,NA,NA,NA,1310.64,NA,NA,NA,NA,-8.4,NA,-8.07,91492.68,0,0,0,-6.2,0,0,0,NA,NA,NA,NA,NA,NA,NA,NA,NA,1,213,70,-7.8,4.5
2019-01-22 07:00:00,102810.71,-5,-8.3,79.42,2.06,240,NA,103200,NA,NA,0,NA,NA,434,NA,NA,NA,10,NA,NA,NA,1310.64,NA,NA,NA,NA,-8.4,NA,-8.07,91462.56,0,0,0,-5.5,0,0,0,NA,NA,NA,NA,NA,NA,NA,NA,NA,0.8,199,48,-7.9,7.1
2019-01-22 08:00:00,102844.57,-6,-8.3,85.71,1.54,110,NA,103200,NA,NA,NA,NA,NA,414,NA,NA,NA,10,NA,NA,NA,1249.68,NA,NA,NA,NA,-9.565,NA,-8.04,91492.68,0,0,0,-4.8,0,0,1,NA,NA,NA,NA,NA,NA,NA,NA,NA,1.3,171,57,-7.3,6.9
2019-01-22 09:00:00,102810.71,-5,-8.3,79.42,3.09,120,NA,103220,NA,NA,NA,NA,NA,424,NA,NA,NA,10,NA,NA,NA,1280.16,NA,NA,NA,NA,-10.08,NA,-8.05,91462.56,0,0,0,-5.5,0,0,0,NA,NA,NA,NA,NA,NA,NA,NA,NA,1,190,63,-5.9,6.9
2019-01-22 10:00:00,102810.71,-4,-8.3,73.65,4.12,110,NA,103230,NA,NA,3002,NA,NA,444,NA,NA,NA,10,-2.8,-6.1,NA,1341.12,NA,NA,NA,NA,-9.29,NA,-8.07,91462.56,0,0,0,-5.9,0,0,0,NA,NA,NA,NA,NA,NA,NA,NA,NA,1.1,229,76,-4.1,6.9
2019-01-22 11:00:00,102776.85,-3,-7.8,68.34,3.09,100,NA,103140,NA,NA,NA,NA,NA,424,NA,NA,NA,10,NA,NA,NA,1280.16,NA,NA,NA,NA,-7.19,NA,-8.08,91432.44,0,0,0,-5.9,0,0,0,NA,NA,NA,NA,NA,NA,NA,NA,NA,1.8,223,45,-2.5,3.7
2019-01-22 12:00:00,102675.25,-3,-6.7,73.84,2.06,120,NA,103060,NA,853,NA,NA,NA,464,753,NA,NA,10,NA,NA,NA,1402.08,NA,NA,NA,NA,-6.65,NA,-7.07,91342.05,0,0,0,-5.5,0,0,0,NA,NA,NA,NA,NA,NA,NA,NA,NA,2.1,260,33,-1.6,1.8
2019-01-22 13:00:00,102641.39,-3,-7.2,73.84,1.54,260,NA,103000,NA,NA,6020,NA,NA,604,704,NA,NA,10,NA,NA,NA,2133.6,NA,NA,NA,NA,-6.03,NA,-7.07,91311.93,0,0,0,-4.7,0,0,1,NA,NA,NA,NA,NA,NA,NA,NA,NA,1.4,304,51,-1.7,4.2
2019-01-22 14:00:00,102539.8,-3,-7.2,73.84,1.54,300,NA,102900,NA,NA,NA,NA,NA,604,NA,NA,NA,10,NA,NA,NA,1828.8,NA,NA,NA,NA,-5.25,NA,-7.07,91221.55,0,0,0,-5.1,0,0,1,NA,NA,NA,NA,NA,NA,NA,NA,NA,0.8,167,70,-1.6,6.2
2019-01-22 15:00:00,102505.93,-2,-6.7,68.56,0,0,NA,102850,NA,NA,NA,NA,NA,504,NA,NA,NA,10,NA,NA,NA,1524,NA,NA,NA,NA,NA,NA,-7.08,91191.42,0,0,0,-6,0,0,1,NA,NA,NA,NA,NA,NA,NA,NA,NA,0.8,159,54,-1.4,5.7
2019-01-22 16:00:00,102438.21,-2,-6.7,74.03,0,0,NA,102800,NA,NA,6016,NA,NA,464,NA,NA,NA,10,-1.7,-3.9,NA,1402.08,NA,NA,NA,NA,-4.675,NA,-6.76,91131.18,0,0,0,-6,0,0,1,NA,NA,NA,NA,NA,NA,NA,NA,NA,1,148,49,-1.9,4.3
2019-01-22 17:00:00,102404.34,-3,-7.2,73.84,0,0,NA,102790,NA,NA,NA,NA,NA,464,NA,NA,NA,10,NA,NA,NA,1402.08,NA,NA,NA,NA,-5.25,NA,-7.07,91101.04,0,0,0,-4.8,0,0,1,NA,NA,NA,NA,NA,NA,NA,NA,NA,0.9,243,51,-2.3,2.8
2019-01-22 18:00:00,102336.62,-3,-6.1,73.84,1.54,330,NA,102720,NA,NA,NA,NA,NA,474,NA,NA,NA,10,NA,NA,NA,1432.56,NA,NA,NA,NA,-5.64,NA,-7.07,91040.8,0,0,0,-4.6,0,0,1,NA,NA,NA,NA,NA,NA,NA,NA,NA,0.8,192,68,-2.8,7.1
2019-01-22 19:00:00,102336.62,-3,-6.7,73.84,2.57,280,NA,102750,NA,NA,6009,NA,NA,454,NA,NA,NA,10,NA,NA,NA,1371.6,NA,NA,NA,NA,-6.23,NA,-7.07,91040.8,0,0,0,-4.5,0,0,0,NA,NA,NA,NA,NA,NA,NA,NA,NA,1.1,209,60,-2.8,12.2
2019-01-22 20:00:00,102268.89,-2,-6.1,68.56,1.54,320,NA,102630,NA,NA,NA,NA,NA,494,NA,NA,NA,10,NA,NA,NA,1493.52,NA,NA,NA,NA,-4.1,NA,-7.08,90980.54,0,0,0,-5.7,0,0,1,NA,NA,NA,NA,NA,NA,NA,NA,NA,0.9,193,69,-3,13.2
2019-01-22 21:00:00,102201.16,-3,-6.1,79.74,1.54,130,NA,102570,NA,NA,NA,NA,NA,474,NA,NA,NA,10,NA,NA,NA,1432.56,NA,NA,NA,NA,-5.25,NA,-6.05,90920.29,0,0,0,-4.8,0,0,1,NA,NA,NA,NA,NA,NA,NA,NA,NA,0.9,214,53,-3.1,12.4
2019-01-22 22:00:00,102201.16,-2,-6.1,74.03,0,0,NA,102500,NA,NA,6017,NA,NA,553,704,NA,NA,10,0,-3.3,NA,1676.4,NA,NA,NA,NA,-5.25,NA,-6.07,90920.29,0,0,0,-5.7,0,0,1,NA,NA,NA,NA,NA,NA,NA,NA,NA,1,116,48,-2.9,9.8
2019-01-22 23:00:00,102099.57,-3,-6.1,79.74,0,0,NA,102430,NA,1104,NA,NA,NA,604,803.5,NA,NA,10,NA,NA,NA,2286,NA,0,-6.7,NA,-5.64,NA,-6.05,90829.91,0,0,0,-4.5,0,0,1,NA,NA,NA,NA,NA,NA,NA,NA,NA,1.3,234,33,-3,11.5
2019-01-23,102031.84,-3,-5.6,79.74,0,0,NA,102360,NA,979,NA,NA,NA,556,779,NA,NA,10,NA,NA,NA,2286,NA,NA,NA,NA,-6.03,NA,-6.05,90769.66,0,0,0,-4,0,0,1,NA,NA,NA,NA,NA,NA,NA,NA,NA,1,228,54,-3.4,12.7
2019-01-23 01:00:00,101964.11,-3,-5.3,82.255,0,0,NA,102300,2500,NA,6018,0.025,0.254,194,654,NA,NA,1.375,NA,NA,NA,579.12,NA,NA,NA,NA,NA,NA,-5.545,90709.41,0,0,0,-3.5,0,0,1,NA,NA,NA,NA,NA,NA,NA,NA,NA,0.6,94,71,-3.4,11
2019-01-23 02:00:00,101896.38,-3,-4.4,92.79,0,0,NA,102230,2500,NA,NA,0.508,NA,154,NA,NA,NA,1,NA,NA,NA,457.2,NA,NA,NA,NA,-5.25,NA,-4.02,90649.15,0,0,0,-2.9,0,0,1,NA,NA,NA,NA,NA,NA,NA,NA,NA,0.7,280,72,-3.7,10.7
2019-01-23 03:00:00,101794.79,-3,-4.4,92.79,0,0,NA,102090,2500,NA,NA,0.508,NA,180,NA,NA,NA,1,NA,NA,NA,533.4,NA,NA,NA,NA,NA,NA,-4.02,90558.78,0,0,0,-2.7,0,0,1,NA,NA,NA,NA,NA,NA,NA,NA,NA,0.7,192,51,-3.7,11.7
2019-01-23 04:00:00,101659.34,-3,-4.4,92.79,0,0,NA,101950,2500,504,8031,0.254,NA,254,448,2.032,2.032,2,-2.2,-3.9,NA,1036.32,NA,NA,NA,NA,-5.25,NA,-4.02,90438.28,0,0,0,-3,0,0,1,NA,NA,NA,NA,NA,NA,NA,NA,NA,0.9,205,68,-3.7,13.4
2019-01-23 05:00:00,101523.88,-3,-4.4,86.04,0,0,NA,101820,31,504,NA,0.025,NA,423.5,474,NA,NA,5.5,NA,NA,NA,1341.12,NA,NA,NA,NA,-5.25,NA,-5.04,90317.77,0,0,0,-2.9,0,0,1,NA,NA,NA,NA,NA,NA,NA,NA,NA,1.2,187,67,-3.6,13.6
2019-01-23 06:00:00,101422.29,-3,-4.4,92.07,1.54,300,NA,101750,2500,NA,NA,0.025,NA,394,474,NA,NA,8,NA,NA,NA,1188.72,NA,NA,NA,NA,-5.25,NA,-4.42,90227.39,0,0,0,-2.4,0,0,1,NA,NA,NA,NA,NA,NA,NA,NA,NA,1.2,202,65,-3.4,11.4
2019-01-23 07:00:00,101388.43,-3,-4.7,92.79,1.54,280,NA,101760,2500,494,6018,0.127,0.025,239,474,NA,NA,5,NA,NA,NA,1493.52,NA,NA,NA,NA,-5.81,NA,-4.02,90197.27,0,0,0,-1.9,0,0,1,NA,NA,NA,NA,NA,NA,NA,NA,NA,1.5,227,56,-3.7,11.2
2019-01-23 08:00:00,101388.43,-3,-4.4,92.79,1.54,270,NA,101730,2500,504,NA,0.1395,NA,86,444,NA,NA,2.5,NA,NA,NA,1371.6,NA,NA,NA,NA,-5.64,NA,-4.02,90197.27,0,0,0,-1.7,0,0,1,NA,NA,NA,NA,NA,NA,NA,NA,NA,1.3,209,59,-3.6,11.9
2019-01-23 09:00:00,101422.29,-2.9,-4.4,92.45,2.57,285,NA,101810,2500,NA,NA,0.254,NA,258.5,484,NA,NA,1.125,NA,NA,NA,883.92,NA,NA,NA,NA,-6.42,NA,-4.02,90227.39,0,0,0,-1.3,0,0,0,NA,NA,NA,NA,NA,NA,NA,NA,NA,1.4,209,44,-3.1,11
2019-01-23 10:00:00,101490.02,-2,-3.3,92.85,1.54,300,NA,101830,2500,449,3010,0.025,NA,189.5,398.5,1.016,NA,1.625,-1.1,-3.9,NA,1036.32,NA,NA,NA,NA,-4.215,NA,-3.02,90287.65,0,0,0,-1.8,0,0,1,NA,NA,NA,NA,NA,NA,NA,NA,NA,0.8,221,59,-2.2,9.5
2019-01-23 11:00:00,101591.61,-2,-2.8,92.85,2.83,300,NA,101950,2500,434,NA,0.508,NA,159.5,323,NA,NA,1.25,NA,NA,NA,762,NA,NA,NA,NA,-5.55,NA,-3.02,90378.02,0,0,0,-0.6,0,0,0,NA,NA,NA,NA,NA,NA,NA,NA,NA,0.7,193,58,-1,9.3
2019-01-23 12:00:00,101659.34,-1,-1.95,92.91,1.54,200,NA,101990,2500,529,NA,0.254,NA,76,313,NA,NA,2,NA,NA,NA,548.64,NA,NA,NA,NA,-3.7,NA,-2.02,90438.28,0,0,0,-2.2,0,0,1,NA,NA,NA,NA,NA,NA,NA,NA,NA,0.7,183,50,-0.5,7.1
2019-01-23 13:00:00,101693.2,-1,-1.7,92.91,0,0,NA,102040,2500,NA,2004,0.508,1.778,54,144,NA,NA,2,NA,NA,NA,152.4,NA,NA,NA,NA,-3.7,NA,-2.02,90468.4,0,0,0,-2.2,0,0,1,NA,NA,NA,NA,NA,NA,NA,NA,NA,0.7,127,47,0.2,4.5
2019-01-23 14:00:00,101760.93,-0.3,-1.7,92.91,1.54,110,NA,102140,31,204,NA,0.254,NA,43,154,NA,NA,2.25,NA,NA,NA,121.92,NA,NA,NA,NA,-2.73,NA,-2.02,90528.65,0,0,0,-2.3,0,0,1,NA,NA,NA,NA,NA,NA,NA,NA,NA,0.7,311,70,1.4,3
2019-01-23 15:00:00,101896.38,1.85,-1.95,75.03,4.885,335,NA,102220,2500,404,NA,0.025,NA,212,314,NA,NA,6,NA,NA,NA,944.88,NA,NA,NA,NA,-2.49,NA,-2.06,90649.15,0,0,0,-5.45,0,0,0,NA,NA,NA,NA,NA,NA,NA,NA,NA,1,184,48,0.8,0.8
2019-01-23 16:00:00,101964.11,2,-2.8,74.78,5.14,350,NA,102310,NA,NA,1026,NA,NA,444,469,2.032,NA,10,2.2,-1.7,NA,1341.12,NA,NA,NA,NA,-2.49,NA,-2.06,90709.41,0,0,0,-6,0,0,0,NA,NA,NA,NA,NA,NA,NA,NA,NA,1.2,195,30,0.4,0.8
2019-01-23 17:00:00,102065.7,2,-2.8,69.43,5.66,360,9.26,102440,NA,NA,NA,NA,NA,424,NA,NA,NA,10,NA,NA,NA,1280.16,NA,NA,NA,NA,-2.99,NA,-3.07,90799.78,0,0,0,-6.9,0,0,0,NA,NA,NA,NA,NA,NA,NA,NA,NA,1.4,174,25,0.4,0.5
2019-01-23 18:00:00,102167.3,2,-2.8,69.43,6.17,350,7.715,102510,NA,NA,NA,NA,NA,394,NA,NA,NA,10,NA,NA,NA,1188.72,NA,NA,NA,NA,-3.01,NA,-3.07,90890.17,0,0,0,-7.4,0,0,0,NA,NA,NA,NA,NA,NA,NA,NA,NA,1.5,187,24,0.1,2.8
2019-01-23 19:00:00,102235.02,2,-3.3,69.43,4.12,360,NA,102580,NA,NA,1024,NA,NA,394,NA,NA,NA,10,NA,NA,NA,1188.72,NA,NA,NA,NA,-2.38,NA,-3.07,90950.41,0,0,0,-8,0,0,0,NA,NA,NA,NA,NA,NA,NA,NA,NA,1.4,200,28,-0.1,5.9
2019-01-23 20:00:00,102302.75,1.1,-3.3,72.42,4.12,340,NA,102610,NA,NA,NA,NA,NA,384,464,NA,NA,10,NA,NA,NA,1158.24,NA,NA,NA,NA,-2.38,NA,-3.07,91010.67,0,0,0,-6.8,0,0,0,NA,NA,NA,NA,NA,NA,NA,NA,NA,1.5,196,26,-0.3,4.5
2019-01-23 21:00:00,102336.62,1,-2.2,80.34,3.6,300,NA,102670,13,554,NA,0.076,NA,364,473,NA,NA,10,NA,NA,NA,1127.76,NA,NA,NA,NA,-3.13,NA,-2.24,91040.8,0,0,0,-6.1,0,0,0,NA,NA,NA,NA,NA,NA,NA,NA,NA,1.2,162,35,0,4
2019-01-23 22:00:00,102370.48,0,-2.2,86.37,3.6,290,NA,102710,41,504,3012,0.127,NA,353,474,0.025,NA,10,1.7,0,NA,1310.64,NA,NA,NA,NA,-3.99,NA,-2.03,91070.92,0,0,0,-5.2,0,0,0,NA,NA,NA,NA,NA,NA,NA,NA,NA,1,151,49,-0.2,3.5
2019-01-23 23:00:00,102438.21,1,-3.3,74.6,4.12,340,NA,102770,27,NA,NA,0.076,NA,394,504,NA,NA,10,NA,NA,NA,1188.72,NA,2.2,-3.9,NA,-3.13,NA,-3.06,91131.18,0,0,0,-6.3,0,0,0,NA,NA,NA,NA,NA,NA,NA,NA,NA,1,192,41,0,3.7
2019-01-24,102505.93,1,-3.3,74.6,4.12,340,NA,102800,NA,NA,NA,NA,NA,433,554,NA,NA,10,NA,NA,NA,1310.64,NA,NA,NA,NA,-3.13,NA,-3.06,91191.42,0,0,0,-7.1,0,0,0,NA,NA,NA,NA,NA,NA,NA,NA,NA,1.3,184,30,-0.4,4.3
2019-01-24 01:00:00,102539.8,1,-2.8,74.6,2.57,330,NA,102850,NA,NA,1014,NA,0.025,403,504,NA,NA,10,NA,NA,NA,1219.2,NA,NA,NA,NA,-2.38,NA,-3.06,91221.55,0,0,0,-7.2,0,0,0,NA,NA,NA,NA,NA,NA,NA,NA,NA,1,194,42,-0.7,3.8
2019-01-24 02:00:00,102573.66,-1,-2.8,86.26,1.54,190,NA,102910,NA,554,NA,NA,NA,383,494,NA,NA,10,NA,NA,NA,1493.52,NA,NA,NA,NA,-2.96,NA,-3.03,91251.67,0,0,0,-5.5,0,0,1,NA,NA,NA,NA,NA,NA,NA,NA,NA,1,224,42,-1,3.5
2019-01-24 03:00:00,102607.53,-1,-2.8,86.26,0,0,NA,102890,NA,554,NA,NA,NA,384,473,NA,NA,10,NA,NA,NA,1158.24,NA,NA,NA,NA,-2.96,NA,-3.03,91281.81,0,0,0,-5.7,0,0,1,NA,NA,NA,NA,NA,NA,NA,NA,NA,0.7,195,71,-1.3,4
2019-01-24 04:00:00,102607.53,-1,-3.05,86.26,1.54,240,NA,102870,NA,NA,3,NA,NA,383,504,0.025,3.048,10,1.1,-1.1,NA,1524,NA,NA,NA,NA,-2.96,NA,-3.03,91281.81,0,0,0,-5.9,0,0,1,NA,NA,NA,NA,NA,NA,NA,NA,NA,0.9,186,48,-1.5,3.3
2019-01-24 05:00:00,102573.66,-1,-3.3,86.26,0,0,NA,102900,NA,NA,NA,NA,NA,474,529,NA,NA,10,NA,NA,NA,1493.52,NA,NA,NA,NA,-2.96,NA,-3.03,91251.67,0,0,0,-6,0,0,1,NA,NA,NA,NA,NA,NA,NA,NA,NA,0.8,183,54,-1.6,2.3
2019-01-24 06:00:00,102607.53,-2,-3.9,86.15,1.54,280,NA,102910,NA,NA,NA,NA,NA,504,NA,NA,NA,10,NA,NA,NA,1524,NA,NA,NA,NA,-4.48,NA,-4.03,91281.81,0,0,0,-5,0,0,1,NA,NA,NA,NA,NA,NA,NA,NA,NA,1,200,34,-1.7,3.5
2019-01-24 07:00:00,102607.53,-2,-3.9,86.15,0,0,NA,102870,NA,NA,8001,NA,NA,484,NA,NA,NA,10,NA,NA,NA,1463.04,NA,NA,NA,NA,NA,NA,-4.03,91281.81,0,0,0,-5,0,0,1,NA,NA,NA,NA,NA,NA,NA,NA,NA,0.7,159,52,-1.9,4.7
2019-01-24 08:00:00,102573.66,-3,-4.4,92.79,1.54,110,NA,102910,NA,NA,NA,NA,NA,503,NA,NA,NA,10,NA,NA,NA,1524,NA,NA,NA,NA,-5.25,NA,-4.02,91251.67,0,0,0,-4.1,0,0,1,NA,NA,NA,NA,NA,NA,NA,NA,NA,0.8,195,74,-2.2,5.9
2019-01-24 09:00:00,102539.8,-2,-3.9,86.15,1.54,280,NA,102830,NA,NA,NA,NA,NA,504,NA,NA,NA,10,NA,NA,NA,1524,NA,NA,NA,NA,-4.86,NA,-4.03,91221.55,0,0,0,-5,0,0,1,NA,NA,NA,NA,NA,NA,NA,NA,NA,1.4,211,34,-1.2,5.5
2019-01-24 10:00:00,102539.8,-1,-3.3,80.04,2.06,280,NA,102830,NA,NA,5004,NA,NA,484,NA,NA,NA,10,0,-3.3,NA,1463.04,NA,NA,NA,NA,-3.7,NA,-3.35,91221.55,0,0,0,-5.1,0,0,0,NA,NA,NA,NA,NA,NA,NA,NA,NA,1,223,46,0.5,4
2019-01-24 11:00:00,102573.66,1,-4.4,69.22,3.6,320,NA,102820,NA,NA,NA,NA,NA,474,NA,NA,NA,10,NA,NA,NA,1432.56,NA,NA,NA,NA,-2.77,NA,-4.07,91251.67,0,0,0,-7.1,0,0,0,NA,NA,NA,NA,NA,NA,NA,NA,NA,1.8,322,48,1.4,3
2019-01-24 12:00:00,102505.93,2,-4.4,64.42,4.63,320,NA,102740,NA,NA,NA,NA,NA,453,504,NA,NA,10,NA,NA,NA,1371.6,NA,NA,NA,NA,-2.21,NA,-4.09,91191.42,0,0,0,-7.9,0,0,0,NA,NA,NA,NA,NA,NA,NA,NA,NA,1.3,20,67,2.4,3.5
2019-01-24 13:00:00,102438.21,3,-3.9,60,5.14,330,NA,102690,NA,NA,8009,NA,NA,494,529,NA,NA,10,NA,NA,NA,1493.52,NA,NA,NA,NA,-1.49,NA,-4.1,91131.18,0,0,0,-8.5,0,0,0,NA,NA,NA,NA,NA,NA,NA,NA,NA,1.6,346,36,2.8,5.5
2019-01-24 14:00:00,102404.34,3,-3.9,60,5.14,330,NA,102670,NA,NA,NA,NA,NA,504,NA,NA,NA,10,NA,NA,NA,1524,NA,NA,NA,NA,-1.49,NA,-4.1,91101.04,0,0,0,-8.5,0,0,0,NA,NA,NA,NA,NA,NA,NA,NA,NA,1.9,299,33,2.6,3.7
2019-01-24 15:00:00,102438.21,3,-3.9,60,5.14,340,NA,102700,NA,NA,NA,NA,NA,494,604,NA,NA,10,NA,NA,NA,1493.52,NA,NA,NA,NA,-1.24,NA,-4.1,91131.18,0,0,0,-8.4,0,0,0,NA,NA,NA,NA,NA,NA,NA,NA,NA,2.1,301,25,2.8,2.5
2019-01-24 16:00:00,102438.21,2,-3.9,69.22,3.6,350,NA,102750,NA,NA,3003,NA,NA,603,604,NA,NA,10,2.8,0.6,NA,1828.8,NA,NA,NA,NA,-1.56,NA,-4.07,91131.18,0,0,0,-7.5,0,0,0,NA,NA,NA,NA,NA,NA,NA,NA,NA,2.2,284,26,2.7,4.2
2019-01-24 17:00:00,102438.21,2,-3.9,64.42,4.12,360,NA,102740,NA,NA,NA,NA,NA,604,NA,NA,NA,10,NA,NA,NA,1828.8,NA,NA,NA,NA,-1.9,NA,-4.09,91131.18,0,0,0,-7.7,0,0,0,NA,NA,NA,NA,NA,NA,NA,NA,NA,1.4,242,34,1.3,3.5
2019-01-24 18:00:00,102472.07,2,-3.9,64.42,4.12,350,NA,102780,NA,NA,NA,NA,NA,504,NA,NA,NA,10,NA,NA,NA,1524,NA,NA,NA,NA,-1.9,NA,-4.09,91161.3,0,0,0,-7.7,0,0,0,NA,NA,NA,NA,NA,NA,NA,NA,NA,1.5,195,31,1,2
2019-01-24 19:00:00,102505.93,2,-4.4,64.42,4.63,340,NA,102830,NA,NA,3005,NA,NA,464,NA,NA,NA,10,NA,NA,NA,1402.08,NA,NA,NA,NA,-2.21,NA,-4.09,91191.42,0,0,0,-7.8,0,0,0,NA,NA,NA,NA,NA,NA,NA,NA,NA,1.4,181,37,1.2,3.5
2019-01-24 20:00:00,102539.8,1,-4.4,69.22,4.63,340,NA,102840,NA,NA,NA,NA,NA,464,NA,NA,NA,10,NA,NA,NA,1402.08,NA,NA,NA,NA,-3.45,NA,-4.07,91221.55,0,0,0,-7,0,0,0,NA,NA,NA,NA,NA,NA,NA,NA,NA,1,186,53,1.2,4.5
2019-01-24 21:00:00,102539.8,1.1,-5,64.18,5.14,320,NA,102830,NA,NA,NA,NA,NA,483,NA,NA,NA,10,NA,NA,NA,1463.04,NA,NA,NA,NA,-3.13,NA,-5.09,91221.55,0,0,0,-7.1,0,0,0,NA,NA,NA,NA,NA,NA,NA,NA,NA,0.7,250,62,0.4,5
2019-01-24 22:00:00,102539.8,-1,-4.4,74.22,3.09,290,NA,102870,NA,NA,3003,NA,NA,473,NA,NA,NA,10,2.2,-1.1,NA,1432.56,NA,NA,NA,NA,-4.44,NA,-5.06,91221.55,0,0,0,-4.9,0,0,0,NA,NA,NA,NA,NA,NA,NA,NA,NA,1,172,34,-0.3,5.7
2019-01-24 23:00:00,102573.66,-2,-5.6,74.22,2.57,200,NA,102880,NA,NA,NA,NA,NA,474,NA,NA,NA,10,NA,NA,NA,1432.56,NA,2.8,-3.3,NA,-4.82,NA,-5.06,91251.67,0,0,0,-3.9,0,0,0,NA,NA,NA,NA,NA,NA,NA,NA,NA,0.9,160,67,-1.4,8.8
2019-01-25,102573.66,-1,-5,74.22,0,0,NA,102860,NA,NA,NA,NA,NA,484,NA,NA,NA,10,NA,NA,NA,1463.04,NA,NA,NA,NA,-3.7,NA,-5.06,91251.67,0,0,0,-4.9,0,0,1,NA,NA,NA,NA,NA,NA,NA,NA,NA,0.8,186,60,-1.9,29.2
2019-01-25 01:00:00,102573.66,-2,-6.1,79.74,0,0,NA,102880,NA,NA,1003,NA,NA,493,NA,NA,NA,10,NA,NA,NA,1493.52,NA,NA,NA,NA,-4.48,NA,-6.05,91251.67,0,0,0,-3.9,0,0,1,NA,NA,NA,NA,NA,NA,NA,NA,NA,0.8,177,47,-2.1,12.7
2019-01-25 02:00:00,102573.66,-3.9,-6.1,84.64,0,0,NA,102880,NA,NA,NA,NA,NA,472,NA,NA,NA,10,NA,NA,NA,NA,NA,NA,NA,NA,NA,NA,-6.05,91251.67,0,0,0,-2,0,0,1,NA,NA,NA,NA,NA,NA,NA,NA,NA,0.8,197,38,-3.1,10
2019-01-25 03:00:00,102539.8,-5,-6.7,85.82,0,0,NA,102830,NA,NA,NA,NA,NA,1102,1203,NA,NA,10,NA,NA,NA,3352.8,NA,NA,NA,NA,-6.39,NA,-7.04,91221.55,0,0,0,-1,0,0,1,NA,NA,NA,NA,NA,NA,NA,NA,NA,0.7,205,69,-4.4,6.7
2019-01-25 04:00:00,102539.8,-3,-5.6,79.74,1.54,90,NA,102840,NA,904,5005,NA,NA,603,753,NA,NA,10,-0.6,-5.6,NA,1828.8,NA,NA,NA,NA,-6.39,NA,-6.05,91221.55,0,0,0,-2.9,0,0,1,NA,NA,NA,NA,NA,NA,NA,NA,NA,0.9,206,62,-4.3,5.7
2019-01-25 05:00:00,102539.8,-3,-5.3,85.35,0,0,NA,102820,2500,NA,NA,0.025,NA,200,194,NA,NA,1.625,NA,NA,NA,822.96,NA,NA,NA,NA,-7.08,NA,-5.835,91221.55,0,0,0,-2.3,0,0,1,NA,NA,NA,NA,NA,NA,NA,NA,NA,0.7,165,66,-3.8,4
2019-01-25 06:00:00,102455.14,-3,-4.4,90.375,2.57,110,NA,102710,2500,NA,NA,0.762,NA,134,NA,NA,NA,1.125,NA,NA,NA,396.24,NA,NA,NA,NA,-7.19,NA,-4.23,91146.24,0,0,0,-2.1,0,0,0,NA,NA,NA,NA,NA,NA,NA,NA,NA,1,228,51,-4,5
2019-01-25 07:00:00,102370.48,-2,-3.3,86.15,3.09,100,NA,102610,2500,954,8019,0.254,1.27,182,468,NA,NA,3,NA,NA,NA,1249.68,NA,NA,NA,NA,-5.99,NA,-3.94,91070.92,0,0,0,-2.9,0,0,0,NA,NA,NA,NA,NA,NA,NA,NA,NA,0.8,150,52,-3.8,6.2
2019-01-25 08:00:00,102370.48,-2,-5,79.89,1.54,150,NA,102700,NA,979,NA,NA,NA,433,879,NA,NA,10,NA,NA,NA,2133.6,NA,NA,NA,NA,-5.25,NA,-5.05,91070.92,0,0,0,-2.7,0,0,1,NA,NA,NA,NA,NA,NA,NA,NA,NA,0.9,220,62,-3.4,5.2
2019-01-25 09:00:00,102438.21,-3,-3.9,86.15,0,0,NA,102740,NA,1004,NA,NA,NA,473,1004,NA,NA,10,NA,NA,NA,2438.4,NA,NA,NA,NA,-5.64,NA,-4.03,91131.18,0,0,0,-1.4,0,0,1,NA,NA,NA,NA,NA,NA,NA,NA,NA,1.4,226,52,-3,5.9
2019-01-25 10:00:00,102404.34,-2,-3.3,92.79,0,0,NA,102720,NA,1004,7,NA,NA,502,929,1.27,NA,9,-1.1,-3.9,NA,1524,NA,NA,NA,NA,-4.1,NA,-3.33,91101.04,0,0,0,-2,0,0,1,NA,NA,NA,NA,NA,NA,NA,NA,NA,1.3,189,50,-2.1,8.3
2019-01-25 11:00:00,102404.34,-2,-3.3,86.26,0,0,NA,102740,NA,NA,NA,NA,NA,464,NA,NA,NA,7,NA,NA,NA,1402.08,NA,NA,NA,NA,-6.34,NA,-3.03,91101.04,0,0,0,-1.8,0,0,1,NA,NA,NA,NA,NA,NA,NA,NA,NA,1.3,238,39,-1.2,9.3
2019-01-25 12:00:00,102370.48,-2,-3.3,92.85,1.54,90,NA,102690,NA,NA,NA,NA,NA,434,NA,NA,NA,7,NA,NA,NA,1310.64,NA,NA,NA,NA,-4.1,NA,-3.02,91070.92,0,0,0,-2.2,0,0,1,NA,NA,NA,NA,NA,NA,NA,NA,NA,0.9,116,57,-1,9.5
2019-01-25 13:00:00,102370.48,-1,-2.8,86.26,2.06,140,NA,102710,31,NA,5002,NA,NA,434,494,NA,NA,7,NA,NA,NA,1310.64,NA,NA,NA,NA,-3.7,NA,-3.03,91070.92,0,0,0,-3,0,0,0,NA,NA,NA,NA,NA,NA,NA,NA,NA,1,115,47,-0.5,7.9
2019-01-25 14:00:00,102370.48,-1,-2.8,86.26,0,0,NA,102730,NA,NA,NA,NA,NA,394,484,NA,NA,8,NA,NA,NA,1188.72,NA,NA,NA,NA,-2.96,NA,-3.03,91070.92,0,0,0,-2.8,0,0,1,NA,NA,NA,NA,NA,NA,NA,NA,NA,0.9,166,39,0.2,8.1
2019-01-25 15:00:00,102438.21,0,-2.2,80.34,0,0,NA,102770,NA,NA,NA,NA,NA,414,NA,NA,NA,10,NA,NA,NA,1249.68,NA,NA,NA,NA,NA,NA,-2.05,91131.18,0,0,0,-3.7,0,0,1,NA,NA,NA,NA,NA,NA,NA,NA,NA,0.9,125,63,0.6,10.3
2019-01-25 16:00:00,102438.21,1,-2.8,74.6,0,0,NA,102790,NA,654,3008,NA,NA,402,654,NA,NA,9,0.6,-2.8,NA,1981.2,NA,NA,NA,NA,-1.82,NA,-3.06,91131.18,0,0,0,-4.8,0,0,1,NA,NA,NA,NA,NA,NA,NA,NA,NA,0.9,164,53,0.3,10
2019-01-25 17:00:00,102505.93,0,-2.8,80.19,0,0,NA,102880,NA,NA,NA,NA,NA,416,604,NA,NA,8,NA,NA,NA,1828.8,NA,NA,NA,NA,-2.96,NA,-3.05,91191.42,0,0,0,-3.9,0,0,1,NA,NA,NA,NA,NA,NA,NA,NA,NA,0.6,117,71,-0.3,12.2
2019-01-25 18:00:00,102539.8,-1,-2.8,86.26,0,0,NA,102900,NA,NA,NA,NA,NA,554,604,NA,NA,8,NA,NA,NA,1828.8,NA,NA,NA,NA,NA,NA,-3.03,91221.55,0,0,0,-3.1,0,0,1,NA,NA,NA,NA,NA,NA,NA,NA,NA,0.6,159,62,-0.7,19.9
2019-01-25 19:00:00,102607.53,-1,-2.2,86.26,0,0,NA,102920,NA,NA,1012,NA,NA,463,604,NA,NA,8,NA,NA,NA,1463.04,NA,NA,NA,NA,NA,NA,-3.03,91281.81,0,0,0,-3.2,0,0,1,NA,NA,NA,NA,NA,NA,NA,NA,NA,0.8,180,51,-0.9,16.4
2019-01-25 20:00:00,102607.53,-1.1,-3.3,86.26,0,0,NA,102990,31,NA,NA,NA,NA,453,554,NA,NA,7,NA,NA,NA,1371.6,NA,NA,NA,NA,-2.96,NA,-3.03,91281.81,0,0,0,-3.4,0,0,1,NA,NA,NA,NA,NA,NA,NA,NA,NA,0.7,179,60,-1.1,22
2019-01-25 21:00:00,102641.39,-1,-2.8,86.26,0,0,NA,103030,NA,NA,NA,NA,NA,474,NA,NA,NA,8,NA,NA,NA,1432.56,NA,NA,NA,NA,-3.015,NA,-3.03,91311.93,0,0,0,-3.6,0,0,1,NA,NA,NA,NA,NA,NA,NA,NA,NA,0.9,151,57,-1.2,23.8
2019-01-25 22:00:00,102675.25,-1,-2.8,86.26,0,0,NA,102980,31,NA,5,NA,NA,454,NA,NA,NA,7,0,-1.7,NA,1371.6,NA,NA,NA,NA,-3.53,NA,-3.03,91342.05,0,0,0,-3.8,0,0,1,NA,NA,NA,NA,NA,NA,NA,NA,NA,0.8,160,42,-1,23.5
2019-01-25 23:00:00,102675.25,-1.1,-3.3,86.26,0,0,NA,103030,31,NA,NA,NA,NA,463,NA,NA,NA,7,NA,NA,NA,1402.08,NA,0.6,-5.6,NA,-2.96,NA,-3.03,91342.05,0,0,0,-3.8,0,0,1,NA,NA,NA,NA,NA,NA,NA,NA,NA,0.7,123,66,-0.8,20.2
2019-01-26,102709.12,-1,-3.3,86.15,2.06,210,NA,103060,NA,NA,NA,NA,NA,456,NA,NA,NA,10,NA,NA,NA,1371.6,NA,NA,NA,NA,-4.19,NA,-4.03,91372.18,0,0,0,-3.9,0,0,0,NA,NA,NA,NA,NA,NA,NA,NA,NA,0.9,177,72,-0.5,13.9
2019-01-26 01:00:00,102742.98,-1,-3.3,86.26,2.57,270,NA,103060,NA,NA,1008,NA,NA,424,NA,NA,NA,10,NA,NA,NA,1280.16,NA,NA,NA,NA,-4.28,NA,-3.03,91402.31,0,0,0,-3.9,0,0,0,NA,NA,NA,NA,NA,NA,NA,NA,NA,0.7,138,50,-0.5,12.2
2019-01-26 02:00:00,102742.98,1,-2.8,74.6,3.6,290,NA,103080,NA,NA,NA,NA,NA,443,629,NA,NA,10,NA,NA,NA,1341.12,NA,NA,NA,NA,-3.09,NA,-3.06,91402.31,0,0,0,-5.6,0,0,0,NA,NA,NA,NA,NA,NA,NA,NA,NA,0.9,154,56,-0.4,8.8
2019-01-26 03:00:00,102810.71,1,-3.3,74.6,1.54,180,NA,103080,NA,NA,NA,NA,NA,604,NA,NA,NA,10,NA,NA,NA,1828.8,NA,NA,NA,NA,-1.36,NA,-3.06,91462.56,0,0,0,-5.2,0,0,1,NA,NA,NA,NA,NA,NA,NA,NA,NA,0.8,141,50,-0.3,6.9
2019-01-26 04:00:00,102810.71,0.6,-3.3,75.08,1.54,170,NA,103110,NA,NA,1007,NA,NA,604,NA,NA,1.27,10,1.1,-2.8,NA,1828.8,NA,NA,NA,NA,-1.13,NA,-3.06,91462.56,0,0,0,-4.7,0,0,1,NA,NA,NA,NA,NA,NA,NA,NA,NA,0.7,100,64,-0.2,5.2
2019-01-26 05:00:00,102844.57,1,-2.8,74.6,2.06,140,NA,103170,NA,NA,NA,NA,NA,604,NA,NA,NA,10,NA,NA,NA,1828.8,NA,NA,NA,NA,-2.53,NA,-3.06,91492.68,0,0,0,-4.7,0,0,0,NA,NA,NA,NA,NA,NA,NA,NA,NA,0.8,148,71,-0.3,3.7
2019-01-26 06:00:00,102878.44,1,-2.8,74.6,1.54,130,NA,103190,NA,NA,NA,NA,NA,604,NA,NA,NA,10,NA,NA,NA,1828.8,NA,NA,NA,NA,-1.36,NA,-3.06,91522.81,0,0,0,-4.6,0,0,1,NA,NA,NA,NA,NA,NA,NA,NA,NA,0.7,170,69,-0.3,4.5
2019-01-26 07:00:00,102878.44,1,-2.2,74.6,1.54,50,NA,103210,NA,NA,1008,NA,NA,554,NA,NA,NA,10,NA,NA,NA,1676.4,NA,NA,NA,NA,-0.68,NA,-3.06,91522.81,0,0,0,-4.3,0,0,1,NA,NA,NA,NA,NA,NA,NA,NA,NA,0.7,143,62,-0.3,6.4
2019-01-26 08:00:00,102946.16,1,-2.8,74.6,0,0,NA,103250,NA,NA,NA,NA,NA,554,NA,NA,NA,10,NA,NA,NA,1676.4,NA,NA,NA,NA,-0.28,NA,-2.87,91583.06,0,0,0,-4.5,0,0,1,NA,NA,NA,NA,NA,NA,NA,NA,NA,0.8,120,50,-0.1,8.3
2019-01-26 09:00:00,102980.03,1,-2.2,80.34,2.06,140,NA,103280,NA,NA,NA,NA,NA,604,NA,NA,NA,10,NA,NA,NA,1828.8,NA,NA,NA,NA,-1.36,NA,-2.05,91613.19,0,0,0,-4.2,0,0,0,NA,NA,NA,NA,NA,NA,NA,NA,NA,1.1,75,40,0.9,5
2019-01-26 10:00:00,103013.89,2,-2.2,74.78,2.06,140,NA,103320,NA,NA,3010,NA,NA,654,653,NA,NA,10,2.2,0,NA,1981.2,NA,NA,NA,NA,-0.9,NA,-2.06,91643.31,0,0,0,-4.9,0,0,0,NA,NA,NA,NA,NA,NA,NA,NA,NA,0.9,178,53,2.1,3.5
2019-01-26 11:00:00,103047.76,2,-1.7,80.34,1.54,170,NA,103300,NA,NA,NA,NA,NA,463,628.5,NA,NA,10,NA,NA,NA,1402.08,NA,NA,NA,NA,-0.68,NA,-2.05,91673.44,0,0,0,-4.4,0,0,1,NA,NA,NA,NA,NA,NA,NA,NA,NA,0.6,220,47,3.3,6.2
2019-01-26 12:00:00,102980.03,3,-1.7,74.96,1.54,90,NA,103250,NA,NA,NA,NA,NA,604,NA,NA,NA,10,NA,NA,NA,1828.8,NA,NA,NA,NA,1.61,NA,-1.06,91613.19,0,0,0,-4.9,0,0,1,NA,NA,NA,NA,NA,NA,NA,NA,NA,0.5,251,40,5.8,6.4
2019-01-26 13:00:00,102946.16,3,-1.7,69.85,2.06,130,NA,103170,NA,NA,8011,NA,NA,654,652,NA,NA,10,NA,NA,NA,1981.2,NA,NA,NA,NA,1.61,NA,-1.07,91583.06,0,0,0,-4.7,0,0,0,NA,NA,NA,NA,NA,NA,NA,NA,NA,0.4,151,47,6,3.8
2019-01-26 14:00:00,102878.44,4,-1.7,64.9,1.54,150,NA,103120,NA,NA,NA,NA,NA,503,653,NA,NA,10,NA,NA,NA,1524,NA,NA,NA,NA,2.445,NA,-2.08,91522.81,0,0,0,-5,0,0,1,NA,NA,NA,NA,NA,NA,NA,NA,NA,0.8,221,38,6.4,4.7
2019-01-26 15:00:00,102878.44,5,-2.2,60.51,0,0,NA,103110,NA,NA,NA,NA,NA,1,NA,NA,NA,10,NA,NA,NA,NA,NA,NA,NA,NA,NA,NA,-2.09,91522.81,0,0,0,-6.1,0,0,1,NA,NA,NA,NA,NA,NA,NA,NA,NA,1.1,51,29,8.3,7.2
2019-01-26 16:00:00,102878.44,5,-1.7,60.51,0,0,NA,103120,NA,NA,6002,NA,NA,1,NA,NA,NA,10,5.6,0.6,NA,NA,NA,NA,NA,NA,1.465,NA,-2.09,91522.81,0,0,0,-5.6,0,0,1,NA,NA,NA,NA,NA,NA,NA,NA,NA,0.6,176,47,6.9,8.3
2019-01-26 17:00:00,102844.57,2,-2.8,69.64,1.54,10,NA,103090,NA,NA,NA,NA,NA,1,NA,NA,NA,10,NA,NA,NA,NA,NA,NA,NA,NA,0.47,NA,-2.07,91492.68,0,0,0,-3.1,0,0,1,NA,NA,NA,NA,NA,NA,NA,NA,NA,0.7,100,69,3.1,6.7
2019-01-26 18:00:00,102810.71,1,-2.8,74.6,2.06,290,NA,103120,NA,NA,NA,NA,NA,1,NA,NA,NA,10,NA,NA,NA,NA,NA,NA,NA,NA,-1.59,NA,-3.06,91462.56,0,0,0,-2.9,0,0,0,NA,NA,NA,NA,NA,NA,NA,NA,NA,0.8,171,55,0.5,5.5
2019-01-26 19:00:00,102810.71,0,-2.8,80.19,2.06,350,NA,103080,NA,NA,6006,NA,NA,1,NA,NA,NA,10,NA,NA,NA,NA,NA,NA,NA,NA,-1.825,NA,-3.05,91462.56,0,0,0,-2.2,0,0,0,NA,NA,NA,NA,NA,NA,NA,NA,NA,0.8,134,67,-0.8,9.3
2019-01-26 20:00:00,102810.71,-2,-3.9,86.04,0,0,NA,103100,NA,NA,NA,NA,NA,1,NA,NA,NA,10,NA,NA,NA,NA,NA,NA,NA,NA,-4.28,NA,-4.03,91462.56,0,0,0,0.2,0,1,1,NA,NA,NA,NA,NA,1,2019-01-26 20:00:00,2019-01-26 20:00:00,NA,0.7,148,75,-1.5,9.5
2019-01-26 21:00:00,102776.85,-2,-3.9,86.15,0,0,NA,103050,NA,NA,NA,NA,NA,1,NA,NA,NA,10,NA,NA,NA,NA,NA,NA,NA,NA,-4.1,NA,-4.03,91432.44,0,0,0,-0.4,0,0,1,NA,NA,NA,NA,NA,NA,NA,NA,NA,0.7,141,75,-2.2,11.5
2019-01-26 22:00:00,102709.12,-4,-5.6,85.93,0,0,NA,102990,NA,NA,8012,NA,NA,1,NA,NA,NA,10,3.3,-4.4,NA,NA,NA,NA,NA,NA,-6.39,NA,-6.04,91372.18,0,0,0,2.1,1,1,1,15,18,15,2019-01-26 22:00:00,2019-01-27 12:00:00,15,2019-01-26 22:00:00,2019-01-27 12:00:00,NA,0.7,169,61,-3,12.9
2019-01-26 23:00:00,102607.53,-3,-6.1,85.93,0,0,NA,102920,NA,NA,NA,NA,NA,1,NA,NA,NA,10,NA,NA,NA,NA,NA,5.6,-4.4,NA,NA,NA,-6.04,91281.81,0,0,0,0.6,1,1,1,15,18,15,2019-01-26 22:00:00,2019-01-27 12:00:00,15,2019-01-26 22:00:00,2019-01-27 12:00:00,NA,0.7,202,54,-3.6,12.2
2019-01-27,102539.8,-4,-5,86.04,0,0,NA,102800,NA,NA,NA,NA,NA,1,NA,NA,NA,10,NA,NA,NA,NA,NA,NA,NA,NA,-5.25,NA,-5.04,91221.55,0,0,0,1.8,1,1,1,15,18,15,2019-01-26 22:00:00,2019-01-27 12:00:00,15,2019-01-26 22:00:00,2019-01-27 12:00:00,NA,0.6,166,65,-4,20.9
2019-01-27 01:00:00,102404.34,-4,-5,85.93,0,0,NA,102650,NA,NA,8027,NA,NA,1,NA,NA,NA,8,NA,NA,NA,NA,NA,NA,NA,NA,-6.39,NA,-6.04,91101.04,0,0,0,1.4,1,1,1,15,18,15,2019-01-26 22:00:00,2019-01-27 12:00:00,15,2019-01-26 22:00:00,2019-01-27 12:00:00,NA,0.8,178,75,-4,39.3
2019-01-27 02:00:00,102302.75,-3,-5.6,91.3,1.54,280,NA,102580,31,NA,NA,NA,NA,1,NA,NA,NA,9,NA,NA,NA,NA,NA,NA,NA,NA,-6.545,NA,-5.04,91010.67,0,0,0,0.8,1,1,1,15,18,15,2019-01-26 22:00:00,2019-01-27 12:00:00,15,2019-01-26 22:00:00,2019-01-27 12:00:00,NA,0.8,189,80,-3.6,22
2019-01-27 03:00:00,102201.16,-4,-5.6,85.93,2.06,130,NA,102440,31,NA,NA,NA,NA,15,NA,NA,NA,2,NA,NA,NA,30.48,NA,NA,NA,NA,-7.84,NA,-6.04,90920.29,0,0,0,2.4,1,1,0,15,18,15,2019-01-26 22:00:00,2019-01-27 12:00:00,15,2019-01-26 22:00:00,2019-01-27 12:00:00,NA,1.2,206,59,-3.3,14.9
2019-01-27 04:00:00,102099.57,-5,-6.05,92.67,1.54,150,NA,102350,30,NA,6022,NA,NA,15,NA,NA,NA,0.24,-2.8,-5,NA,30.48,NA,NA,NA,NA,-7.2,NA,-6.02,90829.91,0,0,0,3.6,1,1,1,15,18,15,2019-01-26 22:00:00,2019-01-27 12:00:00,15,2019-01-26 22:00:00,2019-01-27 12:00:00,NA,1.3,196,70,-3.6,17.7
2019-01-27 05:00:00,101964.11,-5,-6.7,92.67,1.54,30,NA,102230,30,NA,NA,NA,NA,25,NA,NA,NA,0.24,NA,NA,NA,60.96,NA,NA,NA,NA,-8.22,NA,-6.02,90709.41,0,0,0,3.2,1,1,1,15,18,15,2019-01-26 22:00:00,2019-01-27 12:00:00,15,2019-01-26 22:00:00,2019-01-27 12:00:00,NA,1.2,119,71,-4.4,13.7
2019-01-27 06:00:00,101896.38,-5,-6.7,87.83,2.06,290,NA,102230,30,NA,NA,NA,NA,34,NA,NA,NA,0.375,NA,NA,NA,91.44,NA,NA,NA,NA,-8.37,NA,-7.02,90649.15,0,0,0,3.1,1,1,0,15,18,15,2019-01-26 22:00:00,2019-01-27 12:00:00,15,2019-01-26 22:00:00,2019-01-27 12:00:00,NA,1.5,209,61,-4.9,14.2
2019-01-27 07:00:00,101828.66,-5,-6.7,91.92,0,0,NA,102150,30,NA,6022,NA,NA,25,NA,NA,NA,0.24,NA,NA,NA,60.96,NA,NA,NA,NA,-7.95,NA,-7.02,90588.91,0,0,0,3.2,1,1,1,15,18,15,2019-01-26 22:00:00,2019-01-27 12:00:00,15,2019-01-26 22:00:00,2019-01-27 12:00:00,NA,1.4,111,74,-5.1,13.9
2019-01-27 08:00:00,101794.79,-6,-7.2,92.61,1.54,90,NA,102170,30,NA,NA,NA,NA,24,NA,NA,NA,0.25,NA,NA,NA,60.96,NA,NA,NA,NA,-9.28,NA,-7.02,90558.78,0,0,0,4,1,1,1,15,18,15,2019-01-26 22:00:00,2019-01-27 12:00:00,15,2019-01-26 22:00:00,2019-01-27 12:00:00,NA,1.2,160,76,-5.5,10.7
2019-01-27 09:00:00,101862.52,-5,-6.1,92.64,0,0,NA,102270,30,904,NA,NA,NA,18.5,703,NA,NA,0.25,NA,NA,NA,60.96,NA,NA,NA,NA,-7.53,NA,-6.07,90619.03,0,0,0,4.2,1,1,1,15,18,15,2019-01-26 22:00:00,2019-01-27 12:00:00,15,2019-01-26 22:00:00,2019-01-27 12:00:00,NA,1.3,228,71,-4.4,10
2019-01-27 10:00:00,101862.52,-3.3,-3.9,92.79,0,0,NA,102250,31,904,6,NA,NA,654,904,NA,NA,6,-2.8,-6.1,NA,1981.2,NA,NA,NA,NA,-6.52,NA,-4.02,90619.03,0,0,0,1.8,1,1,1,15,18,15,2019-01-26 22:00:00,2019-01-27 12:00:00,15,2019-01-26 22:00:00,2019-01-27 12:00:00,NA,1.5,152,55,-3.4,13.4
2019-01-27 11:00:00,101828.66,-3,-3.3,92.79,0,0,NA,102200,31,NA,NA,NA,NA,604,NA,NA,NA,7,NA,NA,NA,1828.8,NA,NA,NA,NA,-5.25,NA,-4.02,90588.91,0,0,0,1.4,1,1,1,15,18,15,2019-01-26 22:00:00,2019-01-27 12:00:00,15,2019-01-26 22:00:00,2019-01-27 12:00:00,NA,1.3,155,64,-1.4,18.9
2019-01-27 12:00:00,101828.66,-1,-2.2,92.85,2.06,270,NA,102140,31,NA,NA,NA,NA,603,NA,NA,NA,7,NA,NA,NA,1676.4,NA,NA,NA,NA,-4.28,NA,-3.02,90588.91,0,0,0,0.9,1,1,0,15,18,15,2019-01-26 22:00:00,2019-01-27 12:00:00,15,2019-01-26 22:00:00,2019-01-27 12:00:00,NA,1.4,258,64,2.2,14.4
2019-01-27 13:00:00,101794.79,3,-1.7,74.96,0,0,NA,102010,NA,NA,6010,NA,NA,1,NA,NA,NA,10,NA,NA,NA,NA,NA,NA,NA,NA,-0.68,NA,-2.03,90558.78,0,0,0,-1.9,0,0,1,NA,NA,NA,NA,NA,NA,NA,NA,NA,0.9,67,79,6.4,21.8
2019-01-27 14:00:00,101760.93,7,-4.4,45.4,5.66,310,NA,101970,NA,NA,NA,NA,NA,1,NA,NA,NA,10,NA,NA,NA,NA,NA,NA,NA,NA,4.705,NA,-4.12,90528.65,0,0,0,-7.4,0,0,0,NA,NA,NA,NA,NA,NA,NA,NA,NA,1.2,266,62,10.1,7.2
2019-01-27 15:00:00,101727.07,8.3,-7.2,33.75,5.66,320,8.23,101970,NA,NA,NA,NA,NA,1,NA,NA,NA,10,NA,NA,NA,NA,NA,NA,NA,NA,5.6,NA,-7.13,90498.53,0,0,0,-10.4,0,0,0,NA,NA,NA,NA,NA,NA,NA,NA,NA,1.5,293,48,10.1,6.4
2019-01-27 16:00:00,101760.93,8,-7.2,33.75,5.66,330,8.23,102050,NA,NA,3003,NA,NA,1,NA,NA,NA,10,8.9,-3.3,NA,NA,NA,NA,NA,NA,4.83,NA,-7.13,90528.65,0,0,0,-9.1,0,0,0,NA,NA,NA,NA,NA,NA,NA,NA,NA,3,299,22,8.7,6
2019-01-27 17:00:00,101828.66,5,-7.8,38.71,4.63,330,NA,102150,NA,NA,NA,NA,NA,1,NA,NA,NA,10,NA,NA,NA,NA,NA,NA,NA,NA,2.1,NA,-7.13,90588.91,0,0,0,-8.2,0,0,0,NA,NA,NA,NA,NA,NA,NA,NA,NA,1.2,291,59,5.8,3.3
2019-01-27 18:00:00,101896.38,3,-7.8,47.75,2.57,340,NA,102230,NA,NA,NA,NA,NA,1,NA,NA,NA,10,NA,NA,NA,NA,NA,NA,NA,NA,0.47,NA,-7.12,90649.15,0,0,0,-7.1,0,0,0,NA,NA,NA,NA,NA,NA,NA,NA,NA,1.1,141,60,2.4,2
2019-01-27 19:00:00,101964.11,2,-8.3,47.45,2.06,330,NA,102360,NA,NA,3020,NA,NA,1,NA,NA,NA,10,NA,NA,NA,NA,NA,NA,NA,NA,0.135,NA,-8.13,90709.41,0,0,0,-6.6,0,0,0,NA,NA,NA,NA,NA,NA,NA,NA,NA,1.2,103,44,-0.6,3.3
2019-01-27 20:00:00,102099.57,1,-7.8,50.98,3.09,330,NA,102460,NA,NA,NA,NA,NA,754,903,NA,NA,10,NA,NA,NA,2286,NA,NA,NA,NA,-2.21,NA,-8.13,90829.91,0,0,0,-6,0,0,0,NA,NA,NA,NA,NA,NA,NA,NA,NA,1.1,119,65,-1.1,0.1
2019-01-27 21:00:00,102201.16,3,-7.8,45.52,5.14,340,NA,102540,NA,928.5,NA,NA,NA,703,954,NA,NA,10,NA,NA,NA,2286,NA,NA,NA,NA,-1.24,NA,-7.93,90920.29,0,0,0,-8,0,0,0,NA,NA,NA,NA,NA,NA,NA,NA,NA,1.1,128,34,0.2,-3
2019-01-27 22:00:00,102302.75,3,-3.3,55.36,6.69,340,NA,102700,NA,NA,3034,NA,NA,603,803,NA,NA,10,7.2,-1.1,NA,1752.6,NA,NA,NA,NA,-1.94,NA,-6.11,91010.67,0,0,0,-8.1,0,0,0,NA,NA,NA,NA,NA,NA,NA,NA,NA,1.6,112,48,1.1,-0.6
2019-01-27 23:00:00,102505.93,1,-2.5,74.6,6.17,110,9.77,102900,20,554,NA,0.025,NA,362,454,NA,NA,8,NA,NA,NA,1463.04,0,8.9,-6.1,NA,-4.01,NA,-3.06,91191.42,0,0,0,-6.4,0,0,0,NA,NA,NA,NA,NA,NA,NA,NA,NA,4.9,104,24,-0.5,2.5
2019-01-28,102641.39,0,-3.3,80.19,5.66,120,NA,102990,20,NA,NA,0.025,NA,446,554,NA,NA,9,NA,NA,NA,1432.56,NA,NA,NA,NA,-5.28,NA,-3.05,91311.93,0,0,0,-6.3,0,0,0,NA,NA,NA,NA,NA,NA,NA,NA,NA,3,81,38,-0.4,3.3
2019-01-28 01:00:00,102776.85,0,-3.9,74.41,5.14,120,NA,103050,20,NA,1040,0.025,0.025,476,579,NA,NA,10,NA,NA,NA,1524,NA,NA,NA,NA,-5,NA,-4.06,91432.44,0,0,0,-6.5,0,0,0,NA,NA,NA,NA,NA,NA,NA,NA,NA,2.1,37,37,-0.9,5
2019-01-28 02:00:00,102878.44,0,-5,74.41,1.54,60,NA,103120,NA,NA,NA,NA,NA,464,484,NA,NA,10,NA,NA,NA,1402.08,NA,NA,NA,NA,-2.53,NA,-4.06,91522.81,0,0,0,-7.3,0,0,1,NA,NA,NA,NA,NA,NA,NA,NA,NA,1.6,82,40,-1.2,4.7
2019-01-28 03:00:00,102946.16,-1,-8.3,63.7,5.14,110,NA,103180,NA,NA,NA,NA,NA,603,654,NA,NA,10,NA,NA,NA,1828.8,NA,NA,NA,NA,-6.25,NA,-7.09,91583.06,0,0,0,-6.9,0,0,0,NA,NA,NA,NA,NA,NA,NA,NA,NA,1.9,70,39,-1.7,3.5
2019-01-28 04:00:00,103013.89,-1,-8.9,57.85,5.66,110,NA,103290,NA,NA,1021,NA,NA,494,604,0.025,NA,10,2.2,-2.2,NA,1828.8,NA,NA,NA,NA,-7.06,NA,-9.1,91643.31,0,0,0,-7.9,0,0,0,NA,NA,NA,NA,NA,NA,NA,NA,NA,2,80,30,-2.7,3.3
2019-01-28 05:00:00,103081.62,-2,-8.3,62.91,5.66,130,NA,103390,NA,NA,NA,NA,NA,484,464,NA,NA,10,NA,NA,NA,1463.04,NA,NA,NA,NA,-7.8,NA,-8.39,91703.57,0,0,0,-8.4,0,0,0,NA,NA,NA,NA,NA,NA,NA,NA,NA,2.3,100,34,-3.3,3.3
2019-01-28 06:00:00,103115.48,-2,-8.9,63.45,6.17,120,NA,103430,NA,NA,NA,NA,NA,374,464,NA,NA,10,NA,NA,NA,1127.76,NA,NA,NA,NA,-8.08,NA,-8.09,91733.69,0,0,0,-8.3,0,0,0,NA,NA,NA,NA,NA,NA,NA,NA,NA,1.6,122,62,-3,4
2019-01-28 07:00:00,103149.35,-3,-10,58.41,6.69,120,NA,103490,NA,NA,1009,NA,NA,404,554,NA,NA,10,NA,NA,NA,1219.2,NA,NA,NA,NA,-9.62,NA,-10.1,91763.82,0,0,0,-7.7,0,0,0,NA,NA,NA,NA,NA,NA,NA,NA,NA,2,109,33,-3.4,2
2019-01-28 08:00:00,103183.21,-3,-9.4,58.41,7.2,120,NA,103530,NA,NA,NA,NA,NA,414,NA,NA,NA,10,NA,NA,NA,1249.68,NA,NA,NA,NA,-9.87,NA,-10.1,91793.94,0,0,0,-8,0,0,0,NA,NA,NA,NA,NA,NA,NA,NA,NA,2.7,101,39,-4.1,1.5
2019-01-28 09:00:00,103183.21,-3,-10,63.2,7.2,130,NA,103510,NA,NA,NA,NA,NA,414,NA,NA,NA,10,NA,NA,NA,1249.68,NA,NA,NA,NA,-10.1,NA,-9.09,91793.94,0,0,0,-7.3,0,0,0,NA,NA,NA,NA,NA,NA,NA,NA,NA,2.5,121,44,-2.9,2.8
2019-01-28 10:00:00,103149.35,-3,-10,58.14,6.17,120,NA,103490,NA,NA,1,NA,NA,1,NA,NA,NA,10,-1.7,-3.9,NA,NA,NA,NA,NA,NA,-9.73,NA,-11.1,91763.82,0,0,0,-5.9,0,0,0,NA,NA,NA,NA,NA,NA,NA,NA,NA,1.3,119,51,-1,3.3
2019-01-28 11:00:00,103115.48,-2,-10,54.23,5.14,110,NA,103420,NA,NA,NA,NA,NA,1,NA,NA,NA,10,NA,NA,NA,NA,NA,NA,NA,NA,-7.5,NA,-10.12,91733.69,0,0,0,-2.2,0,0,0,NA,NA,NA,NA,NA,NA,NA,NA,NA,1.3,81,47,0,4.7
2019-01-28 12:00:00,103047.76,-2,-9.4,54.23,3.6,120,NA,103330,NA,NA,NA,NA,NA,1,NA,NA,NA,10,NA,NA,NA,NA,NA,NA,NA,NA,-6.43,NA,-9.52,91673.44,0,0,0,-0.1,0,0,0,NA,NA,NA,NA,NA,NA,NA,NA,NA,1.2,73,47,1.1,2.5
2019-01-28 13:00:00,102946.16,-1,-10,50.39,1.54,270,NA,103230,NA,NA,8021,NA,NA,1,NA,NA,NA,10,NA,NA,NA,NA,NA,NA,NA,NA,-2.96,NA,-10.12,91583.06,0,0,0,-2.2,0,0,1,NA,NA,NA,NA,NA,NA,NA,NA,NA,1.2,35,65,1.9,-0.3
2019-01-28 14:00:00,102878.44,0,-9.4,50.39,1.54,290,NA,103140,NA,NA,NA,NA,NA,1,NA,NA,NA,10,NA,NA,NA,NA,NA,NA,NA,NA,-1.82,NA,-9.13,91522.81,0,0,0,-1.3,0,0,1,NA,NA,NA,NA,NA,NA,NA,NA,NA,1.1,326,66,2.4,1.5
2019-01-28 15:00:00,102810.71,0,-10.6,46.66,1.54,260,NA,103140,NA,NA,NA,NA,NA,1,NA,NA,NA,10,NA,NA,NA,NA,NA,NA,NA,NA,-1.82,NA,-10.73,91462.56,0,0,0,-6.2,0,0,1,NA,NA,NA,NA,NA,NA,NA,NA,NA,1.7,297,43,1.1,5.2
2019-01-28 16:00:00,102776.85,-2,-10,50.09,0,0,NA,103140,NA,NA,6014,NA,NA,1,NA,NA,NA,10,0.6,-3.3,NA,NA,NA,NA,NA,NA,-4.86,NA,-11.12,91432.44,0,0,0,-3.3,0,0,1,NA,NA,NA,NA,NA,NA,NA,NA,NA,1,166,49,-0.7,7.4
2019-01-28 17:00:00,102742.98,-4,-10.6,62.7,0,0,NA,103150,NA,NA,NA,NA,NA,1,NA,NA,NA,10,NA,NA,NA,NA,NA,NA,NA,NA,-5.25,NA,-11.08,91402.31,0,0,0,-4.6,0,0,1,NA,NA,NA,NA,NA,NA,NA,NA,NA,0.9,132,36,-2.7,7.9
2019-01-28 18:00:00,102709.12,-6,-11.1,67.65,0,0,NA,103140,NA,NA,NA,NA,NA,1,NA,NA,NA,10,NA,NA,NA,NA,NA,NA,NA,NA,-8.67,NA,-11.08,91372.18,0,0,0,-1.3,0,0,1,NA,NA,NA,NA,NA,NA,NA,NA,NA,0.9,211,35,-4.2,8.5
2019-01-28 19:00:00,102709.12,-7,-11.7,67.42,0,0,NA,103150,NA,NA,6006,NA,NA,1,NA,NA,NA,10,NA,NA,NA,NA,NA,NA,NA,NA,NA,NA,-12.08,91372.18,0,0,0,-0.6,0,0,1,NA,NA,NA,NA,NA,NA,NA,NA,NA,0.9,145,43,-5.5,10.5
2019-01-28 20:00:00,102709.12,-8,-12.2,72.85,0,0,NA,103140,NA,NA,NA,NA,NA,1,NA,NA,NA,10,NA,NA,NA,NA,NA,NA,NA,NA,NA,NA,-12.08,91372.18,0,0,0,0.2,0,1,1,NA,NA,NA,NA,NA,3,2019-01-28 20:00:00,2019-01-28 22:00:00,NA,1,162,44,-6.4,9
2019-01-28 21:00:00,102675.25,-8,-11.7,72.85,0,0,NA,103160,NA,NA,NA,NA,NA,1,NA,NA,NA,10,NA,NA,NA,NA,NA,NA,NA,NA,NA,NA,-12.07,91342.05,0,0,0,0.5,1,1,1,NA,NA,2,2019-01-28 21:00:00,2019-01-28 22:00:00,3,2019-01-28 20:00:00,2019-01-28 22:00:00,NA,1.2,178,49,-7.1,7.9
2019-01-28 22:00:00,102641.39,-8,-11.7,72.85,0,0,NA,103090,NA,NA,8007,NA,NA,1,NA,NA,NA,10,-2.8,-9.4,NA,NA,NA,NA,NA,NA,-10.96,NA,-12.07,91311.93,0,0,0,0.5,1,1,1,NA,NA,2,2019-01-28 21:00:00,2019-01-28 22:00:00,3,2019-01-28 20:00:00,2019-01-28 22:00:00,NA,1.1,207,60,-7.6,40.3
2019-01-28 23:00:00,102607.53,-8,-12.2,72.85,0,0,NA,103050,NA,NA,NA,NA,NA,1,NA,NA,NA,10,NA,NA,NA,NA,NA,0.6,-9.4,NA,-11.18,NA,-12.07,91281.81,0,0,0,-0.9,0,0,1,NA,NA,NA,NA,NA,NA,NA,NA,NA,1.3,204,52,-7.5,13.7
2019-01-29,102641.39,-9,-10.6,72.85,1.54,110,NA,103000,NA,NA,NA,NA,NA,1,NA,NA,NA,10,NA,NA,NA,NA,NA,NA,NA,NA,-11.985,NA,-12.05,91311.93,0,0,0,0.300000000000001,0,1,1,NA,20,NA,NA,NA,15,2019-01-29,2019-01-29 14:00:00,0.002,0.8,200,56,-8.7,11.5
2019-01-29 01:00:00,102607.53,-12,-13.3,84.99,1.54,270,NA,103050,NA,NA,8004,NA,NA,1,NA,NA,NA,10,NA,NA,NA,NA,NA,NA,NA,NA,-15.53,NA,-13.05,91281.81,0,0,0,2.6,1,1,1,17,20,14,2019-01-29 01:00:00,2019-01-29 14:00:00,15,2019-01-29,2019-01-29 14:00:00,0.002,1.1,211,49,-9.7,8.6
2019-01-29 02:00:00,102607.53,-12,-14.4,85.11,0,0,NA,103090,NA,NA,NA,NA,NA,1,NA,NA,NA,10,NA,NA,NA,NA,NA,NA,NA,NA,-15.53,NA,-14.02,91281.81,0,0,0,2.8,1,1,1,17,20,14,2019-01-29 01:00:00,2019-01-29 14:00:00,15,2019-01-29,2019-01-29 14:00:00,0.003,0.7,214,52,-10.7,7.4
2019-01-29 03:00:00,102607.53,-12,-14.4,84.99,0,0,NA,103060,NA,NA,NA,NA,NA,1,NA,NA,NA,10,NA,NA,NA,NA,NA,NA,NA,NA,-15.53,NA,-14.04,91281.81,0,0,0,3.9,1,1,1,17,20,14,2019-01-29 01:00:00,2019-01-29 14:00:00,15,2019-01-29,2019-01-29 14:00:00,0.003,1.2,221,60,-11.3,8.1
2019-01-29 04:00:00,102573.66,-13,-16.1,84.62,1.54,50,NA,103100,NA,NA,8001,NA,NA,1,NA,NA,NA,10,-5.6,-15,NA,NA,NA,NA,NA,NA,-17.81,NA,-15.05,91251.67,0,0,0,4.6,1,1,1,17,20,14,2019-01-29 01:00:00,2019-01-29 14:00:00,15,2019-01-29,2019-01-29 14:00:00,0.003,1.3,215,63,-11.8,9.8
2019-01-29 05:00:00,102573.66,-13,-15,83.5,0,0,NA,103120,NA,NA,NA,NA,NA,1,NA,NA,NA,10,NA,NA,NA,NA,NA,NA,NA,NA,-16.67,NA,-16.04,91251.67,0,0,0,4.8,1,1,1,17,20,14,2019-01-29 01:00:00,2019-01-29 14:00:00,15,2019-01-29,2019-01-29 14:00:00,0.004,1,211,56,-12.1,10
2019-01-29 06:00:00,102607.53,-14,-16.1,84.74,0,0,NA,103170,NA,NA,NA,NA,NA,1,NA,NA,NA,10,NA,NA,NA,NA,NA,NA,NA,NA,-17.81,NA,-16.04,91281.81,0,0,0,5.4,1,1,1,17,20,14,2019-01-29 01:00:00,2019-01-29 14:00:00,15,2019-01-29,2019-01-29 14:00:00,0.001,1.2,215,39,-12.8,9
2019-01-29 07:00:00,102607.53,-14,-16.1,84.74,1.54,40,NA,103170,31,NA,3002,NA,NA,1,NA,NA,NA,5,NA,NA,NA,NA,NA,NA,NA,NA,-17.81,NA,-16.05,91281.81,0,0,0,5.4,1,1,1,17,20,14,2019-01-29 01:00:00,2019-01-29 14:00:00,15,2019-01-29,2019-01-29 14:00:00,0.001,1,203,60,-13,8.5
2019-01-29 08:00:00,102607.53,-15,-16.7,84.49,1.54,20,NA,103190,31,NA,NA,NA,NA,1,NA,NA,NA,4,NA,NA,NA,60.96,NA,NA,NA,NA,-21.21,NA,-17.03,91281.81,0,0,0,6.4,1,1,1,17,20,14,2019-01-29 01:00:00,2019-01-29 14:00:00,15,2019-01-29,2019-01-29 14:00:00,0.001,1.5,215,41,-12.9,9.5
2019-01-29 09:00:00,102641.39,-14,-16.7,84.74,1.54,20,NA,103220,31,NA,NA,NA,NA,1,NA,NA,NA,6,NA,NA,NA,NA,NA,NA,NA,NA,-17.81,NA,-16.04,91311.93,0,0,0,5.8,1,1,1,17,20,14,2019-01-29 01:00:00,2019-01-29 14:00:00,15,2019-01-29,2019-01-29 14:00:00,0.003,1.4,235,45,-10.7,11.9
2019-01-29 10:00:00,102607.53,-11,-11.1,92.29,0,0,NA,103120,31,NA,8002,NA,NA,1,NA,NA,NA,7,-10.6,-16.1,NA,NA,NA,NA,NA,NA,-14.96,NA,-12.02,91281.81,0,0,0,4.3,1,1,1,17,20,14,2019-01-29 01:00:00,2019-01-29 14:00:00,15,2019-01-29,2019-01-29 14:00:00,0.006,1.1,197,49,-7.6,12.2
2019-01-29 11:00:00,102573.66,-9,-11.7,78.61,1.54,300,NA,103080,NA,NA,NA,NA,NA,1,NA,NA,NA,9,NA,NA,NA,NA,NA,NA,NA,NA,-13.04,NA,-12.07,91251.67,0,0,0,5.3,1,1,1,17,20,14,2019-01-29 01:00:00,2019-01-29 14:00:00,15,2019-01-29,2019-01-29 14:00:00,0.009,1,239,67,-5.3,9.5
2019-01-29 12:00:00,102505.93,-8,-11.1,77.1,1.54,250,NA,102930,NA,NA,NA,NA,NA,1,NA,NA,NA,9,NA,NA,NA,NA,NA,NA,NA,NA,-10.96,NA,-12.05,91191.42,0,0,0,6.1,1,1,1,17,20,14,2019-01-29 01:00:00,2019-01-29 14:00:00,15,2019-01-29,2019-01-29 14:00:00,0.013,1.4,260,57,-4,8.8
2019-01-29 13:00:00,102404.34,-6,-11.1,67.65,0,0,NA,102880,NA,NA,8021,NA,NA,1,NA,NA,NA,10,NA,NA,NA,NA,NA,NA,NA,NA,-9.82,NA,-11.08,91101.04,0,0,0,2.7,1,1,1,17,20,14,2019-01-29 01:00:00,2019-01-29 14:00:00,15,2019-01-29,2019-01-29 14:00:00,0.013,1.1,166,57,-2.3,NA
2019-01-29 14:00:00,102268.89,-6,-10.6,67.65,0,0,NA,102750,NA,NA,NA,NA,NA,1,NA,NA,NA,10,NA,NA,NA,NA,NA,NA,NA,NA,NA,NA,-11.08,90980.54,0,0,0,3.7,1,1,1,17,20,14,2019-01-29 01:00:00,2019-01-29 14:00:00,15,2019-01-29,2019-01-29 14:00:00,0.014,1.1,242,61,-1.2,11.2
2019-01-29 15:00:00,102235.02,-4,-10.6,58.14,1.54,260,NA,102740,NA,NA,NA,NA,NA,1,NA,NA,NA,10,NA,NA,NA,NA,NA,NA,NA,NA,-6.39,NA,-11.1,90950.41,0,0,0,-0.4,0,0,1,NA,NA,NA,NA,NA,NA,NA,NA,0.016,1.3,249,52,-1.6,11
2019-01-29 16:00:00,102201.16,-6,-10.6,67.65,1.54,240,NA,102710,NA,NA,6016,NA,NA,1,NA,NA,NA,10,-3.9,-12.2,NA,NA,NA,NA,NA,NA,-8.67,NA,-11.08,90920.29,0,0,0,1.5,1,1,1,NA,21,1,2019-01-29 16:00:00,2019-01-29 16:00:00,84,2019-01-29 16:00:00,2019-02-02 04:00:00,0.013,1.1,280,56,-2.1,9
2019-01-29 17:00:00,102133.43,-6,-11.1,67.65,0,0,NA,102630,NA,NA,NA,NA,NA,1,NA,NA,NA,10,NA,NA,NA,NA,NA,NA,NA,NA,NA,NA,-11.08,90860.04,0,0,0,0.0999999999999996,0,1,1,NA,21,NA,NA,NA,84,2019-01-29 16:00:00,2019-02-02 04:00:00,0.013,1.2,215,30,-4.6,7.4
2019-01-29 18:00:00,102065.7,-9,-12.2,72.85,0,0,NA,102640,NA,NA,NA,NA,NA,1,NA,NA,NA,10,NA,NA,NA,NA,NA,NA,NA,NA,NA,NA,-13.05,90799.78,0,0,0,2.7,1,1,1,19,21,80,2019-01-29 18:00:00,2019-02-02 02:00:00,84,2019-01-29 16:00:00,2019-02-02 04:00:00,0.002,0.9,196,34,-7,8.5
2019-01-29 19:00:00,102065.7,-10,-13.3,78.61,0,0,NA,102650,NA,NA,6011,NA,NA,1,NA,NA,NA,10,NA,NA,NA,NA,NA,NA,NA,NA,-12.67,NA,-13.05,90799.78,0,0,0,3.4,1,1,1,19,21,80,2019-01-29 18:00:00,2019-02-02 02:00:00,84,2019-01-29 16:00:00,2019-02-02 04:00:00,0.001,0.7,185,49,-8.6,13.6
2019-01-29 20:00:00,102031.84,-11,-13.9,78.61,0,0,NA,102630,NA,NA,NA,NA,NA,1,NA,NA,NA,10,NA,NA,NA,NA,NA,NA,NA,NA,-14.96,NA,-13.05,90769.66,0,0,0,4.6,1,1,1,19,21,80,2019-01-29 18:00:00,2019-02-02 02:00:00,84,2019-01-29 16:00:00,2019-02-02 04:00:00,0.001,0.7,201,51,-9.8,14.2
2019-01-29 21:00:00,101997.98,-11.7,-14.4,78.44,1.54,320,NA,102620,NA,NA,NA,NA,NA,1,NA,NA,NA,10,NA,NA,NA,NA,NA,NA,NA,NA,-15.53,NA,-14.05,90739.54,0,0,0,5.6,1,1,1,19,21,80,2019-01-29 18:00:00,2019-02-02 02:00:00,84,2019-01-29 16:00:00,2019-02-02 04:00:00,0.001,0.8,181,54,-10.7,13.2
2019-01-29 22:00:00,101997.98,-12,-15,84.99,1.54,290,NA,102600,31,NA,5004,NA,NA,1,NA,NA,NA,10,-5,-13.9,NA,NA,NA,NA,NA,NA,-16.605,NA,-14.04,90739.54,0,0,0,5.8,1,1,1,19,21,80,2019-01-29 18:00:00,2019-02-02 02:00:00,84,2019-01-29 16:00:00,2019-02-02 04:00:00,0.002,0.8,213,34,-11.6,28.2
2019-01-29 23:00:00,101997.98,-13,-15.6,78.27,0,0,NA,102540,31,NA,NA,NA,NA,1,NA,NA,NA,8,NA,NA,NA,NA,NA,-3.9,-16.1,NA,-16.67,NA,-15.05,90739.54,0,0,0,6.9,1,1,1,19,21,80,2019-01-29 18:00:00,2019-02-02 02:00:00,84,2019-01-29 16:00:00,2019-02-02 04:00:00,0.002,0.6,202,47,-12.4,22
2019-01-30,101997.98,-13,-15,78.1,0,0,NA,102540,NA,NA,NA,NA,NA,1,NA,NA,NA,9,NA,NA,NA,NA,NA,NA,NA,NA,-16.67,NA,-16.05,90739.54,0,0,0,7,1,1,1,19,21,80,2019-01-29 18:00:00,2019-02-02 02:00:00,84,2019-01-29 16:00:00,2019-02-02 04:00:00,0.002,1.2,211,37,-12.9,17.9
2019-01-30 01:00:00,101964.11,-13,-15.6,78.1,0,0,NA,102490,NA,NA,8004,NA,NA,1,NA,NA,NA,9,NA,NA,NA,NA,NA,NA,NA,NA,-16.67,NA,-16.05,90709.41,0,0,0,6.8,1,1,1,19,21,80,2019-01-29 18:00:00,2019-02-02 02:00:00,84,2019-01-29 16:00:00,2019-02-02 04:00:00,0.001,0.6,160,58,-13.5,12.4
2019-01-30 02:00:00,101930.25,-15,-16.7,84.62,0,0,NA,102480,31,NA,NA,NA,NA,1,NA,NA,NA,9,NA,NA,NA,NA,NA,NA,NA,NA,NA,NA,-17.03,90679.28,0,0,0,7.9,1,1,1,19,21,80,2019-01-29 18:00:00,2019-02-02 02:00:00,84,2019-01-29 16:00:00,2019-02-02 04:00:00,0.001,0.9,189,43,-14,22.3
2019-01-30 03:00:00,101930.25,-15,-18.3,84.49,0,0,NA,102470,NA,NA,NA,NA,NA,1,NA,NA,NA,9,NA,NA,NA,NA,NA,NA,NA,NA,-17.81,NA,-17.05,90679.28,0,0,0,7.8,1,1,1,19,21,80,2019-01-29 18:00:00,2019-02-02 02:00:00,84,2019-01-29 16:00:00,2019-02-02 04:00:00,0.001,0.5,161,66,-14.4,12.9
2019-01-30 04:00:00,101862.52,-16.1,-17.8,84.49,0,0,NA,102430,31,NA,8007,NA,NA,1,NA,NA,NA,1.25,-12.2,-16.7,NA,NA,NA,NA,NA,NA,NA,NA,-18.03,90619.03,0,0,0,8.8,1,1,1,19,21,80,2019-01-29 18:00:00,2019-02-02 02:00:00,84,2019-01-29 16:00:00,2019-02-02 04:00:00,0.001,0.6,213,37,-14.9,13.7
2019-01-30 05:00:00,101862.52,-17,-18.9,84.36,0,0,NA,102440,31,NA,NA,NA,NA,1,NA,NA,NA,3,NA,NA,NA,NA,NA,NA,NA,NA,-21.24,NA,-19.03,90619.03,0,0,0,9.8,1,1,1,19,21,80,2019-01-29 18:00:00,2019-02-02 02:00:00,84,2019-01-29 16:00:00,2019-02-02 04:00:00,0.001,0.7,202,35,-15,13.2
2019-01-30 06:00:00,101794.79,-17,-19.4,84.36,0,0,NA,102430,31,NA,NA,NA,NA,1,NA,NA,NA,6.5,NA,NA,NA,NA,NA,NA,NA,NA,NA,NA,-19.03,90558.78,0,0,0,9.5,1,1,1,19,21,80,2019-01-29 18:00:00,2019-02-02 02:00:00,84,2019-01-29 16:00:00,2019-02-02 04:00:00,0.001,0.6,202,47,-15.3,12.7
2019-01-30 07:00:00,101794.79,-18,-20,84.36,0,0,NA,102460,31,NA,7006,NA,NA,1,NA,NA,NA,7,NA,NA,NA,NA,NA,NA,NA,NA,-22.38,NA,-20.03,90558.78,0,0,0,10.5,1,1,1,19,21,80,2019-01-29 18:00:00,2019-02-02 02:00:00,84,2019-01-29 16:00:00,2019-02-02 04:00:00,0.001,0.7,199,26,-15.4,13.9
2019-01-30 08:00:00,101828.66,-17,-19.4,84.49,1.54,300,NA,102540,31,NA,NA,NA,NA,42,NA,NA,NA,2,NA,NA,NA,60.96,NA,NA,NA,NA,-21.47,NA,-19.03,90588.91,0,0,0,10.3,1,1,1,19,21,80,2019-01-29 18:00:00,2019-02-02 02:00:00,84,2019-01-29 16:00:00,2019-02-02 04:00:00,0.001,1,228,33,-15.1,18.4
2019-01-30 09:00:00,101862.52,-16,-15.8,91.88,0,0,NA,102520,31,NA,NA,NA,NA,34,NA,NA,NA,2,NA,NA,NA,91.44,NA,NA,NA,NA,-22.38,NA,-18.02,90619.03,0,0,0,9.3,1,1,1,19,21,80,2019-01-29 18:00:00,2019-02-02 02:00:00,84,2019-01-29 16:00:00,2019-02-02 04:00:00,0.002,1.2,222,40,-13.7,14.4
2019-01-30 10:00:00,101828.66,-13,-13.3,100,0,0,NA,102410,31,NA,8006,NA,NA,1,NA,NA,NA,3,-12.8,-18.3,NA,NA,NA,NA,NA,NA,-16.67,NA,-14,90588.91,0,0,0,7.3,1,1,1,19,21,80,2019-01-29 18:00:00,2019-02-02 02:00:00,84,2019-01-29 16:00:00,2019-02-02 04:00:00,0.003,0.9,207,69,-10.9,17.7
2019-01-30 11:00:00,101760.93,-12,-12.8,92.22,0,0,NA,102330,31,NA,NA,NA,NA,1,NA,NA,NA,6,NA,NA,NA,NA,NA,NA,NA,NA,-15.53,NA,-13.02,90528.65,0,0,0,6.4,1,1,1,19,21,80,2019-01-29 18:00:00,2019-02-02 02:00:00,84,2019-01-29 16:00:00,2019-02-02 04:00:00,0.004,1.4,185,54,-9.6,12
2019-01-30 12:00:00,101659.34,-9,-11.1,85.36,1.54,240,NA,102190,31,NA,NA,NA,NA,954,NA,NA,NA,6,NA,NA,NA,2895.6,NA,NA,NA,NA,-12.92,NA,-11.14,90438.28,0,0,0,6.2,1,1,1,19,21,80,2019-01-29 18:00:00,2019-02-02 02:00:00,84,2019-01-29 16:00:00,2019-02-02 04:00:00,0.004,1.1,302,72,-7.4,19.2
2019-01-30 13:00:00,101591.61,-9,-11.1,85.36,0,0,NA,102130,18.5,NA,8020,NA,NA,854,NA,NA,NA,7,NA,NA,NA,2590.8,NA,NA,NA,NA,-13.04,NA,-11.04,90378.02,0,0,0,5.4,1,1,1,19,21,80,2019-01-29 18:00:00,2019-02-02 02:00:00,84,2019-01-29 16:00:00,2019-02-02 04:00:00,0.005,1,172,73,-5.8,13.2
2019-01-30 14:00:00,101523.88,-6.1,-10,73.82,0,0,NA,102020,6,NA,NA,NA,NA,804,954,NA,NA,8,NA,NA,NA,2438.4,NA,NA,NA,NA,-9.82,NA,-10.07,90317.77,0,0,0,2.7,1,1,1,19,21,80,2019-01-29 18:00:00,2019-02-02 02:00:00,84,2019-01-29 16:00:00,2019-02-02 04:00:00,0.009,1.2,132,64,-4.1,12.9
2019-01-30 15:00:00,101490.02,-6,-10,73.25,1.54,270,NA,102060,NA,NA,NA,NA,NA,704,954,NA,NA,8,NA,NA,NA,2133.6,NA,NA,NA,NA,-8.67,NA,-10.07,90287.65,0,0,0,2.5,1,1,1,19,21,80,2019-01-29 18:00:00,2019-02-02 02:00:00,84,2019-01-29 16:00:00,2019-02-02 04:00:00,0.01,1.3,254,55,-3.9,16.4
2019-01-30 16:00:00,101456.15,-6,-9.4,74.5,0,0,NA,101980,NA,NA,6014,NA,NA,754,804,NA,NA,9,-5,-12.8,NA,2286,NA,NA,NA,NA,-9.53,NA,-9.46,90257.51,0,0,0,2,1,1,1,19,21,80,2019-01-29 18:00:00,2019-02-02 02:00:00,84,2019-01-29 16:00:00,2019-02-02 04:00:00,0.007,1.3,278,52,-5,18.2
2019-01-30 17:00:00,101422.29,-6,-9.4,79.26,0,0,NA,102000,NA,NA,NA,NA,NA,804,NA,NA,NA,9,NA,NA,NA,2438.4,NA,NA,NA,NA,-8.67,NA,-9.05,90227.39,0,0,0,1.8,1,1,1,19,21,80,2019-01-29 18:00:00,2019-02-02 02:00:00,84,2019-01-29 16:00:00,2019-02-02 04:00:00,0.007,0.8,228,52,-5.5,13.7
2019-01-30 18:00:00,101422.29,-6,-9.4,79.26,0,0,NA,102000,NA,NA,NA,NA,NA,704,NA,NA,NA,10,NA,NA,NA,2133.6,NA,NA,NA,NA,NA,NA,-9.05,90227.39,0,0,0,1.8,1,1,1,19,21,80,2019-01-29 18:00:00,2019-02-02 02:00:00,84,2019-01-29 16:00:00,2019-02-02 04:00:00,0.004,1,222,40,-5.3,17.5
2019-01-30 19:00:00,101422.29,-6,-10,73.45,0,0,NA,102010,NA,NA,1,NA,NA,704,1004,NA,NA,10,NA,NA,NA,2895.6,NA,NA,NA,NA,-8.67,NA,-9.07,90227.39,0,0,0,1.9,1,1,1,19,21,80,2019-01-29 18:00:00,2019-02-02 02:00:00,84,2019-01-29 16:00:00,2019-02-02 04:00:00,0.002,0.8,169,54,-5.1,17.2
2019-01-30 20:00:00,101422.29,-6,-9.4,79.26,0,0,NA,102030,NA,NA,NA,NA,NA,904,NA,NA,NA,10,NA,NA,NA,2743.2,NA,NA,NA,NA,-8.67,NA,-9.05,90227.39,0,0,0,1.8,1,1,1,19,21,80,2019-01-29 18:00:00,2019-02-02 02:00:00,84,2019-01-29 16:00:00,2019-02-02 04:00:00,0.003,1,239,53,-5.3,17.4
2019-01-30 21:00:00,101422.29,-5,-8.9,73.45,0,0,NA,101970,NA,NA,NA,NA,NA,904,904,NA,NA,10,NA,NA,NA,2743.2,NA,NA,NA,NA,NA,NA,-9.07,90227.39,0,0,0,0.8,1,1,1,19,21,80,2019-01-29 18:00:00,2019-02-02 02:00:00,84,2019-01-29 16:00:00,2019-02-02 04:00:00,0.005,1,161,52,-5.2,16.2
2019-01-30 22:00:00,101456.15,-5,-8.3,79.42,1.54,250,NA,101970,NA,NA,3003,NA,NA,654,904,NA,NA,8,-4.4,-6.1,NA,1981.2,NA,NA,NA,NA,-7.53,NA,-8.05,90257.51,0,0,0,0.8,1,1,1,19,21,80,2019-01-29 18:00:00,2019-02-02 02:00:00,84,2019-01-29 16:00:00,2019-02-02 04:00:00,0.001,0.8,210,67,-4.9,17
2019-01-30 23:00:00,101456.15,-5,-8.3,79.42,0,0,NA,101910,NA,NA,NA,NA,NA,654,NA,NA,NA,8,NA,NA,NA,1981.2,NA,-4.4,-18.3,NA,-7.53,NA,-8.05,90257.51,0,0,0,0.8,1,1,1,19,21,80,2019-01-29 18:00:00,2019-02-02 02:00:00,84,2019-01-29 16:00:00,2019-02-02 04:00:00,0.001,1.2,223,34,-4.9,15.9
2019-01-31,101422.29,-6,-8.9,79.26,0,0,NA,101890,NA,NA,NA,NA,NA,754,NA,NA,NA,7,NA,NA,NA,2286,NA,NA,NA,NA,-9.53,NA,-8.96,90227.39,0,0,0,1.8,1,1,1,19,21,80,2019-01-29 18:00:00,2019-02-02 02:00:00,84,2019-01-29 16:00:00,2019-02-02 04:00:00,0.003,0.9,207,55,-5.3,20.2
2019-01-31 01:00:00,101456.15,-6,-8.9,79.26,0,0,NA,101920,NA,NA,5001,NA,NA,754,NA,NA,NA,7,NA,NA,NA,2286,NA,NA,NA,NA,-9.47,NA,-9.05,90257.51,0,0,0,2.2,1,1,1,19,21,80,2019-01-29 18:00:00,2019-02-02 02:00:00,84,2019-01-29 16:00:00,2019-02-02 04:00:00,0.003,0.7,283,74,-5.1,19.7
2019-01-31 02:00:00,101422.29,-6,-8.9,79.26,0,0,NA,101880,6,NA,NA,NA,NA,803,1104,NA,NA,6,NA,NA,NA,2438.4,NA,NA,NA,NA,-9.82,NA,-9.05,90227.39,0,0,0,2.2,1,1,1,19,21,80,2019-01-29 18:00:00,2019-02-02 02:00:00,84,2019-01-29 16:00:00,2019-02-02 04:00:00,0.001,1.2,216,45,-5.1,23.3
2019-01-31 03:00:00,101456.15,-6,-8.9,79.26,1.54,280,NA,101890,6,NA,NA,NA,NA,903,1004,NA,NA,6,NA,NA,NA,2743.2,NA,NA,NA,NA,-9.53,NA,-9.05,90257.51,0,0,0,2.3,1,1,1,19,21,80,2019-01-29 18:00:00,2019-02-02 02:00:00,84,2019-01-29 16:00:00,2019-02-02 04:00:00,0.001,0.9,214,56,-5.2,18.7
2019-01-31 04:00:00,101456.15,-6,-8.9,79.26,0,0,NA,101860,6,NA,6001,NA,NA,803,904,NA,NA,6,-5,-6.7,NA,2743.2,NA,NA,NA,NA,-8.67,NA,-9.05,90257.51,0,0,0,2.5,1,1,1,19,21,80,2019-01-29 18:00:00,2019-02-02 02:00:00,84,2019-01-29 16:00:00,2019-02-02 04:00:00,0.001,0.9,209,53,-5.4,21.5
2019-01-31 05:00:00,101422.29,-5,-7.8,79.42,1.54,30,NA,101820,6,NA,NA,NA,NA,754,NA,NA,NA,6,NA,NA,NA,2286,NA,NA,NA,NA,-7.95,NA,-8.05,90227.39,0,0,0,1.8,1,1,1,19,21,80,2019-01-29 18:00:00,2019-02-02 02:00:00,84,2019-01-29 16:00:00,2019-02-02 04:00:00,0.001,1.1,171,62,-5.1,24.3
2019-01-31 06:00:00,101422.29,-5,-7.8,79.42,0,0,NA,101830,6,NA,NA,NA,NA,754,NA,NA,NA,6,NA,NA,NA,2286,NA,NA,NA,NA,-7.95,NA,-8.05,90227.39,0,0,0,1.9,1,1,1,19,21,80,2019-01-29 18:00:00,2019-02-02 02:00:00,84,2019-01-29 16:00:00,2019-02-02 04:00:00,0.001,0.9,148,51,-4.7,19.7
2019-01-31 07:00:00,101456.15,-5,-8.3,79.42,0,0,NA,101870,6,NA,3002,NA,NA,704,NA,NA,NA,6,NA,NA,NA,2133.6,NA,NA,NA,NA,-8.67,NA,-8.05,90257.51,0,0,0,2.1,1,1,1,19,21,80,2019-01-29 18:00:00,2019-02-02 02:00:00,84,2019-01-29 16:00:00,2019-02-02 04:00:00,0.001,1.3,235,49,-4.8,21.8
2019-01-31 08:00:00,101490.02,-4,-7.2,73.65,0,0,NA,101900,6,NA,NA,NA,NA,704,NA,NA,NA,5,NA,NA,NA,2133.6,NA,NA,NA,NA,-6.39,NA,-8.07,90287.65,0,0,0,1.3,1,1,1,19,21,80,2019-01-29 18:00:00,2019-02-02 02:00:00,84,2019-01-29 16:00:00,2019-02-02 04:00:00,0.001,1.2,230,52,-4.6,22.8
2019-01-31 09:00:00,101490.02,-3,-7.8,68.34,0,0,NA,101850,6,NA,NA,NA,NA,704,NA,NA,NA,6,NA,NA,NA,2133.6,NA,NA,NA,NA,NA,NA,-8.08,90287.65,0,0,0,0.7,1,1,1,19,21,80,2019-01-29 18:00:00,2019-02-02 02:00:00,84,2019-01-29 16:00:00,2019-02-02 04:00:00,0.001,0.7,202,62,-3.5,22.3
2019-01-31 10:00:00,101490.02,-3,-6.1,79.74,0,0,NA,101870,6,NA,1003,NA,NA,704,NA,NA,NA,5,-2.8,-5.6,NA,2133.6,NA,NA,NA,NA,-6.03,NA,-6.15,90287.65,0,0,0,1.2,1,1,1,19,21,80,2019-01-29 18:00:00,2019-02-02 02:00:00,84,2019-01-29 16:00:00,2019-02-02 04:00:00,0.002,1,191,49,-2.7,23.8
2019-01-31 11:00:00,101490.02,-2,-7.2,68.56,0,0,NA,101850,6,NA,NA,NA,NA,753,904,NA,NA,6,NA,NA,NA,2438.4,NA,NA,NA,NA,NA,NA,-7.08,90287.65,0,0,0,1,1,1,1,19,21,80,2019-01-29 18:00:00,2019-02-02 02:00:00,84,2019-01-29 16:00:00,2019-02-02 04:00:00,0.002,0.8,174,55,-1.1,28.5
2019-01-31 12:00:00,101456.15,-1,-5.6,68.78,0,0,NA,101720,6,NA,NA,NA,NA,804,904,NA,NA,6,NA,NA,NA,2438.4,NA,NA,NA,NA,-2.96,NA,-6.08,90257.51,0,0,0,0.6,1,1,1,19,21,80,2019-01-29 18:00:00,2019-02-02 02:00:00,84,2019-01-29 16:00:00,2019-02-02 04:00:00,0.003,0.8,196,57,0.4,21.8
2019-01-31 13:00:00,101320.7,-1,-6.1,68.78,0,0,NA,101650,6,NA,8018,NA,NA,803,977,NA,NA,6,NA,NA,NA,2438.4,NA,NA,NA,NA,-2.96,NA,-6.08,90137.02,0,0,0,1.6,1,1,1,19,21,80,2019-01-29 18:00:00,2019-02-02 02:00:00,84,2019-01-29 16:00:00,2019-02-02 04:00:00,0.003,1,104,53,2.1,23.3
2019-01-31 14:00:00,101252.97,0,-5.6,63.94,1.54,250,NA,101560,6,NA,NA,NA,NA,852,NA,NA,NA,6,NA,NA,NA,NA,NA,NA,NA,NA,-1.82,NA,-6.09,90076.76,0,0,0,1.5,1,1,1,19,21,80,2019-01-29 18:00:00,2019-02-02 02:00:00,84,2019-01-29 16:00:00,2019-02-02 04:00:00,0.003,0.8,319,75,2.5,22
2019-01-31 15:00:00,101185.24,1,-5.6,59.48,2.06,290,NA,101520,6,NA,NA,NA,NA,1,NA,NA,NA,6,NA,NA,NA,NA,NA,NA,NA,NA,-1.02,NA,-5.7,90016.51,0,0,0,1.2,1,1,0,19,21,80,2019-01-29 18:00:00,2019-02-02 02:00:00,84,2019-01-29 16:00:00,2019-02-02 04:00:00,0.003,1,248,54,2,26.7
2019-01-31 16:00:00,101185.24,0,-5.6,69,1.54,260,NA,101520,6,NA,6010,NA,NA,1,NA,NA,NA,6,1.7,-3.3,NA,NA,NA,NA,NA,NA,-2.53,NA,-5.08,90016.51,0,0,0,1.5,1,1,1,19,21,80,2019-01-29 18:00:00,2019-02-02 02:00:00,84,2019-01-29 16:00:00,2019-02-02 04:00:00,0.003,0.8,234,62,1.5,20.6
2019-01-31 17:00:00,101185.24,-1,-5.6,68.78,0,0,NA,101490,6,NA,NA,NA,NA,1,NA,NA,NA,6,NA,NA,NA,NA,NA,NA,NA,NA,NA,NA,-6.08,90016.51,0,0,0,1.9,1,1,1,19,21,80,2019-01-29 18:00:00,2019-02-02 02:00:00,84,2019-01-29 16:00:00,2019-02-02 04:00:00,0.002,1.1,174,60,0.5,24.8
2019-01-31 18:00:00,101151.38,-1,-6.1,68.78,0,0,NA,101500,NA,NA,NA,NA,NA,1,NA,NA,NA,10,NA,NA,NA,NA,NA,NA,NA,NA,-2.96,NA,-6.08,89986.38,0,0,0,1.5,1,1,1,19,21,80,2019-01-29 18:00:00,2019-02-02 02:00:00,84,2019-01-29 16:00:00,2019-02-02 04:00:00,0.001,1,187,67,-1,25.7
2019-01-31 19:00:00,101151.38,-1.5,-5.6,71.405,0,0,NA,101470,NA,NA,7005,NA,NA,1,NA,NA,NA,8,NA,NA,NA,NA,NA,NA,NA,NA,-2.96,NA,-6.075,89986.38,0,0,0,2,1,1,1,19,21,80,2019-01-29 18:00:00,2019-02-02 02:00:00,84,2019-01-29 16:00:00,2019-02-02 04:00:00,0.001,0.7,135,70,-2.1,22.7
2019-01-31 20:00:00,101117.52,-2,-6.7,74.03,0,0,NA,101440,NA,NA,NA,NA,NA,1,NA,NA,NA,8,NA,NA,NA,NA,NA,NA,NA,NA,-5.25,NA,-6.07,89956.26,0,0,0,2.5,1,1,1,19,21,80,2019-01-29 18:00:00,2019-02-02 02:00:00,84,2019-01-29 16:00:00,2019-02-02 04:00:00,0.001,0.8,159,75,-2.8,32.1
2019-01-31 21:00:00,101083.65,-3,-6.7,79.74,0,0,NA,101430,6,NA,NA,NA,NA,1,NA,NA,NA,6,NA,NA,NA,NA,NA,NA,NA,NA,NA,NA,-6.05,89926.13,0,0,0,3.2,1,1,1,19,21,80,2019-01-29 18:00:00,2019-02-02 02:00:00,84,2019-01-29 16:00:00,2019-02-02 04:00:00,0.001,0.8,179,65,-3.2,33.6
2019-01-31 22:00:00,101083.65,-3,-6.1,74.03,0,0,NA,101360,NA,NA,8008,NA,NA,1,NA,NA,NA,8,0,-3.9,NA,NA,NA,NA,NA,NA,-5.82,NA,-7.05,89926.13,0,0,0,2.8,1,1,1,19,21,80,2019-01-29 18:00:00,2019-02-02 02:00:00,84,2019-01-29 16:00:00,2019-02-02 04:00:00,0.001,0.7,150,75,-3.7,30.4
2019-01-31 23:00:00,101015.92,-4,-7.8,79.58,0,0,NA,101370,NA,NA,NA,NA,NA,1,NA,NA,NA,8,NA,NA,NA,NA,NA,1.7,-6.7,NA,-6.39,NA,-7.05,89865.88,0,0,0,4.2,1,1,1,19,21,80,2019-01-29 18:00:00,2019-02-02 02:00:00,84,2019-01-29 16:00:00,2019-02-02 04:00:00,0.002,0.8,187,66,-4.1,47.8
2019-02-01,101015.92,-4,-7.8,79.42,0,0,NA,101330,NA,NA,NA,NA,NA,1,NA,NA,NA,9,NA,NA,NA,NA,NA,NA,NA,NA,-7.53,NA,-7.86,89865.88,0,0,0,4.4,1,1,1,19,21,80,2019-01-29 18:00:00,2019-02-02 02:00:00,84,2019-01-29 16:00:00,2019-02-02 04:00:00,0.002,0.7,185,67,-4.7,45.8
2019-02-01 01:00:00,100982.06,-5,-8.3,79.58,1.54,300,NA,101310,6,NA,8005,NA,NA,1,NA,NA,NA,9,NA,NA,NA,NA,NA,NA,NA,NA,-7.875,NA,-8.04,89835.75,0,0,0,5.2,1,1,1,19,21,80,2019-01-29 18:00:00,2019-02-02 02:00:00,84,2019-01-29 16:00:00,2019-02-02 04:00:00,0.001,0.8,176,57,-5,28.2
2019-02-01 02:00:00,100982.06,-6,-8.9,85.71,0,0,NA,101320,NA,NA,NA,NA,NA,1,NA,NA,NA,8,NA,NA,NA,NA,NA,NA,NA,NA,-8.67,NA,-8.04,89835.75,0,0,0,6,1,1,1,19,21,80,2019-01-29 18:00:00,2019-02-02 02:00:00,84,2019-01-29 16:00:00,2019-02-02 04:00:00,0.001,1,199,58,-5.5,31.9
2019-02-01 03:00:00,101015.92,-7,-8.9,85.59,1.54,280,NA,101310,31,NA,NA,NA,NA,1,NA,NA,NA,6,NA,NA,NA,NA,NA,NA,NA,NA,-9.82,NA,-9.04,89865.88,0,0,0,6.1,1,1,1,19,21,80,2019-01-29 18:00:00,2019-02-02 02:00:00,84,2019-01-29 16:00:00,2019-02-02 04:00:00,0.001,0.8,183,66,-6.3,22
2019-02-01 04:00:00,101015.92,-7,-9.4,85.59,0,0,NA,101360,18.5,NA,3003,NA,NA,1,NA,NA,NA,8,-2.8,-7.2,NA,NA,NA,NA,NA,NA,-9.82,NA,-9.04,89865.88,0,0,0,5.9,1,1,1,19,21,80,2019-01-29 18:00:00,2019-02-02 02:00:00,84,2019-01-29 16:00:00,2019-02-02 04:00:00,0.001,1,150,69,-6.3,20.8
2019-02-01 05:00:00,101015.92,-7,-8.9,85.59,0,0,NA,101360,NA,NA,NA,NA,NA,1,NA,NA,NA,8,NA,NA,NA,NA,NA,NA,NA,NA,-8.67,NA,-9.04,89865.88,0,0,0,6,1,1,1,19,21,80,2019-01-29 18:00:00,2019-02-02 02:00:00,84,2019-01-29 16:00:00,2019-02-02 04:00:00,0.001,0.9,197,69,-6.6,16.7
2019-02-01 06:00:00,101015.92,-6,-8.3,85.71,0,0,NA,101360,NA,NA,NA,NA,NA,1,NA,NA,NA,8,NA,NA,NA,NA,NA,NA,NA,NA,-9.82,NA,-8.04,89865.88,0,0,0,5.6,1,1,1,19,21,80,2019-01-29 18:00:00,2019-02-02 02:00:00,84,2019-01-29 16:00:00,2019-02-02 04:00:00,0.001,0.8,152,70,-6.7,17.2
2019-02-01 07:00:00,101015.92,-7,NA,85.59,0,0,NA,NA,NA,NA,NA,NA,NA,1,NA,NA,NA,8,NA,NA,NA,NA,NA,NA,NA,NA,NA,NA,-9.04,89865.88,0,0,0,7,1,1,1,19,21,80,2019-01-29 18:00:00,2019-02-02 02:00:00,84,2019-01-29 16:00:00,2019-02-02 04:00:00,0.001,0.8,205,45,-6.8,19.9
2019-02-01 08:00:00,NA,NA,NA,NA,NA,NA,NA,NA,NA,NA,NA,NA,NA,NA,NA,NA,NA,NA,NA,NA,NA,NA,NA,NA,NA,NA,NA,NA,NA,NA,NA,NA,NA,NA,NA,NA,NA,NA,NA,NA,NA,NA,NA,NA,NA,0.001,1.1,219,63,-6.3,24.5
2019-02-01 09:00:00,101015.92,-6,-8.3,85.71,0,0,NA,101410,6,NA,NA,NA,NA,1,NA,NA,NA,5,NA,NA,NA,NA,NA,NA,NA,NA,-8.67,NA,-8.04,89865.88,0,0,0,6.2,1,1,1,19,21,80,2019-01-29 18:00:00,2019-02-02 02:00:00,84,2019-01-29 16:00:00,2019-02-02 04:00:00,0.001,0.7,185,59,-4.4,23.3
2019-02-01 10:00:00,101015.92,-6,-7.8,85.71,0,0,NA,101370,31,NA,0,NA,NA,1,NA,NA,NA,10,-4.4,-7.8,NA,NA,NA,NA,NA,NA,-8.445,NA,-8.04,89865.88,0,0,0,6.4,1,1,1,19,21,80,2019-01-29 18:00:00,2019-02-02 02:00:00,84,2019-01-29 16:00:00,2019-02-02 04:00:00,0.002,1.2,224,41,-2.3,20.4
2019-02-01 11:00:00,100982.06,-4,-6.1,79.58,0,0,NA,101320,NA,NA,NA,NA,NA,1,NA,NA,NA,5,NA,NA,NA,NA,NA,NA,NA,NA,-6.39,NA,-7.05,89835.75,0,0,0,5.8,1,1,1,19,21,80,2019-01-29 18:00:00,2019-02-02 02:00:00,84,2019-01-29 16:00:00,2019-02-02 04:00:00,0.002,1.1,223,45,-0.7,20.7
2019-02-01 12:00:00,100880.47,-3,-5.6,79.74,0,0,NA,101160,NA,NA,NA,NA,NA,1,NA,NA,NA,10,NA,NA,NA,NA,NA,NA,NA,NA,-5.25,NA,-6.05,89745.38,0,0,0,5.6,1,1,1,19,21,80,2019-01-29 18:00:00,2019-02-02 02:00:00,84,2019-01-29 16:00:00,2019-02-02 04:00:00,0.002,1.1,207,40,0.1,22.3
2019-02-01 13:00:00,100778.88,-1,-3.9,74.03,0,0,NA,101020,NA,NA,8027,NA,NA,904,903,NA,NA,6,NA,NA,NA,2743.2,NA,NA,NA,NA,-4.48,NA,-5.06,89655,0,0,0,3.9,1,1,1,19,21,80,2019-01-29 18:00:00,2019-02-02 02:00:00,84,2019-01-29 16:00:00,2019-02-02 04:00:00,0.003,1,233,58,0.8,19.2
2019-02-01 14:00:00,100677.29,0,-3.9,71.78,0,0,NA,100970,NA,NA,NA,NA,NA,854,NA,NA,NA,8,NA,NA,NA,2590.8,NA,NA,NA,NA,-1.59,NA,-4.06,89564.62,0,0,0,2.9,1,1,1,19,21,80,2019-01-29 18:00:00,2019-02-02 02:00:00,84,2019-01-29 16:00:00,2019-02-02 04:00:00,0.003,1.1,242,56,1.2,18.9
2019-02-01 15:00:00,100609.56,1,-3.3,74.6,2.06,260,NA,100970,6,NA,NA,NA,NA,804,NA,NA,NA,7,NA,NA,NA,2438.4,NA,NA,NA,NA,-1.91,NA,-3.34,89504.37,0,0,0,1,1,1,0,19,21,80,2019-01-29 18:00:00,2019-02-02 02:00:00,84,2019-01-29 16:00:00,2019-02-02 04:00:00,0.003,0.9,193,50,1.7,18.5
2019-02-01 16:00:00,100609.56,-1,-3.3,80.19,1.54,250,NA,100920,NA,NA,6011,NA,NA,804,804,NA,NA,10,1.1,-5.6,NA,2362.2,NA,NA,NA,NA,-3.7,NA,-3.05,89504.37,0,0,0,2.8,1,1,1,19,21,80,2019-01-29 18:00:00,2019-02-02 02:00:00,84,2019-01-29 16:00:00,2019-02-02 04:00:00,0.002,0.8,167,72,1.7,21.8
2019-02-01 17:00:00,100575.69,0,-3.3,80.19,0,0,NA,100890,NA,NA,NA,NA,NA,754,NA,NA,NA,10,NA,NA,NA,2286,NA,NA,NA,NA,-2.39,NA,-3.05,89474.24,0,0,0,1.8,1,1,1,19,21,80,2019-01-29 18:00:00,2019-02-02 02:00:00,84,2019-01-29 16:00:00,2019-02-02 04:00:00,0.001,0.8,182,68,1.2,23
2019-02-01 18:00:00,100541.83,1,-3.3,74.6,0,0,NA,100850,NA,NA,NA,NA,NA,653,804,NA,NA,10,NA,NA,NA,1981.2,NA,NA,NA,NA,-1.82,NA,-3.06,89444.12,0,0,0,1.5,1,1,1,19,21,80,2019-01-29 18:00:00,2019-02-02 02:00:00,84,2019-01-29 16:00:00,2019-02-02 04:00:00,0.001,0.7,195,62,0.7,27.5
2019-02-01 19:00:00,100541.83,0,-2.2,80.19,0,0,NA,100840,NA,NA,7007,NA,NA,754,854,NA,NA,6,NA,NA,NA,2286,NA,NA,NA,NA,-0.68,NA,-3.05,89444.12,0,0,0,2.5,1,1,1,19,21,80,2019-01-29 18:00:00,2019-02-02 02:00:00,84,2019-01-29 16:00:00,2019-02-02 04:00:00,0.001,0.9,172,68,0.6,24.3
2019-02-01 20:00:00,100474.1,0,-3.3,80.19,0,0,NA,100810,NA,NA,NA,NA,NA,804,NA,NA,NA,7,NA,NA,NA,2438.4,NA,NA,NA,NA,-1.82,NA,-3.05,89383.86,0,0,0,2.3,1,1,1,19,21,80,2019-01-29 18:00:00,2019-02-02 02:00:00,84,2019-01-29 16:00:00,2019-02-02 04:00:00,0.001,0.8,165,75,0.4,26
2019-02-01 21:00:00,100474.1,0,-2.8,80.19,2.06,290,NA,100770,NA,NA,NA,NA,NA,804,NA,NA,NA,6,NA,NA,NA,2438.4,NA,NA,NA,NA,-2.53,NA,-3.05,89383.86,0,0,0,2.3,1,1,0,19,21,80,2019-01-29 18:00:00,2019-02-02 02:00:00,84,2019-01-29 16:00:00,2019-02-02 04:00:00,0.001,0.9,203,71,0.1,25.8
2019-02-01 22:00:00,100440.24,-1,-3.3,86.26,1.54,40,NA,100720,NA,NA,8009,NA,NA,804,NA,NA,NA,6,0.6,-1.1,NA,2438.4,NA,NA,NA,NA,-2.96,NA,-3.03,89353.74,0,0,0,3.1,1,1,1,19,21,80,2019-01-29 18:00:00,2019-02-02 02:00:00,84,2019-01-29 16:00:00,2019-02-02 04:00:00,0.001,0.8,149,85,-0.2,36.9
2019-02-01 23:00:00,100406.37,-0.6,-2.8,86.26,0,0,NA,100660,NA,NA,NA,NA,NA,704,NA,NA,NA,6,NA,NA,NA,2133.6,NA,1.1,-7.8,NA,-2.745,NA,-3.03,89323.61,0,0,0,2.5,1,1,1,19,21,80,2019-01-29 18:00:00,2019-02-02 02:00:00,84,2019-01-29 16:00:00,2019-02-02 04:00:00,0.001,0.8,169,73,-0.3,28.7
2019-02-02,100372.51,-1,-3.3,86.26,0,0,NA,100630,NA,NA,NA,NA,NA,604,NA,NA,NA,6,NA,NA,NA,1828.8,NA,NA,NA,NA,-2.96,NA,-3.03,89293.49,0,0,0,2.9,1,1,1,19,21,80,2019-01-29 18:00:00,2019-02-02 02:00:00,84,2019-01-29 16:00:00,2019-02-02 04:00:00,0.001,0.9,173,75,-0.3,30.4
2019-02-02 01:00:00,100372.51,0,-2.8,80.19,0,0,NA,100610,NA,NA,5003,NA,NA,654,NA,NA,NA,6,NA,NA,NA,1981.2,NA,NA,NA,NA,-2.39,NA,-3.05,89293.49,0,0,0,1.4,1,1,1,19,21,80,2019-01-29 18:00:00,2019-02-02 02:00:00,84,2019-01-29 16:00:00,2019-02-02 04:00:00,0.001,0.9,174,76,-0.3,24.5
2019-02-02 02:00:00,100372.51,0,-2.2,86.37,1.54,60,NA,100590,NA,NA,NA,NA,NA,604,654,NA,NA,5,NA,NA,NA,1828.8,NA,NA,NA,NA,-1.82,NA,-2.03,89293.49,0,0,0,0.8,1,1,1,19,21,80,2019-01-29 18:00:00,2019-02-02 02:00:00,84,2019-01-29 16:00:00,2019-02-02 04:00:00,0.001,1,163,64,-0.3,26.5
2019-02-02 03:00:00,100338.65,0,-2.2,85.1,2.06,110,NA,100530,13,854,NA,0.254,NA,556,678.5,NA,NA,5,NA,NA,NA,1981.2,NA,NA,NA,NA,-2.53,NA,-2.05,89263.36,0,0,0,0.3,0,1,0,NA,21,NA,NA,NA,84,2019-01-29 16:00:00,2019-02-02 04:00:00,0.001,0.9,103,67,-0.2,24.5
2019-02-02 04:00:00,100237.06,0,-1.7,86.37,0,0,NA,100450,NA,NA,8014,NA,NA,704,804,0.254,0.254,5,0.6,-0.6,NA,2438.4,NA,NA,NA,NA,-2.53,NA,-2.03,89172.99,0,0,0,0.1,0,1,1,NA,21,NA,NA,NA,84,2019-01-29 16:00:00,2019-02-02 04:00:00,0,1,192,64,-0.2,22.5
2019-02-02 05:00:00,100169.33,0.6,-2.2,81.48,1.54,80,NA,100400,NA,NA,NA,NA,NA,654,654,NA,NA,6,NA,NA,NA,1981.2,NA,NA,NA,NA,-1.825,NA,-2.05,89112.73,0,0,0,-0.5,0,0,1,NA,NA,NA,NA,NA,NA,NA,NA,0,1,147,74,-0.2,21.3
2019-02-02 06:00:00,100169.33,1,-1.7,80.34,1.54,75,NA,100400,NA,704,NA,NA,NA,426,704,NA,NA,6,NA,NA,NA,2133.6,NA,NA,NA,NA,-1.36,NA,-2.05,89112.73,0,0,0,-1,0,0,1,NA,NA,NA,NA,NA,NA,NA,NA,0,1.2,136,72,0.1,23
2019-02-02 07:00:00,100169.33,1,-1.7,80.34,1.54,110,NA,100430,NA,754,5002,NA,NA,426,654,NA,NA,7,NA,NA,NA,1981.2,NA,NA,NA,NA,-1.36,NA,-2.05,89112.73,0,0,0,-1,0,0,1,NA,NA,NA,NA,NA,NA,NA,NA,0,1.1,162,62,0.4,19.7
2019-02-02 08:00:00,100237.06,1,-1.7,80.34,0,0,NA,100460,13,NA,NA,0.025,NA,604,654,NA,NA,6,NA,NA,NA,1828.8,NA,NA,NA,NA,-0.68,NA,-2.05,89172.99,0,0,0,-1,0,0,1,NA,NA,NA,NA,NA,NA,NA,NA,0,1,150,71,0.6,13.2
2019-02-02 09:00:00,100237.06,1,-1.7,86.48,0,0,NA,100470,NA,979,NA,0.025,NA,396,702,NA,NA,6,NA,NA,NA,1981.2,NA,NA,NA,NA,-0.68,NA,-1.03,89172.99,0,0,0,-1,0,0,1,NA,NA,NA,NA,NA,NA,NA,NA,0,1.1,143,79,0.9,20.7
2019-02-02 10:00:00,100237.06,1,-1.1,86.48,2.06,290,NA,100480,31,829,1004,NA,NA,486,703,0.025,NA,8,1.7,0,NA,2133.6,NA,NA,NA,NA,-1.02,NA,-1.03,89172.99,0,0,0,-1,0,0,0,NA,NA,NA,NA,NA,NA,NA,NA,0,1.1,165,66,1.7,12.9
2019-02-02 11:00:00,100237.06,1,-0.6,86.48,0,0,NA,100450,31,604,NA,NA,NA,503,503,NA,NA,4,NA,NA,NA,1676.4,NA,NA,NA,NA,-1.36,NA,-1.03,89172.99,0,0,0,-1,0,0,1,NA,NA,NA,NA,NA,NA,NA,NA,0.001,1.3,163,84,2.4,17.2
2019-02-02 12:00:00,100203.19,2,0,85.35,1.54,270,NA,100370,31,NA,NA,NA,NA,434,504,NA,NA,10,NA,NA,NA,1310.64,NA,NA,NA,NA,0.47,NA,-1.03,89142.85,0,0,0,-1.9,0,0,1,NA,NA,NA,NA,NA,NA,NA,NA,0.001,1.1,201,89,3.1,15.4
2019-02-02 13:00:00,100101.6,2,0,80.63,0,0,NA,100300,31,NA,8014,NA,NA,604,604,NA,NA,5,NA,NA,NA,1828.8,NA,NA,NA,NA,-0.2,NA,-0.05,89052.48,0,0,0,-1.7,0,0,1,NA,NA,NA,NA,NA,NA,NA,NA,0.001,1,194,74,3.4,11.7
2019-02-02 14:00:00,100033.87,2.8,0,80.63,2.06,150,NA,100230,6,NA,NA,NA,NA,554,NA,NA,NA,10,NA,NA,NA,1676.4,NA,NA,NA,NA,0.74,NA,-0.05,88992.22,0,0,0,-2.7,0,0,0,NA,NA,NA,NA,NA,NA,NA,NA,0.001,0.9,103,54,3.9,17.9
2019-02-02 15:00:00,100000.01,3,0,80.63,2.06,300,NA,100160,6,NA,NA,NA,NA,604,NA,NA,NA,10,NA,NA,NA,1828.8,NA,NA,NA,NA,0.97,NA,-0.05,88962.1,0,0,0,-2.8,0,0,0,NA,NA,NA,NA,NA,NA,NA,NA,0,0.9,254,32,4.5,18
2019-02-02 16:00:00,99932.28,3,0,80.63,0,0,NA,100110,6,NA,6017,NA,NA,496,604,NA,NA,4,3.9,1.1,NA,1828.8,NA,NA,NA,NA,1.495,NA,-0.05,88901.85,0,0,0,-2.8,0,0,1,NA,NA,NA,NA,NA,NA,NA,NA,0,0.8,259,69,3.1,23
2019-02-02 17:00:00,99898.42,3,0,80.63,1.54,330,NA,100060,NA,NA,NA,NA,NA,422,604,NA,NA,10,NA,NA,NA,1676.4,NA,NA,NA,NA,0.97,NA,-0.05,88871.72,0,0,0,-3,0,0,1,NA,NA,NA,NA,NA,NA,NA,NA,0,0.8,178,42,2.4,22
2019-02-02 18:00:00,99864.55,2,0,86.58,0,0,NA,100050,31,NA,NA,NA,NA,483,554,NA,NA,4,NA,NA,NA,1463.04,NA,NA,NA,NA,-0.04,NA,-0.03,88841.59,0,0,0,-2.1,0,0,1,NA,NA,NA,NA,NA,NA,NA,NA,0,0.5,149,67,1.9,23.8
2019-02-02 19:00:00,99830.69,2,0,86.58,0,0,NA,99980,2493,NA,8012,0.025,0.025,384,NA,NA,NA,4,NA,NA,NA,1158.24,NA,NA,NA,NA,0.47,NA,-0.03,88811.47,0,0,0,-2,0,0,1,NA,NA,NA,NA,NA,NA,NA,NA,0,0.7,173,59,1.6,28
2019-02-02 20:00:00,99729.1,2,0,86.58,0,0,NA,99890,2493,554,NA,0.254,NA,343,444,NA,NA,3,NA,NA,NA,1066.8,NA,NA,NA,NA,NA,NA,-0.03,88721.09,0,0,0,-1.7,0,0,1,NA,NA,NA,NA,NA,NA,NA,NA,0,0.6,177,59,1.2,31.4
2019-02-02 21:00:00,99644.44,2,0.3,93.08,0,0,NA,99790,31,804,NA,0.025,NA,654,754,NA,NA,2.5,NA,NA,NA,2133.6,NA,NA,NA,NA,0.47,NA,0.98,88645.78,0,0,0,-1.7,0,0,1,NA,NA,NA,NA,NA,NA,NA,NA,0,0.8,164,66,1.1,26
2019-02-02 22:00:00,99559.78,1,0.6,93.08,0,0,NA,99730,2493,NA,8015,0.025,NA,503,554,0.254,NA,2,2.8,1.1,NA,1524,NA,NA,NA,NA,0.47,NA,0.98,88570.46,0,0,0,-0.5,0,0,1,NA,NA,NA,NA,NA,NA,NA,NA,0,0.5,170,58,0.9,25
2019-02-02 23:00:00,99458.19,1,0,93.02,1.54,290,NA,99620,733,494,NA,0.254,NA,334.5,493.5,NA,NA,0.5,NA,NA,NA,1493.52,NA,3.9,-0.6,NA,-1.13,NA,-0.02,88480.09,0,0,0,-0.7,0,0,1,NA,NA,NA,NA,NA,NA,NA,NA,0,0.8,172,43,0.8,30.7
2019-02-03,99390.46,1,0,95.75,0,0,NA,99520,2493,499,NA,0.025,NA,46,114,NA,NA,1.75,NA,NA,NA,335.28,NA,NA,NA,NA,-0.68,NA,-0.01,88419.83,0,0,0,-0.6,0,0,1,NA,NA,NA,NA,NA,NA,NA,NA,0,0.7,147,51,0.7,23.5
2019-02-03 01:00:00,99288.87,1,0,93.02,2.06,260,NA,99430,9,554,8017,0.025,0.254,92,353,NA,NA,0.5,NA,NA,NA,1097.28,NA,NA,NA,NA,-1.79,NA,-0.02,88329.46,0,0,0,-0.7,0,0,0,NA,NA,NA,NA,NA,NA,NA,NA,0,0.7,178,50,0.7,23.3
2019-02-03 02:00:00,99221.14,1,0,93.02,2.57,120,NA,99390,733,254,NA,0.762,NA,43,254,NA,NA,0.5,NA,NA,NA,121.92,NA,NA,NA,NA,-2.145,NA,-0.02,88269.2,0,0,0,-0.7,0,0,0,NA,NA,NA,NA,NA,NA,NA,NA,0,0.6,175,71,0.7,16.2
2019-02-03 03:00:00,99187.28,1.05,0.6,93.08,2.83,100,NA,99300,2493,154,NA,1.143,NA,72.5,154,NA,NA,1.5,NA,NA,NA,243.84,NA,NA,NA,NA,-1.675,NA,0.59,88239.08,0,0,0,-0.95,0,0,0,NA,NA,NA,NA,NA,NA,NA,NA,0,0.8,95,70,0.6,12.7
2019-02-03 04:00:00,99085.68,2,0.6,93.08,3.09,120,NA,99220,2493,NA,8013,0.508,NA,134,214,3.81,4.064,5,1.7,0.6,NA,396.24,NA,NA,NA,NA,-1.53,NA,0.98,88148.69,0,0,0,-2.2,0,0,0,NA,NA,NA,NA,NA,NA,NA,NA,0,0.7,126,65,0.7,11.7
2019-02-03 05:00:00,99051.82,1,0.6,90.375,4.885,130,NA,99190,20,NA,NA,0.254,NA,219,214,NA,NA,7.5,NA,NA,NA,655.32,NA,NA,NA,NA,-3.595,NA,-0.525,88118.57,0,0,0,-1.4,0,0,0,NA,NA,NA,NA,NA,NA,NA,NA,0.004,2.4,74,40,0.6,7.6
2019-02-03 06:00:00,99017.96,1,-1.1,86.48,7.72,130,NA,99200,2500,NA,NA,0.025,NA,243,494,NA,NA,6,NA,NA,NA,731.52,NA,NA,NA,NA,-5.11,NA,-1.03,88088.45,0,0,0,-1.6,0,0,0,NA,NA,NA,NA,NA,NA,NA,NA,0.014,4.1,71,24,-1.3,5
2019-02-03 07:00:00,99085.68,-1.35,-3.35,86.37,8.49,95,12.09,99340,2500,NA,3005,0.254,0.762,274,254,NA,NA,2.5,NA,NA,13.89,822.96,NA,NA,NA,100,-8.43,NA,-2.92,88148.69,0,0,0,0.85,1,1,0,NA,NA,1,2019-02-03 07:00:00,2019-02-03 07:00:00,1,2019-02-03 07:00:00,2019-02-03 07:00:00,0.02,4.6,61,21,-3.4,4
2019-02-03 08:00:00,99204.21,-3.65,-4.4,92.07,9.26,110,13.38,99520,2500,NA,NA,0.762,NA,132.5,254,NA,NA,1,NA,NA,13.89,426.72,NA,NA,NA,105,-11.455,NA,-4.72,88254.14,0,0,0,-0.65,0,0,0,NA,NA,NA,NA,NA,NA,NA,NA,0.022,5,71,21,-5,4
2019-02-03 09:00:00,99390.46,-6,-8.35,85.71,10.8,110,13.635,99700,2500,NA,NA,0.025,NA,254,334,NA,NA,2,NA,NA,15.69,762,NA,NA,NA,120,-15.09,NA,-8.04,88419.83,0,0,0,-0.4,0,0,0,NA,NA,NA,NA,NA,NA,NA,NA,0.022,5.1,65,20,-6.5,4.5
2019-02-03 10:00:00,99525.91,-8,-10.6,85.47,11.32,120,13.89,99890,2500,NA,3041,0.254,NA,263.5,354,2.032,NA,2,1.7,-8.3,14.4,792.48,NA,NA,NA,120,-18.14,NA,-10.04,88540.33,0,0,0,-3.5,0,0,0,NA,NA,NA,NA,NA,NA,NA,NA,0.023,5,65,25,-7.7,4
2019-02-03 11:00:00,99661.37,-9,-11.7,85.36,11.83,120,14.4,100070,2403,504,NA,0.025,NA,205,338.5,NA,NA,0.5,NA,NA,15.43,609.6,NA,NA,NA,120,-19.67,NA,-11.04,88660.84,0,0,0,-2.4,0,0,0,NA,NA,NA,NA,NA,NA,NA,NA,0.023,4.8,66,24,-9.2,4.7
2019-02-03 12:00:00,99796.82,-10,-13.3,78.77,11.83,110,14.915,100170,20,504,NA,0.025,NA,393,504,NA,NA,0.75,NA,NA,15.43,1463.04,NA,NA,NA,110,-21.02,NA,-13.05,88781.34,0,0,0,-5.6,0,0,0,NA,NA,NA,NA,NA,NA,NA,NA,0.023,3.7,52,35,-9.8,4
2019-02-03 13:00:00,99881.485,-11,-13.9,80.085,12.35,110,15.175,100280,12,504,1031,0.025,0.254,195,418.5,NA,NA,0.5,NA,NA,16.46,579.12,NA,NA,NA,110,-22.56,NA,-13.65,88856.655,0,0,0,-1.9,0,0,0,NA,NA,NA,NA,NA,NA,NA,NA,0.023,3.1,42,39,-10.8,4.2
2019-02-03 14:00:00,99966.14,-11,-13.6,85.11,11.83,110,14.145,100380,2420,NA,NA,0.025,NA,214,324,NA,NA,0.5,NA,NA,NA,640.08,NA,NA,NA,NA,-22.36,NA,-13.04,88931.97,0,0,0,0.5,1,1,0,21,23,6,2019-02-03 14:00:00,2019-02-03 19:00:00,53,2019-02-03 14:00:00,2019-02-05 18:00:00,0.023,2.4,42,42,-10.9,4.5
2019-02-03 15:00:00,100050.805,-11,-13.6,78.44,10.8,110,13.38,100470,41,444,NA,0.076,NA,347.5,424,NA,NA,1.375,NA,NA,13.89,1097.28,NA,NA,NA,110,-21.905,NA,-14.005,89007.29,0,0,0,5.2,1,1,0,21,23,6,2019-02-03 14:00:00,2019-02-03 19:00:00,53,2019-02-03 14:00:00,2019-02-05 18:00:00,0.023,2.9,59,48,-10.7,4
2019-02-03 16:00:00,100169.33,-11,-14.4,78.44,9.77,110,13.89,100570,20,NA,1018,0.025,NA,334,444,0.254,NA,1.75,-8.3,-11.1,13.89,1341.12,NA,NA,NA,110,-21.63,NA,-14.05,89112.73,0,0,0,5.7,1,1,0,21,23,6,2019-02-03 14:00:00,2019-02-03 19:00:00,53,2019-02-03 14:00:00,2019-02-05 18:00:00,0.024,5.1,75,28,-11.4,4.3
2019-02-03 17:00:00,100237.06,-11.7,-15,72.69,10.29,110,13.635,100650,41,NA,NA,0.127,NA,413,529,NA,NA,2,NA,NA,14.4,1249.68,NA,NA,NA,120,-22.82,NA,-15.07,89172.99,0,0,0,5.9,1,1,0,21,23,6,2019-02-03 14:00:00,2019-02-03 19:00:00,53,2019-02-03 14:00:00,2019-02-05 18:00:00,0.025,6.8,92,12,-12.2,3
2019-02-03 18:00:00,100287.85,-12,-15.6,72.03,9.77,110,13.89,100720,20,NA,NA,0.025,NA,364,NA,NA,NA,2.5,NA,NA,14.4,1097.28,NA,NA,NA,120,-22.82,NA,-16.07,89218.17,0,0,0,5.8,1,1,0,21,23,6,2019-02-03 14:00:00,2019-02-03 19:00:00,53,2019-02-03 14:00:00,2019-02-05 18:00:00,0.025,6.3,95,12,-12.7,3.7
2019-02-03 19:00:00,100338.65,-12,-16.7,69.03,8.75,110,12.605,100770,20,NA,1007,0.127,0.025,474,504,NA,NA,5,NA,NA,NA,1432.56,NA,NA,NA,NA,-22.32,NA,-16.77,89263.36,0,0,0,3,1,1,0,21,23,6,2019-02-03 14:00:00,2019-02-03 19:00:00,53,2019-02-03 14:00:00,2019-02-05 18:00:00,0.026,6.5,96,11,-13.1,5.7
2019-02-03 20:00:00,100338.65,-13,-16.7,71.81,8.75,110,12.35,100840,20,NA,NA,0.254,NA,254,464,NA,NA,1.5,NA,NA,NA,762,NA,NA,NA,NA,-23.37,NA,-17.07,89263.36,0,0,0,0.300000000000001,0,1,0,NA,23,NA,NA,NA,53,2019-02-03 14:00:00,2019-02-05 18:00:00,0.026,5.8,99,13,-13.7,4.2
2019-02-03 21:00:00,100406.37,-13,-17.2,71.81,9.26,110,11.32,100920,20,NA,NA,0.025,NA,264,NA,NA,NA,2,NA,NA,NA,792.48,NA,NA,NA,NA,-23.89,NA,-17.07,89323.61,0,0,0,4.6,1,1,0,22,23,45,2019-02-03 21:00:00,2019-02-05 17:00:00,53,2019-02-03 14:00:00,2019-02-05 18:00:00,0.025,5.2,99,16,-13.9,3.3
2019-02-03 22:00:00,100406.37,-13.15,-17.8,71.6,9.26,110,13.89,100920,20,NA,5,0.254,NA,289,NA,0.508,NA,2,-11.1,-13.9,13.89,868.68,NA,NA,NA,120,-24.28,NA,-18.07,89323.61,0,0,0,3.95,1,1,0,22,23,45,2019-02-03 21:00:00,2019-02-05 17:00:00,53,2019-02-03 14:00:00,2019-02-05 18:00:00,0.025,5.4,100,16,-13.8,3
2019-02-03 23:00:00,100406.37,-13.9,-18.3,65.98,9.26,110,11.835,100960,20,NA,NA,0.025,NA,403,494,NA,NA,2.5,NA,NA,13.89,1219.2,NA,1.7,-13.9,110,-24.36,NA,-18.08,89323.61,0,0,0,7,1,1,0,22,23,45,2019-02-03 21:00:00,2019-02-05 17:00:00,53,2019-02-03 14:00:00,2019-02-05 18:00:00,0.026,5.1,100,18,-13.8,2.3
2019-02-04,100406.37,-14,-18.9,65.74,9.77,110,14.145,100970,32,NA,NA,NA,NA,364,NA,NA,NA,2.5,NA,NA,14.4,1097.28,NA,NA,NA,110,-25.33,NA,-19.08,89323.61,0,0,0,7.4,1,1,0,22,23,45,2019-02-03 21:00:00,2019-02-05 17:00:00,53,2019-02-03 14:00:00,2019-02-05 18:00:00,0.026,4.4,106,18,-14.1,1.8
2019-02-04 01:00:00,100372.51,-14,-19.4,65.74,9.77,110,13.89,100970,6,NA,1001,NA,0.025,354,NA,NA,NA,3,NA,NA,13.89,1066.8,NA,NA,NA,90,-25.46,NA,-19.08,89293.49,0,0,0,8,1,1,0,22,23,45,2019-02-03 21:00:00,2019-02-05 17:00:00,53,2019-02-03 14:00:00,2019-02-05 18:00:00,0.026,4.6,102,23,-14.2,4.2
2019-02-04 02:00:00,100406.37,-14,-19.7,65.74,8.23,110,10.8,100990,6,NA,NA,NA,NA,354,NA,NA,NA,6,NA,NA,NA,1066.8,NA,NA,NA,NA,-24.65,NA,-19.08,89323.61,0,0,0,8,1,1,0,22,23,45,2019-02-03 21:00:00,2019-02-05 17:00:00,53,2019-02-03 14:00:00,2019-02-05 18:00:00,0.025,3.7,84,37,-14.4,5
2019-02-04 03:00:00,100406.37,-14,-20,60.31,8.23,100,10.8,100990,NA,NA,NA,NA,NA,374,NA,NA,NA,9,NA,NA,NA,1127.76,NA,NA,NA,NA,-24.65,NA,-20.09,89323.61,0,0,0,7.9,1,1,0,22,23,45,2019-02-03 21:00:00,2019-02-05 17:00:00,53,2019-02-03 14:00:00,2019-02-05 18:00:00,0.025,2.5,81,64,-14.7,2.2
2019-02-04 04:00:00,100338.65,-14,-20,60.31,9.26,100,12.09,100910,6,NA,8006,NA,NA,373,704,0.025,2.794,7,-13.3,-14.4,14.4,2133.6,NA,NA,NA,120,-25.21,NA,-20.09,89263.36,0,0,0,6.5,1,1,0,22,23,45,2019-02-03 21:00:00,2019-02-05 17:00:00,53,2019-02-03 14:00:00,2019-02-05 18:00:00,0.025,2.4,61,62,-14.6,2.3
2019-02-04 05:00:00,100372.51,-14,-20.6,59.16,10.29,110,12.86,100980,6,NA,NA,NA,NA,354,704,NA,NA,4,NA,NA,13.89,1066.8,NA,NA,NA,90,-25.71,NA,-20.69,89293.49,0,0,0,8.2,1,1,0,22,23,45,2019-02-03 21:00:00,2019-02-05 17:00:00,53,2019-02-03 14:00:00,2019-02-05 18:00:00,0.025,1.7,36,65,-14.7,3
2019-02-04 06:00:00,100372.51,-14,-20,60.31,7.72,110,12.86,101000,20,704,NA,0.025,NA,353,528.5,NA,NA,8,NA,NA,NA,1066.8,NA,NA,NA,NA,-24.36,NA,-20.09,89293.49,0,0,0,6,1,1,0,22,23,45,2019-02-03 21:00:00,2019-02-05 17:00:00,53,2019-02-03 14:00:00,2019-02-05 18:00:00,0.025,2.5,85,46,-14.4,5.2
2019-02-04 07:00:00,100406.37,-14,-18.9,65.74,7.2,100,10.8,101020,20,NA,1008,0.025,0.025,304,NA,NA,NA,1.375,NA,NA,NA,914.4,NA,NA,NA,NA,-24.04,NA,-19.08,89323.61,0,0,0,7.6,1,1,0,22,23,45,2019-02-03 21:00:00,2019-02-05 17:00:00,53,2019-02-03 14:00:00,2019-02-05 18:00:00,0.024,2.5,66,41,-14.9,5.9
2019-02-04 08:00:00,100474.1,-15,-18.3,76.77,7.2,100,10.03,101130,20,NA,NA,0.254,NA,195,NA,NA,NA,0.75,NA,NA,NA,579.12,NA,NA,NA,NA,-24.935,NA,-18.06,89383.86,0,0,0,7.5,1,1,0,22,23,45,2019-02-03 21:00:00,2019-02-05 17:00:00,53,2019-02-03 14:00:00,2019-02-05 18:00:00,0.022,2.5,65,38,-15.3,5.7
2019-02-04 09:00:00,100575.69,-14,-17.2,77.92,2.57,80,NA,101180,20,454,NA,0.762,NA,105,353,NA,NA,1,NA,NA,NA,304.8,NA,NA,NA,NA,-19.71,NA,-17.05,89474.24,0,0,0,6,1,1,0,22,23,45,2019-02-03 21:00:00,2019-02-05 17:00:00,53,2019-02-03 14:00:00,2019-02-05 18:00:00,0.022,1.8,27,35,-14.8,5.2
2019-02-04 10:00:00,100575.69,-14,-17.2,71.81,3.09,90,NA,101190,20,NA,6,0.254,NA,193,603,1.524,NA,6,-13.3,-15,NA,579.12,NA,NA,NA,NA,-20.22,NA,-17.26,89474.24,0,0,0,4.3,1,1,0,22,23,45,2019-02-03 21:00:00,2019-02-05 17:00:00,53,2019-02-03 14:00:00,2019-02-05 18:00:00,0.022,2,43,29,-14.1,5.9
2019-02-04 11:00:00,100575.69,-13,-18.3,60.58,7.72,110,NA,101160,6,NA,NA,NA,NA,1,NA,NA,NA,7,NA,NA,NA,NA,NA,NA,NA,NA,-23.06,NA,-19.09,89474.24,0,0,0,6.6,1,1,0,22,23,45,2019-02-03 21:00:00,2019-02-05 17:00:00,53,2019-02-03 14:00:00,2019-02-05 18:00:00,0.023,2.4,58,40,-11.4,4.2
2019-02-04 12:00:00,100507.97,-12,-17.8,60.85,8.23,110,12.86,101060,6,NA,NA,NA,NA,1,NA,NA,NA,6,NA,NA,13.38,NA,NA,NA,NA,110,-22.05,NA,-18.09,89413.99,0,0,0,8.8,1,1,0,22,23,45,2019-02-03 21:00:00,2019-02-05 17:00:00,53,2019-02-03 14:00:00,2019-02-05 18:00:00,0.023,3.3,79,23,-11.2,2.5
2019-02-04 13:00:00,100474.1,-11.7,-17.8,60.85,3.6,60,8.23,101050,NA,NA,6009,NA,NA,852,NA,NA,NA,10,NA,NA,NA,NA,NA,NA,NA,NA,-18.28,NA,-18.09,89383.86,0,0,0,8.2,1,1,0,22,23,45,2019-02-03 21:00:00,2019-02-05 17:00:00,53,2019-02-03 14:00:00,2019-02-05 18:00:00,0.024,2.4,48,29,-10.4,5.7
2019-02-04 14:00:00,100440.24,-11,-17.8,56.16,1.54,340,NA,100980,NA,NA,NA,NA,NA,1,NA,NA,NA,10,NA,NA,NA,NA,NA,NA,NA,NA,-15.37,NA,-18.1,89353.74,0,0,0,7.9,1,1,1,22,23,45,2019-02-03 21:00:00,2019-02-05 17:00:00,53,2019-02-03 14:00:00,2019-02-05 18:00:00,0.024,2.2,49,36,-10.8,5.9
2019-02-04 15:00:00,100372.51,-11,-17.2,61.12,1.54,310,NA,100920,NA,NA,NA,NA,NA,1103,1206,NA,NA,10,NA,NA,NA,3352.8,NA,NA,NA,NA,-14.39,NA,-17.09,89293.49,0,0,0,7.4,1,1,1,22,23,45,2019-02-03 21:00:00,2019-02-05 17:00:00,53,2019-02-03 14:00:00,2019-02-05 18:00:00,0.024,1.9,63,49,-10.1,5
2019-02-04 16:00:00,100338.65,-11,-17.2,61.12,2.06,10,NA,100940,NA,NA,5010,NA,NA,1,NA,NA,NA,10,-10,-13.9,NA,3048,NA,NA,NA,NA,-16.15,NA,-17.09,89263.36,0,0,0,8.7,1,1,0,22,23,45,2019-02-03 21:00:00,2019-02-05 17:00:00,53,2019-02-03 14:00:00,2019-02-05 18:00:00,0.025,1.4,19,77,-10.7,5.4
2019-02-04 17:00:00,100338.65,-12,-16.7,66.23,4.12,10,NA,100930,NA,NA,NA,NA,NA,904,854,NA,NA,10,NA,NA,NA,2743.2,NA,NA,NA,NA,-19.14,NA,-17.08,89263.36,0,0,0,7.2,1,1,0,22,23,45,2019-02-03 21:00:00,2019-02-05 17:00:00,53,2019-02-03 14:00:00,2019-02-05 18:00:00,0.024,2.3,57,31,-11.5,3.7
2019-02-04 18:00:00,100372.51,-12,-16.1,72.03,5.14,360,NA,100970,20,NA,NA,0.025,NA,344,729,NA,NA,2,NA,NA,NA,1036.32,NA,NA,NA,NA,-20.04,NA,-16.17,89293.49,0,0,0,7,1,1,0,22,23,45,2019-02-03 21:00:00,2019-02-05 17:00:00,53,2019-02-03 14:00:00,2019-02-05 18:00:00,0.024,1.8,36,50,-12,3
2019-02-04 19:00:00,100338.65,-12,-16.1,72.03,4.12,10,NA,100920,20,NA,8003,0.254,0.254,314,NA,NA,NA,2.5,NA,NA,NA,944.88,NA,NA,NA,NA,-19.14,NA,-16.07,89263.36,0,0,0,5.7,1,1,0,22,23,45,2019-02-03 21:00:00,2019-02-05 17:00:00,53,2019-02-03 14:00:00,2019-02-05 18:00:00,0.024,1.1,65,77,-12.5,4.7
2019-02-04 20:00:00,100338.65,-12,-16.4,66.23,2.83,340,NA,100900,20,NA,NA,0.025,NA,474,NA,NA,NA,5.5,NA,NA,NA,1432.56,NA,NA,NA,NA,-18.03,NA,-17.08,89263.36,0,0,0,7,1,1,0,22,23,45,2019-02-03 21:00:00,2019-02-05 17:00:00,53,2019-02-03 14:00:00,2019-02-05 18:00:00,0.023,1.3,229,64,-12.7,6.7
2019-02-04 21:00:00,100338.65,-12,-16.7,66.3,2.57,360,NA,100910,20,NA,NA,0.025,NA,504,NA,NA,NA,6,NA,NA,NA,1524,NA,NA,NA,NA,-17.34,NA,-16.78,89263.36,0,0,0,7.2,1,1,0,22,23,45,2019-02-03 21:00:00,2019-02-05 17:00:00,53,2019-02-03 14:00:00,2019-02-05 18:00:00,0.021,1.8,306,40,-12.9,6.4
2019-02-04 22:00:00,100338.65,-12,-15.6,72.03,1.8,20,NA,100940,20,NA,3003,0.025,NA,279,NA,0.508,NA,1.75,-11.1,-12.2,NA,838.2,NA,NA,NA,NA,-16.19,NA,-16.07,89263.36,0,0,0,6.7,1,1,1,22,23,45,2019-02-03 21:00:00,2019-02-05 17:00:00,53,2019-02-03 14:00:00,2019-02-05 18:00:00,0.021,1.5,317,48,-13,5
2019-02-04 23:00:00,100338.65,-12,-15,78.27,1.54,90,NA,100920,20,NA,NA,0.025,NA,304,NA,NA,NA,2.5,NA,NA,NA,914.4,NA,-10,-15,NA,-15.53,NA,-15.05,89263.36,0,0,0,6.9,1,1,1,22,23,45,2019-02-03 21:00:00,2019-02-05 17:00:00,53,2019-02-03 14:00:00,2019-02-05 18:00:00,0.022,1.5,12,39,-13.2,5.5
2019-02-05,100372.51,-12,-16.1,72.03,1.54,30,NA,100930,20,804,NA,0.025,NA,264,804,NA,NA,9,NA,NA,NA,1828.8,NA,NA,NA,NA,-15.53,NA,-16.07,89293.49,0,0,0,6.2,1,1,1,22,23,45,2019-02-03 21:00:00,2019-02-05 17:00:00,53,2019-02-03 14:00:00,2019-02-05 18:00:00,0.023,1.3,6,49,-13.4,5.2
2019-02-05 01:00:00,100338.65,-12,-16.7,66.23,0,0,NA,100900,NA,804,8001,NA,0.254,754,804,NA,NA,10,NA,NA,NA,2438.4,NA,NA,NA,NA,-17.34,NA,-17.08,89263.36,0,0,0,6.3,1,1,1,22,23,45,2019-02-03 21:00:00,2019-02-05 17:00:00,53,2019-02-03 14:00:00,2019-02-05 18:00:00,0.023,1.3,63,58,-13.1,4.7
2019-02-05 02:00:00,100372.51,-12,-16.7,66.23,1.54,80,NA,100920,NA,NA,NA,NA,NA,553,728.5,NA,NA,10,NA,NA,NA,2286,NA,NA,NA,NA,-16.035,NA,-17.08,89293.49,0,0,0,6.2,1,1,1,22,23,45,2019-02-03 21:00:00,2019-02-05 17:00:00,53,2019-02-03 14:00:00,2019-02-05 18:00:00,0.024,1.1,61,78,-13.2,3
2019-02-05 03:00:00,100372.51,-12,-17.2,66.23,2.57,90,NA,100890,NA,NA,NA,NA,NA,654,704,NA,NA,10,NA,NA,NA,2133.6,NA,NA,NA,NA,-17.685,NA,-17.08,89293.49,0,0,0,5.8,1,1,0,22,23,45,2019-02-03 21:00:00,2019-02-05 17:00:00,53,2019-02-03 14:00:00,2019-02-05 18:00:00,0.023,1.1,95,69,-13.1,3.3
2019-02-05 04:00:00,100372.51,-12,-16.7,66.3,1.54,280,NA,100920,NA,NA,2,NA,NA,654,654,0.254,2.286,10,-11.7,-12.2,NA,1981.2,NA,NA,NA,NA,-15.53,NA,-16.78,89293.49,0,0,0,6.5,1,1,1,22,23,45,2019-02-03 21:00:00,2019-02-05 17:00:00,53,2019-02-03 14:00:00,2019-02-05 18:00:00,0.024,1.2,36,66,-12.9,6.4
2019-02-05 05:00:00,100406.37,-11,-17.2,61.12,2.315,70,NA,101000,41,NA,NA,0.127,NA,374,654,NA,NA,9,NA,NA,NA,1127.76,NA,NA,NA,NA,-17.65,NA,-17.09,89323.61,0,0,0,5.9,1,1,0,22,23,45,2019-02-03 21:00:00,2019-02-05 17:00:00,53,2019-02-03 14:00:00,2019-02-05 18:00:00,0.024,1,37,82,-12.7,6.2
2019-02-05 06:00:00,100474.1,-11.4,-17.2,62.345,4.12,100,NA,101030,41,604,NA,0.025,NA,364,604,NA,NA,10,NA,NA,NA,1097.28,NA,NA,NA,NA,-18.49,NA,-17.09,89383.86,0,0,0,5,1,1,0,22,23,45,2019-02-03 21:00:00,2019-02-05 17:00:00,53,2019-02-03 14:00:00,2019-02-05 18:00:00,0.023,1.7,48,43,-12.6,5.7
2019-02-05 07:00:00,100507.97,-11.1,-16.1,66.23,3.09,100,NA,101070,20,NA,1014,0.025,0.025,373,704,NA,NA,7,NA,NA,NA,1127.76,NA,NA,NA,NA,-17.39,NA,-17.08,89413.99,0,0,0,5,1,1,0,22,23,45,2019-02-03 21:00:00,2019-02-05 17:00:00,53,2019-02-03 14:00:00,2019-02-05 18:00:00,0.02,1.4,42,58,-12.7,5
2019-02-05 08:00:00,100541.83,-11,-16.7,66.47,1.54,120,NA,101090,NA,NA,NA,NA,NA,344,NA,NA,NA,10,NA,NA,NA,1036.32,NA,NA,NA,NA,-14.5,NA,-16.08,89444.12,0,0,0,5.2,1,1,1,22,23,45,2019-02-03 21:00:00,2019-02-05 17:00:00,53,2019-02-03 14:00:00,2019-02-05 18:00:00,0.018,1.4,57,65,-12.5,5.2
2019-02-05 09:00:00,100575.69,-11,-16.7,61.12,2.57,90,NA,101110,NA,NA,NA,NA,NA,334,NA,NA,NA,10,NA,NA,NA,1005.84,NA,NA,NA,NA,-16.15,NA,-17.09,89474.24,0,0,0,5.2,1,1,0,22,23,45,2019-02-03 21:00:00,2019-02-05 17:00:00,53,2019-02-03 14:00:00,2019-02-05 18:00:00,0.02,0.9,83,77,-11.7,5.7
2019-02-05 10:00:00,100575.69,-11,-16.1,66.47,2.06,300,NA,101110,NA,NA,1006,NA,NA,344,NA,0.025,NA,10,-10,-11.7,NA,1036.32,NA,NA,NA,NA,-15.37,NA,-16.08,89474.24,0,0,0,5.7,1,1,0,22,23,45,2019-02-03 21:00:00,2019-02-05 17:00:00,53,2019-02-03 14:00:00,2019-02-05 18:00:00,0.019,1.3,13,68,-10.8,5.4
2019-02-05 11:00:00,100575.69,-10,-15.6,61.39,1.54,260,NA,101110,NA,604,NA,NA,NA,334,494,NA,NA,10,NA,NA,NA,1005.84,NA,NA,NA,NA,-14.2,NA,-16.09,89474.24,0,0,0,5.4,1,1,1,22,23,45,2019-02-03 21:00:00,2019-02-05 17:00:00,53,2019-02-03 14:00:00,2019-02-05 18:00:00,0.021,1.6,345,66,-9.8,6.2
2019-02-05 12:00:00,100507.97,-9,-15,61.66,0,0,NA,101000,NA,NA,NA,NA,NA,324,NA,NA,NA,10,NA,NA,NA,975.36,NA,NA,NA,NA,-13.04,NA,-15.09,89413.99,0,0,0,4.9,1,1,1,22,23,45,2019-02-03 21:00:00,2019-02-05 17:00:00,53,2019-02-03 14:00:00,2019-02-05 18:00:00,0.022,1.5,1,58,-8.9,6.7
2019-02-05 13:00:00,100474.1,-8,-14.4,61.92,3.09,320,NA,100980,NA,NA,8010,NA,NA,314,554,NA,NA,10,NA,NA,NA,1676.4,NA,NA,NA,NA,-13.57,NA,-14.09,89383.86,0,0,0,3,1,1,0,22,23,45,2019-02-03 21:00:00,2019-02-05 17:00:00,53,2019-02-03 14:00:00,2019-02-05 18:00:00,0.02,2.1,317,49,-9.2,9.3
2019-02-05 14:00:00,100474.1,-9,-13.9,66.95,3.6,10,NA,100960,20,NA,NA,0.025,NA,554,554,NA,NA,9,NA,NA,NA,1676.4,NA,NA,NA,NA,-14.96,NA,-14.08,89383.86,0,0,0,4.1,1,1,0,22,23,45,2019-02-03 21:00:00,2019-02-05 17:00:00,53,2019-02-03 14:00:00,2019-02-05 18:00:00,0.021,1.9,304,52,-8.9,7.6
2019-02-05 15:00:00,100474.1,-9,-14.4,66.95,4.63,360,NA,101020,NA,NA,NA,NA,NA,554,NA,NA,NA,9,NA,NA,NA,1676.4,NA,NA,NA,NA,-15.88,NA,-14.08,89383.86,0,0,0,2.8,1,1,0,22,23,45,2019-02-03 21:00:00,2019-02-05 17:00:00,53,2019-02-03 14:00:00,2019-02-05 18:00:00,0.021,2,282,45,-8.9,4
2019-02-05 16:00:00,100541.83,-9,-14.4,66.95,5.14,10,NA,101110,20,579,3010,NA,NA,604,553.5,0.025,NA,9,-8.3,-10.6,NA,1828.8,NA,NA,NA,NA,-16.28,NA,-14.08,89444.12,0,0,0,2,1,1,0,22,23,45,2019-02-03 21:00:00,2019-02-05 17:00:00,53,2019-02-03 14:00:00,2019-02-05 18:00:00,0.021,2.6,246,38,-9.5,5
2019-02-05 17:00:00,100609.56,-9,-14.4,66.95,3.6,330,NA,101170,6,579,NA,0.025,NA,364,483.5,NA,NA,9,NA,NA,NA,1097.28,NA,NA,NA,NA,-14.96,NA,-14.08,89504.37,0,0,0,1.3,1,1,0,22,23,45,2019-02-03 21:00:00,2019-02-05 17:00:00,53,2019-02-03 14:00:00,2019-02-05 18:00:00,0.021,2.6,228,31,-10.3,6.9
2019-02-05 18:00:00,100711.15,-9,-15,61.66,4.63,360,NA,101280,20,NA,NA,0.025,NA,384,NA,NA,NA,9,NA,NA,NA,1158.24,NA,NA,NA,NA,-15.88,NA,-15.09,89594.75,0,0,0,0,0,1,0,NA,23,NA,NA,NA,53,2019-02-03 14:00:00,2019-02-05 18:00:00,0.021,2.3,230,32,-10.4,7.4
2019-02-05 19:00:00,100778.88,-9,-12.8,72.65,2.57,90,NA,101310,20,NA,1019,0.025,0.025,314,404,NA,NA,3,NA,NA,NA,944.88,NA,NA,NA,NA,-13.78,NA,-13.07,89655,0,0,0,-0.5,0,0,0,NA,NA,NA,NA,NA,NA,NA,NA,0.022,2,212,35,-10.5,5
2019-02-05 20:00:00,100812.74,-10,-12.8,83.79,1.54,210,NA,101380,2500,NA,NA,0.254,NA,234,NA,NA,NA,2,NA,NA,NA,701.04,NA,NA,NA,NA,-14.9,NA,-13.04,89685.12,0,0,0,0,0,1,1,NA,NA,NA,NA,NA,1,2019-02-05 20:00:00,2019-02-05 20:00:00,0.021,1,41,76,-10.7,6.7
2019-02-05 21:00:00,100897.4,-10,-12.2,85.24,0,0,NA,101430,2500,NA,NA,0.254,NA,175,NA,NA,NA,1.125,NA,NA,NA,518.16,NA,NA,NA,NA,-14.39,NA,-12.04,89760.44,0,0,0,-0.6,0,0,1,NA,NA,NA,NA,NA,NA,NA,NA,0.018,1.1,354,64,-10.8,9.3
2019-02-05 22:00:00,100914.33,-10.3,-12.2,86.6,0,0,NA,101460,2500,NA,1009,0.508,NA,184.5,NA,1.016,NA,1.375,-8.9,-10.6,NA,548.64,NA,NA,NA,NA,-14.16,NA,-12.04,89775.5,0,0,0,-1.6,0,0,1,NA,NA,NA,NA,NA,NA,NA,NA,0.015,1,335,68,-10.8,8.3
2019-02-05 23:00:00,100965.13,-10.6,-12.2,87.96,0,0,NA,101520,2500,NA,NA,0.508,NA,209.5,NA,NA,NA,1.25,NA,NA,NA,624.84,NA,-8.3,-12.2,NA,-13.93,NA,-12.04,89820.69,0,0,0,-2.7,0,0,1,NA,NA,NA,NA,NA,NA,NA,NA,0.015,1.1,303,52,-11,8
2019-02-06,101015.92,-11,-12.8,85.11,0,0,NA,101550,2500,NA,NA,0.025,NA,374,NA,NA,NA,2.5,NA,NA,NA,1127.76,NA,NA,NA,NA,NA,NA,-13.04,89865.88,0,0,0,-2.8,0,0,1,NA,NA,NA,NA,NA,NA,NA,NA,0.016,1.3,312,55,-11.1,8
2019-02-06 01:00:00,101049.79,-11,-13.05,85.11,0,0,NA,101570,2500,NA,1006,0.025,0.762,334,704,NA,NA,2.5,NA,NA,NA,1005.84,NA,NA,NA,NA,NA,NA,-13.04,89896.01,0,0,0,-3,0,0,1,NA,NA,NA,NA,NA,NA,NA,NA,0.015,0.8,273,43,-11.4,7.1
2019-02-06 02:00:00,101083.65,-12,-14.4,84.99,0,0,NA,101620,31,NA,NA,0.025,NA,413,704,NA,NA,5,NA,NA,NA,1341.12,NA,NA,NA,NA,NA,NA,-14.04,89926.13,0,0,0,-1.6,0,0,1,NA,NA,NA,NA,NA,NA,NA,NA,0.012,0.9,228,40,-11.6,8.6
2019-02-06 03:00:00,101083.65,-11,-13.3,84.99,0,0,NA,101610,2500,NA,NA,0.254,NA,334,554,NA,NA,2.5,NA,NA,NA,1005.84,NA,NA,NA,NA,-14.39,NA,-13.34,89926.13,0,0,0,-2.3,0,0,1,NA,NA,NA,NA,NA,NA,NA,NA,0.015,1.1,54,71,-11.3,9.3
2019-02-06 04:00:00,101083.65,-11,-13.05,85.11,0,0,NA,101650,2500,NA,3005,0.025,NA,333,504,1.016,2.032,3,-10,-12.2,NA,1005.84,NA,NA,NA,NA,-14.39,NA,-13.04,89926.13,0,0,0,-2.5,0,0,1,NA,NA,NA,NA,NA,NA,NA,NA,0.021,1.8,50,49,-11.4,5.9
2019-02-06 05:00:00,101151.38,-11,-12.8,85.11,0,0,NA,101720,2500,NA,NA,0.254,NA,224,494,NA,NA,1.5,NA,NA,NA,670.56,NA,NA,NA,NA,-14.39,NA,-13.04,89986.38,0,0,0,-2.4,0,0,1,NA,NA,NA,NA,NA,NA,NA,NA,0.023,1.6,70,61,-11.5,3.5
2019-02-06 06:00:00,101219.11,-11,-13.9,79.445,3.345,100,NA,101770,20,NA,NA,0.254,NA,234,494,NA,NA,1.75,NA,NA,NA,701.04,NA,NA,NA,NA,-17.15,NA,-13.655,90046.64,0,0,0,-2.4,0,0,0,NA,NA,NA,NA,NA,NA,NA,NA,0.022,1.7,71,50,-11.7,1.8
2019-02-06 07:00:00,101252.97,-11,-13.9,78.44,3.09,90,NA,101820,20,NA,3011,0.254,1.016,274,NA,NA,NA,2.5,NA,NA,NA,822.96,NA,NA,NA,NA,-16.82,NA,-14.05,90076.76,0,0,0,-2.7,0,0,0,NA,NA,NA,NA,NA,NA,NA,NA,0.022,1.7,51,58,-12.1,4.3
2019-02-06 08:00:00,101354.56,-11,-14.4,76.6,3.09,100,NA,101940,20,NA,NA,0.254,NA,233,464,NA,NA,2,NA,NA,NA,701.04,NA,NA,NA,NA,-16.82,NA,-14.05,90167.14,0,0,0,-3,0,0,0,NA,NA,NA,NA,NA,NA,NA,NA,0.02,1.7,35,49,-11.9,4.7
2019-02-06 09:00:00,101422.29,-11,-15,78.44,3.6,100,NA,102000,20,NA,NA,0.025,NA,254,424,NA,NA,4,NA,NA,NA,762,NA,NA,NA,NA,-17.39,NA,-14.05,90227.39,0,0,0,-2.8,0,0,0,NA,NA,NA,NA,NA,NA,NA,NA,0.021,1.7,59,52,-11.4,2.8
2019-02-06 10:00:00,101490.02,-11,-15.6,66.47,4.63,100,NA,102090,41,NA,1021,0.127,NA,294.5,629,1.27,NA,6.5,-10,-11.1,NA,914.4,NA,NA,NA,NA,-18.37,NA,-16.08,90287.65,0,0,0,-1.8,0,0,0,NA,NA,NA,NA,NA,NA,NA,NA,0.023,1.9,38,39,-10.8,4.7
2019-02-06 11:00:00,101557.75,-10,-15.6,61.39,4.12,110,NA,102090,6,604,NA,NA,NA,403,604,NA,NA,9,NA,NA,NA,1219.2,NA,NA,NA,NA,-16.18,NA,-16.09,90347.9,0,0,0,-0.800000000000001,0,0,0,NA,NA,NA,NA,NA,NA,NA,NA,0.024,2.1,43,35,-9.6,4.7
2019-02-06 12:00:00,101557.75,-9,-15.6,56.74,3.6,110,NA,102070,NA,NA,NA,NA,NA,604,NA,NA,NA,10,NA,NA,NA,1828.8,NA,NA,NA,NA,-14.96,NA,-16.11,90347.9,0,0,0,-2.5,0,0,0,NA,NA,NA,NA,NA,NA,NA,NA,0.024,2.1,37,38,-9,1.8
2019-02-06 13:00:00,101557.75,-9,-14.4,61.66,3.09,100,NA,102080,NA,NA,1003,NA,NA,502,604,NA,NA,10,NA,NA,NA,1828.8,NA,NA,NA,NA,-14.41,NA,-15.09,90347.9,0,0,0,-3.3,0,0,0,NA,NA,NA,NA,NA,NA,NA,NA,0.024,2.1,53,39,-8.4,0.3
2019-02-06 14:00:00,101591.61,-8,-13.9,61.92,1.54,70,NA,102130,6,NA,NA,NA,NA,483,554,NA,NA,10,NA,NA,NA,1463.04,NA,NA,NA,NA,-12.23,NA,-14.09,90378.02,0,0,0,-3.8,0,0,1,NA,NA,NA,NA,NA,NA,NA,NA,0.024,1.5,28,59,-7.8,1.5
2019-02-06 15:00:00,101659.34,-9,-13.9,67.19,2.06,260,NA,102200,20,604,NA,0.025,NA,483,604,NA,NA,9,NA,NA,NA,1463.04,NA,NA,NA,NA,-13.04,NA,-13.08,90438.28,0,0,0,-3.7,0,0,0,NA,NA,NA,NA,NA,NA,NA,NA,0.023,1.8,330,48,-8.5,3.5
2019-02-06 16:00:00,101727.07,-8,-15,61.92,3.6,350,NA,102300,NA,704,3020,NA,NA,603,779,0.025,NA,10,-7.8,-10.6,NA,1828.8,NA,NA,NA,NA,-14.22,NA,-14.09,90498.53,0,0,0,-5.9,0,0,0,NA,NA,NA,NA,NA,NA,NA,NA,0.023,1.7,278,49,-9.3,2
2019-02-06 17:00:00,101828.66,-9,-15,66.95,4.63,350,NA,102400,NA,654,NA,NA,NA,484,503,NA,NA,10,NA,NA,NA,1524,NA,NA,NA,NA,-15.88,NA,-14.08,90588.91,0,0,0,-6,0,0,0,NA,NA,NA,NA,NA,NA,NA,NA,0.022,1.1,91,72,-9.6,0.6
2019-02-06 18:00:00,101930.25,-10,-15.6,66.71,3.6,350,NA,102520,NA,NA,NA,NA,NA,604,NA,NA,NA,10,NA,NA,NA,1828.8,NA,NA,NA,NA,-16.68,NA,-15.08,90679.28,0,0,0,-6.5,0,0,0,NA,NA,NA,NA,NA,NA,NA,NA,0.022,2,282,51,-10.6,1.8
2019-02-06 19:00:00,101997.98,-11,-16.1,66.47,3.09,340,NA,102620,NA,NA,3025,NA,NA,554,654,NA,NA,10,NA,NA,NA,1676.4,NA,NA,NA,NA,-16.82,NA,-16.08,90739.54,0,0,0,-6.2,0,0,0,NA,NA,NA,NA,NA,NA,NA,NA,0.023,1.7,233,51,-11.8,2
2019-02-06 20:00:00,102099.57,-11,-15.6,66.47,2.06,320,NA,102700,NA,NA,NA,NA,NA,416,504,NA,NA,10,NA,NA,NA,1524,NA,NA,NA,NA,-15.37,NA,-16.08,90829.91,0,0,0,-6.5,0,0,0,NA,NA,NA,NA,NA,NA,NA,NA,0.019,1.1,209,42,-13.1,3.7
2019-02-06 21:00:00,102167.3,-11,-15,72.24,1.54,100,NA,102760,NA,NA,NA,NA,NA,604,NA,NA,NA,10,NA,NA,NA,1828.8,NA,NA,NA,NA,-14.88,NA,-15.07,90890.17,0,0,0,-6.7,0,0,1,NA,NA,NA,NA,NA,NA,NA,NA,0.01,0.9,140,59,-13.2,5.9
2019-02-06 22:00:00,102201.16,-11,-15.6,72.24,2.57,100,NA,102810,NA,NA,1017,NA,NA,554,604,NA,NA,10,-8.9,-11.7,NA,1828.8,NA,NA,NA,NA,-16.27,NA,-15.07,90920.29,0,0,0,-6.6,0,0,0,NA,NA,NA,NA,NA,NA,NA,NA,0.018,1.5,58,46,-13,4.7
2019-02-06 23:00:00,102235.02,-12,-15.6,72.24,3.09,130,NA,102850,NA,NA,NA,NA,NA,496,604,NA,NA,10,NA,NA,NA,1828.8,NA,-7.8,-12.2,NA,-18.03,NA,-15.67,90950.41,0,0,0,-5.7,0,0,0,NA,NA,NA,NA,NA,NA,NA,NA,0.014,1.2,185,40,-13.2,6.9
2019-02-07,102302.75,-12,-15.6,72.03,3.09,130,NA,102890,NA,NA,NA,NA,NA,604,579,NA,NA,10,NA,NA,NA,1828.8,NA,NA,NA,NA,-18.03,NA,-16.07,91010.67,0,0,0,-5.9,0,0,0,NA,NA,NA,NA,NA,NA,NA,NA,0.01,1,209,33,-13.1,9.8
2019-02-07 01:00:00,102370.48,-12,-15.8,72.03,3.09,130,NA,102930,20,NA,9,0.025,0.025,456,604,NA,NA,7,NA,NA,NA,1828.8,NA,NA,NA,NA,-18.03,NA,-16.07,91070.92,0,0,0,-5.5,0,0,0,NA,NA,NA,NA,NA,NA,NA,NA,0.013,1.3,216,36,-13,8.3
2019-02-07 02:00:00,102404.34,-12,-16.1,72.03,4.12,130,NA,102990,20,NA,NA,0.025,NA,314,NA,NA,NA,3.5,NA,NA,NA,944.88,NA,NA,NA,NA,-19.14,NA,-16.07,91101.04,0,0,0,-5.7,0,0,0,NA,NA,NA,NA,NA,NA,NA,NA,0.015,0.8,208,41,-13.1,7.4
2019-02-07 03:00:00,102438.21,-12,-15.6,72.03,4.12,120,NA,103010,20,NA,NA,0.025,NA,264,NA,NA,NA,2.5,NA,NA,NA,792.48,NA,NA,NA,NA,-19.14,NA,-16.07,91131.18,0,0,0,-5.5,0,0,0,NA,NA,NA,NA,NA,NA,NA,NA,0.019,1.3,88,55,-13.2,6.4
2019-02-07 04:00:00,102472.07,-13,-15.6,78.1,3.09,135,NA,103070,20,NA,1010,0.025,NA,244,604,0.025,1.27,2.5,-11.1,-12.8,NA,731.52,NA,NA,NA,NA,-18.53,NA,-16.05,91161.3,0,0,0,-4.4,0,0,0,NA,NA,NA,NA,NA,NA,NA,NA,0.021,1.6,88,36,-13.6,4.5
2019-02-07 05:00:00,102505.93,-13,-15.85,78.1,2.06,160,NA,103110,20,604,NA,0.025,NA,253,604,NA,NA,3,NA,NA,NA,1828.8,NA,NA,NA,NA,-18.06,NA,-16.05,91191.42,0,0,0,-4.2,0,0,0,NA,NA,NA,NA,NA,NA,NA,NA,0.021,1.4,99,38,-14,4
2019-02-07 06:00:00,102539.8,-14,-17.2,77.92,3.6,120,NA,103170,2500,NA,NA,0.025,NA,554,NA,NA,NA,8,NA,NA,NA,1676.4,NA,NA,NA,NA,-21.05,NA,-17.05,91221.55,0,0,0,-3.4,0,0,0,NA,NA,NA,NA,NA,NA,NA,NA,0.019,1.8,101,24,-14.4,6.4
2019-02-07 07:00:00,102573.66,-14,-16.95,77.92,3.345,120,NA,103240,NA,NA,3010,NA,0.025,362.5,554,NA,NA,9,NA,NA,NA,1676.4,NA,NA,NA,NA,-20.74,NA,-17.05,91251.67,0,0,0,-3.6,0,0,0,NA,NA,NA,NA,NA,NA,NA,NA,0.015,1.2,69,57,-14.7,7.6
2019-02-07 08:00:00,102607.53,-15,-18.05,77.75,3.09,120,NA,103300,6,NA,NA,NA,NA,363,554,NA,NA,6,NA,NA,NA,1097.28,NA,NA,NA,NA,-21.345,NA,-18.04,91281.81,0,0,0,-3,0,0,0,NA,NA,NA,NA,NA,NA,NA,NA,0.01,1.2,87,56,-14.9,6.6
2019-02-07 09:00:00,102675.25,-16,-18.9,77.57,2.57,130,NA,103350,NA,NA,NA,NA,NA,1,NA,NA,NA,9,NA,NA,NA,1097.28,NA,NA,NA,NA,-22.09,NA,-19.05,91342.05,0,0,0,-1.7,0,0,0,NA,NA,NA,NA,NA,NA,NA,NA,0,0.8,102,69,-12.7,6.7
2019-02-07 10:00:00,102675.25,-14,-17.8,71.6,2.06,130,NA,103330,NA,NA,1009,NA,NA,1,NA,0.025,NA,10,-12.8,-16.1,NA,NA,NA,NA,NA,NA,-18.87,NA,-18.07,91342.05,0,0,0,-2.7,0,0,0,NA,NA,NA,NA,NA,NA,NA,NA,0,1.1,329,67,-10.9,9
2019-02-07 11:00:00,102709.12,-12,-16.7,66.3,0,0,NA,103290,NA,NA,NA,NA,NA,1,NA,NA,NA,10,NA,NA,NA,NA,NA,NA,NA,NA,-15.53,NA,-17.07,91372.18,0,0,0,-3.4,0,0,1,NA,NA,NA,NA,NA,NA,NA,NA,0.018,1.4,346,64,-10.1,11
2019-02-07 12:00:00,102641.39,-11,-16.1,66.47,0,0,NA,103200,NA,NA,NA,NA,NA,1,NA,NA,NA,10,NA,NA,NA,NA,NA,NA,NA,NA,-15.53,NA,-16.08,91311.93,0,0,0,-2.5,0,0,1,NA,NA,NA,NA,NA,NA,NA,NA,0.02,1.5,155,54,-8.5,9
2019-02-07 13:00:00,102573.66,-11,-15,66.47,1.54,230,NA,103160,NA,NA,8012,NA,NA,1,NA,NA,NA,10,NA,NA,NA,NA,NA,NA,NA,NA,-14.39,NA,-16.08,91251.67,0,0,0,-3.2,0,0,1,NA,NA,NA,NA,NA,NA,NA,NA,0.025,1.8,287,54,-7.5,7.4
2019-02-07 14:00:00,102505.93,-10,-15.6,66.71,0,0,NA,103100,NA,NA,NA,NA,NA,753,803,NA,NA,10,NA,NA,NA,2362.2,NA,NA,NA,NA,-14.39,NA,-15.08,91191.42,0,0,0,-3,0,0,1,NA,NA,NA,NA,NA,NA,NA,NA,0.028,1.3,282,77,-6.2,5.2
2019-02-07 15:00:00,102505.93,-8,-15.6,52.47,0,0,NA,103070,NA,NA,NA,NA,NA,654,854,NA,NA,10,NA,NA,NA,1981.2,NA,NA,NA,NA,-11.99,NA,-16.12,91191.42,0,0,0,-5.5,0,0,1,NA,NA,NA,NA,NA,NA,NA,NA,0.029,1.4,249,59,-7.3,5.7
2019-02-07 16:00:00,102472.07,-8,-16.7,52.47,0,0,NA,103040,NA,NA,6010,NA,NA,653,854,NA,NA,10,-7.2,-13.9,NA,1981.2,NA,NA,NA,NA,-12.57,NA,-16.12,91161.3,0,0,0,-6.2,0,0,1,NA,NA,NA,NA,NA,NA,NA,NA,0.029,0.9,230,60,-8,8.3
2019-02-07 17:00:00,102438.21,-8,-15,52.47,0,0,NA,103010,NA,NA,NA,NA,NA,653,854,NA,NA,10,NA,NA,NA,1981.2,NA,NA,NA,NA,NA,NA,-16.12,91131.18,0,0,0,-6.2,0,0,1,NA,NA,NA,NA,NA,NA,NA,NA,0.026,0.9,174,42,-8.7,7.1
2019-02-07 18:00:00,102438.21,-9,-15,65.29,0,0,NA,103030,NA,NA,NA,NA,NA,704,904,NA,NA,10,NA,NA,NA,2133.6,NA,NA,NA,NA,-12.56,NA,-14.085,91131.18,0,0,0,-5.2,0,0,1,NA,NA,NA,NA,NA,NA,NA,NA,0.024,1.1,218,34,-9.1,6.4
2019-02-07 19:00:00,102404.34,-9,-15,61.66,1.54,260,NA,102990,NA,NA,8006,NA,NA,704,NA,NA,NA,10,NA,NA,NA,2133.6,NA,NA,NA,NA,-12.1,NA,-15.09,91101.04,0,0,0,-5,0,0,1,NA,NA,NA,NA,NA,NA,NA,NA,0.021,1,166,35,-9.2,7.4
2019-02-07 20:00:00,102370.48,-9,-14.4,66.95,0,0,NA,102960,NA,NA,NA,NA,NA,754,NA,NA,NA,10,NA,NA,NA,2286,NA,NA,NA,NA,-12.1,NA,-14.08,91070.92,0,0,0,-4.8,0,0,1,NA,NA,NA,NA,NA,NA,NA,NA,0.02,0.8,221,43,-9.5,8.3
2019-02-07 21:00:00,102302.75,-9,-14.4,66.95,0,0,NA,102930,NA,NA,NA,NA,NA,704,754,NA,NA,10,NA,NA,NA,2133.6,NA,NA,NA,NA,-12.1,NA,-14.08,91010.67,0,0,0,-4.8,0,0,1,NA,NA,NA,NA,NA,NA,NA,NA,0.018,0.7,215,45,-9.8,9
2019-02-07 22:00:00,102268.89,-10,-14.4,72.44,2.06,240,NA,102890,NA,NA,6010,NA,NA,604,754,NA,NA,10,-8.3,-10.6,NA,1828.8,NA,NA,NA,NA,-14.93,NA,-14.07,90980.54,0,0,0,-3.6,0,0,0,NA,NA,NA,NA,NA,NA,NA,NA,0.015,1.5,224,29,-9.9,9.3
2019-02-07 23:00:00,102235.02,-10,-13.3,72.44,0,0,NA,102800,6,NA,NA,NA,NA,504,NA,NA,NA,4,NA,NA,NA,1524,NA,-7.2,-16.1,NA,-13.24,NA,-14.07,90950.41,0,0,0,-3.5,0,0,1,NA,NA,NA,NA,NA,NA,NA,NA,0.02,1.2,243,35,-10.3,9.8
2019-02-08,102201.16,-9.4,-12.8,76.2,0,0,NA,102730,6,NA,NA,NA,NA,654,704,NA,NA,8,NA,NA,NA,1981.2,NA,NA,NA,NA,-12.1,NA,-13.05,90920.29,0,0,0,-3.7,0,0,1,NA,NA,NA,NA,NA,NA,NA,NA,0.022,0.8,229,39,-10.3,9
2019-02-08 01:00:00,102133.43,-9,-12.2,78.77,2.06,120,NA,102670,20,NA,8014,0.025,0.025,464,NA,NA,NA,7,NA,NA,NA,1402.08,NA,NA,NA,NA,-13.78,NA,-12.05,90860.04,0,0,0,-3.9,0,0,0,NA,NA,NA,NA,NA,NA,NA,NA,0.02,0.7,166,52,-10.2,17.2
2019-02-08 02:00:00,102065.7,-10,-12.2,85.24,1.54,155,NA,102600,31,NA,NA,0.025,NA,442,704,NA,NA,4,NA,NA,NA,2133.6,NA,NA,NA,NA,-13.72,NA,-12.23,90799.78,0,0,0,-2.5,0,0,1,NA,NA,NA,NA,NA,NA,NA,NA,0.018,0.9,203,42,-10.4,12.9
2019-02-08 03:00:00,101997.98,-11,-12.8,85.11,0,0,NA,102510,31,NA,NA,NA,NA,704,NA,NA,NA,8,NA,NA,NA,2133.6,NA,NA,NA,NA,-14.39,NA,-13.04,90739.54,0,0,0,-0.9,0,0,1,NA,NA,NA,NA,NA,NA,NA,NA,0.018,1.1,268,57,-10.8,11.2
2019-02-08 04:00:00,101930.25,-11,-13.3,85.11,0,0,NA,102440,NA,NA,8018,NA,NA,704,NA,0.025,NA,9,-9.4,-10.6,NA,2133.6,NA,NA,NA,NA,NA,NA,-13.04,90679.28,0,0,0,-1.2,0,0,1,NA,NA,NA,NA,NA,NA,NA,NA,0.018,1.4,259,52,-11,8.3
2019-02-08 05:00:00,101896.38,-11,-13.3,85.11,0,0,NA,102400,NA,NA,NA,NA,NA,604,NA,NA,NA,10,NA,NA,NA,1828.8,NA,NA,NA,NA,NA,NA,-13.04,90649.15,0,0,0,-1.3,0,0,1,NA,NA,NA,NA,NA,NA,NA,NA,0.021,1,239,46,-11.1,7.8
2019-02-08 06:00:00,101828.66,-11,-13.3,85.11,0,0,NA,102360,NA,NA,NA,NA,NA,653,854,NA,NA,9,NA,NA,NA,1981.2,NA,NA,NA,NA,NA,NA,-13.04,90588.91,0,0,0,-1.3,0,0,1,NA,NA,NA,NA,NA,NA,NA,NA,0.018,1.1,218,44,-11.4,9.1
2019-02-08 07:00:00,101794.79,-11,-13.3,85.11,0,0,NA,102330,NA,NA,6012,NA,NA,653,804,NA,NA,9,NA,NA,NA,1981.2,NA,NA,NA,NA,NA,NA,-13.04,90558.78,0,0,0,-1.2,0,0,1,NA,NA,NA,NA,NA,NA,NA,NA,0.011,1.3,215,31,-11.3,11.2
2019-02-08 08:00:00,101760.93,-11,-12.8,85.11,0,0,NA,102300,25.5,854,NA,0.025,NA,553,503,NA,NA,7,NA,NA,NA,1676.4,NA,NA,NA,NA,-14.39,NA,-13.04,90528.65,0,0,0,-1.4,0,0,1,NA,NA,NA,NA,NA,NA,NA,NA,0.009,1.1,226,40,-10.9,12.9
2019-02-08 09:00:00,101760.93,-10,-12.2,78.61,1.54,270,NA,102260,6,704,NA,0.025,NA,414,499,NA,NA,2.5,NA,NA,NA,1310.64,NA,NA,NA,NA,-13.24,NA,-13.05,90528.65,0,0,0,-1.7,0,0,1,NA,NA,NA,NA,NA,NA,NA,NA,0.01,1,232,45,-10,11.9
2019-02-08 10:00:00,101693.2,-9,-12.2,78.77,1.54,280,NA,102230,20,464,6007,0.254,NA,283,378.5,0.254,NA,1,-9.4,-11.1,NA,853.44,NA,NA,NA,NA,-12.1,NA,-12.05,90468.4,0,0,0,-1.5,0,0,1,NA,NA,NA,NA,NA,NA,NA,NA,0.01,1.3,231,33,-9.2,12.4
2019-02-08 11:00:00,101659.34,-9,-11.4,82.04,1.54,270,NA,102150,2500,NA,NA,0.254,NA,303,374,NA,NA,1.5,NA,NA,NA,914.4,NA,NA,NA,NA,-12.1,NA,-11.095,90438.28,0,0,0,-0.800000000000001,0,0,1,NA,NA,NA,NA,NA,NA,NA,NA,0.011,0.8,258,80,-7.5,12.2
2019-02-08 12:00:00,101557.75,-8,-10.6,78.94,0,0,NA,102000,20,NA,NA,0.025,NA,373,474,NA,NA,2.5,NA,NA,NA,1127.76,NA,NA,NA,NA,-10.96,NA,-11.05,90347.9,0,0,0,-1.5,0,0,1,NA,NA,NA,NA,NA,NA,NA,NA,0.012,1.1,197,49,-6.6,12
2019-02-08 13:00:00,101456.15,-8,-10.6,78.94,0,0,NA,101900,6,NA,8021,0.025,0.254,444,554,NA,NA,5,NA,NA,NA,1341.12,NA,NA,NA,NA,-10.96,NA,-11.05,90257.51,0,0,0,-1.2,0,0,1,NA,NA,NA,NA,NA,NA,NA,NA,0.011,1,212,74,-5.5,12.7
2019-02-08 14:00:00,101354.56,-7,-10,79.1,1.54,260,NA,101820,NA,NA,NA,NA,NA,483,554,NA,NA,8,NA,NA,NA,1463.04,NA,NA,NA,NA,-9.82,NA,-10.05,90167.14,0,0,0,-1.5,0,0,1,NA,NA,NA,NA,NA,NA,NA,NA,0.011,0.8,213,58,-4.8,12.2
2019-02-08 15:00:00,101320.7,-7,-10,79.1,2.06,280,NA,101780,NA,NA,NA,NA,NA,464,604,NA,NA,7,NA,NA,NA,1402.08,NA,NA,NA,NA,-10.7,NA,-10.05,90137.02,0,0,0,-2.2,0,0,0,NA,NA,NA,NA,NA,NA,NA,NA,0.017,0.9,245,79,-4.4,11.5
2019-02-08 16:00:00,101286.84,-7,-10,85.59,2.06,290,NA,101740,NA,NA,6015,NA,NA,603,704,0.254,NA,7,-6.7,-9.4,NA,1828.8,NA,NA,NA,NA,-10.7,NA,-9.04,90106.89,0,0,0,-2.7,0,0,0,NA,NA,NA,NA,NA,NA,NA,NA,0.018,1.8,254,41,-5.2,10.5
2019-02-08 17:00:00,101219.11,-7,-9.4,85.59,1.54,300,NA,101710,NA,NA,NA,NA,NA,603,729,NA,NA,7,NA,NA,NA,1828.8,NA,NA,NA,NA,-9.82,NA,-9.04,90046.64,0,0,0,-3.7,0,0,1,NA,NA,NA,NA,NA,NA,NA,NA,0.016,1.9,230,37,-6.3,11.5
2019-02-08 18:00:00,101219.11,-7,-9.4,85.59,1.54,320,NA,101720,NA,NA,NA,NA,NA,504,704,NA,NA,9,NA,NA,NA,1524,NA,NA,NA,NA,-9.82,NA,-9.04,90046.64,0,0,0,-4.1,0,0,1,NA,NA,NA,NA,NA,NA,NA,NA,0.013,2.2,221,38,-7,11.5
2019-02-08 19:00:00,101219.11,-7,-9.4,85.59,1.54,230,NA,101710,NA,NA,6002,NA,NA,604,704,NA,NA,9,NA,NA,NA,1828.8,NA,NA,NA,NA,-9.82,NA,-9.04,90046.64,0,0,0,-4,0,0,1,NA,NA,NA,NA,NA,NA,NA,NA,0.014,1.6,236,39,-7,10.5
2019-02-08 20:00:00,101219.11,-6,-8.9,79.26,1.54,260,NA,101700,NA,NA,NA,NA,NA,554,704,NA,NA,10,NA,NA,NA,1676.4,NA,NA,NA,NA,-8.79,NA,-9.05,90046.64,0,0,0,-4.8,0,0,1,NA,NA,NA,NA,NA,NA,NA,NA,0.012,1.6,227,59,-6.7,10.5
2019-02-08 21:00:00,101219.11,-6,-10.6,70.38,5.66,110,NA,101710,NA,NA,NA,NA,NA,504,464,NA,NA,10,NA,NA,NA,1524,NA,NA,NA,NA,-11.59,NA,-10.08,90046.64,0,0,0,-5.4,0,0,0,NA,NA,NA,NA,NA,NA,NA,NA,0.025,2.9,44,31,-7.1,6.4
2019-02-08 22:00:00,101286.84,-6,-13.3,62.44,7.2,90,11.575,101770,NA,704,3006,NA,NA,373,484,NA,NA,10,-5,-7.2,NA,1188.72,NA,NA,NA,NA,-13.73,NA,-12.09,90106.89,0,0,0,-6.9,0,0,0,NA,NA,NA,NA,NA,NA,NA,NA,0.031,4,61,21,-8.6,1.8
2019-02-08 23:00:00,101354.56,-8,-15.6,57.02,7.2,80,10.29,101900,NA,NA,NA,NA,NA,394,494,NA,NA,10,NA,NA,NA,1188.72,NA,-5,-11.1,NA,-15.76,NA,-15.11,90167.14,0,0,0,-8.3,0,0,0,NA,NA,NA,NA,NA,NA,NA,NA,0.032,5.1,75,23,-9.1,4.2
2019-02-09,101456.15,-9,-16.7,56.74,6.69,80,9.26,102030,NA,NA,NA,NA,NA,394,NA,NA,NA,8,NA,NA,NA,1188.72,NA,NA,NA,NA,-18.14,NA,-17.09,90257.51,0,0,0,-9.9,0,0,0,NA,NA,NA,NA,NA,NA,NA,NA,0.031,6.4,85,18,-11,6.2
2019-02-09 01:00:00,101591.61,-11,-18.3,56.16,7.2,80,10.8,102140,NA,NA,1029,NA,NA,394,NA,NA,NA,8,NA,NA,NA,1188.72,NA,NA,NA,NA,-20.47,NA,-18.1,90378.02,0,0,0,-9.4,0,0,0,NA,NA,NA,NA,NA,NA,NA,NA,0.028,6.3,79,20,-12.7,3.5
2019-02-09 02:00:00,101659.34,-12,-18.9,55.87,9.26,90,11.575,102220,NA,NA,NA,NA,NA,454,NA,NA,NA,7,NA,NA,13.38,1371.6,NA,NA,NA,90,-22.58,NA,-19.1,90438.28,0,0,0,-9.6,0,0,0,NA,NA,NA,NA,NA,NA,NA,NA,0.027,6.5,81,20,-14,2.3
2019-02-09 03:00:00,101727.07,-13,-20,56.95,9.26,90,11.83,102260,6,NA,NA,NA,NA,484,NA,NA,NA,7,NA,NA,14.92,1463.04,NA,NA,NA,90,-23.89,NA,-20.1,90498.53,0,0,0,-9.4,0,0,0,NA,NA,NA,NA,NA,NA,NA,NA,0.027,6.8,89,17,-15.1,2.5
2019-02-09 04:00:00,101727.07,-13,-21.1,55.28,8.75,90,12.35,102310,6,754,1013,NA,NA,496,704,NA,0.508,7,-6.7,-13.9,14.4,1676.4,NA,NA,NA,70,-24.38,NA,-21.1,90498.53,0,0,0,-10.4,0,0,0,NA,NA,NA,NA,NA,NA,NA,NA,0.026,7.7,93,15,-16,4.5
2019-02-09 05:00:00,101760.93,-14,-22.2,50.63,8.75,100,12.35,102360,6,NA,NA,NA,NA,704,704,NA,NA,7,NA,NA,NA,2133.6,NA,NA,NA,NA,-24.94,NA,-22.11,90528.65,0,0,0,-10.2,0,0,0,NA,NA,NA,NA,NA,NA,NA,NA,0.025,8,94,15,-16.7,7.1
2019-02-09 06:00:00,101794.79,-15,-22.2,54.98,9.77,100,13.38,102380,6,NA,NA,NA,NA,604,604,NA,NA,6,NA,NA,NA,1828.8,NA,NA,NA,NA,-26.78,NA,-22.1,90558.78,0,0,0,-9.8,0,0,0,NA,NA,NA,NA,NA,NA,NA,NA,0.025,8.4,94,15,-17.3,7.9
2019-02-09 07:00:00,101828.66,-15,-22.8,54.68,9.77,100,13.12,102410,6,NA,1007,NA,NA,603,754,NA,NA,5,NA,NA,NA,1828.8,NA,NA,NA,NA,-26.78,NA,-23.09,90588.91,0,0,0,-10.4,0,0,0,NA,NA,NA,NA,NA,NA,NA,NA,0.024,8.1,93,14,-17.9,8.5
2019-02-09 08:00:00,101862.52,-16,-22.8,54.68,9.77,100,12.605,102480,6,NA,NA,NA,NA,604,704,NA,NA,3,NA,NA,15.95,1828.8,NA,NA,NA,90,-28.11,NA,-23.09,90619.03,0,0,0,-9.6,0,0,0,NA,NA,NA,NA,NA,NA,NA,NA,0.023,7.3,90,18,-18.1,8.5
2019-02-09 09:00:00,101896.38,-16,-22.8,54.68,9.77,100,12.86,102480,6,NA,NA,0.076,NA,706,904,NA,NA,3,NA,NA,15.43,2743.2,NA,NA,NA,90,-28.11,NA,-23.09,90649.15,0,0,0,-10.1,0,0,0,NA,NA,NA,NA,NA,NA,NA,NA,0.022,7.3,92,17,-18,7.6
2019-02-09 10:00:00,101930.25,-16,-23.3,54.68,9.26,100,12.86,102500,6,NA,1007,NA,NA,904,954,0.025,NA,5,-13.9,-16.1,NA,2895.6,NA,NA,NA,NA,-27.84,NA,-23.09,90679.28,0,0,0,-9.7,0,0,0,NA,NA,NA,NA,NA,NA,NA,NA,0.022,7.9,98,15,-17.8,8.5
2019-02-09 11:00:00,101896.38,-16,-22.9,54.68,10.8,90,13.89,102490,6,NA,NA,0.076,NA,904,854,NA,NA,5,NA,NA,15.43,2743.2,NA,NA,NA,90,-28.54,NA,-23.09,90649.15,0,0,0,-9.3,0,0,0,NA,NA,NA,NA,NA,NA,NA,NA,0.021,8.3,96,13,-17.7,8.3
2019-02-09 12:00:00,101862.52,-16,-22.8,54.83,9.005,100,14.4,102470,30.5,NA,NA,0.076,NA,904,854,NA,NA,10,NA,NA,14.4,2743.2,NA,NA,NA,90,-27.57,NA,-22.5,90619.03,0,0,0,-9.2,0,0,0,NA,NA,NA,NA,NA,NA,NA,NA,0.021,8.8,92,12,-17.1,8.8
2019-02-09 13:00:00,101794.79,-15,-21.7,54.98,8.75,110,12.35,102400,6,NA,8012,NA,0.025,854,904,NA,NA,7,NA,NA,NA,2590.8,NA,NA,NA,NA,-26.25,NA,-22.1,90558.78,0,0,0,-9.6,0,0,0,NA,NA,NA,NA,NA,NA,NA,NA,0.021,8.3,96,11,-16.6,8.8
2019-02-09 14:00:00,101727.07,-14,-21.7,50.63,8.75,100,11.83,102320,6,NA,NA,NA,NA,854,954,NA,NA,7,NA,NA,13.89,2590.8,NA,NA,NA,90,-24.94,NA,-22.11,90498.53,0,0,0,-10.1,0,0,0,NA,NA,NA,NA,NA,NA,NA,NA,0.021,7.6,95,11,-16.4,7.1
2019-02-09 15:00:00,101659.34,-14,-22.2,50.63,8.23,100,10.29,102310,6,NA,NA,NA,NA,804,904,NA,NA,8,NA,NA,NA,2438.4,NA,NA,NA,NA,-24.65,NA,-22.11,90438.28,0,0,0,-10,0,0,0,NA,NA,NA,NA,NA,NA,NA,NA,0.022,6.8,97,12,-16.4,8.3
2019-02-09 16:00:00,101625.47,-14,-22.2,50.63,8.23,110,NA,102280,NA,1203,6012,NA,NA,853,1004,0.025,NA,9,-13.9,-15.6,NA,2590.8,NA,NA,NA,NA,-24.65,NA,-22.11,90408.14,0,0,0,-9.9,0,0,0,NA,NA,NA,NA,NA,NA,NA,NA,0.023,7.1,99,11,-16.7,8.1
2019-02-09 17:00:00,101625.47,-15,-21.7,54.98,8.23,110,NA,102280,NA,1004,NA,NA,NA,1003,1054,NA,NA,8,NA,NA,NA,3048,NA,NA,NA,NA,-25.96,NA,-22.1,90408.14,0,0,0,-8.6,0,0,0,NA,NA,NA,NA,NA,NA,NA,NA,0.023,7.2,97,12,-16.9,6.9
2019-02-09 18:00:00,101591.61,-16,-21.1,65.23,7.72,110,10.03,102280,20,1004,NA,0.025,NA,474,729,NA,NA,5,NA,NA,NA,1432.56,NA,NA,NA,NA,-26.95,NA,-21.08,90378.02,0,0,0,-8.6,0,0,0,NA,NA,NA,NA,NA,NA,NA,NA,0.024,7.1,94,13,-16.9,6.6
2019-02-09 19:00:00,101591.61,-16,-22.2,59.75,8.23,120,NA,102260,NA,NA,8005,NA,0.025,704,929,NA,NA,8,NA,NA,NA,2743.2,NA,NA,NA,NA,-27.26,NA,-22.09,90378.02,0,0,0,-8.4,0,0,0,NA,NA,NA,NA,NA,NA,NA,NA,0.024,5.8,103,15,-17.1,6.2
2019-02-09 20:00:00,101557.75,-16,-22.8,54.68,9.77,110,12.865,102250,NA,NA,NA,NA,NA,754,NA,NA,NA,8,NA,NA,NA,2286,NA,NA,NA,NA,-28.11,NA,-23.09,90347.9,0,0,0,-8.2,0,0,0,NA,NA,NA,NA,NA,NA,NA,NA,0.024,4.7,111,19,-17.4,6.2
2019-02-09 21:00:00,101523.88,-17,-22.8,59.46,10.29,110,12.86,102220,6,NA,NA,NA,NA,603,678.5,NA,NA,6,NA,NA,13.89,1828.8,NA,NA,NA,110,-29.69,NA,-23.08,90317.77,0,0,0,-5.8,0,0,0,NA,NA,NA,NA,NA,NA,NA,NA,0.024,4.3,119,21,-17.6,7.1
2019-02-09 22:00:00,101490.02,-17,-23.3,59.46,10.29,110,NA,102190,6,NA,8008,NA,NA,553,703,0.025,NA,8,-14.4,-17.2,NA,2133.6,NA,NA,NA,NA,-29.69,NA,-23.08,90287.65,0,0,0,-5.5,0,0,0,NA,NA,NA,NA,NA,NA,NA,NA,0.024,4.4,117,19,-17.9,4
2019-02-09 23:00:00,101422.29,-17.8,-24.4,56.12,10.29,110,14.4,102140,NA,NA,NA,NA,NA,1,NA,NA,NA,9,NA,NA,NA,NA,NA,-8.9,-17.8,NA,-30.47,NA,-24.09,90227.39,0,0,0,-3.4,0,0,0,NA,NA,NA,NA,NA,NA,NA,NA,0.024,4.6,108,19,-18.3,3
2019-02-10,101388.43,-18,-25,54.07,9.77,110,12.86,102110,NA,NA,NA,NA,NA,1,NA,NA,NA,10,NA,NA,NA,NA,NA,NA,NA,NA,-30.75,NA,-25.09,90197.27,0,0,0,-0.100000000000001,0,0,0,NA,NA,NA,NA,NA,NA,NA,NA,0.024,4.3,105,18,-18.7,2.3
2019-02-10 01:00:00,101354.56,-18,-25,54.07,8.75,110,10.29,102040,NA,NA,6014,NA,NA,1,NA,NA,NA,10,NA,NA,NA,NA,NA,NA,NA,NA,-30.18,NA,-25.09,90167.14,0,0,0,1.4,1,1,0,23,25,37,2019-02-10 01:00:00,2019-02-11 13:00:00,37,2019-02-10 01:00:00,2019-02-11 13:00:00,0.024,3.9,109,19,-18.8,2.5
2019-02-10 02:00:00,101286.84,-18,-25,49.36,8.23,100,10.8,101990,NA,NA,NA,NA,NA,1,NA,NA,NA,10,NA,NA,NA,NA,NA,NA,NA,NA,-29.86,NA,-26.09,90106.89,0,0,0,3.2,1,1,0,23,25,37,2019-02-10 01:00:00,2019-02-11 13:00:00,37,2019-02-10 01:00:00,2019-02-11 13:00:00,0.024,3.4,111,20,-18.7,5.4
2019-02-10 03:00:00,101219.11,-18,-25,54.07,7.2,100,10.03,101900,NA,NA,NA,NA,NA,1,NA,NA,NA,10,NA,NA,NA,NA,NA,NA,NA,NA,-29.19,NA,-25.09,90046.64,0,0,0,4.1,1,1,0,23,25,37,2019-02-10 01:00:00,2019-02-11 13:00:00,37,2019-02-10 01:00:00,2019-02-11 13:00:00,0.024,3.1,109,41,-18.5,8.5
2019-02-10 04:00:00,101117.52,-18,-25,54.07,6.69,90,10.8,101780,NA,NA,8023,NA,NA,1,NA,NA,NA,10,-17.2,-18.3,NA,NA,NA,NA,NA,NA,-28.83,NA,-25.09,89956.26,0,0,0,3.8,1,1,0,23,25,37,2019-02-10 01:00:00,2019-02-11 13:00:00,37,2019-02-10 01:00:00,2019-02-11 13:00:00,0.023,2.1,291,54,-19.2,9.5
2019-02-10 05:00:00,101049.79,-18,-25.6,54.07,6.69,90,9.26,101750,NA,NA,NA,NA,NA,1,NA,NA,NA,10,NA,NA,NA,NA,NA,NA,NA,NA,-28.83,NA,-25.09,89896.01,0,0,0,4.6,1,1,0,23,25,37,2019-02-10 01:00:00,2019-02-11 13:00:00,37,2019-02-10 01:00:00,2019-02-11 13:00:00,0.021,1.6,271,38,-19.9,6.4
2019-02-10 06:00:00,100982.06,-18,-24.4,54.07,4.12,90,NA,101690,NA,NA,NA,NA,NA,902,NA,NA,NA,10,NA,NA,NA,2743.2,NA,NA,NA,NA,-26.53,NA,-25.09,89835.75,0,0,0,4.5,1,1,0,23,25,37,2019-02-10 01:00:00,2019-02-11 13:00:00,37,2019-02-10 01:00:00,2019-02-11 13:00:00,0.019,1.5,287,41,-19.7,8.5
2019-02-10 07:00:00,100948.2,-18,-24.4,59.18,5.14,70,NA,101650,NA,NA,8014,NA,NA,856,954,NA,NA,10,NA,NA,NA,2895.6,NA,NA,NA,NA,-27.56,NA,-24.08,89805.63,0,0,0,5.4,1,1,0,23,25,37,2019-02-10 01:00:00,2019-02-11 13:00:00,37,2019-02-10 01:00:00,2019-02-11 13:00:00,0.018,1.5,286,32,-19.4,10
2019-02-10 08:00:00,100914.33,-17,-23.9,54.38,4.63,80,NA,101630,20,954,NA,0.025,NA,528,704,NA,NA,9,NA,NA,NA,1600.2,NA,NA,NA,NA,-25.83,NA,-24.09,89775.5,0,0,0,4.9,1,1,0,23,25,37,2019-02-10 01:00:00,2019-02-11 13:00:00,37,2019-02-10 01:00:00,2019-02-11 13:00:00,0.019,1.5,270,38,-19,8
2019-02-10 09:00:00,100846.6,-18,-22.8,76.23,1.54,115,NA,101560,20,579,NA,0.254,NA,213.5,478.5,NA,NA,2,NA,NA,NA,640.08,NA,NA,NA,NA,-22.38,NA,-21.1,89715.25,0,0,0,6.5,1,1,1,23,25,37,2019-02-10 01:00:00,2019-02-11 13:00:00,37,2019-02-10 01:00:00,2019-02-11 13:00:00,0.02,1.3,25,51,-18.6,9.3
2019-02-10 10:00:00,100745.01,-18,-21.1,77.21,2.57,270,NA,101390,6,NA,8024,0.025,NA,243,1002,0.254,NA,4,-17.2,-18.3,NA,731.52,NA,NA,NA,NA,-24.05,NA,-21.05,89624.87,0,0,0,7.3,1,1,0,23,25,37,2019-02-10 01:00:00,2019-02-11 13:00:00,37,2019-02-10 01:00:00,2019-02-11 13:00:00,0.02,1.5,329,61,-17.7,10.2
2019-02-10 11:00:00,100711.15,-17,-21.1,70.94,2.57,300,NA,101440,6,NA,NA,NA,NA,1202,1202,NA,NA,8,NA,NA,NA,3657.6,NA,NA,NA,NA,-23.27,NA,-21.06,89594.75,0,0,0,8.9,1,1,0,23,25,37,2019-02-10 01:00:00,2019-02-11 13:00:00,37,2019-02-10 01:00:00,2019-02-11 13:00:00,0.02,1.5,265,49,-17.3,7.6
2019-02-10 12:00:00,100711.15,-17,-21.1,70.94,3.6,310,NA,101390,NA,753,NA,NA,NA,1,752.5,NA,NA,8,NA,NA,NA,1889.76,NA,NA,NA,NA,-24.71,NA,-21.06,89594.75,0,0,0,8.9,1,1,0,23,25,37,2019-02-10 01:00:00,2019-02-11 13:00:00,37,2019-02-10 01:00:00,2019-02-11 13:00:00,0.021,1.4,303,60,-16.5,7.8
2019-02-10 13:00:00,100677.29,-16,-20.6,65.23,1.54,290,NA,101360,NA,904,0,NA,NA,383,803,NA,NA,9,NA,NA,NA,2286,NA,NA,NA,NA,-21.65,NA,-21.08,89564.62,0,0,0,7.6,1,1,1,23,25,37,2019-02-10 01:00:00,2019-02-11 13:00:00,37,2019-02-10 01:00:00,2019-02-11 13:00:00,0.022,1.5,282,69,-15.8,12
2019-02-10 14:00:00,100643.42,-15.6,-20.6,65.23,1.54,180,NA,101370,6,954,NA,NA,NA,343,494,NA,NA,9,NA,NA,NA,1188.72,NA,NA,NA,NA,-20.655,NA,-21.08,89534.49,0,0,0,5.2,1,1,1,23,25,37,2019-02-10 01:00:00,2019-02-11 13:00:00,37,2019-02-10 01:00:00,2019-02-11 13:00:00,0.022,1.2,257,82,-14.9,12.9
2019-02-10 15:00:00,100643.42,-15,-19.4,65.23,0,0,NA,101320,6,NA,NA,NA,NA,954,1028.5,NA,NA,9,NA,NA,NA,3048,NA,NA,NA,NA,-20.1,NA,-20.08,89534.49,0,0,0,4.1,1,1,1,23,25,37,2019-02-10 01:00:00,2019-02-11 13:00:00,37,2019-02-10 01:00:00,2019-02-11 13:00:00,0.022,1.2,201,59,-14.4,10.5
2019-02-10 16:00:00,100677.29,-13,-19.4,60.58,0,0,NA,101380,NA,NA,3004,NA,NA,606,NA,NA,NA,10,-12.2,-17.8,NA,3352.8,NA,NA,NA,NA,-17.7,NA,-19.09,89564.62,0,0,0,1.5,1,1,1,23,25,37,2019-02-10 01:00:00,2019-02-11 13:00:00,37,2019-02-10 01:00:00,2019-02-11 13:00:00,0.021,1.2,157,65,-13.1,11.2
2019-02-10 17:00:00,100677.29,-14,-19.4,65.74,2.06,170,NA,101350,NA,704,NA,NA,NA,503,604,NA,NA,8,NA,NA,NA,1676.4,NA,NA,NA,NA,-18.87,NA,-19.08,89564.62,0,0,0,2.4,1,1,0,23,25,37,2019-02-10 01:00:00,2019-02-11 13:00:00,37,2019-02-10 01:00:00,2019-02-11 13:00:00,0.02,1,105,56,-14.1,12.2
2019-02-10 18:00:00,100711.15,-14,-18.9,65.74,0,0,NA,101450,NA,NA,NA,NA,NA,504,604,NA,NA,8,NA,NA,NA,1524,NA,NA,NA,NA,-17.81,NA,-19.08,89594.75,0,0,0,1.8,1,1,1,23,25,37,2019-02-10 01:00:00,2019-02-11 13:00:00,37,2019-02-10 01:00:00,2019-02-11 13:00:00,0.019,1.4,198,39,-14.7,11.2
2019-02-10 19:00:00,100745.01,-14,-18.3,71.6,2.06,150,NA,101420,13,604,3003,0.025,0.025,436,554,NA,NA,7,NA,NA,NA,1828.8,NA,NA,NA,NA,-19.71,NA,-18.07,89624.87,0,0,0,1.6,1,1,0,23,25,37,2019-02-10 01:00:00,2019-02-11 13:00:00,37,2019-02-10 01:00:00,2019-02-11 13:00:00,0.019,1.4,213,28,-15.2,15.9
2019-02-10 20:00:00,100745.01,-14,-18.3,65.74,2.57,130,NA,101410,NA,1104,NA,NA,NA,703,1103,NA,NA,8,NA,NA,NA,3352.8,NA,NA,NA,NA,-20.19,NA,-19.08,89624.87,0,0,0,1.6,1,1,0,23,25,37,2019-02-10 01:00:00,2019-02-11 13:00:00,37,2019-02-10 01:00:00,2019-02-11 13:00:00,0.018,1.2,233,38,-16,11.5
2019-02-10 21:00:00,100745.01,-14,-17.8,71.6,1.54,110,NA,101480,20,NA,NA,0.025,NA,503,804,NA,NA,7,NA,NA,NA,1524,NA,NA,NA,NA,-17.81,NA,-18.07,89624.87,0,0,0,1.2,1,1,1,23,25,37,2019-02-10 01:00:00,2019-02-11 13:00:00,37,2019-02-10 01:00:00,2019-02-11 13:00:00,0.017,1.2,226,35,-15.6,13.2
2019-02-10 22:00:00,100778.88,-14,-17.5,76.59,1.8,125,NA,101480,20,NA,3004,0.025,NA,403.5,654,0.025,NA,3,-13.9,-15,NA,1219.2,NA,NA,NA,NA,-18.87,NA,-17.555,89655,0,0,0,1.1,1,1,1,23,25,37,2019-02-10 01:00:00,2019-02-11 13:00:00,37,2019-02-10 01:00:00,2019-02-11 13:00:00,0.018,1.3,244,34,-15.5,15.7
2019-02-10 23:00:00,100778.88,-14,-17.2,77.92,2.06,130,NA,101430,20,1028,NA,0.025,NA,436,853,NA,NA,4,NA,NA,NA,1371.6,NA,-12.2,-18.3,NA,-18.87,NA,-17.05,89655,0,0,0,0.9,1,1,0,23,25,37,2019-02-10 01:00:00,2019-02-11 13:00:00,37,2019-02-10 01:00:00,2019-02-11 13:00:00,0.019,0.9,219,37,-15.6,16.2
2019-02-11,100711.15,-14,-17.8,77.92,1.54,130,NA,101340,6,852,NA,NA,NA,553,553,NA,NA,7,NA,NA,NA,1676.4,NA,NA,NA,NA,-18.87,NA,-17.05,89594.75,0,0,0,0.800000000000001,1,1,1,23,25,37,2019-02-10 01:00:00,2019-02-11 13:00:00,37,2019-02-10 01:00:00,2019-02-11 13:00:00,0.017,1.3,224,37,-15.7,14.2
2019-02-11 01:00:00,100677.29,-16,-18.3,84.36,1.54,20,NA,101360,NA,NA,5009,NA,0.025,503,556,NA,NA,7,NA,NA,NA,1676.4,NA,NA,NA,NA,-21.21,NA,-19.03,89564.62,0,0,0,2.8,1,1,1,23,25,37,2019-02-10 01:00:00,2019-02-11 13:00:00,37,2019-02-10 01:00:00,2019-02-11 13:00:00,0.014,0.9,241,44,-16.7,16.4
2019-02-11 02:00:00,100677.29,-16,-18.3,84.49,1.54,30,NA,101300,NA,NA,NA,NA,NA,553,604,NA,NA,7,NA,NA,NA,1828.8,NA,NA,NA,NA,-20.82,NA,-18.03,89564.62,0,0,0,2.6,1,1,1,23,25,37,2019-02-10 01:00:00,2019-02-11 13:00:00,37,2019-02-10 01:00:00,2019-02-11 13:00:00,0.011,0.8,233,55,-17.6,18.5
2019-02-11 03:00:00,100609.56,-16.7,-18.3,84.36,0,0,NA,101180,31,1104,NA,NA,NA,652,953,NA,NA,6,NA,NA,NA,2438.4,NA,NA,NA,NA,-20.1,NA,-19.03,89504.37,0,0,0,2.8,1,1,1,23,25,37,2019-02-10 01:00:00,2019-02-11 13:00:00,37,2019-02-10 01:00:00,2019-02-11 13:00:00,0.012,1.2,205,58,-17.7,17.4
2019-02-11 04:00:00,100507.97,-16,-17.8,84.49,0,0,NA,101140,31,NA,6017,NA,NA,653,754,0.025,0.254,6,-14.4,-17.8,NA,1981.2,NA,NA,NA,NA,-21.21,NA,-18.03,89413.99,0,0,0,2.3,1,1,1,23,25,37,2019-02-10 01:00:00,2019-02-11 13:00:00,37,2019-02-10 01:00:00,2019-02-11 13:00:00,0.012,1.2,239,42,-17.1,19.2
2019-02-11 05:00:00,100474.1,-16,-17.8,84.49,0,0,NA,101100,2500,NA,NA,0.254,NA,274,NA,NA,NA,1.625,NA,NA,NA,822.96,NA,NA,NA,NA,-20.1,NA,-18.03,89383.86,0,0,0,2.4,1,1,1,23,25,37,2019-02-10 01:00:00,2019-02-11 13:00:00,37,2019-02-10 01:00:00,2019-02-11 13:00:00,0.015,1.4,240,44,-16.6,13.2
2019-02-11 06:00:00,100440.24,-16,-17.5,84.49,1.8,280,NA,101080,2500,NA,NA,0.025,NA,344,NA,NA,NA,2,NA,NA,NA,1036.32,NA,NA,NA,NA,-20.1,NA,-18.03,89353.74,0,0,0,2.4,1,1,1,23,25,37,2019-02-10 01:00:00,2019-02-11 13:00:00,37,2019-02-10 01:00:00,2019-02-11 13:00:00,0.014,1.3,225,37,-16.5,18.7
2019-02-11 07:00:00,100474.1,-14.4,-17.2,79.18,1.54,300,NA,101110,2500,NA,5001,0.254,0.508,344,NA,NA,NA,2.5,NA,NA,NA,1036.32,NA,NA,NA,NA,-18.96,NA,-17.05,89383.86,0,0,0,1.3,1,1,1,23,25,37,2019-02-10 01:00:00,2019-02-11 13:00:00,37,2019-02-10 01:00:00,2019-02-11 13:00:00,0.012,1.5,203,31,-16,16.4
2019-02-11 08:00:00,100541.83,-14,-16.7,77.92,2.06,320,NA,101220,20,NA,NA,0.025,NA,344,NA,NA,NA,1.5,NA,NA,NA,1036.32,NA,NA,NA,NA,-19.34,NA,-17.05,89444.12,0,0,0,1.3,1,1,0,23,25,37,2019-02-10 01:00:00,2019-02-11 13:00:00,37,2019-02-10 01:00:00,2019-02-11 13:00:00,0.011,1.5,222,46,-15.2,13.9
2019-02-11 09:00:00,100643.42,-14,-16.1,77.92,2.06,310,NA,101300,20,NA,NA,0.254,NA,165,474,NA,NA,0.75,NA,NA,NA,487.68,NA,NA,NA,NA,-18.87,NA,-17.05,89534.49,0,0,0,1.7,1,1,0,23,25,37,2019-02-10 01:00:00,2019-02-11 13:00:00,37,2019-02-10 01:00:00,2019-02-11 13:00:00,0.008,1.6,271,41,-14.3,14.4
2019-02-11 10:00:00,100745.01,-13,-15.6,78.1,1.54,310,NA,101370,20,NA,2016,0.025,NA,324,304,1.016,NA,1,-12.2,-15.6,NA,975.36,NA,NA,NA,NA,-16.67,NA,-16.05,89624.87,0,0,0,1.9,1,1,1,23,25,37,2019-02-10 01:00:00,2019-02-11 13:00:00,37,2019-02-10 01:00:00,2019-02-11 13:00:00,0.01,1.4,294,46,-13.4,19.4
2019-02-11 11:00:00,100812.74,-13,-15,84.87,1.54,220,NA,101460,31,NA,NA,0.025,NA,173,554,NA,NA,2,NA,NA,NA,518.16,NA,NA,NA,NA,-16.67,NA,-15.04,89685.12,0,0,0,2.6,1,1,1,23,25,37,2019-02-10 01:00:00,2019-02-11 13:00:00,37,2019-02-10 01:00:00,2019-02-11 13:00:00,0.01,1.4,295,60,-11.9,NA
2019-02-11 12:00:00,100880.47,-12,-15,84.99,0,0,NA,101500,6,703.5,NA,NA,NA,473,553.5,NA,NA,6,NA,NA,NA,1463.04,NA,NA,NA,NA,-17.16,NA,-14.04,89745.38,0,0,0,1.6,1,1,1,23,25,37,2019-02-10 01:00:00,2019-02-11 13:00:00,37,2019-02-10 01:00:00,2019-02-11 13:00:00,0.008,1.2,83,77,-10,20.8
2019-02-11 13:00:00,100914.33,-11,-13.9,78.44,1.54,130,NA,101530,6,753,1016,NA,0.025,446,603,NA,NA,6,NA,NA,NA,1828.8,NA,NA,NA,NA,-14.39,NA,-14.05,89775.5,0,0,0,0.699999999999999,1,1,1,23,25,37,2019-02-10 01:00:00,2019-02-11 13:00:00,37,2019-02-10 01:00:00,2019-02-11 13:00:00,0.008,1,275,81,-9.3,15.9
2019-02-11 14:00:00,100948.2,-9.4,-13.3,72.65,0,0,NA,101580,6,703,NA,NA,NA,486,604,NA,NA,5,NA,NA,NA,1828.8,NA,NA,NA,NA,-12.9,NA,-13.07,89805.63,0,0,0,-1.4,0,0,1,NA,NA,NA,NA,NA,NA,NA,NA,0.007,1.1,115,82,-9.1,13.2
2019-02-11 15:00:00,101049.79,-9,-12.5,75.935,0,0,NA,101670,20,484,NA,0.254,NA,333,383.5,NA,NA,2.25,NA,NA,NA,1005.84,NA,NA,NA,NA,-14.2,NA,-13.05,89896.01,0,0,0,-1.7,0,0,1,NA,NA,NA,NA,NA,NA,NA,NA,0.007,0.7,159,74,-8.2,16.2
2019-02-11 16:00:00,101117.52,-9,-12.2,78.77,1.54,250,NA,101720,20,NA,3017,0.254,NA,213,344,0.508,NA,0.75,-8.9,-12.8,NA,640.08,NA,NA,NA,NA,-12.1,NA,-12.05,89956.26,0,0,0,-2,0,0,1,NA,NA,NA,NA,NA,NA,NA,NA,0.007,1.1,245,63,-8.8,12.2
2019-02-11 17:00:00,101117.52,-9,-11.05,85.36,0,0,NA,101720,2500,NA,NA,0.254,NA,274,364,NA,NA,0.75,NA,NA,NA,822.96,NA,NA,NA,NA,-12.1,NA,-11.04,89956.26,0,0,0,-1.8,0,0,1,NA,NA,NA,NA,NA,NA,NA,NA,0.008,0.7,249,60,-9.2,13.2
2019-02-11 18:00:00,101151.38,-8,-10.8,78.94,0,0,NA,101720,2500,NA,NA,0.025,NA,394,NA,NA,NA,2,NA,NA,NA,1188.72,NA,NA,NA,NA,NA,NA,-11.05,89986.38,0,0,0,-2.3,0,0,1,NA,NA,NA,NA,NA,NA,NA,NA,0.003,0.7,312,73,-9.3,19.4
2019-02-11 19:00:00,101151.38,-8,-10.6,78.94,0,0,NA,101700,2500,NA,1001,0.254,0.762,284,NA,NA,NA,1.5,NA,NA,NA,853.44,NA,NA,NA,NA,NA,NA,-11.05,89986.38,0,0,0,-1.9,0,0,1,NA,NA,NA,NA,NA,NA,NA,NA,0.001,0.7,130,71,-9,14.9
2019-02-11 20:00:00,101117.52,-8,-10.6,78.94,0,0,NA,101660,2500,NA,NA,0.254,NA,234,NA,NA,NA,1.25,NA,NA,NA,701.04,NA,NA,NA,NA,-10.96,NA,-11.05,89956.26,0,0,0,-1.6,0,0,1,NA,NA,NA,NA,NA,NA,NA,NA,0.001,1,233,32,-8.8,19.2
2019-02-11 21:00:00,101117.52,-8,-10.6,83.42,1.54,290,NA,101660,2500,NA,NA,0.254,NA,204,NA,NA,NA,1.5,NA,NA,NA,609.6,NA,NA,NA,NA,-11.87,NA,-10.64,89956.26,0,0,0,-1,0,0,1,NA,NA,NA,NA,NA,NA,NA,NA,0.001,1.6,229,31,-9,19.9
2019-02-11 22:00:00,101117.52,-8,-10,85.47,0,0,NA,101650,2500,NA,5002,0.254,NA,266,404,1.778,NA,2,-7.8,-8.9,NA,1158.24,NA,NA,NA,NA,-10.96,NA,-10.04,89956.26,0,0,0,0.0999999999999996,0,1,1,NA,26,NA,NA,NA,11,2019-02-11 22:00:00,2019-02-12 08:00:00,0.001,1,202,47,-8.7,24.5
2019-02-11 23:00:00,101117.52,-8,-10,85.47,0,0,NA,101680,2500,NA,NA,0.025,NA,256,424,NA,NA,2,NA,NA,NA,1280.16,NA,-7.8,-17.8,NA,-10.96,NA,-10.04,89956.26,0,0,0,0.2,0,1,1,NA,26,NA,NA,NA,11,2019-02-11 22:00:00,2019-02-12 08:00:00,0.001,0.7,232,73,-8.4,19
2019-02-12,101151.38,-8,-10,85.47,0,0,NA,101670,31,554,NA,0.025,NA,216,422,NA,NA,4,NA,NA,NA,1203.96,NA,NA,NA,NA,-10.96,NA,-10.04,89986.38,0,0,0,0.5,1,1,1,24,26,9,2019-02-12,2019-02-12 08:00:00,11,2019-02-11 22:00:00,2019-02-12 08:00:00,0.001,0.9,241,76,-8.2,17.9
2019-02-12 01:00:00,101151.38,-8,-9.7,85.47,0,0,NA,101650,31,554,1001,NA,0.025,182,443,NA,NA,4,NA,NA,NA,975.36,NA,NA,NA,NA,-11.13,NA,-10.04,89986.38,0,0,0,0.9,1,1,1,24,26,9,2019-02-12,2019-02-12 08:00:00,11,2019-02-11 22:00:00,2019-02-12 08:00:00,0.001,1.1,225,56,-8.1,16.7
2019-02-12 02:00:00,101151.38,-8,-10,85.47,0,0,NA,101610,31,504,NA,NA,NA,176,432,NA,NA,4,NA,NA,NA,1463.04,NA,NA,NA,NA,-10.96,NA,-10.04,89986.38,0,0,0,1.1,1,1,1,24,26,9,2019-02-12,2019-02-12 08:00:00,11,2019-02-11 22:00:00,2019-02-12 08:00:00,0.003,1.2,219,53,-8.5,21.6
2019-02-12 03:00:00,101117.52,-8,-10,85.47,0,0,NA,101600,31,604,NA,NA,NA,182,553,NA,NA,4,NA,NA,NA,1676.4,NA,NA,NA,NA,-10.96,NA,-10.04,89956.26,0,0,0,1.3,1,1,1,24,26,9,2019-02-12,2019-02-12 08:00:00,11,2019-02-11 22:00:00,2019-02-12 08:00:00,0.004,1.3,215,61,-8.5,21.5
2019-02-12 04:00:00,101083.65,-8,-9.4,92.48,0,0,NA,101560,31,1004,8006,NA,NA,442,554,0.025,3.302,4,-7.8,-8.3,NA,1676.4,NA,NA,NA,NA,-10.96,NA,-9.02,89926.13,0,0,0,1.5,1,1,1,24,26,9,2019-02-12,2019-02-12 08:00:00,11,2019-02-11 22:00:00,2019-02-12 08:00:00,0.002,1.3,205,65,-8.4,24.5
2019-02-12 05:00:00,101083.65,-8,-10,85.47,0,0,NA,101570,31,1004,NA,NA,NA,453,603,NA,NA,4,NA,NA,NA,1402.08,NA,NA,NA,NA,-10.96,NA,-10.04,89926.13,0,0,0,1.7,1,1,1,24,26,9,2019-02-12,2019-02-12 08:00:00,11,2019-02-11 22:00:00,2019-02-12 08:00:00,0.002,1.3,201,62,-8.2,20.8
2019-02-12 06:00:00,101083.65,-8,-9.4,92.48,1.54,250,NA,101560,31,1203,NA,NA,NA,473,703,NA,NA,4,NA,NA,NA,1493.52,NA,NA,NA,NA,-10.96,NA,-9.02,89926.13,0,0,0,1.7,1,1,1,24,26,9,2019-02-12,2019-02-12 08:00:00,11,2019-02-11 22:00:00,2019-02-12 08:00:00,0.001,1.1,193,62,-8,17.5
2019-02-12 07:00:00,101083.65,-8,-9.4,92.48,0,0,NA,101560,31,NA,2000,NA,NA,492,1203,NA,NA,4,NA,NA,NA,3657.6,NA,NA,NA,NA,-11.415,NA,-9.02,89926.13,0,0,0,1.7,1,1,1,24,26,9,2019-02-12,2019-02-12 08:00:00,11,2019-02-11 22:00:00,2019-02-12 08:00:00,0.001,1.3,150,81,-6.6,10.7
2019-02-12 08:00:00,101083.65,-7,-9.4,85.59,0,0,NA,101590,31,1104,NA,NA,NA,463,1203,NA,NA,4,NA,NA,NA,3352.8,NA,NA,NA,NA,-10.26,NA,-9.04,89926.13,0,0,0,0.8,1,1,1,24,26,9,2019-02-12,2019-02-12 08:00:00,11,2019-02-11 22:00:00,2019-02-12 08:00:00,0.002,1.3,301,80,-4.5,10.5
2019-02-12 09:00:00,101117.52,-6,-8.3,85.59,0,0,NA,101540,31,NA,NA,NA,NA,483,603,NA,NA,6,NA,NA,NA,1463.04,NA,NA,NA,NA,-9.53,NA,-8.07,89956.26,0,0,0,-0.2,0,0,1,NA,NA,NA,NA,NA,NA,NA,NA,0.005,1.4,62,59,-2.8,7.2
2019-02-12 10:00:00,101049.79,-4,-6.7,79.58,0,0,NA,101430,6,NA,8006,NA,NA,502,602.5,NA,NA,5,-3.3,-7.8,NA,1524,NA,NA,NA,NA,-7.38,NA,-7.07,89896.01,0,0,0,-2,0,0,1,NA,NA,NA,NA,NA,NA,NA,NA,0.006,1.2,214,78,-0.2,3.8
2019-02-12 11:00:00,100982.06,-3,-5.6,79.58,0,0,NA,101360,6,NA,NA,NA,NA,1,NA,NA,NA,6,NA,NA,NA,NA,NA,NA,NA,NA,-7.115,NA,-7.05,89835.75,0,0,0,-1.9,0,0,1,NA,NA,NA,NA,NA,NA,NA,NA,0.017,2.7,218,26,2.2,3.5
2019-02-12 12:00:00,100914.33,-1,-5,72.08,0,0,NA,101280,NA,NA,NA,NA,NA,1,NA,NA,NA,7,NA,NA,NA,NA,NA,NA,NA,NA,-4.1,NA,-6.07,89775.5,0,0,0,-3.7,0,0,1,NA,NA,NA,NA,NA,NA,NA,NA,0.032,3.2,205,24,3.6,2.3
2019-02-12 13:00:00,100880.47,0,-5.6,63.94,0,0,NA,101200,NA,NA,6015,NA,NA,906,NA,NA,NA,8,NA,NA,NA,NA,NA,NA,NA,NA,-1.25,NA,-6.09,89745.38,0,0,0,-4.8,0,0,1,NA,NA,NA,NA,NA,NA,NA,NA,0.036,2.3,224,21,4,0.1
2019-02-12 14:00:00,100812.74,2,-5.6,55.36,1.54,90,NA,101130,NA,NA,NA,NA,NA,803,NA,NA,NA,10,NA,NA,NA,2438.4,NA,NA,NA,NA,-0.7,NA,-6.11,89685.12,0,0,0,-6.5,0,0,1,NA,NA,NA,NA,NA,NA,NA,NA,0.035,1.4,258,49,4.8,1.3
2019-02-12 15:00:00,100745.01,4,-7.2,48.05,1.54,30,NA,101040,NA,NA,NA,NA,NA,656,803,NA,NA,10,NA,NA,NA,2438.4,NA,NA,NA,NA,1.65,NA,-6.12,89624.87,0,0,0,-8.9,0,0,1,NA,NA,NA,NA,NA,NA,NA,NA,0.033,1,270,59,4.9,2.8
2019-02-12 16:00:00,100711.15,3,-7.2,47.75,2.57,220,NA,101020,NA,NA,6014,NA,NA,602,NA,NA,NA,10,4.4,-4.4,NA,NA,NA,NA,NA,NA,0.47,NA,-7.12,89594.75,0,0,0,-7.8,0,0,0,NA,NA,NA,NA,NA,NA,NA,NA,0.028,2.1,235,28,4.2,1.6
2019-02-12 17:00:00,100711.15,3,-6.7,47.75,0,0,NA,101030,NA,NA,NA,NA,NA,604,NA,NA,NA,10,NA,NA,NA,1828.8,NA,NA,NA,NA,-0.27,NA,-7.12,89594.75,0,0,0,-8.3,0,0,1,NA,NA,NA,NA,NA,NA,NA,NA,0.035,3.7,224,23,3.3,2.8
2019-02-12 18:00:00,100677.29,2,-5,55.36,4.63,160,NA,101000,NA,NA,NA,NA,NA,603,1103,NA,NA,10,NA,NA,NA,1828.8,NA,NA,NA,NA,-2.21,NA,-6.11,89564.62,0,0,0,-7.8,0,0,0,NA,NA,NA,NA,NA,NA,NA,NA,0.039,5.6,195,19,2.9,3.3
2019-02-12 19:00:00,100643.42,2,-4.4,64.42,6.17,170,11.32,100960,NA,1103,8005,NA,NA,603,704,NA,NA,10,NA,NA,NA,1828.8,NA,NA,NA,NA,-2.99,NA,-4.09,89534.49,0,0,0,-7.8,0,0,0,NA,NA,NA,NA,NA,NA,NA,NA,0.04,6.5,194,17,2.3,0.6
2019-02-12 20:00:00,100643.42,2,-3.3,69.43,9.26,170,13.375,100950,NA,854,NA,NA,NA,553,704,NA,NA,10,NA,NA,14.4,1676.4,NA,NA,NA,180,-4.15,NA,-3.07,89534.49,0,0,0,-7.8,0,0,0,NA,NA,NA,NA,NA,NA,NA,NA,0.041,6,197,18,1.7,-0.3
2019-02-12 21:00:00,100609.56,2,-3.3,69.43,7.72,170,10.29,100910,NA,NA,NA,NA,NA,506,604,NA,NA,10,NA,NA,NA,1676.4,NA,NA,NA,NA,-4.15,NA,-3.07,89504.37,0,0,0,-7.6,0,0,0,NA,NA,NA,NA,NA,NA,NA,NA,0.041,5,205,20,1.6,-0.3
2019-02-12 22:00:00,100575.69,2,-3.9,64.42,7.2,160,NA,100820,NA,NA,8010,NA,NA,504,604,NA,NA,10,3.9,1.1,NA,1524,NA,NA,NA,NA,-3.62,NA,-4.09,89474.24,0,0,0,-7.6,0,0,0,NA,NA,NA,NA,NA,NA,NA,NA,0.041,5.3,198,20,1.9,0.6
2019-02-12 23:00:00,100507.97,2,-3.9,64.42,7.2,160,11.32,100740,NA,954,NA,NA,NA,503,603,NA,NA,10,NA,NA,NA,1676.4,NA,4.4,-8.3,NA,-3.42,NA,-4.09,89413.99,0,0,0,-7.6,0,0,0,NA,NA,NA,NA,NA,NA,NA,NA,0.041,4.6,200,23,2,2.5
2019-02-13,100440.24,2,-4.4,64.42,6.17,160,9.26,100640,NA,1004,NA,NA,NA,496,703,NA,NA,10,NA,NA,NA,2133.6,NA,NA,NA,NA,-2.99,NA,-4.09,89353.74,0,0,0,-7.7,0,0,0,NA,NA,NA,NA,NA,NA,NA,NA,0.042,4.6,206,23,2.1,2.8
2019-02-13 01:00:00,100338.65,1,-4.4,69.22,4.12,150,NA,100510,NA,704,8023,NA,NA,506,704,NA,NA,10,NA,NA,NA,2133.6,NA,NA,NA,NA,-2.38,NA,-4.07,89263.36,0,0,0,-6.8,0,0,0,NA,NA,NA,NA,NA,NA,NA,NA,0.042,4.2,210,25,2.2,2
2019-02-13 02:00:00,100237.06,1,-4.4,66.68,3.6,150,NA,100380,NA,704,NA,NA,NA,502,654,NA,NA,10,NA,NA,NA,1981.2,NA,NA,NA,NA,-2.77,NA,-4.48,89172.99,0,0,0,-6.9,0,0,0,NA,NA,NA,NA,NA,NA,NA,NA,0.042,4,207,23,2,1.1
2019-02-13 03:00:00,100135.46,1,-4.4,64.18,3.09,150,NA,100250,NA,754,NA,NA,NA,466,654,NA,NA,10,NA,NA,NA,1981.2,NA,NA,NA,NA,-2.38,NA,-5.09,89082.6,0,0,0,-7.1,0,0,0,NA,NA,NA,NA,NA,NA,NA,NA,0.042,4.1,215,23,1.7,1.6
2019-02-13 04:00:00,100033.87,1,-3.9,69.22,4.12,150,NA,100210,NA,704,6024,NA,NA,476,654,NA,NA,10,1.7,0.6,NA,1828.8,NA,NA,NA,NA,-3.13,NA,-4.07,88992.22,0,0,0,-7,0,0,0,NA,NA,NA,NA,NA,NA,NA,NA,0.042,4.4,200,22,1.3,1.3
2019-02-13 05:00:00,99966.14,1,-3.3,69.22,5.14,150,NA,100110,NA,NA,NA,NA,NA,432,504,NA,NA,10,NA,NA,NA,1310.64,NA,NA,NA,NA,-3.74,NA,-4.07,88931.97,0,0,0,-7,0,0,0,NA,NA,NA,NA,NA,NA,NA,NA,0.041,3.7,189,23,0.8,0.1
2019-02-13 06:00:00,99864.55,1,-2.8,74.6,4.63,140,NA,100050,NA,NA,NA,NA,NA,374,484,NA,NA,10,NA,NA,NA,1127.76,NA,NA,NA,NA,-3.45,NA,-3.06,88841.59,0,0,0,-7,0,0,0,NA,NA,NA,NA,NA,NA,NA,NA,0.041,2.5,197,33,0.4,1.5
2019-02-13 07:00:00,99796.82,0,-2.5,80.19,4.63,140,NA,99990,6,474,6022,NA,NA,136,362,NA,NA,7,NA,NA,NA,1280.16,NA,NA,NA,NA,-4.7,NA,-3.05,88781.34,0,0,0,-5.9,0,0,0,NA,NA,NA,NA,NA,NA,NA,NA,0.038,2,153,51,0,3.5
2019-02-13 08:00:00,99762.96,0,-2.1,86.37,5.66,150,NA,99940,31,474,NA,0.025,NA,354,434,NA,NA,4,NA,NA,NA,1188.72,NA,NA,NA,NA,-5.28,NA,-2.03,88751.22,0,0,0,-5.8,0,0,0,NA,NA,NA,NA,NA,NA,NA,NA,0.036,3.5,159,29,0.4,3.8
2019-02-13 09:00:00,99729.1,0,-1.7,86.37,5.14,150,NA,99900,2500,NA,NA,0.025,NA,313.5,364,NA,NA,2,NA,NA,NA,944.88,NA,NA,NA,NA,-4.85,NA,-2.03,88721.09,0,0,0,-5.4,0,0,0,NA,NA,NA,NA,NA,NA,NA,NA,0.038,3.8,190,26,0.7,2.1
2019-02-13 10:00:00,99695.23,1,-1.1,86.48,4.63,150,NA,99840,2500,NA,8009,0.025,NA,283,364,0.025,NA,1.5,1.1,0,NA,853.44,NA,NA,NA,NA,-3.45,NA,-1.03,88690.96,0,0,0,-6,0,0,0,NA,NA,NA,NA,NA,NA,NA,NA,0.038,3.6,220,27,0.9,1.3
2019-02-13 11:00:00,99661.37,1,-1.1,86.48,1.54,170,NA,99870,2500,364,NA,0.254,NA,223,284,NA,NA,2,NA,NA,NA,670.56,NA,NA,NA,NA,-1.02,NA,-1.03,88660.84,0,0,0,-5.6,0,0,1,NA,NA,NA,NA,NA,NA,NA,NA,0.038,3.9,209,24,1.1,4.5
2019-02-13 12:00:00,99661.37,1,-0.6,86.48,1.54,270,NA,99860,2500,274,NA,0.508,NA,39,184,NA,NA,1.25,NA,NA,NA,121.92,NA,NA,NA,NA,-0.68,NA,-1.03,88660.84,0,0,0,-5.2,0,0,1,NA,NA,NA,NA,NA,NA,NA,NA,0.034,2.4,290,34,0.7,7.2
2019-02-13 13:00:00,99661.37,1,-2.8,86.48,2.83,325,NA,99870,2500,344,1,0.254,1.016,56,218,NA,NA,1.625,NA,NA,NA,655.32,NA,NA,NA,NA,-2.38,NA,-1.03,88660.84,0,0,0,-5.8,0,0,0,NA,NA,NA,NA,NA,NA,NA,NA,0.032,1.3,285,52,0.6,5.9
2019-02-13 14:00:00,99695.23,1,-3.3,71.92,3.09,330,NA,99900,20,484,NA,0.254,NA,213,373,NA,NA,4,NA,NA,NA,640.08,NA,NA,NA,NA,-2.38,NA,-3.665,88690.96,0,0,0,-6,0,0,0,NA,NA,NA,NA,NA,NA,NA,NA,0.033,1.6,266,43,-0.3,3.8
2019-02-13 15:00:00,99729.1,1,-4.4,69.22,3.6,320,NA,99940,20,489,NA,0.025,NA,263,398,NA,NA,9.5,NA,NA,NA,792.48,NA,NA,NA,NA,-2.77,NA,-4.07,88721.09,0,0,0,-6.5,0,0,0,NA,NA,NA,NA,NA,NA,NA,NA,0.033,2,208,29,-0.4,3.3
2019-02-13 16:00:00,99796.82,1,-4.4,69.22,3.09,330,NA,100020,NA,679,3013,NA,NA,453,604,1.27,NA,10,1.7,0,NA,1524,NA,NA,NA,NA,-2.77,NA,-4.07,88781.34,0,0,0,-6.6,0,0,0,NA,NA,NA,NA,NA,NA,NA,NA,0.033,2.1,191,26,-0.7,5.7
2019-02-13 17:00:00,99864.55,0,-5,74.41,2.57,330,NA,100080,20,754,NA,0.025,NA,492,603,NA,NA,10,NA,NA,NA,1493.52,NA,NA,NA,NA,-3.09,NA,-4.06,88841.59,0,0,0,-6.5,0,0,0,NA,NA,NA,NA,NA,NA,NA,NA,0.032,1.9,172,31,-1.4,6.7
2019-02-13 18:00:00,99898.42,-1,-4.4,80.04,2.06,310,NA,100150,20,424,NA,0.025,NA,276,399,NA,NA,9,NA,NA,NA,1188.72,NA,NA,NA,NA,-3.7,NA,-4.05,88871.72,0,0,0,-6.2,0,0,0,NA,NA,NA,NA,NA,NA,NA,NA,0.03,1.5,164,37,-1.2,2.1
2019-02-13 19:00:00,99966.14,-1,-3.3,80.04,1.54,330,NA,100250,20,NA,3018,0.025,0.025,414,439,NA,NA,6,NA,NA,NA,1280.16,NA,NA,NA,NA,-2.96,NA,-4.05,88931.97,0,0,0,-6.5,0,0,1,NA,NA,NA,NA,NA,NA,NA,NA,0.029,1.1,145,43,-1.3,1.3
2019-02-13 20:00:00,100033.87,-1,-3.3,86.26,0,0,NA,100310,20,NA,NA,0.025,NA,254,444,NA,NA,7,NA,NA,NA,1341.12,NA,NA,NA,NA,-2.96,NA,-3.03,88992.22,0,0,0,-6.3,0,0,1,NA,NA,NA,NA,NA,NA,NA,NA,0.024,0.9,146,54,-1.5,1.5
2019-02-13 21:00:00,100135.46,-1,-3.3,86.26,1.54,240,NA,100380,1260,504,NA,0.025,NA,243,343,NA,NA,8,NA,NA,NA,762,NA,NA,NA,NA,-3.07,NA,-3.03,89082.6,0,0,0,-6.4,0,0,1,NA,NA,NA,NA,NA,NA,NA,NA,0.022,0.9,195,49,-1.7,2.5
2019-02-13 22:00:00,100203.19,-1.1,-3.3,86.26,1.54,60,NA,100460,1260,464,3020,0.025,NA,313,464,0.025,NA,10,0,-1.7,NA,1371.6,NA,NA,NA,NA,-3.7,NA,-3.03,89142.85,0,0,0,-6.6,0,0,1,NA,NA,NA,NA,NA,NA,NA,NA,0.009,0.8,192,56,-1.9,7.6
2019-02-13 23:00:00,100270.92,-2,-3.3,92.85,1.54,60,NA,100540,2500,NA,NA,0.025,NA,424,444,NA,NA,7,NA,NA,NA,1310.64,NA,1.7,-1.7,NA,-4.1,NA,-3.02,89203.11,0,0,0,-6,0,0,1,NA,NA,NA,NA,NA,NA,NA,NA,0.011,0.7,179,69,-2,21.5
2019-02-14,100338.65,-2,-3.3,92.85,0,0,NA,100610,31,754,NA,0.025,NA,86,553,NA,NA,6.5,NA,NA,NA,1676.4,NA,NA,NA,NA,-4.1,NA,-3.02,89263.36,0,0,0,-6.1,0,0,1,NA,NA,NA,NA,NA,NA,NA,NA,0.016,0.6,182,74,-2,5.2
2019-02-14 01:00:00,100406.37,-2,-4.4,92.85,0,0,NA,100690,31,704,1018,NA,0.025,404,553,NA,NA,8,NA,NA,NA,1249.68,NA,NA,NA,NA,-4.1,NA,-3.02,89323.61,0,0,0,-6.4,0,0,1,NA,NA,NA,NA,NA,NA,NA,NA,0.015,0.6,40,78,-2,4.8
2019-02-14 02:00:00,100440.24,-3,-6.1,79.89,1.54,270,NA,100710,NA,NA,NA,NA,NA,403,704,NA,NA,10,NA,NA,NA,1219.2,NA,NA,NA,NA,-6.22,NA,-6.04,89353.74,0,0,0,-5.6,0,0,1,NA,NA,NA,NA,NA,NA,NA,NA,0.013,1,233,54,-2.4,6.9
2019-02-14 03:00:00,100440.24,-4,-6.95,79.58,2.57,290,NA,100750,NA,654,NA,NA,NA,396,654,NA,NA,10,NA,NA,NA,1981.2,NA,NA,NA,NA,-7.84,NA,-7.05,89353.74,0,0,0,-4.9,0,0,0,NA,NA,NA,NA,NA,NA,NA,NA,0.022,0.9,255,61,-3.1,8.6
2019-02-14 04:00:00,100474.1,-4,-7.2,79.58,2.06,300,NA,100780,NA,654,2003,NA,NA,132,174,0.025,1.27,10,-1.1,-5,NA,518.16,NA,NA,NA,NA,-7.2,NA,-7.05,89383.86,0,0,0,-4.3,0,0,0,NA,NA,NA,NA,NA,NA,NA,NA,0.025,0.9,253,49,-3.9,4.7
2019-02-14 05:00:00,100474.1,-5,-7.2,80.76,2.57,270,NA,100830,NA,604,NA,NA,NA,192,403.5,NA,NA,10,NA,NA,NA,1981.2,NA,NA,NA,NA,-8.37,NA,-7.25,89383.86,0,0,0,-3,0,0,0,NA,NA,NA,NA,NA,NA,NA,NA,0.025,1.1,239,38,-4.4,2.5
2019-02-14 06:00:00,100474.1,-7,-8.9,85.59,2.06,300,NA,100780,NA,NA,NA,NA,NA,604,NA,NA,NA,10,NA,NA,NA,1828.8,NA,NA,NA,NA,-10.7,NA,-9.04,89383.86,0,0,0,-1,0,0,0,NA,NA,NA,NA,NA,NA,NA,NA,0.024,1,201,37,-5.4,2.8
2019-02-14 07:00:00,100440.24,-9,-11.7,78.94,2.06,290,NA,100820,NA,NA,8003,NA,NA,1,NA,NA,NA,10,NA,NA,NA,NA,NA,NA,NA,NA,-12.575,NA,-11.05,89353.74,0,0,0,1.5,1,1,0,NA,NA,2,2019-02-14 07:00:00,2019-02-14 08:00:00,3,2019-02-14 07:00:00,2019-02-14 09:00:00,0.008,1,201,33,-7.4,4
2019-02-14 08:00:00,100440.24,-9,-10.6,80.24,0,0,NA,100750,NA,NA,NA,NA,NA,1,NA,NA,NA,10,NA,NA,NA,NA,NA,NA,NA,NA,-13.04,NA,-11.05,89353.74,0,0,0,0.5,1,1,1,NA,NA,2,2019-02-14 07:00:00,2019-02-14 08:00:00,3,2019-02-14 07:00:00,2019-02-14 09:00:00,0.002,0.8,158,66,-6.9,5.7
2019-02-14 09:00:00,100338.65,-7,-10,79.1,1.54,240,NA,100670,NA,NA,NA,NA,NA,1,NA,NA,NA,10,NA,NA,NA,NA,NA,NA,NA,NA,-11.87,NA,-10.05,89263.36,0,0,0,0,0,1,1,NA,NA,NA,NA,NA,3,2019-02-14 07:00:00,2019-02-14 09:00:00,0.005,1.4,219,33,-4.5,4.5
2019-02-14 10:00:00,100237.06,-6,-6.7,79.1,3.345,140,11.32,100460,NA,NA,8022,NA,NA,1,NA,NA,NA,10,-1.1,-10.6,NA,NA,NA,NA,NA,NA,-9.53,NA,-9.04,89172.99,0,0,0,-0.6,0,0,0,NA,NA,NA,NA,NA,NA,NA,NA,0.012,1.4,233,41,-2.2,4.3
2019-02-14 11:00:00,100135.46,0,-6.1,63.94,9.26,120,11.83,100300,NA,NA,NA,NA,NA,1,NA,NA,NA,10,NA,NA,NA,NA,NA,NA,NA,NA,-6.96,NA,-6.09,89082.6,0,0,0,-3.1,0,0,0,NA,NA,NA,NA,NA,NA,NA,NA,0.02,1.8,237,40,-0.6,3.8
2019-02-14 12:00:00,99966.14,1,-5,59.48,9.26,130,12.35,100160,NA,NA,NA,NA,NA,703,NA,NA,NA,10,NA,NA,NA,2133.6,NA,NA,NA,NA,-5.47,NA,-6.1,88931.97,0,0,0,-4.2,0,0,0,NA,NA,NA,NA,NA,NA,NA,NA,0.027,2.3,235,33,0,1.6
2019-02-14 13:00:00,99830.69,1,-5,64.18,9.77,120,11.32,100020,NA,NA,6039,NA,NA,704,NA,NA,NA,10,NA,NA,NA,2133.6,NA,NA,NA,NA,-5.47,NA,-5.09,88811.47,0,0,0,-4.3,0,0,0,NA,NA,NA,NA,NA,NA,NA,NA,0.032,2.7,232,27,-0.2,1.6
2019-02-14 14:00:00,99695.23,2,-5,59.74,10.29,120,12.09,99900,NA,NA,NA,NA,NA,604,NA,NA,NA,10,NA,NA,NA,1828.8,NA,NA,NA,NA,-4.47,NA,-5.1,88690.96,0,0,0,-6.4,0,0,0,NA,NA,NA,NA,NA,NA,NA,NA,0.033,2,227,34,0.2,5
2019-02-14 15:00:00,99610.575,1,-3.3,71.815,6.69,155,10.03,99880,6,604,NA,NA,NA,393,473.5,NA,NA,10,NA,NA,NA,1341.12,NA,NA,NA,NA,-4.815,NA,-4.065,88615.655,0,0,0,-5.3,0,0,0,NA,NA,NA,NA,NA,NA,NA,NA,0.033,2.7,245,38,-0.2,4.7
2019-02-14 16:00:00,99559.78,1,-2.2,80.34,8.75,120,NA,99770,20,NA,6013,0.254,NA,284,NA,0.254,NA,2,1.7,0,NA,853.44,NA,NA,NA,NA,-5.8,NA,-2.05,88570.46,0,0,0,-5.3,0,0,0,NA,NA,NA,NA,NA,NA,NA,NA,0.03,2.3,241,28,-1.4,4.8
2019-02-14 17:00:00,99458.19,1,-2.5,80.34,9.26,120,NA,99720,6,NA,NA,0.025,NA,294,NA,NA,NA,2,NA,NA,NA,883.92,NA,NA,NA,NA,-5.47,NA,-2.05,88480.09,0,0,0,-5.3,0,0,0,NA,NA,NA,NA,NA,NA,NA,NA,0.03,2.9,225,35,-1.2,4.7
2019-02-14 18:00:00,99424.32,1,-2.2,75.17,9.26,120,NA,99720,20,NA,NA,0.025,NA,274,214,NA,NA,4,NA,NA,NA,822.96,NA,NA,NA,NA,-5.47,NA,-2.86,88449.96,0,0,0,-5.5,0,0,0,NA,NA,NA,NA,NA,NA,NA,NA,0.028,2.9,247,31,-1,4.3
2019-02-14 19:00:00,99458.19,1,-2.8,80.34,8.23,110,NA,99780,20,NA,5005,0.025,0.025,334,464,NA,NA,4,NA,NA,NA,1005.84,NA,NA,NA,NA,-5.11,NA,-2.05,88480.09,0,0,0,-5.5,0,0,0,NA,NA,NA,NA,NA,NA,NA,NA,0.027,2.5,256,36,-1.3,6.9
2019-02-14 20:00:00,99492.05,1,-2.8,80.34,6.17,150,8.49,99770,20,484,NA,0.025,NA,373,484,NA,NA,6,NA,NA,NA,1127.76,NA,NA,NA,NA,-4.01,NA,-2.05,88510.21,0,0,0,-4.7,0,0,0,NA,NA,NA,NA,NA,NA,NA,NA,0.029,1.6,260,50,-1.2,7.4
2019-02-14 21:00:00,99458.19,0,-2.2,85.735,4.12,160,NA,99790,20,NA,NA,0.025,NA,273,354,NA,NA,5.5,NA,NA,NA,944.88,NA,NA,NA,NA,-4.37,NA,-2.05,88480.09,0,0,0,-3.1,0,0,0,NA,NA,NA,NA,NA,NA,NA,NA,0.028,1.8,235,48,-1.4,5.7
2019-02-14 22:00:00,99458.19,-1,-1.7,92.91,4.63,170,NA,99690,2500,NA,8001,0.025,NA,303,654,0.025,NA,7,1.7,-0.6,NA,914.4,NA,NA,NA,NA,-5.94,NA,-2.02,88480.09,0,0,0,-1.2,0,0,0,NA,NA,NA,NA,NA,NA,NA,NA,0.029,1.8,230,36,-1.4,5
2019-02-14 23:00:00,99492.05,-0.8,-1.7,92.58,2.57,170,NA,99730,2500,NA,NA,0.025,NA,313,374,NA,NA,4.5,NA,NA,NA,944.88,NA,1.7,-10.6,NA,-3.7,NA,-2.02,88510.21,0,0,0,-1.4,0,0,0,NA,NA,NA,NA,NA,NA,NA,NA,0.03,1.9,229,34,-1.3,4
2019-02-15,99492.05,-1,-2.2,92.91,1.54,80,NA,99730,NA,NA,NA,NA,NA,334,324,NA,NA,8,NA,NA,NA,1005.84,NA,NA,NA,NA,-2.96,NA,-2.02,88510.21,0,0,0,-0.5,0,0,1,NA,NA,NA,NA,NA,NA,NA,NA,0.03,1.9,231,28,-1.4,3.3
2019-02-15 01:00:00,99559.78,-1,-2.2,92.91,2.315,120,NA,99770,2500,504,1009,0.254,0.254,182,323.5,NA,NA,5,NA,NA,NA,975.36,NA,NA,NA,NA,-3.81,NA,-2.02,88570.46,0,0,0,-0.5,0,0,0,NA,NA,NA,NA,NA,NA,NA,NA,0.03,1.5,213,46,-1.3,3.3
2019-02-15 02:00:00,99627.51,-1,-2.1,92.91,2.06,130,NA,99850,2500,254,NA,0.508,NA,106,169.5,NA,NA,1.875,NA,NA,NA,685.8,NA,NA,NA,NA,-3.755,NA,-2.02,88630.72,0,0,0,-0.5,0,0,0,NA,NA,NA,NA,NA,NA,NA,NA,0.028,0.9,234,53,-1.3,3.8
2019-02-15 03:00:00,99593.64,-1,-1.95,92.91,0,0,NA,99880,31,804,NA,0.025,NA,33.5,273.5,NA,NA,4.5,NA,NA,NA,91.44,NA,NA,NA,NA,-3.36,NA,-2.02,88600.59,0,0,0,-0.6,0,0,1,NA,NA,NA,NA,NA,NA,NA,NA,0.026,1,206,50,-1.6,5
2019-02-15 04:00:00,99729.095,-1,-2,92.91,3.605,320,NA,100060,377,284,3018,0.254,NA,36,284,1.016,1.27,4,0,-1.7,NA,670.56,0,NA,NA,NA,-4.94,NA,-2.02,88721.09,0,0,0,-0.3,0,0,0,NA,NA,NA,NA,NA,NA,NA,NA,0.023,0.9,227,64,-1.5,4.8
2019-02-15 05:00:00,99898.42,0,-1.1,92.96,1.54,20,NA,100130,2500,164,NA,1.778,NA,56,94,NA,NA,1,NA,NA,NA,274.32,NA,NA,NA,NA,-3.09,NA,-1.02,88871.72,0,0,0,-3,0,0,1,NA,NA,NA,NA,NA,NA,NA,NA,0.022,1.9,99,52,-1.2,6.9
2019-02-15 06:00:00,99932.28,-2,-2.75,92.85,2.06,220,NA,100190,2500,NA,NA,0.025,NA,28,334,NA,NA,4,NA,NA,NA,76.2,NA,NA,NA,NA,-5.4,NA,-3.02,88901.85,0,0,0,-1.6,0,0,0,NA,NA,NA,NA,NA,NA,NA,NA,0.018,1,168,67,-1,5.3
2019-02-15 07:00:00,99966.14,-2,-3.05,92.85,0,0,NA,100220,2500,NA,3008,0.025,2.032,49,NA,NA,NA,7.5,NA,NA,NA,137.16,NA,NA,NA,NA,-4.1,NA,-3.02,88931.97,0,0,0,-1.5,0,0,1,NA,NA,NA,NA,NA,NA,NA,NA,0.011,1,156,57,-1.2,4.8
2019-02-15 08:00:00,100000.01,-1.1,-2.8,92.85,2.06,60,NA,100250,2500,504,NA,0.254,NA,62,154,NA,NA,1,NA,NA,NA,182.88,NA,NA,NA,NA,-3.81,NA,-2.83,88962.1,0,0,0,-2.5,0,0,0,NA,NA,NA,NA,NA,NA,NA,NA,0.002,0.7,152,55,-0.8,8.6
2019-02-15 09:00:00,100033.87,-1,-2.2,92.85,2.06,290,NA,100310,31,653,NA,NA,NA,66,553,NA,NA,4,NA,NA,NA,1341.12,NA,NA,NA,NA,-3.7,NA,-2.23,88992.22,0,0,0,-2.2,0,0,0,NA,NA,NA,NA,NA,NA,NA,NA,0.003,0.9,139,66,0.3,9.3
2019-02-15 10:00:00,100067.74,1,-0.3,86.425,0,0,NA,100300,31,424,1007,NA,NA,53.5,403,2.286,NA,6.5,2.8,-2.2,NA,640.08,NA,NA,NA,NA,-2.175,NA,-1.03,89022.36,0,0,0,-3.9,0,0,1,NA,NA,NA,NA,NA,NA,NA,NA,0.005,1.4,240,45,0,9.1
2019-02-15 11:00:00,100067.74,1,-1.1,86.48,0.77,20,NA,100290,31,553.5,NA,NA,NA,286,403,NA,NA,8,NA,NA,NA,1219.2,NA,NA,NA,NA,-1.36,NA,-1.03,89022.36,0,0,0,-3.1,0,0,1,NA,NA,NA,NA,NA,NA,NA,NA,0.013,1.2,179,52,1.2,8.6
2019-02-15 12:00:00,100033.87,2,-0.6,80.49,1.54,260,NA,100240,NA,702.5,NA,NA,NA,66,277,NA,NA,9,NA,NA,NA,1005.84,NA,NA,NA,NA,-0.44,NA,-1.05,88992.22,0,0,0,-2,0,0,1,NA,NA,NA,NA,NA,NA,NA,NA,0.014,0.9,141,62,3.9,8.1
2019-02-15 13:00:00,99966.14,1,-0.3,86.48,1.54,270,NA,100160,20,653,8010,0.025,0.025,654,366,NA,NA,9,NA,NA,NA,2133.6,NA,NA,NA,NA,-1.04,NA,-1.03,88931.97,0,0,0,0.6,1,1,1,NA,NA,1,2019-02-15 13:00:00,2019-02-15 13:00:00,1,2019-02-15 13:00:00,2019-02-15 13:00:00,0.012,1.1,176,54,4.2,7.8
2019-02-15 14:00:00,99932.28,2,-0.6,80.49,0,0,NA,100150,NA,NA,NA,NA,NA,802,246,NA,NA,10,NA,NA,NA,2438.4,NA,NA,NA,NA,0.47,NA,-1.05,88901.85,0,0,0,-1.4,0,0,1,NA,NA,NA,NA,NA,NA,NA,NA,0.016,1,116,56,3.9,10
2019-02-15 15:00:00,100000.01,1,-0.6,86.48,1.54,30,NA,100260,41,803,NA,0.127,NA,442,603,NA,NA,8,NA,NA,NA,1828.8,NA,NA,NA,NA,-0.68,NA,-1.03,88962.1,0,0,0,-2.4,0,0,1,NA,NA,NA,NA,NA,NA,NA,NA,0.02,1.3,162,58,2.7,8.8
2019-02-15 16:00:00,100033.87,2,-0.85,80.49,2.06,70,NA,100270,41,804,3008,0.127,NA,363,453.5,0.025,NA,10,3.3,0.6,NA,2286,NA,NA,NA,NA,-0.2,NA,-1.05,88992.22,0,0,0,-5.5,0,0,0,NA,NA,NA,NA,NA,NA,NA,NA,0.027,1.3,192,58,2.7,4.5
2019-02-15 17:00:00,100101.6,1,-1.1,86.48,2.06,140,NA,100330,31,854,NA,NA,NA,486,603.5,NA,NA,7,NA,NA,NA,2133.6,NA,NA,NA,NA,-1.36,NA,-1.03,89052.48,0,0,0,-5.2,0,0,0,NA,NA,NA,NA,NA,NA,NA,NA,0.031,2.4,203,24,2,5.5
2019-02-15 18:00:00,100169.33,1,-3.3,74.6,4.63,290,NA,100450,NA,NA,NA,NA,NA,654,704,NA,NA,10,NA,NA,NA,1981.2,NA,NA,NA,NA,-3.42,NA,-3.06,89112.73,0,0,0,-5.5,0,0,0,NA,NA,NA,NA,NA,NA,NA,NA,0.033,1.8,225,41,1.6,6.4
2019-02-15 19:00:00,100270.92,1,-2.2,74.6,3.6,340,NA,100550,NA,804,3023,NA,NA,484,754,NA,NA,10,NA,NA,NA,1463.04,NA,NA,NA,NA,-2.77,NA,-3.06,89203.11,0,0,0,-6.6,0,0,0,NA,NA,NA,NA,NA,NA,NA,NA,0.03,1.4,295,56,1.2,2.1
2019-02-15 20:00:00,100270.92,0,-2.2,85.1,2.06,290,NA,100560,NA,NA,NA,NA,NA,484,1104,NA,NA,10,NA,NA,NA,1463.04,NA,NA,NA,NA,-2.145,NA,-2.05,89203.11,0,0,0,-6.1,0,0,0,NA,NA,NA,NA,NA,NA,NA,NA,0.029,1.3,200,37,0.1,2.8
2019-02-15 21:00:00,100338.65,-0.6,-2.2,86.37,0,0,NA,100620,NA,NA,NA,NA,NA,503,1104,NA,NA,10,NA,NA,NA,1676.4,NA,NA,NA,NA,-2.96,NA,-2.03,89263.36,0,0,0,-5.7,0,0,1,NA,NA,NA,NA,NA,NA,NA,NA,0.025,1.6,207,41,0,3
2019-02-15 22:00:00,100372.51,0,-2.8,80.19,1.54,60,NA,100610,NA,NA,3008,NA,NA,553,604,NA,NA,10,1.7,-0.6,NA,1676.4,NA,NA,NA,NA,-2.53,NA,-3.05,89293.49,0,0,0,-6.7,0,0,1,NA,NA,NA,NA,NA,NA,NA,NA,0.033,2.3,212,29,0.7,0.6
2019-02-15 23:00:00,100406.37,-0.6,-3.3,80.04,0,0,NA,100660,NA,NA,NA,NA,NA,604,NA,NA,NA,10,NA,NA,NA,1828.8,NA,3.3,-2.2,NA,-2.96,NA,-4.05,89323.61,0,0,0,-6.4,0,0,1,NA,NA,NA,NA,NA,NA,NA,NA,0.034,2.1,224,24,0.3,2.5
2019-02-16,100440.24,-1,-3.9,80.04,0,0,NA,100680,NA,NA,NA,NA,NA,496,604,NA,NA,10,NA,NA,NA,1828.8,NA,NA,NA,NA,-2.96,NA,-4.05,89353.74,0,0,0,-6.2,0,0,1,NA,NA,NA,NA,NA,NA,NA,NA,0.033,1.6,218,34,-0.1,3.5
2019-02-16 01:00:00,100440.24,-1,-4.4,80.04,0,0,NA,100680,NA,NA,1006,NA,NA,604,679,NA,NA,10,NA,NA,NA,1981.2,NA,NA,NA,NA,-2.96,NA,-4.05,89353.74,0,0,0,-6.4,0,0,1,NA,NA,NA,NA,NA,NA,NA,NA,0.032,1.5,229,34,-0.5,0.6
2019-02-16 02:00:00,100474.1,-2,-4.4,86.15,1.54,240,NA,100710,NA,NA,NA,NA,NA,504,554,NA,NA,10,NA,NA,NA,1524,NA,NA,NA,NA,-4.1,NA,-4.03,89383.86,0,0,0,-5.5,0,0,1,NA,NA,NA,NA,NA,NA,NA,NA,0.029,1.2,248,48,-1.5,0.1
2019-02-16 03:00:00,100474.1,-2,-4.4,86.15,0,0,NA,100730,NA,NA,NA,NA,NA,554,554,NA,NA,10,NA,NA,NA,1676.4,NA,NA,NA,NA,-4.1,NA,-4.03,89383.86,0,0,0,-5.4,0,0,1,NA,NA,NA,NA,NA,NA,NA,NA,0.028,1.5,223,47,-1.7,1.3
2019-02-16 04:00:00,100474.1,-2,-5,86.15,0,0,NA,100770,NA,NA,1005,NA,NA,554,604,NA,2.286,10,0,-3.3,NA,1676.4,NA,NA,NA,NA,-5.64,NA,-4.03,89383.86,0,0,0,-5.5,0,0,1,NA,NA,NA,NA,NA,NA,NA,NA,0.03,1.2,216,67,-1.8,2
2019-02-16 05:00:00,100541.83,-3,-5,86.04,0,0,NA,100800,NA,NA,NA,NA,NA,604,604,NA,NA,10,NA,NA,NA,1828.8,NA,NA,NA,NA,-5.25,NA,-5.04,89444.12,0,0,0,-4.6,0,0,1,NA,NA,NA,NA,NA,NA,NA,NA,0.029,1.2,238,57,-1.9,3.5
2019-02-16 06:00:00,100541.83,-2,-6.1,79.89,0,0,NA,100820,NA,NA,NA,NA,NA,654,NA,NA,NA,10,NA,NA,NA,1981.2,NA,NA,NA,NA,-4.86,NA,-6.05,89444.12,0,0,0,-5.5,0,0,1,NA,NA,NA,NA,NA,NA,NA,NA,0.029,1.2,316,67,-2.1,1.8
2019-02-16 07:00:00,100575.69,-4,-5.6,85.93,1.54,60,NA,100850,NA,NA,1006,NA,NA,604,NA,NA,NA,10,NA,NA,NA,1828.8,NA,NA,NA,NA,-6.39,NA,-6.04,89474.24,0,0,0,-3.7,0,0,1,NA,NA,NA,NA,NA,NA,NA,NA,0.023,1.1,195,44,-2.5,1.3
2019-02-16 08:00:00,100575.69,-2,-6.1,74.03,2.06,100,NA,100860,NA,NA,NA,NA,NA,603,1203,NA,NA,10,NA,NA,NA,1828.8,NA,NA,NA,NA,-4.86,NA,-6.07,89474.24,0,0,0,-5.8,0,0,0,NA,NA,NA,NA,NA,NA,NA,NA,0.022,1.7,253,50,-1.9,2.5
2019-02-16 09:00:00,100609.56,-4,-6.1,79.58,2.06,110,NA,100920,NA,NA,NA,NA,NA,603,802,NA,NA,10,NA,NA,NA,1828.8,NA,NA,NA,NA,-6.03,NA,-6.08,89504.37,0,0,0,-3.5,0,0,0,NA,NA,NA,NA,NA,NA,NA,NA,0.023,1.1,207,70,-1.2,4.2
2019-02-16 10:00:00,100643.42,-3,-5,79.89,0,0,NA,100910,NA,1203,3006,NA,NA,503,1103,NA,NA,10,-1.1,-5,NA,1600.2,NA,NA,NA,NA,-6.39,NA,-5.05,89534.49,0,0,0,-3.8,0,0,1,NA,NA,NA,NA,NA,NA,NA,NA,0.022,0.8,146,63,0.5,3.5
2019-02-16 11:00:00,100643.42,0,-4.4,69.22,0,0,NA,100890,NA,1003,NA,NA,NA,553,553,NA,NA,10,NA,NA,NA,1676.4,NA,NA,NA,NA,-1.25,NA,-5.05,89534.49,0,0,0,-6.2,0,0,1,NA,NA,NA,NA,NA,NA,NA,NA,0.024,0.7,46,71,2.6,2.3
2019-02-16 12:00:00,100609.56,1,-5,69.22,0,0,NA,100820,NA,904,NA,NA,NA,602,753,NA,NA,10,NA,NA,NA,2286,NA,NA,NA,NA,-2.96,NA,-4.07,89504.37,0,0,0,-6.8,0,0,1,NA,NA,NA,NA,NA,NA,NA,NA,0.028,1.1,37,58,2.4,3.8
2019-02-16 13:00:00,100541.83,1,-6.1,59.48,0,0,NA,100800,NA,NA,8010,NA,NA,656,1106,NA,NA,10,NA,NA,NA,NA,NA,NA,NA,NA,-1.82,NA,-6.1,89444.12,0,0,0,-6.1,0,0,1,NA,NA,NA,NA,NA,NA,NA,NA,0.028,1.2,112,34,3.7,4.5
2019-02-16 14:00:00,100541.83,1,-6.7,59.48,1.54,180,NA,100770,NA,NA,NA,NA,NA,703,NA,NA,NA,10,NA,NA,NA,2133.6,NA,NA,NA,NA,-0.68,NA,-6.1,89444.12,0,0,0,-6.6,0,0,1,NA,NA,NA,NA,NA,NA,NA,NA,0.033,1.2,60,67,4.5,2.1
2019-02-16 15:00:00,100541.83,1,-6.1,59.48,2.06,200,NA,100810,NA,903.5,NA,NA,NA,656,803,NA,NA,10,NA,NA,NA,2438.4,NA,NA,NA,NA,-1.02,NA,-6.1,89444.12,0,0,0,-7.3,0,0,0,NA,NA,NA,NA,NA,NA,NA,NA,0.035,1.6,148,40,2.9,0.8
2019-02-16 16:00:00,100575.69,0,-5.25,73.21,3.345,160,NA,100860,20,804,3003,0.025,NA,206,727.5,0.025,NA,10,2.8,-2.2,NA,2438.4,NA,NA,NA,NA,-3.99,NA,-4.765,89474.24,0,0,0,-5.7,0,0,0,NA,NA,NA,NA,NA,NA,NA,NA,0.035,2.4,178,25,1.5,3.3
2019-02-16 17:00:00,100609.56,0,-3.3,78.42,3.09,135,NA,100890,20,629,NA,0.025,NA,293,554,NA,NA,4,NA,NA,NA,1310.64,NA,NA,NA,NA,-3.27,NA,-3.35,89504.37,0,0,0,-4.3,0,0,0,NA,NA,NA,NA,NA,NA,NA,NA,0.035,2.3,194,34,0,1.8
2019-02-16 18:00:00,100677.29,-1,-3.9,80.04,4.12,120,NA,100980,NA,754,NA,0.025,NA,506,754,NA,NA,10,NA,NA,NA,1676.4,NA,NA,NA,NA,-5.21,NA,-4.05,89564.62,0,0,0,-6,0,0,0,NA,NA,NA,NA,NA,NA,NA,NA,0.034,1.5,198,39,-1.2,0.6
2019-02-16 19:00:00,100677.29,-1,-3.9,80.04,4.12,120,NA,101020,NA,NA,3008,NA,0.025,483,703,NA,NA,10,NA,NA,NA,1463.04,NA,NA,NA,NA,-5.6,NA,-4.05,89564.62,0,0,0,-6.3,0,0,0,NA,NA,NA,NA,NA,NA,NA,NA,0.024,1.3,193,41,-2.3,3
2019-02-16 20:00:00,100711.15,-1,-3.9,80.04,2.57,110,NA,101000,NA,NA,NA,NA,NA,494,554,NA,NA,10,NA,NA,NA,1493.52,NA,NA,NA,NA,-4.28,NA,-4.05,89594.75,0,0,0,-7.1,0,0,0,NA,NA,NA,NA,NA,NA,NA,NA,0.028,2,173,36,-1.8,4
2019-02-16 21:00:00,100745.01,-1.7,-4.4,86.15,3.6,130,NA,101080,NA,NA,NA,NA,NA,503,504,NA,NA,10,NA,NA,NA,1524,NA,NA,NA,NA,-5.6,NA,-4.03,89624.87,0,0,0,-5.6,0,0,0,NA,NA,NA,NA,NA,NA,NA,NA,0.026,1.2,273,62,-1.9,2.5
2019-02-16 22:00:00,100778.88,-2,-3.6,88.45,2.06,140,NA,101090,2500,604,3008,0.025,NA,418,493,0.025,NA,10,1.1,-2.8,NA,1493.52,NA,NA,NA,NA,-5.25,NA,-3.63,89655,0,0,0,-5.1,0,0,0,NA,NA,NA,NA,NA,NA,NA,NA,0.023,0.8,272,63,-2,4
2019-02-16 23:00:00,100812.74,-2,-5,86.15,0,0,NA,101140,NA,NA,NA,NA,NA,314.5,464,NA,NA,10,NA,NA,NA,1371.6,NA,2.8,-5,NA,NA,NA,-4.03,89685.12,0,0,0,-5,0,0,1,NA,NA,NA,NA,NA,NA,NA,NA,0.014,0.6,188,63,-3.3,6.2
2019-02-17,100846.6,-3,-5,92.79,2.06,110,NA,101130,31,NA,NA,NA,NA,164,NA,NA,NA,9,NA,NA,NA,487.68,NA,NA,NA,NA,-6.03,NA,-4.02,89715.25,0,0,0,-4.3,0,0,0,NA,NA,NA,NA,NA,NA,NA,NA,0.01,1,122,66,-3.5,5.5
2019-02-17 01:00:00,100914.33,-3,-6.7,74.03,5.14,110,NA,101200,NA,NA,3009,NA,NA,184,214,NA,NA,10,NA,NA,NA,548.64,NA,NA,NA,NA,-8.76,NA,-6.76,89775.5,0,0,0,-4.7,0,0,0,NA,NA,NA,NA,NA,NA,NA,NA,0.025,2.6,63,31,-3.6,4.5
2019-02-17 02:00:00,100948.2,-4,-8.9,73.65,7.2,110,10.29,101280,6,NA,NA,NA,NA,214,NA,NA,NA,9,NA,NA,NA,640.08,NA,NA,NA,NA,-11.03,NA,-8.07,89805.63,0,0,0,-4,0,0,0,NA,NA,NA,NA,NA,NA,NA,NA,0.033,3.2,72,30,-4.5,5.5
2019-02-17 03:00:00,101015.92,-5,-9.7,71.115,8.23,110,NA,101400,20,604,NA,0.025,NA,256,502,NA,NA,7,NA,NA,NA,1600.2,NA,NA,NA,NA,-12.93,NA,-9.275,89865.88,0,0,0,-4.7,0,0,0,NA,NA,NA,NA,NA,NA,NA,NA,0.035,4.8,83,18,-5.2,5.2
2019-02-17 04:00:00,101151.38,-6,-11.7,67.65,8.75,120,NA,101520,NA,604,3024,NA,NA,364,423,0.025,NA,9,-2.2,-6.1,NA,1097.28,NA,NA,NA,NA,-14.46,NA,-11.08,89986.38,0,0,0,-6.3,0,0,0,NA,NA,NA,NA,NA,NA,NA,NA,0.036,6,92,15,-6,5.2
2019-02-17 05:00:00,101252.97,-7,-12.8,62.44,8.23,120,NA,101660,NA,NA,NA,NA,NA,384,604,NA,NA,9,NA,NA,NA,1158.24,NA,NA,NA,NA,-15.38,NA,-12.09,90076.76,0,0,0,-6.7,0,0,0,NA,NA,NA,NA,NA,NA,NA,NA,0.036,6.7,94,12,-7,6.9
2019-02-17 06:00:00,101388.43,-8,-13.3,67.12,9.26,120,NA,101810,NA,NA,NA,NA,NA,466,554,NA,NA,10,NA,NA,NA,1463.04,NA,NA,NA,NA,-17.31,NA,-13.09,90197.27,0,0,0,-7.2,0,0,0,NA,NA,NA,NA,NA,NA,NA,NA,0.035,6.8,90,11,-8.1,7.1
2019-02-17 07:00:00,101490.02,-8,-14.4,66.95,9.77,120,NA,101940,NA,NA,1032,NA,NA,504,NA,NA,NA,9,NA,NA,NA,1524,NA,NA,NA,NA,-17.53,NA,-14.08,90287.65,0,0,0,-8.6,0,0,0,NA,NA,NA,NA,NA,NA,NA,NA,0.035,5,80,18,-9.1,5.7
2019-02-17 08:00:00,101591.61,-8,-15,52.47,8.23,110,11.32,102050,NA,704,NA,NA,NA,423,503.5,NA,NA,9,NA,NA,NA,1280.16,NA,NA,NA,NA,-16.84,NA,-16.12,90378.02,0,0,0,-9.5,0,0,0,NA,NA,NA,NA,NA,NA,NA,NA,0.035,4.9,78,22,-9.5,1.1
2019-02-17 09:00:00,101693.2,-9,-15.6,61.66,9.77,120,NA,102150,NA,704,NA,NA,NA,503,654,NA,NA,10,NA,NA,13.38,1676.4,NA,NA,NA,120,-18.85,NA,-15.09,90468.4,0,0,0,-8.5,0,0,0,NA,NA,NA,NA,NA,NA,NA,NA,0.035,6.5,91,15,-9.2,-0.1
2019-02-17 10:00:00,101794.79,-9,-16.1,56.74,9.26,120,NA,102220,NA,NA,1025,NA,NA,464,474,NA,NA,10,-6.1,-8.9,NA,1432.56,NA,NA,NA,NA,-18.39,NA,-16.11,90558.78,0,0,0,-8,0,0,0,NA,NA,NA,NA,NA,NA,NA,NA,0.035,6.3,88,15,-9,0.3
2019-02-17 11:00:00,101862.52,-8,-16.1,52.47,8.75,110,11.32,102300,NA,NA,NA,NA,NA,504,604,NA,NA,10,NA,NA,NA,1524,NA,NA,NA,NA,-17.08,NA,-16.12,90619.03,0,0,0,-9.2,0,0,0,NA,NA,NA,NA,NA,NA,NA,NA,0.034,4.5,84,19,-8.3,2.3
2019-02-17 12:00:00,101896.38,-7,-16.1,48.56,8.23,110,NA,102320,NA,NA,NA,NA,NA,504,554,NA,NA,10,NA,NA,NA,1676.4,NA,NA,NA,NA,-15.53,NA,-16.13,90649.15,0,0,0,-9.5,0,0,0,NA,NA,NA,NA,NA,NA,NA,NA,0.034,4.1,91,21,-7.7,4.5
2019-02-17 13:00:00,101896.38,-7,-16.1,48.56,7.2,110,NA,102330,NA,629,1010,NA,NA,456,554,NA,NA,10,NA,NA,NA,1676.4,NA,NA,NA,NA,-15.28,NA,-16.13,90649.15,0,0,0,-9.6,0,0,0,NA,NA,NA,NA,NA,NA,NA,NA,0.034,3.4,79,25,-7.4,4.5
2019-02-17 14:00:00,101930.25,-7,-15.6,48.56,7.2,90,NA,102340,20,579,NA,0.127,NA,393,493,NA,NA,9,NA,NA,NA,1432.56,NA,NA,NA,NA,-15.02,NA,-16.13,90679.28,0,0,0,-8.6,0,0,0,NA,NA,NA,NA,NA,NA,NA,NA,0.034,3.6,74,22,-6.9,3.8
2019-02-17 15:00:00,101930.25,-7,-16.4,47.81,7.2,110,9.77,102400,NA,579,NA,NA,NA,493.5,473,NA,NA,10,NA,NA,NA,1493.52,NA,NA,NA,NA,-15.02,NA,-16.18,90679.28,0,0,0,-8.6,0,0,0,NA,NA,NA,NA,NA,NA,NA,NA,0.035,3.4,75,25,-6.5,4
2019-02-17 16:00:00,101964.11,-7,-17.2,44.65,6.69,90,NA,102450,NA,554,3006,NA,NA,452,554,0.025,NA,10,-6.7,-8.3,NA,1676.4,NA,NA,NA,NA,-14.74,NA,-17.13,90709.41,0,0,0,-9.4,0,0,0,NA,NA,NA,NA,NA,NA,NA,NA,0.034,3,85,26,-7.4,4
2019-02-17 17:00:00,101997.98,-8,-17.2,48.25,6.17,80,NA,102510,NA,1203,NA,NA,NA,396,503,NA,NA,10,NA,NA,NA,1524,NA,NA,NA,NA,-15.13,NA,-17.13,90739.54,0,0,0,-9.4,0,0,0,NA,NA,NA,NA,NA,NA,NA,NA,0.034,2.9,85,25,-8.4,3.3
2019-02-17 18:00:00,102065.7,-8,-17.2,44.33,6.17,90,NA,102620,NA,1104,NA,NA,NA,422,654,NA,NA,10,NA,NA,NA,1524,NA,NA,NA,NA,-15.71,NA,-18.13,90799.78,0,0,0,-9.9,0,0,0,NA,NA,NA,NA,NA,NA,NA,NA,0.033,3.5,82,22,-9.2,3.5
2019-02-17 19:00:00,102167.3,-9,-16.1,56.74,7.72,110,NA,102720,NA,804,3018,NA,NA,504,754,NA,NA,10,NA,NA,NA,1524,NA,NA,NA,NA,-18.14,NA,-16.11,90890.17,0,0,0,-9.3,0,0,0,NA,NA,NA,NA,NA,NA,NA,NA,0.034,4.7,79,16,-10.1,5.7
2019-02-17 20:00:00,102201.16,-10.6,-16.1,63.85,7.72,110,NA,102760,NA,NA,NA,NA,NA,504,NA,NA,NA,10,NA,NA,NA,1524,NA,NA,NA,NA,-19.66,NA,-16.09,90920.29,0,0,0,-8.1,0,0,0,NA,NA,NA,NA,NA,NA,NA,NA,0.035,3.8,73,24,-10.7,7.1
2019-02-17 21:00:00,102235.02,-11,-16.7,66.47,7.72,120,NA,102790,NA,NA,NA,NA,NA,484,804,NA,NA,10,NA,NA,NA,1524,NA,NA,NA,NA,-20.47,NA,-16.08,90950.41,0,0,0,-8.1,0,0,0,NA,NA,NA,NA,NA,NA,NA,NA,0.034,5,81,16,-11.4,8
2019-02-17 22:00:00,102268.89,-11,-16.95,61.12,6.69,110,NA,102870,NA,504,3011,NA,NA,372,504,NA,NA,10,-7.2,-11.7,NA,1524,NA,NA,NA,NA,-20.17,NA,-17.09,90980.54,0,0,0,-8.4,0,0,0,NA,NA,NA,NA,NA,NA,NA,NA,0.034,3.2,70,23,-12,7.2
2019-02-17 23:00:00,102302.75,-12,-18.3,60.85,7.2,120,NA,102870,NA,NA,NA,NA,NA,424,704,NA,NA,10,NA,NA,NA,1402.08,NA,-2.2,-12.2,NA,-21.46,NA,-18.09,91010.67,0,0,0,-7.8,0,0,0,NA,NA,NA,NA,NA,NA,NA,NA,0.034,3.4,78,25,-12.5,4.2
2019-02-18,102336.62,-12,-18.3,60.85,6.17,110,NA,102880,NA,904,NA,NA,NA,502,753,NA,NA,10,NA,NA,NA,2133.6,NA,NA,NA,NA,-20.8,NA,-18.09,91040.8,0,0,0,-7.8,0,0,0,NA,NA,NA,NA,NA,NA,NA,NA,0.034,3.1,78,20,-13,5.2
2019-02-18 01:00:00,102336.62,-13,-18.9,60.58,5.66,120,NA,102910,NA,904,1004,NA,NA,702,904,NA,NA,10,NA,NA,NA,2895.6,NA,NA,NA,NA,-21.7,NA,-19.09,91040.8,0,0,0,-6.7,0,0,0,NA,NA,NA,NA,NA,NA,NA,NA,0.035,3.7,89,24,-13.2,6.7
2019-02-18 02:00:00,102370.48,-13,-18.9,60.58,4.12,90,NA,102910,NA,979,NA,NA,NA,503,753,NA,NA,10,NA,NA,NA,1524,NA,NA,NA,NA,-20.37,NA,-19.09,91070.92,0,0,0,-7,0,0,0,NA,NA,NA,NA,NA,NA,NA,NA,0.034,2.7,100,52,-13.4,3.7
2019-02-18 03:00:00,102336.62,-13,-18.9,60.58,3.09,80,NA,102890,NA,904,NA,NA,NA,552,704,NA,NA,10,NA,NA,NA,1676.4,NA,NA,NA,NA,-19.23,NA,-19.09,91040.8,0,0,0,-7,0,0,0,NA,NA,NA,NA,NA,NA,NA,NA,0.034,1.3,38,66,-13.7,3.8
2019-02-18 04:00:00,102336.62,-13,-17.8,65.98,4.63,90,NA,102910,NA,NA,1000,NA,NA,494,604,NA,NA,9,-11.7,-13.3,NA,1493.52,NA,NA,NA,NA,-20.85,NA,-18.08,91040.8,0,0,0,-6.7,0,0,0,NA,NA,NA,NA,NA,NA,NA,NA,0.033,1.4,45,52,-14.2,6.4
2019-02-18 05:00:00,102336.62,-13,-16.7,71.81,0,0,NA,102930,20,NA,NA,0.025,NA,294,654,NA,NA,1.75,NA,NA,NA,883.92,NA,NA,NA,NA,-18.53,NA,-17.07,91040.8,0,0,0,-5.5,0,0,1,NA,NA,NA,NA,NA,NA,NA,NA,0.034,1.2,42,56,-14.4,6.7
2019-02-18 06:00:00,102336.62,-13,-17.2,71.81,3.09,95,NA,102940,20,NA,NA,0.025,NA,283.5,504,NA,NA,2,NA,NA,NA,853.44,NA,NA,NA,NA,-19.23,NA,-17.26,91040.8,0,0,0,-5.5,0,0,0,NA,NA,NA,NA,NA,NA,NA,NA,0.033,1.1,331,59,-14.7,5.9
2019-02-18 07:00:00,102336.62,-13,-16.7,71.81,0,0,NA,102980,20,NA,3002,0.025,0.254,494,504,NA,NA,7,NA,NA,NA,1524,NA,NA,NA,NA,-17.6,NA,-17.07,91040.8,0,0,0,-5.7,0,0,1,NA,NA,NA,NA,NA,NA,NA,NA,0.031,1.4,54,50,-14.8,5.2
2019-02-18 08:00:00,102404.34,-13,-18.3,71.81,1.54,50,NA,103030,20,NA,NA,0.025,NA,494,NA,NA,NA,3,NA,NA,NA,1493.52,NA,NA,NA,NA,-16.67,NA,-17.07,91101.04,0,0,0,-5.6,0,0,1,NA,NA,NA,NA,NA,NA,NA,NA,0.029,1.2,46,51,-14.7,6.2
2019-02-18 09:00:00,102438.21,-13,-17.5,65.98,4.375,110,NA,103050,20,554,NA,0.025,NA,363,504,NA,NA,3,NA,NA,NA,1463.04,NA,NA,NA,NA,-20.61,NA,-18.08,91131.18,0,0,0,-5,0,0,0,NA,NA,NA,NA,NA,NA,NA,NA,0.029,1.4,38,56,-13.8,5.7
2019-02-18 10:00:00,102438.21,-13,-18.3,65.98,3.6,110,NA,103040,6,NA,5,0.127,NA,454,494,0.254,NA,3,-12.2,-13.3,NA,1371.6,NA,NA,NA,NA,-19.83,NA,-18.08,91131.18,0,0,0,-3.7,0,0,0,NA,NA,NA,NA,NA,NA,NA,NA,0.03,1.1,14,76,-11.4,4.5
2019-02-18 11:00:00,102404.34,-12,-18.3,60.85,2.57,90,NA,103010,NA,NA,NA,NA,NA,414,NA,NA,NA,10,NA,NA,NA,1249.68,NA,NA,NA,NA,-16.82,NA,-18.09,91101.04,0,0,0,-5.4,0,0,0,NA,NA,NA,NA,NA,NA,NA,NA,0.03,1.5,80,55,-10.2,6.4
2019-02-18 12:00:00,102370.48,-11,-17.8,56.16,1.54,20,NA,102930,NA,NA,NA,NA,NA,394,NA,NA,NA,10,NA,NA,NA,1188.72,NA,NA,NA,NA,-14.39,NA,-17.91,91070.92,0,0,0,-1.1,0,0,1,NA,NA,NA,NA,NA,NA,NA,NA,0.031,1.4,93,47,-8.3,8.8
2019-02-18 13:00:00,102268.89,-11,-17.2,61.12,1.54,210,NA,102870,NA,1003,8015,NA,NA,416,904,NA,NA,10,NA,NA,NA,2590.8,NA,NA,NA,NA,-14.39,NA,-17.09,90980.54,0,0,0,-0.4,0,0,1,NA,NA,NA,NA,NA,NA,NA,NA,0.031,1.5,173,56,-7.8,9
2019-02-18 14:00:00,102235.02,-10,-17.2,56.45,0,0,NA,102790,NA,NA,NA,NA,NA,753,1004,NA,NA,10,NA,NA,NA,2743.2,NA,NA,NA,NA,-14.39,NA,-17.11,90950.41,0,0,0,-2.3,0,0,1,NA,NA,NA,NA,NA,NA,NA,NA,0.032,1.9,195,52,-7.6,9.3
2019-02-18 15:00:00,102167.3,-9,-16.7,52.17,0,0,NA,102750,NA,NA,NA,NA,NA,603,679,NA,NA,10,NA,NA,NA,1828.8,NA,NA,NA,NA,NA,NA,-17.12,90890.17,0,0,0,-4.7,0,0,1,NA,NA,NA,NA,NA,NA,NA,NA,0.035,1.7,277,47,-8.6,6.7
2019-02-18 16:00:00,102167.3,-9,-15.6,56.74,0,0,NA,102740,6,NA,6010,NA,NA,493,554,NA,NA,10,-7.8,-12.8,NA,1493.52,NA,NA,NA,NA,-12.1,NA,-16.11,90890.17,0,0,0,-5.1,0,0,1,NA,NA,NA,NA,NA,NA,NA,NA,0.035,2.5,229,42,-9.7,1.8
2019-02-18 17:00:00,102133.43,-10,-13.3,76.71,0,0,NA,102750,20,NA,NA,0.025,NA,394,504,NA,NA,2,NA,NA,NA,1188.72,NA,NA,NA,NA,-13.04,NA,-13.36,90860.04,0,0,0,-5.2,0,0,1,NA,NA,NA,NA,NA,NA,NA,NA,0.035,1.7,222,40,-10.7,3.5
2019-02-18 18:00:00,102167.3,-10,-12.2,84.555,1.54,140,NA,102790,2500,NA,NA,0.254,NA,329,304,NA,NA,1,NA,NA,NA,990.6,NA,NA,NA,NA,-14.2,NA,-12.14,90890.17,0,0,0,-5.6,0,0,1,NA,NA,NA,NA,NA,NA,NA,NA,0.034,1.1,211,41,-10.9,6.4
2019-02-18 19:00:00,102201.16,-10,-13.3,72.74,0,0,NA,102790,20,NA,3002,0.025,0.254,424,704,NA,NA,4,NA,NA,NA,1280.16,NA,NA,NA,NA,-13.24,NA,-14.02,90920.29,0,0,0,-5.5,0,0,1,NA,NA,NA,NA,NA,NA,NA,NA,0.033,1.9,219,33,-11.1,5.2
2019-02-18 20:00:00,102167.3,-11,-12.2,92.29,1.54,160,NA,102740,6,NA,NA,NA,NA,704,NA,NA,NA,7,NA,NA,NA,2133.6,NA,NA,NA,NA,-14.39,NA,-12.02,90890.17,0,0,0,-4.3,0,0,1,NA,NA,NA,NA,NA,NA,NA,NA,0.032,1.5,219,35,-11.1,5.7
2019-02-18 21:00:00,102133.43,-11,-12.8,85.11,1.54,135,NA,102720,31,NA,NA,NA,NA,475,604,NA,NA,7.5,NA,NA,NA,1828.8,NA,NA,NA,NA,-14.39,NA,-13.04,90860.04,0,0,0,-4.4,0,0,1,NA,NA,NA,NA,NA,NA,NA,NA,0.031,1.5,221,36,-11.3,6.4
2019-02-18 22:00:00,102099.57,-11,-12.8,85.11,2.06,120,NA,102680,2500,NA,6008,0.025,NA,554,604,0.254,NA,5,-9.4,-10.6,NA,1828.8,NA,NA,NA,NA,-15.37,NA,-13.04,90829.91,0,0,0,-4.3,0,0,0,NA,NA,NA,NA,NA,NA,NA,NA,0.032,1.7,226,34,-11.4,8.1
2019-02-18 23:00:00,102099.57,-10.6,-12.8,83.79,2.06,120,NA,102660,20,554,NA,0.025,NA,342,434,NA,NA,3,NA,NA,NA,1310.64,NA,-7.8,-13.3,NA,-14.39,NA,-13.04,90829.91,0,0,0,-5,0,0,0,NA,NA,NA,NA,NA,NA,NA,NA,0.034,2.1,224,30,-11.6,9.8
2019-02-19,102065.7,-11,-13.3,85.11,2.06,120,NA,102660,20,NA,NA,0.025,NA,365,424,NA,NA,3,NA,NA,NA,1280.16,NA,NA,NA,NA,-15.37,NA,-13.04,90799.78,0,0,0,-4.6,0,0,0,NA,NA,NA,NA,NA,NA,NA,NA,0.034,2.2,235,27,-12,9.5
2019-02-19 01:00:00,102065.7,-11,-13.3,85.11,0,0,NA,102620,2500,NA,8005,0.025,0.025,432,554,NA,NA,4,NA,NA,NA,1676.4,NA,NA,NA,NA,-14.39,NA,-13.04,90799.78,0,0,0,-4.5,0,0,1,NA,NA,NA,NA,NA,NA,NA,NA,0.033,2.3,236,21,-12.5,9.8
2019-02-19 02:00:00,102031.84,-12,-14.4,84.99,2.06,120,NA,102580,31,NA,NA,0.025,NA,554,NA,NA,NA,4,NA,NA,NA,1676.4,NA,NA,NA,NA,-17.34,NA,-14.04,90769.66,0,0,0,-3.6,0,0,0,NA,NA,NA,NA,NA,NA,NA,NA,0.032,1.6,228,30,-12.9,9.8
2019-02-19 03:00:00,101997.98,-12,-14.4,84.99,2.57,130,NA,102540,31,NA,NA,NA,NA,96,499,NA,NA,7,NA,NA,NA,1524,NA,NA,NA,NA,-17.34,NA,-14.04,90739.54,0,0,0,-3.7,0,0,0,NA,NA,NA,NA,NA,NA,NA,NA,0.029,1.3,237,37,-13.5,10.8
2019-02-19 04:00:00,101964.11,-12.8,-15,84.87,2.06,140,NA,102540,31,NA,6007,NA,NA,102,454,0.025,0.508,7,-10,-12.8,NA,1402.08,NA,NA,NA,NA,-16.67,NA,-15.04,90709.41,0,0,0,-3.2,0,0,0,NA,NA,NA,NA,NA,NA,NA,NA,0.026,1.3,243,35,-14.1,12.9
2019-02-19 05:00:00,101930.25,-13,-15.6,78.1,1.8,130,NA,102520,20,NA,NA,0.025,NA,99,444,NA,NA,6.5,NA,NA,NA,1341.12,NA,NA,NA,NA,-17.47,NA,-16.05,90679.28,0,0,0,-3.3,0,0,1,NA,NA,NA,NA,NA,NA,NA,NA,0.025,1.3,224,39,-14.4,13.9
2019-02-19 06:00:00,101862.52,-13,-16.1,78.1,3.09,130,NA,102450,6,NA,NA,0.025,NA,454,NA,NA,NA,7,NA,NA,NA,1371.6,NA,NA,NA,NA,-19.23,NA,-16.05,90619.03,0,0,0,-3.5,0,0,0,NA,NA,NA,NA,NA,NA,NA,NA,0.024,1.4,234,36,-14.9,13.2
2019-02-19 07:00:00,101828.66,-13,-16.1,78.1,2.06,120,NA,102430,6,484,7012,NA,0.025,93,348,NA,NA,6,NA,NA,NA,1402.08,NA,NA,NA,NA,-18.06,NA,-16.05,90588.91,0,0,0,-3.7,0,0,0,NA,NA,NA,NA,NA,NA,NA,NA,0.02,0.9,246,59,-14.6,11.9
2019-02-19 08:00:00,101828.66,-13,-16.1,78.1,3.09,140,NA,102440,20,494,NA,0.025,NA,373,474,NA,NA,2,NA,NA,NA,1127.76,NA,NA,NA,NA,-19.23,NA,-16.05,90588.91,0,0,0,-3.5,0,0,0,NA,NA,NA,NA,NA,NA,NA,NA,0.014,1.1,252,44,-13.8,12
2019-02-19 09:00:00,101828.66,-13,-14.4,78.1,2.57,160,NA,102370,20,NA,NA,0.025,NA,443,529,NA,NA,1.75,NA,NA,NA,1341.12,NA,NA,NA,NA,-18.53,NA,-16.05,90588.91,0,0,0,-2.6,0,0,0,NA,NA,NA,NA,NA,NA,NA,NA,0.012,1.7,240,31,-12.9,21.1
2019-02-19 10:00:00,101760.93,-12,-13.9,84.99,1.54,140,NA,102280,31,NA,8011,NA,NA,454,604,0.025,NA,4,-11.7,-13.9,NA,1402.08,NA,NA,NA,NA,-15.53,NA,-14.04,90528.65,0,0,0,-2,0,0,1,NA,NA,NA,NA,NA,NA,NA,NA,0.02,1.5,248,43,-10.8,10.5
2019-02-19 11:00:00,101659.34,-11,-13.3,78.61,1.54,130,NA,102180,6,804,NA,NA,NA,496,653,NA,NA,6,NA,NA,NA,2286,NA,NA,NA,NA,-14.39,NA,-13.05,90438.28,0,0,0,-0.699999999999999,0,0,1,NA,NA,NA,NA,NA,NA,NA,NA,0.024,1.3,133,55,-8.1,12
2019-02-19 12:00:00,101591.61,-9,-12.8,72.65,0,0,NA,102050,NA,754,NA,NA,NA,502,754,NA,NA,8,NA,NA,NA,1524,NA,NA,NA,NA,-12.1,NA,-13.07,90378.02,0,0,0,-1.6,0,0,1,NA,NA,NA,NA,NA,NA,NA,NA,0.026,1.2,299,68,-6.6,11.5
2019-02-19 13:00:00,101422.29,-8,-12.8,72.65,0,0,NA,101930,NA,NA,8029,NA,NA,493,604,NA,NA,8,NA,NA,NA,1493.52,NA,NA,NA,NA,NA,NA,-12.88,90227.39,0,0,0,-3,0,0,1,NA,NA,NA,NA,NA,NA,NA,NA,0.031,1.3,282,62,-6.8,8.3
2019-02-19 14:00:00,101320.7,-7,-12.2,67.42,0,0,NA,101800,NA,704,NA,NA,NA,503,603,NA,NA,10,NA,NA,NA,2133.6,NA,NA,NA,NA,NA,NA,-12.08,90137.02,0,0,0,-3.9,0,0,1,NA,NA,NA,NA,NA,NA,NA,NA,0.034,1.2,265,69,-6.4,6.9
2019-02-19 15:00:00,101219.11,-7,-12.2,67.42,0,0,NA,101720,NA,NA,NA,NA,NA,704,NA,NA,NA,10,NA,NA,NA,2133.6,NA,NA,NA,NA,NA,NA,-12.08,90046.64,0,0,0,-4,0,0,1,NA,NA,NA,NA,NA,NA,NA,NA,0.035,1.3,228,57,-6.7,4.8
2019-02-19 16:00:00,101151.38,-7,-12.2,67.42,0,0,NA,101660,NA,NA,6024,NA,NA,604,704,NA,NA,10,-6.1,-11.7,NA,1981.2,NA,NA,NA,NA,NA,NA,-12.08,89986.38,0,0,0,-4,0,0,1,NA,NA,NA,NA,NA,NA,NA,NA,0.036,1.3,202,47,-7.4,3.3
2019-02-19 17:00:00,101083.65,-7,-11.7,67.42,0,0,NA,101590,20,704,NA,0.025,NA,503,704,NA,NA,9,NA,NA,NA,2133.6,NA,NA,NA,NA,-9.82,NA,-12.08,89926.13,0,0,0,-4.1,0,0,1,NA,NA,NA,NA,NA,NA,NA,NA,0.034,0.9,198,47,-7.6,3.5
2019-02-19 18:00:00,101049.79,-8,-10.85,78.94,1.54,280,NA,101570,20,NA,NA,0.025,NA,384,554,NA,NA,2,NA,NA,NA,1158.24,NA,NA,NA,NA,-10.96,NA,-11.05,89896.01,0,0,0,-3.3,0,0,1,NA,NA,NA,NA,NA,NA,NA,NA,0.031,1,261,54,-8,4.7
2019-02-19 19:00:00,100982.06,-8,-10,85.47,1.54,230,NA,101500,2500,NA,6015,0.254,0.254,304,NA,NA,NA,2,NA,NA,NA,914.4,NA,NA,NA,NA,-10.96,NA,-10.04,89835.75,0,0,0,-3.3,0,0,1,NA,NA,NA,NA,NA,NA,NA,NA,0.03,1.2,271,46,-8.6,6.9
2019-02-19 20:00:00,100914.33,-8,-10.6,83.42,0,0,NA,101440,2500,NA,NA,0.254,NA,334,NA,NA,NA,1.75,NA,NA,NA,1005.84,NA,NA,NA,NA,NA,NA,-10.64,89775.5,0,0,0,-3.4,0,0,1,NA,NA,NA,NA,NA,NA,NA,NA,0.03,1.3,231,35,-8.9,8.3
2019-02-19 21:00:00,100846.6,-8,-10,85.47,0,0,NA,101370,2500,NA,NA,0.254,NA,384,NA,NA,NA,2,NA,NA,NA,1158.24,NA,NA,NA,NA,NA,NA,-10.04,89715.25,0,0,0,-3.4,0,0,1,NA,NA,NA,NA,NA,NA,NA,NA,0.028,1.1,215,33,-8.9,9.1
2019-02-19 22:00:00,100812.74,-8,-10,85.47,0,0,NA,101310,2500,NA,6010,0.025,NA,439,NA,0.762,NA,2.75,-6.7,-8.3,NA,1325.88,NA,NA,NA,NA,NA,NA,-10.04,89685.12,0,0,0,-3.4,0,0,1,NA,NA,NA,NA,NA,NA,NA,NA,0.027,1.2,237,36,-8.8,10
2019-02-19 23:00:00,100745.01,-8,-10,85.47,0,0,NA,101200,2500,NA,NA,0.254,NA,444,NA,NA,NA,3,NA,NA,NA,1341.12,NA,-6.1,-13.9,NA,NA,NA,-10.04,89624.87,0,0,0,-3.5,0,0,1,NA,NA,NA,NA,NA,NA,NA,NA,0.028,1,237,43,-8.9,11.7
2019-02-20,100677.29,-8.9,-10.6,85.36,0,0,NA,101130,31,904,NA,0.025,NA,553,703,NA,NA,5,NA,NA,NA,1676.4,NA,NA,NA,NA,NA,NA,-11.04,89564.62,0,0,0,-2.7,0,0,1,NA,NA,NA,NA,NA,NA,NA,NA,0.028,0.5,291,67,-9,12.2
2019-02-20 01:00:00,100609.56,-9,-11.1,85.36,0,0,NA,101090,31,904,6017,NA,0.254,603,704,NA,NA,6,NA,NA,NA,1828.8,NA,NA,NA,NA,-12.1,NA,-11.04,89504.37,0,0,0,-2.5,0,0,1,NA,NA,NA,NA,NA,NA,NA,NA,0.027,0.6,242,56,-9.4,11.5
2019-02-20 02:00:00,100575.69,-10.6,-11.7,92.22,1.54,300,NA,101050,31,NA,NA,NA,NA,506,1102,NA,NA,5,NA,NA,NA,1828.8,NA,NA,NA,NA,-14.2,NA,-12.04,89474.24,0,0,0,-1.1,0,0,1,NA,NA,NA,NA,NA,NA,NA,NA,0.02,0.9,204,52,-10.6,13.2
2019-02-20 03:00:00,100541.83,-12,-13.9,85.11,0,0,NA,101030,31,1103,NA,NA,NA,492,703,NA,NA,7,NA,NA,NA,2133.6,NA,NA,NA,NA,-14.39,NA,-13.04,89444.12,0,0,0,0.300000000000001,0,1,1,NA,NA,NA,NA,NA,3,2019-02-20 03:00:00,2019-02-20 05:00:00,0.012,0.6,174,64,-10.9,13.4
2019-02-20 04:00:00,100507.97,-12,-14.15,84.99,0,0,NA,100990,2500,NA,7009,0.025,NA,306,703,0.254,1.016,7,-7.8,-12.2,NA,2133.6,NA,NA,NA,NA,NA,NA,-14.04,89413.99,0,0,0,0.300000000000001,0,1,1,NA,NA,NA,NA,NA,3,2019-02-20 03:00:00,2019-02-20 05:00:00,0.004,0.6,211,56,-11.4,16.7
2019-02-20 05:00:00,100474.1,-12,-14.15,84.99,0,0,NA,100980,31,NA,NA,0.025,NA,374,704,NA,NA,4,NA,NA,NA,1127.76,NA,NA,NA,NA,-15.645,NA,-14.04,89383.86,0,0,0,0.300000000000001,0,1,1,NA,NA,NA,NA,NA,3,2019-02-20 03:00:00,2019-02-20 05:00:00,0.001,0.8,202,33,-11.8,19.4
2019-02-20 06:00:00,100474.1,-11,-12.8,85.11,0,0,NA,100970,2500,NA,NA,0.025,NA,354,NA,NA,NA,2,NA,NA,NA,1066.8,NA,NA,NA,NA,-16.54,NA,-13.04,89383.86,0,0,0,-1,0,0,1,NA,NA,NA,NA,NA,NA,NA,NA,0.001,1,221,46,-11.5,12.9
2019-02-20 07:00:00,100507.97,-11,-12.8,85.11,0,0,NA,101020,2500,NA,3003,0.025,0.025,284,854,NA,NA,4,NA,NA,NA,975.36,NA,NA,NA,NA,NA,NA,-13.04,89413.99,0,0,0,-1.7,0,0,1,NA,NA,NA,NA,NA,NA,NA,NA,0.002,0.5,150,52,-11.2,16.4
2019-02-20 08:00:00,100575.69,-11,-12.2,92.22,0,0,NA,101080,31,NA,NA,NA,NA,854,854,NA,NA,4,NA,NA,NA,2590.8,NA,NA,NA,NA,-15.53,NA,-13.02,89474.24,0,0,0,-1.4,0,0,1,NA,NA,NA,NA,NA,NA,NA,NA,0.003,0.5,180,45,-9.7,16.7
2019-02-20 09:00:00,100575.69,-10.5,-10.6,92.325,0,0,NA,101040,31,854,NA,0.025,NA,393,483,NA,NA,4,NA,NA,NA,1188.72,NA,NA,NA,NA,-14.39,NA,-11.02,89474.24,0,0,0,-0.0999999999999996,0,0,1,NA,NA,NA,NA,NA,NA,NA,NA,0.005,0.8,188,52,-7.3,15.4
2019-02-20 10:00:00,100575.69,-8,-10.6,85.36,0,0,NA,101010,31,NA,2,0.025,NA,323,439,0.025,NA,4,-7.2,-12.8,NA,1813.56,NA,NA,NA,NA,NA,NA,-11.04,89474.24,0,0,0,0.0999999999999996,0,1,1,NA,NA,NA,NA,NA,3,2019-02-20 10:00:00,2019-02-20 12:00:00,0.007,0.9,258,69,-4.3,22.5
2019-02-20 11:00:00,100541.83,-8,-10,78.94,0,0,NA,101000,NA,NA,NA,NA,NA,803,NA,NA,NA,8,NA,NA,NA,2514.6,NA,NA,NA,NA,-10.96,NA,-11.05,89444.12,0,0,0,2.4,1,1,1,NA,NA,2,2019-02-20 11:00:00,2019-02-20 12:00:00,3,2019-02-20 10:00:00,2019-02-20 12:00:00,0.011,1.2,106,61,-3.4,14.6
2019-02-20 12:00:00,100541.83,-7,-10,79.1,1.54,210,NA,100990,NA,NA,NA,NA,NA,803,NA,NA,NA,10,NA,NA,NA,2438.4,NA,NA,NA,NA,-9.82,NA,-10.05,89444.12,0,0,0,1,1,1,1,NA,NA,2,2019-02-20 11:00:00,2019-02-20 12:00:00,3,2019-02-20 10:00:00,2019-02-20 12:00:00,0.016,1.4,178,62,-1.8,16.7
2019-02-20 13:00:00,100507.97,-6,-8.9,79.1,1.54,220,NA,100940,NA,NA,8005,NA,NA,1,NA,NA,NA,10,NA,NA,NA,2438.4,NA,NA,NA,NA,-8.67,NA,-9.05,89413.99,0,0,0,-0.7,0,0,1,NA,NA,NA,NA,NA,NA,NA,NA,0.026,1.6,242,59,-1.3,3.8
2019-02-20 14:00:00,100474.1,-3,-10,63.2,5.14,10,NA,100910,41,NA,NA,0.127,NA,1,NA,NA,NA,10,NA,NA,NA,NA,NA,NA,NA,NA,-8.76,NA,-9.09,89383.86,0,0,0,-3.5,0,0,0,NA,NA,NA,NA,NA,NA,NA,NA,0.03,1.7,257,56,-0.7,3
2019-02-20 15:00:00,100507.97,-3,-9.4,63.2,6.17,10,8.745,100970,6,NA,NA,NA,NA,1,NA,NA,NA,10,NA,NA,NA,NA,NA,NA,NA,NA,-9.35,NA,-9.09,89413.99,0,0,0,-4,0,0,0,NA,NA,NA,NA,NA,NA,NA,NA,0.034,2,286,47,-0.8,3.5
2019-02-20 16:00:00,100541.83,-3.9,-10,62.48,7.2,10,8.75,101020,NA,NA,3006,NA,NA,1,NA,0.025,NA,10,-2.2,-8.3,NA,NA,NA,NA,NA,NA,-10.62,NA,-10.09,89444.12,0,0,0,-2.7,0,0,0,NA,NA,NA,NA,NA,NA,NA,NA,0.034,2.4,264,31,-1.4,4
2019-02-20 17:00:00,100575.69,-4,-10.6,58.14,6.69,360,8.235,101060,NA,NA,NA,NA,NA,1,NA,NA,NA,10,NA,NA,NA,NA,NA,NA,NA,NA,-11.26,NA,-11.1,89474.24,0,0,0,-5.4,0,0,0,NA,NA,NA,NA,NA,NA,NA,NA,0.032,2.8,230,33,-4.1,3
2019-02-20 18:00:00,100643.42,-6,-11.1,67.65,5.14,330,NA,101160,NA,NA,NA,NA,NA,753,NA,NA,NA,10,NA,NA,NA,2286,NA,NA,NA,NA,-12.52,NA,-11.08,89534.49,0,0,0,-5,0,0,0,NA,NA,NA,NA,NA,NA,NA,NA,0.031,2.4,194,40,-6.2,3.5
2019-02-20 19:00:00,100745.01,-7,-11.7,67.42,5.14,320,NA,101250,NA,NA,3019,NA,NA,1,NA,NA,NA,10,NA,NA,NA,NA,NA,NA,NA,NA,-13.39,NA,-12.08,89624.87,0,0,0,-4.2,0,0,0,NA,NA,NA,NA,NA,NA,NA,NA,0.031,2.2,189,42,-7.1,4.5
2019-02-20 20:00:00,100812.74,-7,-12.2,67.42,1.54,310,NA,101360,NA,NA,NA,NA,NA,1,NA,NA,NA,10,NA,NA,NA,NA,NA,NA,NA,NA,-12.01,NA,-12.08,89685.12,0,0,0,-4.3,0,0,1,NA,NA,NA,NA,NA,NA,NA,NA,0.029,1.7,198,39,-8,5.2
2019-02-20 21:00:00,100914.33,-8,-12.8,72.85,0,0,NA,101450,NA,NA,NA,NA,NA,603,NA,NA,NA,10,NA,NA,NA,1981.2,NA,NA,NA,NA,-10.96,NA,-12.07,89775.5,0,0,0,-3.1,0,0,1,NA,NA,NA,NA,NA,NA,NA,NA,0.02,0.9,183,57,-9.6,19.9
2019-02-20 22:00:00,101015.92,-9,-12.8,72.65,0,0,NA,101510,NA,NA,2024,NA,NA,653,852,NA,NA,10,-3.9,-10.6,NA,1905,NA,NA,NA,NA,NA,NA,-13.07,89865.88,0,0,0,-2.2,0,0,1,NA,NA,NA,NA,NA,NA,NA,NA,0.011,0.7,152,65,-10.4,5.9
2019-02-20 23:00:00,101083.65,-10,-13.3,78.61,0,0,NA,101610,NA,553,NA,NA,NA,456,505,NA,NA,10,NA,NA,NA,1600.2,NA,-2.2,-12.8,NA,-12.1,NA,-13.05,89926.13,0,0,0,-0.9,0,0,1,NA,NA,NA,NA,NA,NA,NA,NA,0.014,0.7,146,63,-10.9,4.7
2019-02-21,101151.38,-10,-13.9,78.61,0,0,NA,101680,NA,NA,NA,NA,NA,393,529,NA,NA,10,NA,NA,NA,1188.72,NA,NA,NA,NA,-14.445,NA,-13.05,89986.38,0,0,0,-1.4,0,0,1,NA,NA,NA,NA,NA,NA,NA,NA,0.007,1,183,70,-11.8,5.9
2019-02-21 01:00:00,101219.11,-11,-14.4,80.28,1.54,310,NA,101750,NA,NA,3020,NA,NA,1,473,NA,NA,10,NA,NA,NA,1310.64,NA,NA,NA,NA,-15.19,NA,-13.07,90046.64,0,0,0,-1.3,0,0,1,NA,NA,NA,NA,NA,NA,NA,NA,0.004,0.9,182,72,-12.9,5.2
2019-02-21 02:00:00,101286.84,-13,-15,84.87,2.06,310,NA,101800,NA,NA,NA,NA,NA,1,NA,NA,NA,10,NA,NA,NA,NA,NA,NA,NA,NA,-17.34,NA,-15.04,90106.89,0,0,0,-0.5,0,0,0,NA,NA,NA,NA,NA,NA,NA,NA,0.003,0.8,204,56,-13.7,4.7
2019-02-21 03:00:00,101354.56,-13,-16.1,78.1,2.06,330,NA,101850,NA,NA,NA,NA,NA,1,NA,NA,NA,10,NA,NA,NA,NA,NA,NA,NA,NA,-17.47,NA,-16.05,90167.14,0,0,0,-1.1,0,0,0,NA,NA,NA,NA,NA,NA,NA,NA,0.003,1,181,79,-14.1,4.5
2019-02-21 04:00:00,101422.29,-14,-17.2,77.92,1.54,320,NA,101950,NA,NA,3017,NA,NA,1,NA,NA,NA,10,-8.9,-15.6,NA,NA,NA,NA,NA,NA,-18.87,NA,-17.05,90227.39,0,0,0,-0.4,0,0,1,NA,NA,NA,NA,NA,NA,NA,NA,0.005,1.2,176,84,-14.4,1.5
2019-02-21 05:00:00,101490.02,-16,-17.2,84.49,2.57,310,NA,102030,NA,NA,NA,NA,NA,1,NA,NA,NA,10,NA,NA,NA,NA,NA,NA,NA,NA,-20.9,NA,-18.02,90287.65,0,0,0,1.3,1,1,0,NA,NA,3,2019-02-21 05:00:00,2019-02-21 07:00:00,3,2019-02-21 05:00:00,2019-02-21 07:00:00,0.003,1,193,62,-14.9,0.8
2019-02-21 06:00:00,101523.88,-16,-18.9,77.57,1.54,290,NA,102130,NA,NA,NA,NA,NA,1,NA,NA,NA,10,NA,NA,NA,NA,NA,NA,NA,NA,-20.1,NA,-18.95,90317.77,0,0,0,1.3,1,1,1,NA,NA,3,2019-02-21 05:00:00,2019-02-21 07:00:00,3,2019-02-21 05:00:00,2019-02-21 07:00:00,0.001,0.8,187,65,-15.5,1.3
2019-02-21 07:00:00,101591.61,-16,-17.2,84.49,0,0,NA,102200,NA,NA,3018,NA,NA,1,NA,NA,NA,9,NA,NA,NA,NA,NA,NA,NA,NA,-20.1,NA,-18.03,90378.02,0,0,0,0.9,1,1,1,NA,NA,3,2019-02-21 05:00:00,2019-02-21 07:00:00,3,2019-02-21 05:00:00,2019-02-21 07:00:00,0.001,1,195,74,-15.3,2.8
2019-02-21 08:00:00,101659.34,-13,-16.7,77.92,0,0,NA,102250,NA,NA,NA,NA,NA,1203,NA,NA,NA,8,NA,NA,NA,3657.6,NA,NA,NA,NA,-17.41,NA,-16.76,90438.28,0,0,0,-2.5,0,0,1,NA,NA,NA,NA,NA,NA,NA,NA,0.003,1.3,9,76,-11.4,4.2
2019-02-21 09:00:00,101693.2,-7.2,-15.6,50.99,5.14,120,NA,102210,41,NA,NA,0.127,NA,1,NA,NA,NA,10,NA,NA,NA,NA,NA,NA,NA,NA,-14.44,NA,-16.13,90468.4,0,0,0,-8.3,0,0,0,NA,NA,NA,NA,NA,NA,NA,NA,0.016,3.8,66,28,-6.8,4.5
2019-02-21 10:00:00,101693.2,-7,-15.6,48.56,6.69,120,NA,102180,NA,NA,5,NA,NA,1,NA,0.025,NA,10,-6.7,-16.7,NA,NA,NA,NA,NA,NA,-14.74,NA,-16.13,90468.4,0,0,0,-7.2,0,0,0,NA,NA,NA,NA,NA,NA,NA,NA,0.027,3.9,67,23,-5.7,3.3
2019-02-21 11:00:00,101693.2,-6,-15,48.56,7.2,120,NA,102160,NA,NA,NA,NA,NA,1,NA,NA,NA,10,NA,NA,NA,NA,NA,NA,NA,NA,-13.73,NA,-15.13,90468.4,0,0,0,-7,0,0,0,NA,NA,NA,NA,NA,NA,NA,NA,0.03,4.7,71,19,-5.1,3
2019-02-21 12:00:00,101625.47,-6,-15,48.87,7.72,120,NA,102090,NA,NA,NA,NA,NA,1,NA,NA,NA,10,NA,NA,NA,NA,NA,NA,NA,NA,-13.73,NA,-15.13,90408.14,0,0,0,-4.5,0,0,0,NA,NA,NA,NA,NA,NA,NA,NA,0.031,5,81,17,-4.3,3
2019-02-21 13:00:00,101557.75,-4,-15,42,6.69,120,NA,102020,NA,NA,8014,NA,NA,1,NA,NA,NA,10,NA,NA,NA,NA,NA,NA,NA,NA,-10.9,NA,-15.14,90347.9,0,0,0,-6.4,0,0,0,NA,NA,NA,NA,NA,NA,NA,NA,0.032,4.1,81,20,-3.2,3.7
2019-02-21 14:00:00,101523.88,-4,-14.4,45.6,5.66,120,NA,101980,NA,NA,NA,NA,NA,1,NA,NA,NA,10,NA,NA,NA,NA,NA,NA,NA,NA,-10.33,NA,-14.13,90317.77,0,0,0,-4.3,0,0,0,NA,NA,NA,NA,NA,NA,NA,NA,0.032,3.1,62,27,-2.5,5
2019-02-21 15:00:00,101490.02,-4,-14.4,45.6,4.63,130,NA,101970,NA,NA,NA,NA,NA,1,NA,NA,NA,10,NA,NA,NA,NA,NA,NA,NA,NA,-9.67,NA,-14.13,90287.65,0,0,0,-6.8,0,0,0,NA,NA,NA,NA,NA,NA,NA,NA,0.032,2.8,61,29,-2.2,5
2019-02-21 16:00:00,101490.02,-3,-13.3,42.31,3.6,350,NA,102020,NA,NA,5003,NA,NA,1,NA,NA,NA,10,-2.2,-6.7,NA,NA,NA,NA,NA,NA,-8.035,NA,-14.14,90287.65,0,0,0,-7,0,0,0,NA,NA,NA,NA,NA,NA,NA,NA,0.032,1.8,54,39,-1.9,3.5
2019-02-21 17:00:00,101490.02,-5,-13.9,53.07,5.66,10,NA,102040,NA,NA,NA,NA,NA,1,NA,NA,NA,10,NA,NA,NA,NA,NA,NA,NA,NA,-11.59,NA,-13.13,90287.65,0,0,0,-7.8,0,0,0,NA,NA,NA,NA,NA,NA,NA,NA,0.032,2.2,292,37,-3.9,3.8
2019-02-21 18:00:00,101490.02,-6,-14.4,53.07,5.14,20,NA,102090,NA,NA,NA,NA,NA,1,NA,NA,NA,10,NA,NA,NA,NA,NA,NA,NA,NA,-12.52,NA,-14.12,90287.65,0,0,0,-8,0,0,0,NA,NA,NA,NA,NA,NA,NA,NA,0.031,2,205,44,-7,5.2
2019-02-21 19:00:00,101557.75,-8,-15,61.66,1.54,280,NA,102170,NA,NA,3007,NA,NA,1,NA,NA,NA,10,NA,NA,NA,NA,NA,NA,NA,NA,-12.59,NA,-15.09,90347.9,0,0,0,-7.4,0,0,1,NA,NA,NA,NA,NA,NA,NA,NA,0.028,1.1,204,34,-8.4,5
2019-02-21 20:00:00,101591.61,-9,-15.6,61.39,1.54,320,NA,102220,NA,NA,NA,NA,NA,1,NA,NA,NA,10,NA,NA,NA,NA,NA,NA,NA,NA,-13.04,NA,-15.11,90378.02,0,0,0,-6.2,0,0,1,NA,NA,NA,NA,NA,NA,NA,NA,0.017,1.1,176,60,-10.3,4
2019-02-21 21:00:00,101659.34,-11,-16.7,66.47,1.54,320,NA,102190,NA,NA,NA,NA,NA,1,NA,NA,NA,10,NA,NA,NA,NA,NA,NA,NA,NA,-15.53,NA,-16.08,90438.28,0,0,0,-4.6,0,0,1,NA,NA,NA,NA,NA,NA,NA,NA,0.011,0.8,184,62,-11.8,8.1
2019-02-21 22:00:00,101659.34,-13,-17.2,71.81,0,0,NA,102240,NA,NA,1010,NA,NA,1,NA,NA,NA,10,-3.9,-13.9,NA,NA,NA,NA,NA,NA,NA,NA,-17.07,90438.28,0,0,0,-2.8,0,0,1,NA,NA,NA,NA,NA,NA,NA,NA,0.008,1.3,213,59,-12.8,9.5
2019-02-21 23:00:00,101693.2,-14,-18.3,71.6,0,0,NA,102260,NA,NA,NA,NA,NA,1,NA,NA,NA,10,NA,NA,NA,NA,NA,-2.2,-16.7,NA,-18.87,NA,-18.07,90468.4,0,0,0,-0.699999999999999,0,0,1,NA,NA,NA,NA,NA,NA,NA,NA,0.007,0.7,174,56,-14.4,9.1
2019-02-22,101727.07,-14,-17.8,71.6,0,0,NA,102250,NA,NA,NA,NA,NA,1,NA,NA,NA,10,NA,NA,NA,NA,NA,NA,NA,NA,-17.7,NA,-18.07,90498.53,0,0,0,-1.4,0,0,1,NA,NA,NA,NA,NA,NA,NA,NA,0.005,0.7,181,58,-15.2,27.7
2019-02-22 01:00:00,101727.07,-15,-19.4,77.75,0,0,NA,102270,NA,NA,1003,NA,NA,1,NA,NA,NA,10,NA,NA,NA,NA,NA,NA,NA,NA,NA,NA,-18.07,90498.53,0,0,0,-0.300000000000001,0,0,1,NA,NA,NA,NA,NA,NA,NA,NA,0.004,0.6,204,31,-16.3,14.9
2019-02-22 02:00:00,101727.07,-17,-20,77.57,0,0,NA,102260,NA,NA,NA,NA,NA,1,NA,NA,NA,10,NA,NA,NA,NA,NA,NA,NA,NA,-21.24,NA,-19.05,90498.53,0,0,0,1.6,1,1,1,29,32,13,2019-02-22 02:00:00,2019-02-22 14:00:00,14,2019-02-22 02:00:00,2019-02-22 15:00:00,0.003,0.8,201,40,-17,13.9
2019-02-22 03:00:00,101693.2,-17,-21.1,77.39,0,0,NA,102250,NA,NA,NA,NA,NA,1,NA,NA,NA,10,NA,NA,NA,NA,NA,NA,NA,NA,-22.38,NA,-20.05,90468.4,0,0,0,1.5,1,1,1,29,32,13,2019-02-22 02:00:00,2019-02-22 14:00:00,14,2019-02-22 02:00:00,2019-02-22 15:00:00,0.002,0.9,206,32,-17.6,11
2019-02-22 04:00:00,101727.07,-18,-21.7,77.21,0,0,NA,102270,NA,NA,6002,NA,NA,1,NA,NA,NA,10,-12.8,-18.9,NA,NA,NA,NA,NA,NA,-22.38,NA,-21.05,90498.53,0,0,0,2.7,1,1,1,29,32,13,2019-02-22 02:00:00,2019-02-22 14:00:00,14,2019-02-22 02:00:00,2019-02-22 15:00:00,0.004,0.7,201,47,-18.1,24.8
2019-02-22 05:00:00,101727.07,-18,-21.1,77.21,0,0,NA,102310,NA,NA,NA,NA,NA,1,NA,NA,NA,10,NA,NA,NA,NA,NA,NA,NA,NA,NA,NA,-21.05,90498.53,0,0,0,2.7,1,1,1,29,32,13,2019-02-22 02:00:00,2019-02-22 14:00:00,14,2019-02-22 02:00:00,2019-02-22 15:00:00,0.003,1,200,36,-18.5,12.2
2019-02-22 06:00:00,101727.07,-18.9,-21.1,77.21,0,0,NA,102350,NA,NA,NA,NA,NA,1,NA,NA,NA,10,NA,NA,NA,NA,NA,NA,NA,NA,NA,NA,-22.03,90498.53,0,0,0,4.1,1,1,1,29,32,13,2019-02-22 02:00:00,2019-02-22 14:00:00,14,2019-02-22 02:00:00,2019-02-22 15:00:00,0.003,0.8,215,38,-18.6,12.4
2019-02-22 07:00:00,101727.07,-18,-20,77.39,0,0,NA,102350,NA,NA,1002,NA,NA,1,NA,NA,NA,8,NA,NA,NA,NA,NA,NA,NA,NA,NA,NA,-21.03,90498.53,0,0,0,3.7,1,1,1,29,32,13,2019-02-22 02:00:00,2019-02-22 14:00:00,14,2019-02-22 02:00:00,2019-02-22 15:00:00,0.003,0.6,212,41,-18.5,12.2
2019-02-22 08:00:00,101727.07,-17,-19.4,84.36,1.54,130,NA,102390,31,NA,NA,NA,NA,452,NA,NA,NA,6,NA,NA,NA,NA,NA,NA,NA,NA,-22.16,NA,-19.03,90498.53,0,0,0,2.8,1,1,1,29,32,13,2019-02-22 02:00:00,2019-02-22 14:00:00,14,2019-02-22 02:00:00,2019-02-22 15:00:00,0.003,0.8,219,37,-16.4,12.2
2019-02-22 09:00:00,101727.07,-17,-17.8,91.81,0,0,NA,102380,31,NA,NA,NA,NA,1,NA,NA,NA,6,NA,NA,NA,NA,NA,NA,NA,NA,-21.24,NA,-18.02,90498.53,0,0,0,3.4,1,1,1,29,32,13,2019-02-22 02:00:00,2019-02-22 14:00:00,14,2019-02-22 02:00:00,2019-02-22 15:00:00,0.005,1.1,241,49,-14,12.9
2019-02-22 10:00:00,101659.34,-15,-17.2,84.62,0,0,NA,102330,31,NA,8007,NA,NA,1,NA,NA,NA,8,-13.3,-20,NA,3352.8,NA,NA,NA,NA,-18.96,NA,-17.03,90438.28,0,0,0,2,1,1,1,29,32,13,2019-02-22 02:00:00,2019-02-22 14:00:00,14,2019-02-22 02:00:00,2019-02-22 15:00:00,0.011,1.2,238,55,-12.7,13.2
2019-02-22 11:00:00,101625.47,-13,-16.7,75.47,0,0,NA,102260,NA,NA,NA,NA,NA,1,NA,NA,NA,9,NA,NA,NA,NA,NA,NA,NA,NA,-16.67,NA,-17.05,90408.14,0,0,0,2.1,1,1,1,29,32,13,2019-02-22 02:00:00,2019-02-22 14:00:00,14,2019-02-22 02:00:00,2019-02-22 15:00:00,0.015,1.3,110,58,-10.1,12.7
2019-02-22 12:00:00,101523.88,-12,-16.1,66.47,1.54,260,NA,102110,NA,NA,NA,NA,NA,1,NA,NA,NA,9,NA,NA,NA,NA,NA,NA,NA,NA,-15.53,NA,-17.07,90317.77,0,0,0,1.2,1,1,1,29,32,13,2019-02-22 02:00:00,2019-02-22 14:00:00,14,2019-02-22 02:00:00,2019-02-22 15:00:00,0.02,1.5,256,51,-9,10
2019-02-22 13:00:00,101456.15,-11,-16.1,66.47,1.54,180,NA,102060,NA,NA,8022,NA,NA,1006,NA,NA,NA,9,NA,NA,NA,NA,NA,NA,NA,NA,-15.53,NA,-16.08,90257.51,0,0,0,3.7,1,1,1,29,32,13,2019-02-22 02:00:00,2019-02-22 14:00:00,14,2019-02-22 02:00:00,2019-02-22 15:00:00,0.022,1.6,245,50,-8.1,9.3
2019-02-22 14:00:00,101354.56,-10,-15,66.47,0,0,NA,101940,NA,NA,NA,NA,NA,906,1003,NA,NA,10,NA,NA,NA,2819.4,NA,NA,NA,NA,-14.39,NA,-16.08,90167.14,0,0,0,1.1,1,1,1,29,32,13,2019-02-22 02:00:00,2019-02-22 14:00:00,14,2019-02-22 02:00:00,2019-02-22 15:00:00,0.024,1.3,219,53,-7.1,10.8
2019-02-22 15:00:00,101286.84,-9,-14.4,61.66,0,0,NA,101880,NA,NA,NA,NA,NA,904,NA,NA,NA,10,NA,NA,NA,2743.2,NA,NA,NA,NA,-12.1,NA,-15.09,90106.89,0,0,0,0.300000000000001,0,1,1,NA,32,NA,NA,NA,14,2019-02-22 02:00:00,2019-02-22 15:00:00,0.021,1.1,60,66,-5.1,NA
2019-02-22 16:00:00,101252.97,-7,-14.4,57.3,0,0,NA,101850,NA,1004,6014,NA,NA,802,904,NA,NA,10,-6.7,-15,NA,2743.2,NA,NA,NA,NA,-10.96,NA,-14.11,90076.76,0,0,0,-1.9,0,0,1,NA,NA,NA,NA,NA,NA,NA,NA,0.02,0.9,164,66,-3.9,10.3
2019-02-22 17:00:00,101252.97,-7.2,-14.4,57.3,0,0,NA,101810,NA,1004,NA,NA,NA,653,804,NA,NA,10,NA,NA,NA,1981.2,NA,NA,NA,NA,-10.96,NA,-14.11,90076.76,0,0,0,-2.7,0,0,1,NA,NA,NA,NA,NA,NA,NA,NA,0.018,1.1,230,62,-5.5,11.2
2019-02-22 18:00:00,101219.11,-8,-14.4,61.92,1.54,260,NA,101820,NA,954,NA,NA,NA,704,904,NA,NA,10,NA,NA,NA,2133.6,NA,NA,NA,NA,-11.415,NA,-14.09,90046.64,0,0,0,-2.8,0,0,1,NA,NA,NA,NA,NA,NA,NA,NA,0.014,1.3,246,61,-7.2,13.2
2019-02-22 19:00:00,101219.11,-8,-13.9,66.98,1.54,10,NA,101830,NA,NA,5002,NA,NA,652,753,NA,NA,9,NA,NA,NA,1981.2,NA,NA,NA,NA,-10.96,NA,-13.98,90046.64,0,0,0,-2.8,0,0,1,NA,NA,NA,NA,NA,NA,NA,NA,0.009,1.4,199,79,-7.8,13.9
2019-02-22 20:00:00,101219.11,-10.6,-15,72.24,0,0,NA,101850,NA,1203,NA,NA,NA,706,1002,NA,NA,9,NA,NA,NA,3657.6,NA,NA,NA,NA,-13.585,NA,-15.07,90046.64,0,0,0,-0.800000000000001,0,0,1,NA,NA,NA,NA,NA,NA,NA,NA,0.004,1.3,197,74,-9.2,19.7
2019-02-22 21:00:00,101219.11,-9,-13.9,66.95,1.54,20,NA,101830,NA,1004,NA,NA,NA,856,1004,NA,NA,8,NA,NA,NA,3048,NA,NA,NA,NA,-12.8,NA,-14.08,90046.64,0,0,0,-2.4,0,0,1,NA,NA,NA,NA,NA,NA,NA,NA,0.002,0.8,216,53,-9.2,24.3
2019-02-22 22:00:00,101219.11,-8,-12.8,72.65,1.54,150,NA,101790,NA,NA,8003,NA,NA,654,704,NA,NA,8,-7.2,-11.1,NA,1981.2,NA,NA,NA,NA,-12.1,NA,-13.07,90046.64,0,0,0,-2.9,0,0,1,NA,NA,NA,NA,NA,NA,NA,NA,0.003,1.1,168,64,-8.6,18.2
2019-02-22 23:00:00,101185.24,-9,-12.8,72.65,1.54,20,NA,101730,NA,1104,NA,NA,NA,703,1004,NA,NA,8,NA,NA,NA,2286,NA,-6.7,-20,NA,-13.78,NA,-13.07,90016.51,0,0,0,-1.8,0,0,1,NA,NA,NA,NA,NA,NA,NA,NA,0.008,1.8,205,41,-9.3,20.4
2019-02-23,101185.24,-8,-13.3,67.19,2.57,130,NA,101710,NA,1204,NA,NA,NA,703,879,NA,NA,9,NA,NA,NA,2133.6,NA,NA,NA,NA,-12.59,NA,-13.08,90016.51,0,0,0,-2.5,0,0,0,NA,NA,NA,NA,NA,NA,NA,NA,0.011,0.9,217,68,-8.9,15.9
2019-02-23 01:00:00,101185.24,-9,-12.8,72.65,1.54,100,NA,101730,NA,1104,3001,NA,NA,653,828.5,NA,NA,9,NA,NA,NA,2133.6,NA,NA,NA,NA,-12.59,NA,-13.07,90016.51,0,0,0,-1.2,0,0,1,NA,NA,NA,NA,NA,NA,NA,NA,0.008,0.9,240,56,-8.8,20.4
2019-02-23 02:00:00,101219.11,-8,-12.8,67.19,0,0,NA,101750,NA,854,NA,NA,NA,654,904,NA,NA,10,NA,NA,NA,1981.2,NA,NA,NA,NA,-11.585,NA,-13.08,90046.64,0,0,0,-2.1,0,0,1,NA,NA,NA,NA,NA,NA,NA,NA,0.009,1.3,244,60,-8.7,22.8
2019-02-23 03:00:00,101252.97,-8,-13.3,67.19,0,0,NA,101760,NA,NA,NA,NA,NA,654,NA,NA,NA,10,NA,NA,NA,1981.2,NA,NA,NA,NA,-11.87,NA,-13.08,90076.76,0,0,0,-2.7,0,0,1,NA,NA,NA,NA,NA,NA,NA,NA,0.009,1.5,211,57,-8.7,16.4
2019-02-23 04:00:00,101286.84,-9,-12.8,72.65,1.54,280,NA,101800,NA,654,2011,NA,NA,436,604,NA,NA,9,-7.8,-10,NA,1828.8,NA,NA,NA,NA,-12.1,NA,-13.07,90106.89,0,0,0,-1.3,0,0,1,NA,NA,NA,NA,NA,NA,NA,NA,0.012,1.1,221,53,-8.7,14.7
2019-02-23 05:00:00,101354.56,-9,-12.2,72.85,1.54,270,NA,101880,NA,NA,NA,NA,NA,604,NA,NA,NA,8,NA,NA,NA,1828.8,NA,NA,NA,NA,-12.1,NA,-12.26,90167.14,0,0,0,-1.1,0,0,1,NA,NA,NA,NA,NA,NA,NA,NA,0.012,1.1,233,49,-8.8,19.2
2019-02-23 06:00:00,101422.29,-9,-12.8,72.65,1.54,210,NA,101960,NA,NA,NA,NA,NA,653,NA,NA,NA,7,NA,NA,NA,1981.2,NA,NA,NA,NA,-13.04,NA,-13.07,90227.39,0,0,0,-0.9,0,0,1,NA,NA,NA,NA,NA,NA,NA,NA,0.011,1.4,222,48,-9.3,15.7
2019-02-23 07:00:00,101490.02,-9,-12.8,72.65,0,0,NA,102050,6,NA,3020,NA,NA,654,654,NA,NA,6,NA,NA,NA,1981.2,NA,NA,NA,NA,-12.1,NA,-13.07,90287.65,0,0,0,-0.9,0,0,1,NA,NA,NA,NA,NA,NA,NA,NA,0.007,0.9,218,55,-10,14.2
2019-02-23 08:00:00,101591.61,-9,-12.2,72.85,0,0,NA,102130,6,NA,NA,NA,NA,604,604,NA,NA,6,NA,NA,NA,1828.8,NA,NA,NA,NA,-11.13,NA,-12.07,90378.02,0,0,0,-0.800000000000001,0,0,1,NA,NA,NA,NA,NA,NA,NA,NA,0.008,0.9,209,53,-9.3,11.2
2019-02-23 09:00:00,101659.34,-8,-11.1,72.85,0,0,NA,102170,6,NA,NA,NA,NA,654,NA,NA,NA,8,NA,NA,NA,1981.2,NA,NA,NA,NA,-11.87,NA,-12.07,90438.28,0,0,0,-1.3,0,0,1,NA,NA,NA,NA,NA,NA,NA,NA,0.009,1.2,255,69,-7.6,11.7
2019-02-23 10:00:00,101693.2,-7,-11.7,67.42,0,0,NA,102170,NA,NA,1015,NA,NA,654,NA,NA,NA,8,-6.1,-10,NA,1981.2,NA,NA,NA,NA,-9.82,NA,-12.08,90468.4,0,0,0,-1.1,0,0,1,NA,NA,NA,NA,NA,NA,NA,NA,0.01,0.9,118,74,-5.4,17.7
2019-02-23 11:00:00,101693.2,-6,-10,67.65,1.54,230,NA,102180,NA,NA,NA,NA,NA,654,803,NA,NA,8,NA,NA,NA,1981.2,NA,NA,NA,NA,-9.53,NA,-11.08,90468.4,0,0,0,-1,0,0,1,NA,NA,NA,NA,NA,NA,NA,NA,0.01,0.8,198,58,-2.5,17.2
2019-02-23 12:00:00,101693.2,-4.5,-8.95,65.325,1.54,60,NA,102130,20,704,NA,0.025,NA,484,483,NA,NA,8,NA,NA,NA,1828.8,NA,NA,NA,NA,-7.53,NA,-10.08,90468.4,0,0,0,-2.8,0,0,1,NA,NA,NA,NA,NA,NA,NA,NA,0.015,1.3,55,48,-1.5,12.7
2019-02-23 13:00:00,101659.34,-3,-6.95,73.84,3.09,50,NA,102080,20,754,8005,0.254,0.254,223,443,NA,NA,2.5,NA,NA,NA,701.04,NA,NA,NA,NA,-6.83,NA,-7.07,90438.28,0,0,0,0.7,1,1,0,NA,NA,1,2019-02-23 13:00:00,2019-02-23 13:00:00,1,2019-02-23 13:00:00,2019-02-23 13:00:00,0.016,1.7,2,58,-0.6,19.4
2019-02-23 14:00:00,101625.47,-2.8,-6.1,74.03,2.57,260,NA,102070,6,513.5,NA,0.025,NA,476,472,NA,NA,9,NA,NA,NA,990.6,NA,NA,NA,NA,-6.225,NA,-6.08,90408.14,0,0,0,-3.9,0,0,0,NA,NA,NA,NA,NA,NA,NA,NA,0.027,1.7,63,43,0.3,4.7
2019-02-23 15:00:00,101659.34,-3,-6.7,79.58,3.6,280,NA,102120,NA,NA,NA,NA,NA,1,NA,NA,NA,8,NA,NA,NA,NA,NA,NA,NA,NA,-7.65,NA,-6.76,90438.28,0,0,0,-2.4,0,0,0,NA,NA,NA,NA,NA,NA,NA,NA,0.029,1.9,268,40,-1,6.7
2019-02-23 16:00:00,101693.2,-3,-7.8,70.98,1.54,50,NA,102140,NA,NA,3005,NA,NA,706,NA,0.254,NA,9,-1.1,-6.1,NA,NA,NA,NA,NA,NA,-7.19,NA,-7.08,90468.4,0,0,0,-4,0,0,1,NA,NA,NA,NA,NA,NA,NA,NA,0.029,1.5,213,54,-1.3,6.4
2019-02-23 17:00:00,101727.07,-3,-8.3,68.34,1.54,260,NA,102170,NA,NA,NA,NA,NA,703,754,NA,NA,10,NA,NA,NA,2286,NA,NA,NA,NA,-6.03,NA,-8.08,90498.53,0,0,0,-5.6,0,0,1,NA,NA,NA,NA,NA,NA,NA,NA,0.03,2.1,236,27,-1.5,4.5
2019-02-23 18:00:00,101760.93,-2.9,-8.3,67.055,3.345,175,NA,102240,NA,1104,NA,NA,NA,341,753,NA,NA,10,NA,NA,NA,2209.8,NA,NA,NA,NA,-6.74,NA,-8.085,90528.65,0,0,0,-6.2,0,0,0,NA,NA,NA,NA,NA,NA,NA,NA,0.029,1.8,228,33,-2.8,3.5
2019-02-23 19:00:00,101794.79,-3,-8.3,68.34,4.12,340,NA,102290,NA,NA,3012,NA,NA,352,754,NA,NA,10,NA,NA,NA,1188.72,NA,NA,NA,NA,-8.06,NA,-8.08,90558.78,0,0,0,-7.1,0,0,0,NA,NA,NA,NA,NA,NA,NA,NA,0.029,1.8,224,32,-3.3,-0.1
2019-02-23 20:00:00,101862.52,-3,-8.9,68.34,2.57,50,NA,102320,NA,NA,NA,NA,NA,476,604,NA,NA,10,NA,NA,NA,1828.8,NA,NA,NA,NA,-7.19,NA,-8.08,90619.03,0,0,0,-7.2,0,0,0,NA,NA,NA,NA,NA,NA,NA,NA,0.032,1.5,228,42,-3.9,-1
2019-02-23 21:00:00,101896.38,-4,-9.45,68.11,3.345,90,NA,102370,NA,654,NA,NA,NA,246,604,NA,NA,10,NA,NA,NA,1828.8,NA,NA,NA,NA,-8.635,NA,-9.08,90649.15,0,0,0,-6.3,0,0,0,NA,NA,NA,NA,NA,NA,NA,NA,0.033,2.5,93,54,-4.9,0.1
2019-02-23 22:00:00,101930.25,-6,-11.15,66.19,5.66,110,NA,102390,NA,654,3010,NA,NA,254,493,NA,NA,10,-1.7,-5.6,NA,777.24,NA,NA,NA,NA,-12.335,NA,-11.08,90679.28,0,0,0,-4.5,0,0,0,NA,NA,NA,NA,NA,NA,NA,NA,0.033,2.8,66,31,-6.1,1.1
2019-02-23 23:00:00,101964.11,-6.05,-12.5,62.31,6.43,110,NA,102420,NA,NA,NA,NA,NA,284.5,704,NA,NA,10,NA,NA,NA,2133.6,NA,-1.1,-10,NA,-14.045,NA,-12.195,90709.41,0,0,0,-4.45,0,0,0,NA,NA,NA,NA,NA,NA,NA,NA,0.033,2.5,51,32,-6.9,-1.5
2019-02-24,101997.98,-7,-13.9,58.68,6.17,110,NA,102420,NA,NA,NA,NA,NA,386,703,NA,NA,10,NA,NA,NA,2133.6,NA,NA,NA,NA,-14.44,NA,-14,90739.54,0,0,0,-3.8,0,0,0,NA,NA,NA,NA,NA,NA,NA,NA,0.032,2.5,62,32,-7.7,-0.5
2019-02-24 01:00:00,101997.98,-8,-14.4,61.92,7.72,110,NA,102430,6,NA,3006,NA,NA,354,704,NA,NA,9,NA,NA,NA,1066.8,NA,NA,NA,NA,-16.31,NA,-14.09,90739.54,0,0,0,-3.1,0,0,0,NA,NA,NA,NA,NA,NA,NA,NA,0.032,2.2,62,37,-8.7,4.5
2019-02-24 02:00:00,101997.98,-9,-14.4,66.95,8.23,110,NA,102430,NA,NA,NA,NA,NA,1,NA,NA,NA,10,NA,NA,NA,1249.68,NA,NA,NA,NA,-18.14,NA,-14.08,90739.54,0,0,0,-3.4,0,0,0,NA,NA,NA,NA,NA,NA,NA,NA,0.032,2.3,65,36,-9.5,3.5
2019-02-24 03:00:00,101964.11,-9,-15.6,61.66,8.23,110,NA,102400,NA,NA,NA,NA,NA,404,NA,NA,NA,9,NA,NA,NA,1219.2,NA,NA,NA,NA,-18.14,NA,-15.09,90709.41,0,0,0,-3.9,0,0,0,NA,NA,NA,NA,NA,NA,NA,NA,0.032,2.6,63,32,-10,4.3
2019-02-24 04:00:00,101930.25,-9,-16.1,56.74,8.23,110,10.8,102390,NA,NA,6007,NA,NA,414,NA,NA,0.254,10,-6.7,-9.4,NA,1249.68,NA,NA,NA,NA,-18.14,NA,-16.11,90679.28,0,0,0,-4.2,0,0,0,NA,NA,NA,NA,NA,NA,NA,NA,0.032,2.2,52,45,-10.4,5
2019-02-24 05:00:00,101896.38,-10,-16.7,56.45,9.77,100,12.605,102340,6,1104,NA,NA,NA,256,852,NA,NA,6,NA,NA,14.4,3352.8,NA,NA,NA,100,-20.18,NA,-17.11,90649.15,0,0,0,-3.3,0,0,0,NA,NA,NA,NA,NA,NA,NA,NA,0.032,2.5,57,31,-10.6,5.5
2019-02-24 06:00:00,101862.52,-10,-16.1,56.45,9.77,110,12.09,102280,NA,1104,NA,NA,NA,553,754,NA,NA,8,NA,NA,NA,1676.4,NA,NA,NA,NA,-20.18,NA,-17.11,90619.03,0,0,0,-2.8,0,0,0,NA,NA,NA,NA,NA,NA,NA,NA,0.032,3.3,53,19,-11.1,4.5
2019-02-24 07:00:00,101794.79,-10,-16.1,61.39,7.2,110,NA,102250,NA,NA,7013,NA,NA,374,NA,NA,NA,10,NA,NA,NA,1127.76,NA,NA,NA,NA,-19.17,NA,-16.09,90558.78,0,0,0,-3.5,0,0,0,NA,NA,NA,NA,NA,NA,NA,NA,0.033,3.2,42,18,-11.4,3.5
2019-02-24 08:00:00,101828.66,-11,-16.7,61.12,7.2,90,NA,102290,NA,1104,NA,NA,NA,432,703,NA,NA,10,NA,NA,NA,1981.2,NA,NA,NA,NA,-20.17,NA,-17.09,90588.91,0,0,0,-3.4,0,0,0,NA,NA,NA,NA,NA,NA,NA,NA,0.032,2.3,53,47,-10.8,4.3
2019-02-24 09:00:00,101760.93,-10.6,-16.7,61.12,7.2,100,NA,102200,6,NA,NA,NA,NA,504,654,NA,NA,10,NA,NA,NA,1524,NA,NA,NA,NA,-19.17,NA,-17.09,90528.65,0,0,0,-2.9,0,0,0,NA,NA,NA,NA,NA,NA,NA,NA,0.032,2,23,73,-10,3.5
2019-02-24 10:00:00,101659.34,-11,-15.6,66.47,7.72,110,10.8,102120,6,NA,8015,NA,NA,393,554,NA,NA,6,-10,-10.6,NA,1188.72,NA,NA,NA,NA,-20.47,NA,-16.08,90438.28,0,0,0,-3.1,0,0,0,NA,NA,NA,NA,NA,NA,NA,NA,0.032,2.4,59,50,-9.9,5.7
2019-02-24 11:00:00,101523.88,-10,-14.4,66.71,8.23,110,9.26,101990,6,NA,NA,0.025,NA,323,374,NA,NA,5,NA,NA,NA,975.36,NA,NA,NA,NA,-19.44,NA,-15.08,90317.77,0,0,0,-3.8,0,0,0,NA,NA,NA,NA,NA,NA,NA,NA,0.032,2.3,65,51,-9.7,5.7
2019-02-24 12:00:00,101422.29,-9,-14,66.95,6.69,100,10.8,101870,20,NA,NA,0.025,NA,263,324,NA,NA,2.5,NA,NA,NA,792.48,NA,NA,NA,NA,-17.395,NA,-14.08,90227.39,0,0,0,-4.6,0,0,0,NA,NA,NA,NA,NA,NA,NA,NA,0.032,3.3,78,31,-9.1,5
2019-02-24 13:00:00,101320.7,-9,-13.6,69.66,5.66,90,NA,101790,20,NA,6009,0.254,0.254,213,304,NA,NA,1.75,NA,NA,NA,640.08,NA,NA,NA,NA,-16.65,NA,-13.98,90137.02,0,0,0,-4.8,0,0,0,NA,NA,NA,NA,NA,NA,NA,NA,0.032,3.7,84,38,-8.8,4.7
2019-02-24 14:00:00,101252.97,-9,-13.05,72.65,5.14,90,NA,101740,20,NA,NA,0.254,NA,175,NA,NA,NA,0.75,NA,NA,NA,518.16,NA,NA,NA,NA,-16.28,NA,-13.07,90076.76,0,0,0,-5.5,0,0,0,NA,NA,NA,NA,NA,NA,NA,NA,0.032,2.9,83,51,-8.9,4.5
2019-02-24 15:00:00,101219.11,-9,-12.2,78.77,4.63,100,NA,101740,3,NA,NA,0.254,NA,125,NA,NA,NA,0.5,NA,NA,NA,365.76,NA,NA,NA,NA,-15.88,NA,-12.05,90046.64,0,0,0,-5.6,0,0,0,NA,NA,NA,NA,NA,NA,NA,NA,0.032,2.1,65,65,-9,5.7
2019-02-24 16:00:00,101219.11,-9,-12.4,78.77,4.12,110,NA,101750,3,NA,6001,0.508,NA,115,NA,2.032,NA,0.5,-8.9,-10.6,NA,335.28,NA,NA,NA,NA,-15.45,NA,-12.05,90046.64,0,0,0,-6.2,0,0,0,NA,NA,NA,NA,NA,NA,NA,NA,0.031,1.9,49,67,-9.2,6.4
2019-02-24 17:00:00,101219.11,-9,-12.2,78.77,3.86,100,NA,101740,3,NA,NA,0.254,NA,140,NA,NA,NA,0.5,NA,NA,NA,411.48,NA,NA,NA,NA,-15.205,NA,-12.05,90046.64,0,0,0,-6.5,0,0,0,NA,NA,NA,NA,NA,NA,NA,NA,0.031,1.9,39,55,-10.1,5.5
2019-02-24 18:00:00,101252.97,-10,-12.5,78.77,3.09,110,NA,101830,20,NA,NA,0.508,NA,174,NA,NA,NA,0.875,NA,NA,NA,518.16,NA,NA,NA,NA,-15.535,NA,-12.245,90076.76,0,0,0,-6.5,0,0,0,NA,NA,NA,NA,NA,NA,NA,NA,0.03,2.1,29,37,-10.7,3
2019-02-24 19:00:00,101286.84,-10.3,-13.9,72.44,5.66,110,NA,101860,20,NA,3007,0.025,1.27,348.5,704,NA,NA,8.5,NA,NA,NA,1051.56,NA,NA,NA,NA,-18.515,NA,-14.265,90106.89,0,0,0,-6.1,0,0,0,NA,NA,NA,NA,NA,NA,NA,NA,0.031,2.4,32,30,-11,2.5
2019-02-24 20:00:00,101320.7,-11,-16.1,66.47,8.23,110,NA,101910,6,NA,NA,NA,NA,756,1103,NA,NA,6,NA,NA,NA,3352.8,NA,NA,NA,NA,-20.74,NA,-16.08,90137.02,0,0,0,-6.1,0,0,0,NA,NA,NA,NA,NA,NA,NA,NA,0.032,3.9,72,33,-11.1,0.3
2019-02-24 21:00:00,101388.43,-11,-16.7,61.12,8.75,110,NA,101950,6,NA,NA,NA,NA,706,1104,NA,NA,7,NA,NA,NA,3352.8,NA,NA,NA,NA,-21.01,NA,-17.09,90197.27,0,0,0,-6.8,0,0,0,NA,NA,NA,NA,NA,NA,NA,NA,0.034,5.7,97,13,-11.6,-0.6
2019-02-24 22:00:00,101422.29,-12,-17.2,66.23,8.23,110,NA,102020,6,1104,3014,NA,NA,654,854,1.27,NA,9,-9.4,-11.7,NA,1981.2,NA,NA,NA,NA,-22.05,NA,-17.08,90227.39,0,0,0,-6.9,0,0,0,NA,NA,NA,NA,NA,NA,NA,NA,0.034,5.1,95,12,-11.8,2.8
2019-02-24 23:00:00,101456.15,-12,-17.8,60.85,6.69,110,9.26,102060,NA,NA,NA,NA,NA,604,1104,NA,NA,9,NA,NA,NA,1828.8,NA,-6.7,-12.2,NA,-21.14,NA,-18.09,90257.51,0,0,0,-6.9,0,0,0,NA,NA,NA,NA,NA,NA,NA,NA,0.034,4.1,96,20,-12.2,3.5
2019-02-25,101490.02,-12,-18.3,60.85,6.17,110,NA,102070,NA,NA,NA,NA,NA,554,NA,NA,NA,10,NA,NA,NA,1676.4,NA,NA,NA,NA,-21.05,NA,-18.09,90287.65,0,0,0,-6.5,0,0,0,NA,NA,NA,NA,NA,NA,NA,NA,0.035,4.5,89,19,-12.8,1.5
2019-02-25 01:00:00,101557.75,-13,-18.9,60.58,8.23,110,NA,102170,6,NA,3013,NA,NA,504,NA,NA,NA,9,NA,NA,NA,1524,NA,NA,NA,NA,-23.35,NA,-19.09,90347.9,0,0,0,-4.9,0,0,0,NA,NA,NA,NA,NA,NA,NA,NA,0.035,4,75,24,-13.3,-1.1
2019-02-25 02:00:00,101591.61,-13,-18.9,60.58,8.75,120,12.86,102210,41,NA,NA,0.127,NA,474,NA,NA,NA,8,NA,NA,13.89,1432.56,NA,NA,NA,110,-23.63,NA,-19.09,90378.02,0,0,0,-4,0,0,0,NA,NA,NA,NA,NA,NA,NA,NA,0.035,4.2,77,23,-13.9,-1.3
2019-02-25 03:00:00,101625.47,-14,-18.3,71.6,9.26,120,NA,102190,20,NA,NA,0.025,NA,404,NA,NA,NA,2.75,NA,NA,NA,1219.2,NA,NA,NA,NA,-25.21,NA,-18.07,90408.14,0,0,0,-5.8,0,0,0,NA,NA,NA,NA,NA,NA,NA,NA,0.036,5.5,94,12,-14.3,0.3
2019-02-25 04:00:00,101591.61,-14,-18.3,71.6,9.26,120,NA,102200,20,NA,1001,0.025,NA,334,NA,0.025,3.302,2.5,-11.7,-14.4,13.38,1005.84,NA,NA,NA,120,-25.46,NA,-18.36,90378.02,0,0,0,-7.5,0,0,0,NA,NA,NA,NA,NA,NA,NA,NA,0.035,5.5,98,13,-14.4,-0.1
2019-02-25 05:00:00,101625.47,-14,-18.9,65.74,8.75,110,NA,102200,20,NA,NA,0.025,NA,374,NA,NA,NA,2.5,NA,NA,NA,1127.76,NA,NA,NA,NA,-25.21,NA,-19.08,90408.14,0,0,0,-7.5,0,0,0,NA,NA,NA,NA,NA,NA,NA,NA,0.035,5.1,98,13,-14.7,1
2019-02-25 06:00:00,101591.61,-14,-19.4,65.74,8.23,110,NA,102180,20,NA,NA,0.127,NA,424,NA,NA,NA,3.5,NA,NA,NA,1280.16,NA,NA,NA,NA,-24.65,NA,-19.08,90378.02,0,0,0,-8,0,0,0,NA,NA,NA,NA,NA,NA,NA,NA,0.034,5.4,102,14,-14.9,1.3
2019-02-25 07:00:00,101557.75,-15,-19,71.38,9.26,110,NA,102190,20,NA,5003,0.025,0.025,354,NA,NA,NA,1.625,NA,NA,NA,1066.8,NA,NA,NA,NA,-26.52,NA,-19.06,90347.9,0,0,0,-6.8,0,0,0,NA,NA,NA,NA,NA,NA,NA,NA,0,4.8,103,13,-15.1,-1.3
2019-02-25 08:00:00,101557.75,-15,-19,71.38,9.26,120,NA,102140,20,NA,NA,0.254,NA,324,NA,NA,NA,1.25,NA,NA,NA,975.36,NA,NA,NA,NA,-26.52,NA,-19.06,90347.9,0,0,0,-6.5,0,0,0,NA,NA,NA,NA,NA,NA,NA,NA,0,4.9,99,15,-15.1,-2.8
2019-02-25 09:00:00,101490.02,-15,-18.9,71.38,10.29,120,NA,102100,20,NA,NA,0.254,NA,243,384,NA,NA,1,NA,NA,13.89,731.52,NA,NA,NA,120,-27.04,NA,-19.06,90287.65,0,0,0,-7,0,0,0,NA,NA,NA,NA,NA,NA,NA,NA,0.032,3.8,103,24,-14.9,1.5
2019-02-25 10:00:00,101456.15,-14,-18.3,71.6,10.29,120,13.38,102040,20,NA,8010,0.254,NA,244,434,0.762,NA,1,-14.4,-15,NA,731.52,NA,NA,NA,NA,-25.95,NA,-18.35,90257.51,0,0,0,-7.9,0,0,0,NA,NA,NA,NA,NA,NA,NA,NA,0.034,6.5,92,11,-15,4
2019-02-25 11:00:00,101354.56,-14,-17.8,71.6,11.83,120,14.92,101940,20,NA,NA,0.254,NA,160,NA,NA,NA,0.75,NA,NA,14.92,472.44,NA,NA,NA,120,-26.39,NA,-18.07,90167.14,0,0,0,-7.5,0,0,0,NA,NA,NA,NA,NA,NA,NA,NA,0.034,6.2,90,15,-14.7,4
2019-02-25 12:00:00,101286.84,-14,-17.8,71.6,11.32,120,14.4,101880,3,NA,NA,0.254,NA,145,NA,NA,NA,0.5,NA,NA,15.43,426.72,NA,NA,NA,120,-26.17,NA,-18.07,90106.89,0,0,0,-7.2,0,0,0,NA,NA,NA,NA,NA,NA,NA,NA,0.034,6.7,87,16,-14.8,5
2019-02-25 13:00:00,101219.11,-14,-17.2,71.6,10.8,120,14.4,101760,3,NA,8027,0.508,1.524,105,NA,NA,NA,0.5,NA,NA,14.4,304.8,NA,NA,NA,110,-25.95,NA,-18.07,90046.64,0,0,0,-7,0,0,0,NA,NA,NA,NA,NA,NA,NA,NA,0.034,6.8,87,17,-14.6,4
2019-02-25 14:00:00,101117.52,-14,-17.2,77.92,11.06,120,14.4,101730,3,NA,NA,0.254,NA,140,NA,NA,NA,0.5,NA,NA,NA,411.48,NA,NA,NA,NA,-26.06,NA,-17.05,89956.26,0,0,0,-6.6,0,0,0,NA,NA,NA,NA,NA,NA,NA,NA,0.035,7,93,16,-14.3,4.2
2019-02-25 15:00:00,101049.79,-14,-17.2,77.92,10.8,120,NA,101660,3,NA,NA,0.254,NA,185,NA,NA,NA,0.5,NA,NA,NA,548.64,NA,NA,NA,NA,-25.95,NA,-17.05,89896.01,0,0,0,-6.2,0,0,0,NA,NA,NA,NA,NA,NA,NA,NA,0.034,5.4,97,18,-14.2,4.5
2019-02-25 16:00:00,101015.92,-14,-17.2,77.92,11.32,120,14.92,101640,3,NA,6012,0.254,NA,180,NA,2.54,NA,0.5,-13.9,-14.4,NA,533.4,NA,NA,NA,NA,-26.17,NA,-17.05,89865.88,0,0,0,-6.8,0,0,0,NA,NA,NA,NA,NA,NA,NA,NA,0.034,4.2,110,21,-14.5,3.8
2019-02-25 17:00:00,100965.13,-14,-17.8,71.6,11.32,120,14.92,101580,3,NA,NA,0.254,NA,175,NA,NA,NA,0.5,NA,NA,14.92,518.16,NA,NA,NA,110,-26.17,NA,-18.07,89820.69,0,0,0,-7.5,0,0,0,NA,NA,NA,NA,NA,NA,NA,NA,0.034,4.2,117,23,-14.8,2.1
2019-02-25 18:00:00,100897.4,-14,-17.8,73.43,10.545,120,14.4,101520,20,NA,NA,0.254,NA,155,NA,NA,NA,0.625,NA,NA,14.92,457.2,NA,NA,NA,120,-26.06,NA,-17.965,89760.44,0,0,0,-8,0,0,0,NA,NA,NA,NA,NA,NA,NA,NA,0.034,4.1,114,21,-15,1.8
2019-02-25 19:00:00,100846.6,-14,-18.3,71.6,10.29,120,14.4,101500,20,NA,6014,0.254,1.016,483,554,NA,NA,2,NA,NA,14.4,1463.04,NA,NA,NA,110,-25.95,NA,-18.07,89715.25,0,0,0,-8.4,0,0,0,NA,NA,NA,NA,NA,NA,NA,NA,0.034,4.5,104,16,-14.9,3
2019-02-25 20:00:00,100880.47,-14,-18.3,71.6,9.77,120,13.38,101600,20,NA,NA,0.025,NA,264,NA,NA,NA,1.5,NA,NA,14.92,792.48,NA,NA,NA,120,-25.95,NA,-18.35,89745.38,0,0,0,-8.2,0,0,0,NA,NA,NA,NA,NA,NA,NA,NA,0.035,4.4,103,19,-15.4,3.5
2019-02-25 21:00:00,100948.2,-15,-18.3,77.75,8.23,120,NA,101640,20,NA,NA,0.508,NA,105,NA,NA,NA,0.75,NA,NA,NA,304.8,NA,NA,NA,NA,-25.65,NA,-18.05,89805.63,0,0,0,-6.7,0,0,0,NA,NA,NA,NA,NA,NA,NA,NA,0.035,3.6,99,30,-15.5,3.3
2019-02-25 22:00:00,100982.06,-16,-17.8,84.49,9.77,120,12.345,101670,3,NA,1006,0.762,NA,85,NA,3.556,NA,0.5,-13.9,-15.6,NA,243.84,NA,NA,NA,NA,-27.84,NA,-18.03,89835.75,0,0,0,-5.1,0,0,0,NA,NA,NA,NA,NA,NA,NA,NA,0.034,2.9,114,41,-15.8,1.1
2019-02-25 23:00:00,101049.79,-16,-18.3,79.66,9.005,110,NA,101780,20,NA,NA,0.254,NA,190,NA,NA,NA,1,NA,NA,13.38,563.88,NA,-11.7,-15.6,120,-27.285,NA,-18.35,89896.01,0,0,0,-3.8,0,0,0,NA,NA,NA,NA,NA,NA,NA,NA,0.034,1.8,88,43,-15.7,1.8
2019-02-26,101185.24,-16,-18.9,77.57,6.69,110,NA,101890,20,NA,NA,0.254,NA,174,NA,NA,NA,1.75,NA,NA,NA,518.16,NA,NA,NA,NA,-26.1,NA,-19.05,90016.51,0,0,0,-4.7,0,0,0,NA,NA,NA,NA,NA,NA,NA,NA,0.033,2.1,60,60,-16,2.3
2019-02-26 01:00:00,101320.7,-15,-18.15,77.57,2.57,80,NA,101990,20,NA,1020,0.025,0.762,284,NA,NA,NA,2,NA,NA,NA,853.44,NA,NA,NA,NA,-20.9,NA,-18.35,90137.02,0,0,0,-0.4,0,0,0,NA,NA,NA,NA,NA,NA,NA,NA,0.033,1.4,338,60,-16,0.6
2019-02-26 02:00:00,101422.29,-15,-17.8,77.75,0,0,NA,102120,20,NA,NA,0.025,NA,354,NA,NA,NA,2,NA,NA,NA,1066.8,NA,NA,NA,NA,-18.96,NA,-18.05,90227.39,0,0,0,-0.5,0,0,1,NA,NA,NA,NA,NA,NA,NA,NA,0.033,1.4,13,61,-16.2,-1.8
2019-02-26 03:00:00,101490.02,-15,-19.7,74.565,1.54,90,NA,102160,20,NA,NA,0.254,NA,344,NA,NA,NA,3,NA,NA,NA,1036.32,NA,NA,NA,NA,-21.64,NA,-18.555,90287.65,0,0,0,-1.7,0,0,1,NA,NA,NA,NA,NA,NA,NA,NA,0.034,1.4,63,43,-16.1,-2.3
2019-02-26 04:00:00,101557.75,-15,-20.6,60.03,6.69,110,NA,102230,20,NA,1021,0.076,NA,554,NA,1.016,7.874,5,-15,-15.6,NA,1676.4,NA,NA,NA,NA,-25.33,NA,-21.09,90347.9,0,0,0,-1.1,0,0,0,NA,NA,NA,NA,NA,NA,NA,NA,0.033,1.3,51,51,-16.4,-1
2019-02-26 05:00:00,101625.47,-15,-21.1,60.03,5.14,90,NA,102310,41,NA,NA,0.025,NA,553,854,NA,NA,8,NA,NA,NA,1676.4,NA,NA,NA,NA,-24.23,NA,-21.09,90408.14,0,0,0,-0.5,0,0,0,NA,NA,NA,NA,NA,NA,NA,NA,0.031,1.3,46,45,-16.4,-0.6
2019-02-26 06:00:00,101693.2,-15,-21.1,60.03,6.17,100,NA,102420,NA,NA,NA,NA,NA,504,NA,NA,NA,9,NA,NA,NA,1524,NA,NA,NA,NA,-24.62,NA,-21.09,90468.4,0,0,0,-0.6,0,0,0,NA,NA,NA,NA,NA,NA,NA,NA,0.03,1.5,65,45,-16.6,-1.8
2019-02-26 07:00:00,101760.93,-15,-18.9,60.03,4.12,110,NA,102510,6,NA,2024,NA,0.025,444,NA,NA,NA,10,NA,NA,NA,1341.12,NA,NA,NA,NA,-23.32,NA,-21.09,90528.65,0,0,0,-0.300000000000001,0,0,0,NA,NA,NA,NA,NA,NA,NA,NA,0.031,1.5,69,51,-16.5,1.1
2019-02-26 08:00:00,101913.315,-15,-21.1,58.33,2.83,90,NA,102650,NA,NA,NA,NA,NA,414,554,NA,NA,10,NA,NA,NA,1280.16,NA,NA,NA,NA,-21.05,NA,-21.095,90664.215,0,0,0,-0.6,0,0,0,NA,NA,NA,NA,NA,NA,NA,NA,0.029,1.2,54,66,-16,3
2019-02-26 09:00:00,101997.98,-15,-21.1,60.03,4.63,120,NA,102740,6,554,NA,NA,NA,253,374,NA,NA,10,NA,NA,NA,1127.76,NA,NA,NA,NA,-22.84,NA,-21.09,90739.54,0,0,0,-0.699999999999999,0,0,0,NA,NA,NA,NA,NA,NA,NA,NA,0.03,1.7,39,34,-15.2,1.1
2019-02-26 10:00:00,102099.57,-14,-20.6,55.28,4.63,120,NA,102820,NA,NA,1028,NA,NA,394,394,0.025,NA,10,-13.9,-15.6,NA,1188.72,NA,NA,NA,NA,-22.1,NA,-21.1,90829.91,0,0,0,-0.6,0,0,0,NA,NA,NA,NA,NA,NA,NA,NA,0.031,1.8,24,32,-14.3,4.5
2019-02-26 11:00:00,102167.3,-13,-20.6,54.06,4.63,110,NA,102870,NA,NA,NA,NA,NA,394,NA,NA,NA,10,NA,NA,NA,1188.72,NA,NA,NA,NA,-20.85,NA,-21.1,90890.17,0,0,0,-0.300000000000001,0,0,0,NA,NA,NA,NA,NA,NA,NA,NA,0.027,1.7,32,43,-13,NA
2019-02-26 12:00:00,102201.16,-13,-20,54.68,3.6,100,NA,102900,NA,NA,NA,NA,NA,404,NA,NA,NA,10,NA,NA,NA,1219.2,NA,NA,NA,NA,-19.23,NA,-20.1,90920.29,0,0,0,0.300000000000001,0,1,0,NA,NA,NA,NA,NA,1,2019-02-26 12:00:00,2019-02-26 12:00:00,0.027,1.8,29,35,-12.5,5.5
2019-02-26 13:00:00,102201.16,-12,-20,51.26,2.57,70,NA,102850,NA,NA,6,NA,NA,424,NA,NA,NA,10,NA,NA,NA,1280.16,NA,NA,NA,NA,-17.34,NA,-20.11,90920.29,0,0,0,-0.4,0,0,0,NA,NA,NA,NA,NA,NA,NA,NA,0.029,1.9,46,38,-11.5,2.1
2019-02-26 14:00:00,102201.16,-12,-18.3,56.16,2.57,320,NA,102870,NA,NA,NA,NA,NA,444,NA,NA,NA,10,NA,NA,NA,1341.12,NA,NA,NA,NA,-17.34,NA,-18.39,90920.29,0,0,0,0.699999999999999,1,1,0,NA,NA,2,2019-02-26 14:00:00,2019-02-26 15:00:00,2,2019-02-26 14:00:00,2019-02-26 15:00:00,0.031,1.8,22,47,-11.1,0.1
2019-02-26 15:00:00,102235.02,-12,-18.3,60.85,3.09,20,NA,102890,NA,NA,NA,NA,NA,404,NA,NA,NA,10,NA,NA,NA,1219.2,NA,NA,NA,NA,-17.34,NA,-18.09,90950.41,0,0,0,0.699999999999999,1,1,0,NA,NA,2,2019-02-26 14:00:00,2019-02-26 15:00:00,2,2019-02-26 14:00:00,2019-02-26 15:00:00,0.031,2.7,313,24,-11.6,1.6
2019-02-26 16:00:00,102268.89,-11,-17.8,56.16,3.6,10,NA,102910,NA,NA,1005,NA,NA,404,NA,NA,NA,10,-11.1,-13.9,NA,1219.2,NA,NA,NA,NA,-17.91,NA,-18.1,90980.54,0,0,0,-1.6,0,0,0,NA,NA,NA,NA,NA,NA,NA,NA,0.032,2.5,299,27,-11.7,6.4
2019-02-26 17:00:00,102268.89,-12,-18.3,60.85,4.12,360,NA,102910,NA,NA,NA,NA,NA,404,NA,NA,NA,10,NA,NA,NA,1219.2,NA,NA,NA,NA,-19.14,NA,-18.09,90980.54,0,0,0,-0.699999999999999,0,0,0,NA,NA,NA,NA,NA,NA,NA,NA,0.031,2,295,41,-12.3,8.6
2019-02-26 18:00:00,102268.89,-12,-18.3,60.85,3.6,20,NA,102940,NA,NA,NA,NA,NA,424,NA,NA,NA,10,NA,NA,NA,1280.16,NA,NA,NA,NA,-18.61,NA,-18.09,90980.54,0,0,0,-3.9,0,0,0,NA,NA,NA,NA,NA,NA,NA,NA,0.03,1.8,274,51,-12.9,6.4
2019-02-26 19:00:00,102302.75,-12,-18.3,60.85,1.54,20,NA,102970,NA,NA,3005,NA,NA,424,NA,NA,NA,10,NA,NA,NA,1280.16,NA,NA,NA,NA,-17.46,NA,-18.09,91010.67,0,0,0,-3.9,0,0,1,NA,NA,NA,NA,NA,NA,NA,NA,0.029,1.6,213,30,-13.5,2.8
2019-02-26 20:00:00,102302.75,-12,-17.2,60.85,2.06,110,NA,102990,13,NA,NA,0.025,NA,1,NA,NA,NA,10,NA,NA,NA,670.56,NA,NA,NA,NA,-18,NA,-18.09,91010.67,0,0,0,-4.5,0,0,0,NA,NA,NA,NA,NA,NA,NA,NA,0.027,1.5,220,35,-13.7,3.5
2019-02-26 21:00:00,102302.75,-13,-18.9,65.98,2.06,90,8.75,102930,NA,NA,NA,NA,NA,1103,NA,NA,NA,10,NA,NA,NA,3352.8,NA,NA,NA,NA,-17.71,NA,-18.08,91010.67,0,0,0,-2.7,0,0,0,NA,NA,NA,NA,NA,NA,NA,NA,0.028,1.6,211,32,-13.8,6.7
2019-02-26 22:00:00,102302.75,-12,-18.9,55.87,7.2,100,NA,102940,NA,NA,8001,NA,NA,1106,NA,0.025,NA,10,-11.7,-13.3,NA,3657.6,NA,NA,NA,NA,-21.38,NA,-19.1,91010.67,0,0,0,-4.3,0,0,0,NA,NA,NA,NA,NA,NA,NA,NA,0.027,1.2,208,31,-13.8,9
2019-02-26 23:00:00,102268.89,-12,-18.9,55.87,6.69,100,10.29,102900,NA,NA,NA,NA,NA,1004,NA,NA,NA,10,NA,NA,NA,3048,NA,-11.1,-15.6,NA,-21.14,NA,-19.1,90980.54,0,0,0,-4.4,0,0,0,NA,NA,NA,NA,NA,NA,NA,NA,0.027,1.7,237,33,-13.7,7.8
2019-02-27,102268.89,-12,-18.9,55.87,7.72,100,10.8,102860,NA,NA,NA,NA,NA,904,NA,NA,NA,10,NA,NA,NA,2743.2,NA,NA,NA,NA,-21.77,NA,-19.1,90980.54,0,0,0,-4.4,0,0,0,NA,NA,NA,NA,NA,NA,NA,NA,0.028,1.5,217,36,-13.4,4.7
2019-02-27 01:00:00,102235.02,-12,-18.3,55.87,8.23,100,10.8,102850,NA,NA,5006,NA,NA,754,NA,NA,NA,7,NA,NA,NA,2286,NA,NA,NA,NA,-21.77,NA,-19.1,90950.41,0,0,0,-4.6,0,0,0,NA,NA,NA,NA,NA,NA,NA,NA,0.029,1.9,211,49,-12.8,3.5
2019-02-27 02:00:00,102235.02,-12,-17,66.23,7.2,100,9.775,102830,20,NA,NA,0.025,NA,384,754,NA,NA,3,NA,NA,NA,1158.24,NA,NA,NA,NA,-21.46,NA,-17.08,90950.41,0,0,0,-3.6,0,0,0,NA,NA,NA,NA,NA,NA,NA,NA,0.029,1.7,199,35,-13,2.3
2019-02-27 03:00:00,102167.3,-12,-16.1,72.03,8.75,110,11.32,102760,20,NA,NA,0.025,NA,284,NA,NA,NA,2,NA,NA,13.38,853.44,NA,NA,NA,110,-22.32,NA,-16.07,90890.17,0,0,0,-2.5,0,0,0,NA,NA,NA,NA,NA,NA,NA,NA,0.031,2,214,28,-13.3,1.1
2019-02-27 04:00:00,102099.57,-12,-16.1,72.03,7.46,110,NA,102670,20,NA,8014,0.254,NA,264,NA,0.254,0.254,2,-11.7,-12.2,NA,792.48,NA,NA,NA,NA,-21.615,NA,-16.07,90829.91,0,0,0,-0.699999999999999,0,0,0,NA,NA,NA,NA,NA,NA,NA,NA,0.031,1.8,222,30,-13.5,4.5
2019-02-27 05:00:00,102031.84,-12,-15.6,72.03,6.69,120,8.75,102620,6,NA,NA,0.025,NA,424,NA,NA,NA,5,NA,NA,NA,1280.16,NA,NA,NA,NA,-21.14,NA,-16.07,90769.66,0,0,0,-0.4,0,0,0,NA,NA,NA,NA,NA,NA,NA,NA,0.029,1.9,233,21,-13.8,7.1
2019-02-27 06:00:00,101997.98,-12,-15,78.27,3.09,150,NA,102600,20,NA,NA,0.254,NA,314,NA,NA,NA,1.75,NA,NA,NA,944.88,NA,NA,NA,NA,-18.53,NA,-15.05,90739.54,0,0,0,-0.0999999999999996,0,0,0,NA,NA,NA,NA,NA,NA,NA,NA,0.028,1.8,224,28,-13.9,8.6
2019-02-27 07:00:00,101930.25,-13,-15,84.87,2.57,150,NA,102550,2420,NA,8013,0.254,0.508,244,NA,NA,NA,1.25,NA,NA,NA,731.52,NA,NA,NA,NA,-18.53,NA,-15.04,90679.28,0,0,0,1.5,1,1,0,32,36,30,2019-02-27 07:00:00,2019-02-28 12:00:00,30,2019-02-27 07:00:00,2019-02-28 12:00:00,0.027,1.7,222,27,-13.7,9.8
2019-02-27 08:00:00,101896.38,-12,-14.4,84.99,2.57,140,NA,102530,2500,NA,NA,0.508,NA,214,344,NA,NA,1,NA,NA,NA,640.08,NA,NA,NA,NA,-17.34,NA,-14.04,90649.15,0,0,0,0.5,1,1,0,32,36,30,2019-02-27 07:00:00,2019-02-28 12:00:00,30,2019-02-27 07:00:00,2019-02-28 12:00:00,0.027,1.9,235,30,-13.2,8.3
2019-02-27 09:00:00,101862.52,-12,-14.15,84.99,1.54,130,NA,102440,31,494,NA,0.025,NA,364,474,NA,NA,2.5,NA,NA,NA,1097.28,NA,NA,NA,NA,-16.54,NA,-14.04,90619.03,0,0,0,1.7,1,1,1,32,36,30,2019-02-27 07:00:00,2019-02-28 12:00:00,30,2019-02-27 07:00:00,2019-02-28 12:00:00,0.028,2.2,227,26,-12.3,7.6
2019-02-27 10:00:00,101794.79,-11,-13.3,85.11,0,0,NA,102360,31,NA,8012,NA,NA,334,389,1.016,NA,3.5,-10.6,-12.8,NA,1005.84,NA,NA,NA,NA,NA,NA,-13.04,90558.78,0,0,0,1.6,1,1,1,32,36,30,2019-02-27 07:00:00,2019-02-28 12:00:00,30,2019-02-27 07:00:00,2019-02-28 12:00:00,0.03,2.4,221,25,-11.1,7.6
2019-02-27 11:00:00,101760.93,-11,-13.05,85.11,0,0,NA,102340,20,NA,NA,0.025,NA,383,494,NA,NA,3.25,NA,NA,NA,1158.24,NA,NA,NA,NA,-14.39,NA,-13.04,90528.65,0,0,0,3.3,1,1,1,32,36,30,2019-02-27 07:00:00,2019-02-28 12:00:00,30,2019-02-27 07:00:00,2019-02-28 12:00:00,0.033,2.5,226,29,-10.3,8.3
2019-02-27 12:00:00,101727.07,-10.6,-12.5,85.11,1.54,165,NA,102290,2500,324,NA,0.254,NA,203,299,NA,NA,0.875,NA,NA,NA,609.6,NA,NA,NA,NA,-14.16,NA,-12.845,90498.53,0,0,0,4.5,1,1,1,32,36,30,2019-02-27 07:00:00,2019-02-28 12:00:00,30,2019-02-27 07:00:00,2019-02-28 12:00:00,0.033,2.3,244,34,-10.2,8.8
2019-02-27 13:00:00,101693.2,-10,-12.2,85.24,1.54,260,NA,102240,2403,NA,6007,0.508,1.524,125,NA,NA,NA,0.5,NA,NA,NA,365.76,NA,NA,NA,NA,-13.24,NA,-12.04,90468.4,0,0,0,3.3,1,1,1,32,36,30,2019-02-27 07:00:00,2019-02-28 12:00:00,30,2019-02-27 07:00:00,2019-02-28 12:00:00,0.033,2.3,228,34,-10.2,5
2019-02-27 14:00:00,101693.2,-9,-11.7,78.77,1.54,130,NA,102240,3,NA,NA,0.762,NA,125,NA,NA,NA,0.5,NA,NA,NA,365.76,NA,NA,NA,NA,-12.1,NA,-12.05,90468.4,0,0,0,3.1,1,1,1,32,36,30,2019-02-27 07:00:00,2019-02-28 12:00:00,30,2019-02-27 07:00:00,2019-02-28 12:00:00,0.033,1.5,217,43,-9.3,3.3
2019-02-27 15:00:00,101727.07,-9,-11.1,84.01,0,0,NA,102300,2500,NA,NA,0.254,NA,185,294,NA,NA,0.75,NA,NA,NA,548.64,NA,NA,NA,NA,-12.1,NA,-11.14,90498.53,0,0,0,3.9,1,1,1,32,36,30,2019-02-27 07:00:00,2019-02-28 12:00:00,30,2019-02-27 07:00:00,2019-02-28 12:00:00,0.032,1.1,228,41,-8.6,4.5
2019-02-27 16:00:00,101760.93,-9,-11.1,85.36,2.06,230,NA,102340,2500,NA,3007,0.254,NA,214,304,3.302,NA,1.25,-8.3,-11.1,NA,640.08,NA,NA,NA,NA,-13.04,NA,-11.04,90528.65,0,0,0,6.4,1,1,0,32,36,30,2019-02-27 07:00:00,2019-02-28 12:00:00,30,2019-02-27 07:00:00,2019-02-28 12:00:00,0.031,1.1,232,52,-8.9,3.3
2019-02-27 17:00:00,101760.93,-9,-11.1,85.36,0,0,NA,102330,2500,NA,NA,0.254,NA,234,NA,NA,NA,1,NA,NA,NA,701.04,NA,NA,NA,NA,-12.1,NA,-11.04,90528.65,0,0,0,6.7,1,1,1,32,36,30,2019-02-27 07:00:00,2019-02-28 12:00:00,30,2019-02-27 07:00:00,2019-02-28 12:00:00,0.028,1.6,229,38,-9.5,2.8
2019-02-27 18:00:00,101794.79,-9,-11.1,85.36,0,0,NA,102380,2500,1104,NA,0.254,NA,195,473.5,NA,NA,8,NA,NA,NA,1310.64,NA,NA,NA,NA,-12.1,NA,-11.04,90558.78,0,0,0,5.1,1,1,1,32,36,30,2019-02-27 07:00:00,2019-02-28 12:00:00,30,2019-02-27 07:00:00,2019-02-28 12:00:00,0.028,1.2,199,65,-9.8,5.5
2019-02-27 19:00:00,101828.66,-9,-11.1,85.36,0,0,NA,102410,31,654,3006,NA,0.508,503,654,NA,NA,7,NA,NA,NA,1524,NA,NA,NA,NA,-12.1,NA,-11.04,90588.91,0,0,0,4.2,1,1,1,32,36,30,2019-02-27 07:00:00,2019-02-28 12:00:00,30,2019-02-27 07:00:00,2019-02-28 12:00:00,0.028,0.9,256,64,-9.7,5
2019-02-27 20:00:00,101828.66,-9,-11.1,85.36,0,0,NA,102380,31,604,NA,NA,NA,346,604,NA,NA,9,NA,NA,NA,1828.8,NA,NA,NA,NA,-12.1,NA,-11.04,90588.91,0,0,0,4.8,1,1,1,32,36,30,2019-02-27 07:00:00,2019-02-28 12:00:00,30,2019-02-27 07:00:00,2019-02-28 12:00:00,0.026,0.8,253,57,-9.6,3.3
2019-02-27 21:00:00,101828.66,-9,-11.1,85.36,1.54,120,NA,102360,NA,604,NA,NA,NA,343,604,NA,NA,10,NA,NA,NA,1036.32,NA,NA,NA,NA,-12.57,NA,-11.04,90588.91,0,0,0,5.4,1,1,1,32,36,30,2019-02-27 07:00:00,2019-02-28 12:00:00,30,2019-02-27 07:00:00,2019-02-28 12:00:00,0.027,1.3,227,40,-9.7,3.5
2019-02-27 22:00:00,101794.79,-9,-11.7,80.07,1.54,130,NA,102330,NA,NA,8005,NA,NA,363,604,0.508,NA,10,-8.9,-9.4,NA,1097.28,NA,NA,NA,NA,-12.1,NA,-11.75,90558.78,0,0,0,5.8,1,1,1,32,36,30,2019-02-27 07:00:00,2019-02-28 12:00:00,30,2019-02-27 07:00:00,2019-02-28 12:00:00,0.031,0.8,222,41,-9.6,3.8
2019-02-27 23:00:00,101760.93,-9,-12.2,78.77,1.54,110,NA,102280,NA,1204,NA,NA,NA,342,604,NA,NA,10,NA,NA,NA,1828.8,NA,-8.3,-12.8,NA,-12.1,NA,-12.05,90528.65,0,0,0,6,1,1,1,32,36,30,2019-02-27 07:00:00,2019-02-28 12:00:00,30,2019-02-27 07:00:00,2019-02-28 12:00:00,0.031,1,235,38,-9.8,3.8
2019-02-28,101693.2,-9,-12.2,78.77,2.06,120,NA,102230,NA,NA,NA,NA,NA,324,1154,NA,NA,10,NA,NA,NA,975.36,NA,NA,NA,NA,-13.04,NA,-12.05,90468.4,0,0,0,6,1,1,0,32,36,30,2019-02-27 07:00:00,2019-02-28 12:00:00,30,2019-02-27 07:00:00,2019-02-28 12:00:00,0.031,0.9,225,40,-10.1,2.3
2019-02-28 01:00:00,101693.2,-9,-11.7,78.77,0,0,NA,102190,NA,NA,6010,NA,NA,314,NA,NA,NA,10,NA,NA,NA,944.88,NA,NA,NA,NA,-13.04,NA,-12.05,90468.4,0,0,0,6.3,1,1,1,32,36,30,2019-02-27 07:00:00,2019-02-28 12:00:00,30,2019-02-27 07:00:00,2019-02-28 12:00:00,0.03,1.5,238,42,-9.9,3.5
2019-02-28 02:00:00,101659.34,-9,-11.7,78.77,1.54,60,NA,102140,NA,NA,NA,NA,NA,324,1104,NA,NA,10,NA,NA,NA,975.36,NA,NA,NA,NA,-12.1,NA,-12.05,90438.28,0,0,0,6.7,1,1,1,32,36,30,2019-02-27 07:00:00,2019-02-28 12:00:00,30,2019-02-27 07:00:00,2019-02-28 12:00:00,0.03,0.8,226,37,-10.5,5.2
2019-02-28 03:00:00,101591.61,-9,-11.7,78.77,1.54,130,NA,102060,NA,NA,NA,NA,NA,333,1104,NA,NA,8,NA,NA,NA,1005.84,NA,NA,NA,NA,-13.04,NA,-12.05,90378.02,0,0,0,6.9,1,1,1,32,36,30,2019-02-27 07:00:00,2019-02-28 12:00:00,30,2019-02-27 07:00:00,2019-02-28 12:00:00,0.026,0.8,202,34,-10.4,6.2
2019-02-28 04:00:00,101523.88,-9,-11.7,78.77,2.57,130,NA,102000,2500,464,8017,0.254,NA,274,444,0.254,5.08,1.75,-8.9,-10,NA,822.96,NA,NA,NA,NA,-13.78,NA,-12.05,90317.77,0,0,0,6.9,1,1,0,32,36,30,2019-02-27 07:00:00,2019-02-28 12:00:00,30,2019-02-27 07:00:00,2019-02-28 12:00:00,0.022,0.7,128,68,-10.1,8.3
2019-02-28 05:00:00,101422.29,-9,-11.1,85.36,0,0,NA,101920,2500,NA,NA,0.254,NA,184,NA,NA,NA,1.25,NA,NA,NA,548.64,NA,NA,NA,NA,-12.56,NA,-11.04,90227.39,0,0,0,6.4,1,1,1,32,36,30,2019-02-27 07:00:00,2019-02-28 12:00:00,30,2019-02-27 07:00:00,2019-02-28 12:00:00,0.018,0.9,125,52,-10.1,9.5
2019-02-28 06:00:00,101388.43,-9,-11.1,85.36,1.54,130,NA,101930,2500,554,NA,0.254,NA,156,454,NA,NA,5,NA,NA,NA,914.4,NA,NA,NA,NA,-12.1,NA,-11.04,90197.27,0,0,0,6.4,1,1,1,32,36,30,2019-02-27 07:00:00,2019-02-28 12:00:00,30,2019-02-27 07:00:00,2019-02-28 12:00:00,0.015,0.8,187,70,-10.1,8.8
2019-02-28 07:00:00,101456.15,-9,-11.95,81.025,1.54,215,NA,102010,NA,384,5001,NA,1.016,322.5,335,NA,NA,8.5,NA,NA,NA,1066.8,NA,NA,NA,NA,-13.04,NA,-12.05,90257.51,0,0,0,6.4,1,1,1,32,36,30,2019-02-27 07:00:00,2019-02-28 12:00:00,30,2019-02-27 07:00:00,2019-02-28 12:00:00,0.014,1.1,189,51,-10.3,11.2
2019-02-28 08:00:00,101456.15,-11,-12.2,91.5,1.54,200,NA,101990,31,1003,NA,NA,NA,396,603,NA,NA,3,NA,NA,NA,1828.8,NA,NA,NA,NA,-14.39,NA,-12.82,90257.51,0,0,0,7.4,1,1,1,32,36,30,2019-02-27 07:00:00,2019-02-28 12:00:00,30,2019-02-27 07:00:00,2019-02-28 12:00:00,0.012,1.2,227,60,-8.8,14.2
2019-02-28 09:00:00,101490.02,-8.5,-11.15,78.94,0,0,NA,101990,31,1004,NA,NA,NA,364.5,1004,NA,NA,7,NA,NA,NA,1463.04,NA,NA,NA,NA,-12.1,NA,-11.05,90287.65,0,0,0,4.4,1,1,1,32,36,30,2019-02-27 07:00:00,2019-02-28 12:00:00,30,2019-02-27 07:00:00,2019-02-28 12:00:00,0.018,1,226,65,-7.6,10.5
2019-02-28 10:00:00,101456.15,-7.2,-10,78.94,0,0,NA,101910,6,703,8004,NA,NA,442,602,1.016,NA,7,-7.2,-11.7,NA,1676.4,NA,NA,NA,NA,NA,NA,-11.05,90257.51,0,0,0,2.4,1,1,1,32,36,30,2019-02-27 07:00:00,2019-02-28 12:00:00,30,2019-02-27 07:00:00,2019-02-28 12:00:00,0.02,1.1,127,59,-6.4,9.3
2019-02-28 11:00:00,101422.29,-7,-10,79.1,0,0,NA,101870,NA,NA,NA,NA,NA,394,NA,NA,NA,10,NA,NA,NA,1188.72,NA,NA,NA,NA,-10.96,NA,-10.05,90227.39,0,0,0,2.3,1,1,1,32,36,30,2019-02-27 07:00:00,2019-02-28 12:00:00,30,2019-02-27 07:00:00,2019-02-28 12:00:00,0.023,1.1,233,56,-4.1,9.8
2019-02-28 12:00:00,101388.43,-6,-10,79.1,0,0,NA,101850,NA,NA,NA,NA,NA,404,NA,NA,NA,10,NA,NA,NA,1219.2,NA,NA,NA,NA,-8.67,NA,-10.05,90197.27,0,0,0,1.6,1,1,1,32,36,30,2019-02-27 07:00:00,2019-02-28 12:00:00,30,2019-02-27 07:00:00,2019-02-28 12:00:00,0.028,0.9,220,67,-3.3,8.1
2019-02-28 13:00:00,101354.56,-5,-8.9,73.45,0,0,NA,101780,20,NA,8008,0.025,0.025,384,NA,NA,NA,10,NA,NA,NA,1158.24,NA,NA,NA,NA,-7.53,NA,-9.07,90167.14,0,0,0,-0.3,0,0,1,NA,NA,NA,NA,NA,NA,NA,NA,0.03,1.2,147,71,-2,6.4
2019-02-28 14:00:00,101354.56,-4,-8.05,73.55,0,0,NA,101790,20,NA,NA,0.025,NA,384,459,NA,NA,4,NA,NA,NA,1158.24,NA,NA,NA,NA,-6.39,NA,-8.075,90167.14,0,0,0,-1.1,0,0,1,NA,NA,NA,NA,NA,NA,NA,NA,0.033,1.2,231,48,-2.5,5
2019-02-28 15:00:00,101388.43,-4,-7.8,73.65,0,0,NA,101850,20,754,NA,0.025,NA,496,604,NA,NA,10,NA,NA,NA,1828.8,NA,NA,NA,NA,-6.84,NA,-8.07,90197.27,0,0,0,-2,0,0,1,NA,NA,NA,NA,NA,NA,NA,NA,0.033,1.4,215,38,-2.4,6.7
2019-02-28 16:00:00,101422.29,-4,-7.8,73.65,1.54,60,NA,101870,NA,1104,3008,NA,NA,483,628,0.025,NA,10,-3.3,-7.8,NA,3352.8,NA,NA,NA,NA,-6.39,NA,-8.07,90227.39,0,0,0,-2.4,0,0,1,NA,NA,NA,NA,NA,NA,NA,NA,0.034,1.6,234,41,-1.8,8.1
2019-02-28 17:00:00,101422.29,-5.6,-8.9,79.26,1.54,120,NA,101880,NA,NA,NA,NA,NA,1,NA,NA,NA,10,NA,NA,NA,NA,NA,NA,NA,NA,-8.67,NA,-8.08,90227.39,0,0,0,-1.9,0,0,1,NA,NA,NA,NA,NA,NA,NA,NA,0.035,1.8,227,30,-3.2,9
2019-02-28 18:00:00,101456.15,-7,-10.6,79.26,2.57,90,NA,101990,NA,NA,NA,NA,NA,1,NA,NA,NA,9,NA,NA,NA,NA,NA,NA,NA,NA,-11.4,NA,-10.05,90257.51,0,0,0,-1.7,0,0,0,NA,NA,NA,NA,NA,NA,NA,NA,0.028,1.1,219,53,-5.6,10.5
2019-02-28 19:00:00,101523.88,-8,-10.6,78.94,2.57,90,NA,102070,NA,NA,3012,NA,NA,1,NA,NA,NA,9,NA,NA,NA,NA,NA,NA,NA,NA,-12.59,NA,-11.05,90317.77,0,0,0,-1.3,0,0,0,NA,NA,NA,NA,NA,NA,NA,NA,0.009,0.8,161,60,-8.2,10.8
2019-02-28 20:00:00,101591.61,-8,-10.6,78.94,3.6,100,NA,102100,NA,NA,NA,NA,NA,1,NA,NA,NA,9,NA,NA,NA,NA,NA,NA,NA,NA,-13.74,NA,-11.05,90378.02,0,0,0,-1.8,0,0,0,NA,NA,NA,NA,NA,NA,NA,NA,0.001,1.1,142,64,-10,10.8
2019-02-28 21:00:00,101591.61,-8,-12.8,78.94,2.06,110,NA,102140,NA,NA,NA,NA,NA,1,NA,NA,NA,10,NA,NA,NA,NA,NA,NA,NA,NA,-13.21,NA,-12.05,90378.02,0,0,0,-2.2,0,0,0,NA,NA,NA,NA,NA,NA,NA,NA,0.002,1.1,182,83,-11.1,8
2019-02-28 22:00:00,101659.34,-13,-16.1,84.74,0,0,NA,102250,31,NA,3013,NA,NA,1,NA,NA,NA,8,-3.3,-14.4,NA,NA,NA,NA,NA,NA,-18.27,NA,-15.04,90438.28,0,0,0,1.6,1,1,1,33,37,18,2019-02-28 22:00:00,2019-03-01 15:00:00,19,2019-02-28 22:00:00,2019-03-01 16:00:00,0.001,1.1,188,73,-12.6,6.9
2019-02-28 23:00:00,101693.2,-14,-15.6,84.74,0,0,NA,102280,31,NA,NA,NA,NA,1,NA,NA,NA,10,NA,NA,NA,NA,NA,-3.3,-14.4,NA,-18.34,NA,-16.04,90468.4,0,0,0,1.7,1,1,1,33,37,18,2019-02-28 22:00:00,2019-03-01 15:00:00,19,2019-02-28 22:00:00,2019-03-01 16:00:00,0.002,1,151,63,-13.6,8.6
2019-03-01,101794.79,-15,-17.2,84.62,0,0,NA,102390,31,NA,NA,NA,NA,1,NA,NA,NA,8,NA,NA,NA,NA,NA,NA,NA,NA,-18.96,NA,-17.03,90558.78,0,0,0,2.3,1,1,1,33,37,18,2019-02-28 22:00:00,2019-03-01 15:00:00,19,2019-02-28 22:00:00,2019-03-01 16:00:00,0.002,0.8,132,51,-14.9,11
2019-03-01 01:00:00,101862.52,-16,-17.8,84.68,0,0,NA,102430,31,NA,3018,NA,NA,1,NA,NA,NA,6,NA,NA,NA,NA,NA,NA,NA,NA,-18.955,NA,-17.83,90619.03,0,0,0,3.8,1,1,1,33,37,18,2019-02-28 22:00:00,2019-03-01 15:00:00,19,2019-02-28 22:00:00,2019-03-01 16:00:00,0.002,0.8,157,57,-15.8,22.3
2019-03-01 02:00:00,101896.38,-16.35,-19.45,84.49,0,0,NA,102480,NA,NA,NA,NA,NA,12,NA,NA,NA,7,NA,NA,NA,NA,NA,NA,NA,NA,-20.1,NA,-18.03,90649.15,0,0,0,3.25,1,1,1,33,37,18,2019-02-28 22:00:00,2019-03-01 15:00:00,19,2019-02-28 22:00:00,2019-03-01 16:00:00,0.002,0.7,185,63,-16.9,21.3
2019-03-01 03:00:00,101896.38,-18,-21.05,84.23,1.54,90,NA,102500,31,NA,NA,NA,NA,43,NA,NA,NA,9,NA,NA,NA,121.92,NA,NA,NA,NA,-23.54,NA,-20.03,90649.15,0,0,0,5,1,1,1,33,37,18,2019-02-28 22:00:00,2019-03-01 15:00:00,19,2019-02-28 22:00:00,2019-03-01 16:00:00,0.002,0.8,174,60,-17.5,19.7
2019-03-01 04:00:00,101930.25,-18.3,-21.1,81.85,0,0,NA,102520,31,NA,1005,NA,NA,23,93,NA,1.016,6,-12.8,-20,NA,60.96,NA,NA,NA,NA,-22.38,NA,-21.14,90679.28,0,0,0,4.9,1,1,1,33,37,18,2019-02-28 22:00:00,2019-03-01 15:00:00,19,2019-02-28 22:00:00,2019-03-01 16:00:00,0.002,0.9,193,64,-18.2,23
2019-03-01 05:00:00,101930.25,-17.2,-19.4,87.33,0,0,NA,102530,31,NA,NA,NA,NA,25,93,NA,NA,1,NA,NA,NA,60.96,NA,NA,NA,NA,NA,NA,-19.02,90679.28,0,0,0,4.3,1,1,1,33,37,18,2019-02-28 22:00:00,2019-03-01 15:00:00,19,2019-02-28 22:00:00,2019-03-01 16:00:00,0.002,0.8,188,54,-19,11
2019-03-01 06:00:00,101964.11,-17.1,-18.9,86.53,0,0,NA,102580,30,NA,NA,NA,NA,35,64,NA,NA,0.25,NA,NA,NA,91.44,NA,NA,NA,NA,-22.38,NA,-19.02,90709.41,0,0,0,4.8,1,1,1,33,37,18,2019-02-28 22:00:00,2019-03-01 15:00:00,19,2019-02-28 22:00:00,2019-03-01 16:00:00,0.002,0.9,217,46,-19.4,23.8
2019-03-01 07:00:00,101964.11,-17,-18.9,87.21,0,0,NA,102600,31,NA,1004,NA,NA,34,NA,NA,NA,1,NA,NA,NA,91.44,NA,NA,NA,NA,-21.24,NA,-19.02,90709.41,0,0,0,5.1,1,1,1,33,37,18,2019-02-28 22:00:00,2019-03-01 15:00:00,19,2019-02-28 22:00:00,2019-03-01 16:00:00,0.003,1,165,47,-19.2,21.1
2019-03-01 08:00:00,101997.98,-16.55,-17.8,86.66,0,0,NA,102610,30,NA,NA,0.025,NA,25,NA,NA,NA,0.25,NA,NA,NA,60.96,NA,NA,NA,NA,NA,NA,-18.02,90739.54,0,0,0,5.45,1,1,1,33,37,18,2019-02-28 22:00:00,2019-03-01 15:00:00,19,2019-02-28 22:00:00,2019-03-01 16:00:00,0.003,0.8,211,57,-17.2,25
2019-03-01 09:00:00,102031.84,-15.8,-16.35,92.02,0,0,NA,102640,31,NA,NA,0.025,NA,24,904,NA,NA,0.5,NA,NA,NA,60.96,NA,NA,NA,NA,-20.1,NA,-16.02,90769.66,0,0,0,6,1,1,1,33,37,18,2019-02-28 22:00:00,2019-03-01 15:00:00,19,2019-02-28 22:00:00,2019-03-01 16:00:00,0.004,1,203,63,-14.8,24
2019-03-01 10:00:00,101964.11,-14,-14.15,100,0,0,NA,102610,31,954,8006,NA,NA,36,528,0.025,NA,2,-13.3,-18.9,NA,624.84,NA,NA,NA,NA,NA,NA,-14.215,90709.41,0,0,0,4.4,1,1,1,33,37,18,2019-02-28 22:00:00,2019-03-01 15:00:00,19,2019-02-28 22:00:00,2019-03-01 16:00:00,0.004,0.9,203,62,-12.2,28.7
2019-03-01 11:00:00,101930.25,-13,-13.05,100,0,0,NA,102520,31,904,NA,NA,NA,506,854,NA,NA,5,NA,NA,NA,1828.8,NA,NA,NA,NA,-15.86,NA,-13,90679.28,0,0,0,5,1,1,1,33,37,18,2019-02-28 22:00:00,2019-03-01 15:00:00,19,2019-02-28 22:00:00,2019-03-01 16:00:00,0.005,1,226,57,-9.8,28.7
2019-03-01 12:00:00,101828.66,-10,-12.8,85.11,0,0,NA,102420,6,904,NA,NA,NA,606,904,NA,NA,6,NA,NA,NA,2743.2,NA,NA,NA,NA,-13.815,NA,-13.04,90588.91,0,0,0,2,1,1,1,33,37,18,2019-02-28 22:00:00,2019-03-01 15:00:00,19,2019-02-28 22:00:00,2019-03-01 16:00:00,0.007,1.1,245,68,-7.6,23.5
2019-03-01 13:00:00,101760.93,-9.4,-12.8,78.61,0,0,NA,102320,18.5,854,8023,NA,NA,703,754,NA,NA,7,NA,NA,NA,2286,NA,NA,NA,NA,-13.245,NA,-13.05,90528.65,0,0,0,1.7,1,1,1,33,37,18,2019-02-28 22:00:00,2019-03-01 15:00:00,19,2019-02-28 22:00:00,2019-03-01 16:00:00,0.009,1.1,270,74,-5.5,25.8
2019-03-01 14:00:00,101659.34,-8,-11.1,77.1,0,0,NA,102250,NA,754,NA,NA,NA,473,554,NA,NA,8,NA,NA,NA,1432.56,NA,NA,NA,NA,-12.1,NA,-12.05,90438.28,0,0,0,1.4,1,1,1,33,37,18,2019-02-28 22:00:00,2019-03-01 15:00:00,19,2019-02-28 22:00:00,2019-03-01 16:00:00,0.014,1.1,51,72,-5.2,17.2
2019-03-01 15:00:00,101625.47,-7.8,-10.8,78.94,1.54,260,NA,102240,20,474,NA,0.025,NA,273,393.5,NA,NA,4,NA,NA,NA,822.96,NA,NA,NA,NA,-10.93,NA,-11.05,90408.14,0,0,0,1.8,1,1,1,33,37,18,2019-02-28 22:00:00,2019-03-01 15:00:00,19,2019-02-28 22:00:00,2019-03-01 16:00:00,0.015,1.6,281,60,-5.3,18
2019-03-01 16:00:00,101625.47,-7,-9.4,85.53,1.54,140,NA,102250,31,804,5006,0.254,NA,396,603,0.254,NA,3,-6.7,-13.9,NA,1752.6,NA,NA,NA,NA,-10.93,NA,-9.24,90408.14,0,0,0,0.0999999999999996,0,1,1,NA,37,NA,NA,NA,19,2019-02-28 22:00:00,2019-03-01 16:00:00,0.02,0.9,209,69,-5.7,16.2
2019-03-01 17:00:00,101625.47,-6.1,-10,73.82,0,0,NA,102170,6,804,NA,NA,NA,483,653,NA,NA,7,NA,NA,NA,1463.04,NA,NA,NA,NA,-9.875,NA,-10.07,90408.14,0,0,0,-1.8,0,0,1,NA,NA,NA,NA,NA,NA,NA,NA,0.012,1.1,262,55,-5.9,19
2019-03-01 18:00:00,101625.47,-6.55,-9.4,79.1,2.06,240,NA,102210,6,804,NA,0.076,NA,409,578,NA,NA,7,NA,NA,NA,1524,NA,NA,NA,NA,-10.7,NA,-10.05,90408.14,0,0,0,-2.15,0,0,0,NA,NA,NA,NA,NA,NA,NA,NA,0.019,2.6,68,49,-6.1,6.9
2019-03-01 19:00:00,101693.2,-6,-10.6,71.72,6.69,110,NA,102300,20,604,1009,0.254,0.254,262.5,353,NA,NA,7,NA,NA,NA,792.48,NA,NA,NA,NA,-13.525,NA,-10.68,90468.4,0,0,0,-2.8,0,0,0,NA,NA,NA,NA,NA,NA,NA,NA,0.034,3.8,60,22,-7.2,2
2019-03-01 20:00:00,101760.93,-7,-10.6,67.42,5.66,100,11.06,102410,20,629,NA,0.254,NA,283,368.5,NA,NA,7.5,NA,NA,NA,868.68,NA,NA,NA,NA,-14.12,NA,-12.08,90528.65,0,0,0,-1.9,0,0,0,NA,NA,NA,NA,NA,NA,NA,NA,0.038,3.3,63,26,-8.3,-3
2019-03-01 21:00:00,101862.52,-8,-13.6,67.085,8.23,110,NA,102550,20,NA,NA,0.076,NA,303,324,NA,NA,4,NA,NA,NA,914.4,NA,NA,NA,NA,-17.195,NA,-13.235,90619.03,0,0,0,-1.7,0,0,0,NA,NA,NA,NA,NA,NA,NA,NA,0.039,4,60,22,-9.4,-3.3
2019-03-01 22:00:00,101997.98,-9,-16.1,61.66,7.72,80,10.03,102660,20,NA,3032,0.076,NA,324,NA,0.508,NA,7,-5,-10.6,NA,975.36,NA,NA,NA,NA,-17.88,NA,-16.09,90739.54,0,0,0,-1,0,0,0,NA,NA,NA,NA,NA,NA,NA,NA,0.039,3.6,61,21,-11.1,-1.5
2019-03-01 23:00:00,102116.5,-11.85,-16.1,66.47,10.8,85,13.89,102790,20,NA,NA,0.025,NA,218.5,364,NA,NA,1.125,NA,NA,14.4,655.32,NA,-5,-20,80,-22.86,NA,-16.08,90844.975,0,0,0,-3.75,0,0,0,NA,NA,NA,NA,NA,NA,NA,NA,0.038,5,80,15,-12.9,2.3
2019-03-02,102235.02,-12,-17.2,66.23,9.26,100,13.12,102910,20,NA,NA,0.025,NA,214,NA,NA,NA,1.5,NA,NA,13.89,640.08,NA,NA,NA,90,-22.82,NA,-17.08,90950.41,0,0,0,-7.9,0,0,0,NA,NA,NA,NA,NA,NA,NA,NA,0.038,4.2,67,18,-14.5,3.8
2019-03-02 01:00:00,102370.48,-13.3,-18.05,65.98,9.26,100,13.38,103030,20,NA,1033,0.025,0.025,244,299,NA,NA,1.25,NA,NA,14.4,731.52,NA,NA,NA,90,-24.29,NA,-18.08,91070.92,0,0,0,-8.1,0,0,0,NA,NA,NA,NA,NA,NA,NA,NA,0.038,3.9,66,17,-15.5,3.3
2019-03-02 02:00:00,102455.14,-14,-20,60.31,9.26,100,13.12,103090,32,NA,NA,0.025,NA,370,444,NA,NA,2.5,NA,NA,13.89,1127.76,NA,NA,NA,90,-25.335,NA,-20.09,91146.24,0,0,0,-9.1,0,0,0,NA,NA,NA,NA,NA,NA,NA,NA,0.037,3.7,67,19,-16.3,3.8
2019-03-02 03:00:00,102505.93,-15.6,-18.9,75.67,9.26,120,10.8,103120,20,704,NA,0.025,NA,309,353,NA,NA,1.75,NA,NA,13.89,960.12,NA,NA,NA,110,-27.285,NA,-19.05,91191.42,0,0,0,-7.8,0,0,0,NA,NA,NA,NA,NA,NA,NA,NA,0.036,3,58,29,-16.4,2.8
2019-03-02 04:00:00,102539.8,-16,-20.3,65.28,8.49,115,12.35,103190,41,704,1015,0.127,NA,304,654,0.025,0.762,5,-10.6,-15.6,NA,1219.2,NA,NA,NA,NA,-27.285,NA,-20.88,91221.55,0,0,0,-7.2,0,0,0,NA,NA,NA,NA,NA,NA,NA,NA,0.036,3.8,67,27,-16.5,1.8
2019-03-02 05:00:00,102607.53,-16,-21.1,65.23,7.72,120,NA,103220,NA,NA,NA,0.025,NA,504,704,NA,NA,10,NA,NA,NA,1524,NA,NA,NA,NA,-26.95,NA,-21.08,91281.81,0,0,0,-7.2,0,0,0,NA,NA,NA,NA,NA,NA,NA,NA,0.037,5.2,95,15,-16.5,2.5
2019-03-02 06:00:00,102641.39,-16,-21.7,59.75,6.17,110,NA,103280,NA,NA,NA,NA,NA,454,NA,NA,NA,9,NA,NA,NA,1371.6,NA,NA,NA,NA,-25.89,NA,-22.09,91311.93,0,0,0,-6.4,0,0,0,NA,NA,NA,NA,NA,NA,NA,NA,0.036,4.9,95,13,-16.5,2.8
2019-03-02 07:00:00,102709.12,-16,-21.85,59.75,6.17,120,NA,103300,NA,NA,8,NA,0.025,444,444,NA,NA,10,NA,NA,NA,1341.12,NA,NA,NA,NA,-25.89,NA,-22.09,91372.18,0,0,0,-6.9,0,0,0,NA,NA,NA,NA,NA,NA,NA,NA,0.036,4.6,95,15,-16.7,1.3
2019-03-02 08:00:00,102709.12,-16,-22.2,59.75,8.23,120,NA,103350,NA,NA,NA,NA,NA,414,434,NA,NA,10,NA,NA,NA,1249.68,NA,NA,NA,NA,-27.26,NA,-22.09,91372.18,0,0,0,-7.5,0,0,0,NA,NA,NA,NA,NA,NA,NA,NA,0.035,4.9,93,15,-16.3,1.1
2019-03-02 09:00:00,102742.98,-16,-21.7,59.75,8.75,120,NA,103370,6,NA,NA,NA,NA,414,NA,NA,NA,8,NA,NA,NA,1249.68,NA,NA,NA,NA,-27.56,NA,-22.09,91402.31,0,0,0,-5.8,0,0,0,NA,NA,NA,NA,NA,NA,NA,NA,0.034,3.6,90,45,-15.5,4
2019-03-02 10:00:00,102742.98,-14,-21.7,51.56,7.2,110,8.75,103360,NA,NA,1,NA,NA,422,754,0.025,NA,10,-13.9,-16.1,NA,1280.16,NA,NA,NA,NA,-24.04,NA,-22.1,91402.31,0,0,0,-5.6,0,0,0,NA,NA,NA,NA,NA,NA,NA,NA,0.033,3.8,81,35,-14.4,3.3
2019-03-02 11:00:00,102675.25,-14,-20.6,55.28,7.2,110,NA,103330,NA,604,NA,NA,NA,553,704,NA,NA,10,NA,NA,NA,1676.4,NA,NA,NA,NA,-24.04,NA,-21.1,91342.05,0,0,0,-3.8,0,0,0,NA,NA,NA,NA,NA,NA,NA,NA,0.033,4.2,82,18,-13.4,1.1
2019-03-02 12:00:00,102641.39,-13,-20,55.58,7.2,110,NA,103260,NA,NA,NA,NA,NA,383,474,NA,NA,10,NA,NA,NA,1188.72,NA,NA,NA,NA,-22.75,NA,-20.1,91311.93,0,0,0,0.300000000000001,0,1,0,NA,NA,NA,NA,NA,2,2019-03-02 12:00:00,2019-03-02 13:00:00,0.033,4.4,88,16,-12,2.8
2019-03-02 13:00:00,102539.8,-12,-19.4,51.26,5.66,110,NA,103170,NA,NA,8014,NA,NA,1,NA,NA,NA,10,NA,NA,NA,NA,NA,NA,NA,NA,-20.44,NA,-20.11,91221.55,0,0,0,0.4,0,1,0,NA,NA,NA,NA,NA,2,2019-03-02 12:00:00,2019-03-02 13:00:00,0.032,5.5,95,12,-11.7,6
2019-03-02 14:00:00,102505.93,-11.1,-19.4,51.56,4.63,105,NA,103130,NA,NA,NA,NA,NA,1,NA,NA,NA,10,NA,NA,NA,NA,NA,NA,NA,NA,-18.78,NA,-19.11,91191.42,0,0,0,-1.9,0,0,0,NA,NA,NA,NA,NA,NA,NA,NA,0.032,5.6,99,12,-10.8,4.7
2019-03-02 15:00:00,102472.07,-11,-18.9,51.56,3.6,340,NA,103120,41,NA,NA,0.127,NA,1,NA,NA,NA,10,NA,NA,NA,NA,NA,NA,NA,NA,-17.39,NA,-19.11,91161.3,0,0,0,-4.4,0,0,0,NA,NA,NA,NA,NA,NA,NA,NA,0.033,5.9,100,11,-10.5,3.3
2019-03-02 16:00:00,102472.07,-11,-18.9,56.16,4.63,350,NA,103110,NA,NA,6006,0.025,NA,1,NA,0.025,NA,10,-9.4,-14.4,NA,NA,NA,NA,NA,NA,-18.37,NA,-18.1,91161.3,0,0,0,-7,0,0,0,NA,NA,NA,NA,NA,NA,NA,NA,0.033,5.3,92,12,-10.4,7.4
2019-03-02 17:00:00,102472.07,-12,-19.4,55.87,5.66,10,NA,103150,NA,NA,NA,NA,NA,1,NA,NA,NA,10,NA,NA,NA,NA,NA,NA,NA,NA,-20.44,NA,-19.1,91161.3,0,0,0,-7.3,0,0,0,NA,NA,NA,NA,NA,NA,NA,NA,0.033,2.2,123,47,-10.8,7.4
2019-03-02 18:00:00,102505.93,-13,-20,60.58,4.12,20,NA,103230,NA,NA,NA,NA,NA,1,NA,NA,NA,10,NA,NA,NA,NA,NA,NA,NA,NA,-20.37,NA,-19.09,91191.42,0,0,0,-7.2,0,0,0,NA,NA,NA,NA,NA,NA,NA,NA,0.032,2,125,64,-13.1,6.2
2019-03-02 19:00:00,102607.53,-13,-21.1,55.28,3.6,90,NA,103330,NA,NA,3016,NA,NA,1,NA,NA,NA,10,NA,NA,NA,NA,NA,NA,NA,NA,-19.83,NA,-21.1,91281.81,0,0,0,-8.4,0,0,0,NA,NA,NA,NA,NA,NA,NA,NA,0.031,2.6,100,42,-14.2,4.3
2019-03-02 20:00:00,102675.25,-14,-21.1,55.28,7.2,110,NA,103420,NA,NA,NA,NA,NA,1,NA,NA,NA,10,NA,NA,NA,1676.4,NA,NA,NA,NA,-24.04,NA,-21.1,91342.05,0,0,0,-7.7,0,0,0,NA,NA,NA,NA,NA,NA,NA,NA,0.032,4.4,85,18,-14.5,3
2019-03-02 21:00:00,102742.98,-14,-21.7,55.28,8.23,110,NA,103470,NA,NA,NA,NA,NA,554,NA,NA,NA,10,NA,NA,NA,1676.4,NA,NA,NA,NA,-24.65,NA,-21.1,91402.31,0,0,0,-8.2,0,0,0,NA,NA,NA,NA,NA,NA,NA,NA,0.033,4.7,84,18,-14.9,4
2019-03-02 22:00:00,102810.71,-14,-21.7,50.63,9.26,120,NA,103520,NA,NA,2018,NA,NA,554,NA,NA,NA,10,-11.7,-14.4,NA,1676.4,NA,NA,NA,NA,-25.21,NA,-22.11,91462.56,0,0,0,-9,0,0,0,NA,NA,NA,NA,NA,NA,NA,NA,0.034,5.1,80,17,-15.2,3.3
2019-03-02 23:00:00,102844.57,-15,-22.2,54.98,8.75,120,NA,103550,NA,NA,NA,NA,NA,504,NA,NA,NA,10,NA,NA,NA,1524,NA,-9.4,-16.1,NA,-26.25,NA,-22.1,91492.68,0,0,0,-8.1,0,0,0,NA,NA,NA,NA,NA,NA,NA,NA,0.034,4.9,79,18,-15.7,4.3
2019-03-03,102844.57,-16,-22.2,59.75,9.26,110,NA,103570,NA,NA,NA,NA,NA,504,NA,NA,NA,10,NA,NA,NA,1524,NA,NA,NA,NA,-27.84,NA,-22.09,91492.68,0,0,0,-7.3,0,0,0,NA,NA,NA,NA,NA,NA,NA,NA,0.035,5.2,79,16,-15.9,4.2
2019-03-03 01:00:00,102912.3,-16,-22.8,54.68,9.77,120,NA,103600,NA,NA,3009,NA,NA,504,NA,NA,NA,10,NA,NA,NA,1524,NA,NA,NA,NA,-28.11,NA,-23.09,91552.94,0,0,0,-7.2,0,0,0,NA,NA,NA,NA,NA,NA,NA,NA,0.037,5.2,83,15,-16.2,4
2019-03-03 02:00:00,102946.16,-16,-22.8,54.68,9.77,120,NA,103630,NA,NA,NA,NA,NA,554,NA,NA,NA,10,NA,NA,NA,1676.4,NA,NA,NA,NA,-28.11,NA,-23.09,91583.06,0,0,0,-7.2,0,0,0,NA,NA,NA,NA,NA,NA,NA,NA,0.036,4.4,95,15,-16.2,5.5
2019-03-03 03:00:00,102946.16,-16,-23.3,54.68,9.77,120,NA,103610,NA,NA,NA,NA,NA,504,NA,NA,NA,10,NA,NA,NA,1524,NA,NA,NA,NA,-28.11,NA,-23.09,91583.06,0,0,0,-7.8,0,0,0,NA,NA,NA,NA,NA,NA,NA,NA,0.036,4.8,88,14,-16.4,4.2
2019-03-03 04:00:00,102946.16,-16,-23.3,54.68,8.75,120,NA,103630,NA,NA,1001,NA,NA,504,NA,NA,NA,10,-14.4,-16.1,NA,1524,NA,NA,NA,NA,-27.56,NA,-23.09,91583.06,0,0,0,-8.1,0,0,0,NA,NA,NA,NA,NA,NA,NA,NA,0.036,4.4,98,13,-16.7,2.5
2019-03-03 05:00:00,102980.03,-16,-23.3,54.68,9.26,120,NA,103690,NA,NA,NA,NA,NA,504,NA,NA,NA,10,NA,NA,NA,1524,NA,NA,NA,NA,-27.84,NA,-23.09,91613.19,0,0,0,-8.3,0,0,0,NA,NA,NA,NA,NA,NA,NA,NA,0.036,3.8,107,19,-16.7,4.7
2019-03-03 06:00:00,102980.03,-17,-23.9,59.46,8.75,120,NA,103690,NA,NA,NA,NA,NA,504,NA,NA,NA,10,NA,NA,NA,1524,NA,NA,NA,NA,-28.87,NA,-23.08,91613.19,0,0,0,-7.4,0,0,0,NA,NA,NA,NA,NA,NA,NA,NA,0.037,4.4,101,15,-16.9,4.5
2019-03-03 07:00:00,102980.03,-17,-25,54.38,9.26,120,NA,103730,NA,NA,1005,NA,NA,504,NA,NA,NA,10,NA,NA,NA,1524,NA,NA,NA,NA,-29.15,NA,-24.09,91613.19,0,0,0,-7.7,0,0,0,NA,NA,NA,NA,NA,NA,NA,NA,0.037,3.3,114,20,-17,4
2019-03-03 08:00:00,103013.89,-17,-24.4,49.68,9.77,120,NA,103730,NA,NA,NA,NA,NA,503,NA,NA,NA,10,NA,NA,NA,1524,NA,NA,NA,NA,-29.43,NA,-25.1,91643.31,0,0,0,-7.2,0,0,0,NA,NA,NA,NA,NA,NA,NA,NA,0.037,3.5,105,20,-16.5,6.4
2019-03-03 09:00:00,103013.89,-16,-23.9,50,9.77,120,NA,103710,NA,NA,NA,NA,NA,1,NA,NA,NA,10,NA,NA,NA,NA,NA,NA,NA,NA,-28.11,NA,-24.1,91643.31,0,0,0,-7.3,0,0,0,NA,NA,NA,NA,NA,NA,NA,NA,0.038,3.8,99,18,-15.9,4.7
2019-03-03 10:00:00,102980.03,-15,-23.3,50.32,10.8,120,13.12,103660,NA,NA,8003,NA,NA,1,NA,NA,NA,8,-15,-17.2,13.89,NA,NA,NA,NA,120,-27.28,NA,-23.1,91613.19,0,0,0,-6.2,0,0,0,NA,NA,NA,NA,NA,NA,NA,NA,0.036,4.8,96,13,-13.9,1.6
2019-03-03 11:00:00,102912.3,-14,-21.7,49.1,9.77,120,NA,103590,NA,NA,NA,NA,NA,1,NA,NA,NA,10,NA,NA,13.89,NA,NA,NA,NA,120,-25.46,NA,-22.11,91552.94,0,0,0,-4.5,0,0,0,NA,NA,NA,NA,NA,NA,NA,NA,0.036,4.4,85,15,-12.3,1.3
2019-03-03 12:00:00,102878.44,-13,-20.6,46.98,9.26,130,NA,103530,NA,NA,NA,NA,NA,1,NA,NA,NA,10,NA,NA,NA,NA,NA,NA,NA,NA,-23.35,NA,-21.12,91522.81,0,0,0,-3.2,0,0,0,NA,NA,NA,NA,NA,NA,NA,NA,0.036,3.6,66,19,-10.8,2.1
2019-03-03 13:00:00,102776.85,-12,-20,47.3,8.75,130,NA,103430,NA,NA,8017,NA,NA,1,NA,NA,NA,10,NA,NA,NA,NA,NA,NA,NA,NA,-22.05,NA,-20.12,91432.44,0,0,0,-3.3,0,0,0,NA,NA,NA,NA,NA,NA,NA,NA,0.037,2.8,60,27,-9.2,3.1
2019-03-03 14:00:00,102742.98,-11,-19.4,51.56,7.72,120,NA,103370,NA,NA,NA,NA,NA,1,NA,NA,NA,10,NA,NA,NA,NA,NA,NA,NA,NA,-20.17,NA,-19.11,91402.31,0,0,0,-3.3,0,0,0,NA,NA,NA,NA,NA,NA,NA,NA,0.037,3.2,56,25,-8.6,3.1
2019-03-03 15:00:00,102709.12,-9,-20,44.01,3.605,120,NA,103330,NA,NA,NA,NA,NA,1,NA,NA,NA,10,NA,NA,NA,NA,NA,NA,NA,NA,-15.175,NA,-19.13,91372.18,0,0,0,-6.4,0,0,0,NA,NA,NA,NA,NA,NA,NA,NA,0.038,3.1,69,25,-8,1.8
2019-03-03 16:00:00,102675.25,-10,-19.4,47.62,3.6,350,NA,103340,NA,NA,6008,NA,NA,1,NA,NA,NA,10,-8.9,-15,NA,NA,NA,NA,NA,NA,-16.18,NA,-19.12,91342.05,0,0,0,-6.6,0,0,0,NA,NA,NA,NA,NA,NA,NA,NA,0.037,2,75,44,-7.3,3
2019-03-03 17:00:00,102641.39,-11,-20,51.56,4.63,360,7.2,103310,NA,NA,NA,NA,NA,1,NA,NA,NA,10,NA,NA,NA,NA,NA,NA,NA,NA,-19.17,NA,-19.11,91311.93,0,0,0,-6.2,0,0,0,NA,NA,NA,NA,NA,NA,NA,NA,0.038,2.3,218,59,-9.4,5.5
2019-03-03 18:00:00,102641.39,-13,-20.6,50.94,5.14,10,9.005,103380,NA,NA,NA,NA,NA,1,NA,NA,NA,10,NA,NA,NA,NA,NA,NA,NA,NA,-21.29,NA,-21.11,91311.93,0,0,0,-5.7,0,0,0,NA,NA,NA,NA,NA,NA,NA,NA,0.036,1.9,209,33,-13.4,7.1
2019-03-03 19:00:00,102675.25,-13,-21.1,50.94,3.6,20,NA,103430,NA,NA,3003,NA,NA,1,NA,NA,NA,10,NA,NA,NA,NA,NA,NA,NA,NA,-19.83,NA,-21.11,91342.05,0,0,0,-5.8,0,0,0,NA,NA,NA,NA,NA,NA,NA,NA,0.034,1.6,202,38,-14.8,7.8
2019-03-03 20:00:00,102709.12,-14,-22.2,50.63,1.54,50,NA,103460,NA,NA,NA,NA,NA,1,NA,NA,NA,10,NA,NA,NA,NA,NA,NA,NA,NA,-18.745,NA,-22.11,91372.18,0,0,0,-4.8,0,0,1,NA,NA,NA,NA,NA,NA,NA,NA,0.027,1.2,207,28,-16.6,4.7
2019-03-03 21:00:00,102742.98,-16,-22.2,59.75,2.57,70,NA,103490,NA,NA,NA,NA,NA,1,NA,NA,NA,10,NA,NA,NA,NA,NA,NA,NA,NA,-22.685,NA,-22.09,91402.31,0,0,0,-2.9,0,0,0,NA,NA,NA,NA,NA,NA,NA,NA,0.025,1,194,38,-17.6,7.8
2019-03-03 22:00:00,102776.85,-15,-23.3,54.68,3.6,100,NA,103560,NA,NA,3010,NA,NA,1,NA,NA,NA,10,-10.6,-17.8,NA,NA,NA,NA,NA,NA,-22.185,NA,-23.07,91432.44,0,0,0,-3.6,0,0,0,NA,NA,NA,NA,NA,NA,NA,NA,0.014,0.6,162,56,-19.4,12.2
2019-03-03 23:00:00,102810.71,-15,-23.3,50.32,3.6,90,NA,103540,NA,NA,NA,NA,NA,1,NA,NA,NA,10,NA,NA,NA,NA,NA,-8.9,-17.8,NA,-22.27,NA,-23.1,91462.56,0,0,0,-3.3,0,0,0,NA,NA,NA,NA,NA,NA,NA,NA,0.007,0.7,199,59,-20.9,11.2
2019-03-04,102810.71,-17.2,-23.9,55.8,3.09,140,NA,103510,NA,NA,NA,NA,NA,1,NA,NA,NA,10,NA,NA,NA,NA,NA,NA,NA,NA,-24.71,NA,-24.08,91462.56,0,0,0,-0.400000000000002,0,0,0,NA,NA,NA,NA,NA,NA,NA,NA,0.005,0.8,165,74,-21.7,13.4
2019-03-04 01:00:00,102810.71,-18,-24.4,59.18,4.12,130,NA,103530,NA,NA,3003,NA,NA,1,NA,NA,NA,10,NA,NA,NA,NA,NA,NA,NA,NA,-26.53,NA,-24.08,91462.56,0,0,0,-0.199999999999999,0,0,0,NA,NA,NA,NA,NA,NA,NA,NA,0.003,0.8,206,55,-22.5,31.4
2019-03-04 02:00:00,102844.57,-17,-23.9,54.38,4.63,110,NA,103520,NA,NA,NA,NA,NA,1,NA,NA,NA,10,NA,NA,NA,NA,NA,NA,NA,NA,-27.07,NA,-24.09,91492.68,0,0,0,-1.2,0,0,0,NA,NA,NA,NA,NA,NA,NA,NA,0.005,0.9,215,64,-23.4,10.8
2019-03-04 03:00:00,102810.71,-18,-24.4,59.18,5.66,130,NA,103510,NA,NA,NA,NA,NA,1,NA,NA,NA,10,NA,NA,NA,NA,NA,NA,NA,NA,-27.56,NA,-24.08,91462.56,0,0,0,-0.199999999999999,0,0,0,NA,NA,NA,NA,NA,NA,NA,NA,0.007,1,226,47,-24.4,9.8
2019-03-04 04:00:00,102810.71,-18,-25,54.07,6.17,110,NA,103530,NA,NA,5001,NA,NA,1,NA,NA,NA,10,-14.4,-19.4,NA,NA,NA,NA,NA,NA,-28.43,NA,-25.09,91462.56,0,0,0,-0.300000000000001,0,0,0,NA,NA,NA,NA,NA,NA,NA,NA,0.004,0.9,199,53,-24.8,8.6
2019-03-04 05:00:00,102878.44,-18.9,-25.6,54.07,5.14,90,NA,103610,NA,NA,NA,NA,NA,1,NA,NA,NA,10,NA,NA,NA,NA,NA,NA,NA,NA,-28.02,NA,-25.09,91522.81,0,0,0,0.899999999999999,1,1,0,34,39,12,2019-03-04 05:00:00,2019-03-04 16:00:00,12,2019-03-04 05:00:00,2019-03-04 16:00:00,0.003,0.9,217,49,-25.3,9.5
2019-03-04 06:00:00,102878.44,-19,-25.6,53.76,5.66,90,NA,103650,NA,NA,NA,NA,NA,1,NA,NA,NA,10,NA,NA,NA,NA,NA,NA,NA,NA,-29.31,NA,-26.08,91522.81,0,0,0,1.7,1,1,0,34,39,12,2019-03-04 05:00:00,2019-03-04 16:00:00,12,2019-03-04 05:00:00,2019-03-04 16:00:00,0.002,1,221,45,-26.1,11
2019-03-04 07:00:00,102878.44,-19.7,-26.1,56.865,6.69,100,NA,103660,NA,NA,6,NA,NA,1,NA,NA,NA,10,NA,NA,NA,NA,NA,NA,NA,NA,-30.54,NA,-26.075,91522.81,0,0,0,2.7,1,1,0,34,39,12,2019-03-04 05:00:00,2019-03-04 16:00:00,12,2019-03-04 05:00:00,2019-03-04 16:00:00,0.003,0.9,216,37,-25.6,10
2019-03-04 08:00:00,102912.3,-19,-25.6,53.76,4.63,90,NA,103700,NA,NA,NA,NA,NA,1,NA,NA,NA,10,NA,NA,NA,NA,NA,NA,NA,NA,-28.31,NA,-26.08,91552.94,0,0,0,3.6,1,1,0,34,39,12,2019-03-04 05:00:00,2019-03-04 16:00:00,12,2019-03-04 05:00:00,2019-03-04 16:00:00,0.006,1.4,216,34,-22.2,10.5
2019-03-04 09:00:00,102912.3,-18,-24.4,54.07,4.63,100,NA,103680,NA,NA,NA,NA,NA,1,NA,NA,NA,10,NA,NA,NA,2133.6,NA,NA,NA,NA,-27.07,NA,-25.09,91552.94,0,0,0,4.2,1,1,0,34,39,12,2019-03-04 05:00:00,2019-03-04 16:00:00,12,2019-03-04 05:00:00,2019-03-04 16:00:00,0.012,1.5,197,36,-18.5,10.5
2019-03-04 10:00:00,102878.44,-18,-23.3,64.72,3.09,250,NA,103670,NA,NA,8002,NA,NA,704,NA,NA,NA,10,-17.2,-20,NA,2133.6,NA,NA,NA,NA,-25.25,NA,-23.07,91522.81,0,0,0,6.9,1,1,0,34,39,12,2019-03-04 05:00:00,2019-03-04 16:00:00,12,2019-03-04 05:00:00,2019-03-04 16:00:00,0.019,1.8,180,31,-16.1,8.8
2019-03-04 11:00:00,102844.57,-17,-21.7,59.75,2.06,270,NA,103590,NA,NA,NA,NA,NA,704,NA,NA,NA,10,NA,NA,NA,2133.6,NA,NA,NA,NA,-21.24,NA,-23.07,91492.68,0,0,0,8.6,1,1,0,34,39,12,2019-03-04 05:00:00,2019-03-04 16:00:00,12,2019-03-04 05:00:00,2019-03-04 16:00:00,0.026,1.6,239,47,-14.1,9
2019-03-04 12:00:00,102810.71,-14,-20,55.28,2.57,280,NA,103500,NA,NA,NA,NA,NA,704,NA,NA,NA,10,NA,NA,NA,2133.6,NA,NA,NA,NA,-20.43,NA,-21.1,91462.56,0,0,0,6.5,1,1,0,34,39,12,2019-03-04 05:00:00,2019-03-04 16:00:00,12,2019-03-04 05:00:00,2019-03-04 16:00:00,0.03,1.9,258,49,-12.2,5.7
2019-03-04 13:00:00,102742.98,-11,-19.4,47.3,1.54,300,NA,103390,NA,NA,8015,NA,NA,706,NA,NA,NA,10,NA,NA,NA,NA,NA,NA,NA,NA,-15.37,NA,-20.12,91402.31,0,0,0,4.4,1,1,1,34,39,12,2019-03-04 05:00:00,2019-03-04 16:00:00,12,2019-03-04 05:00:00,2019-03-04 16:00:00,0.033,1.4,227,74,-9.3,6.9
2019-03-04 14:00:00,102675.25,-10,-20.6,40.05,2.06,300,NA,103340,NA,NA,NA,NA,NA,1,NA,NA,NA,10,NA,NA,NA,NA,NA,NA,NA,NA,-14.96,NA,-21.13,91342.05,0,0,0,3.9,1,1,0,34,39,12,2019-03-04 05:00:00,2019-03-04 16:00:00,12,2019-03-04 05:00:00,2019-03-04 16:00:00,0.034,1.6,218,55,-8.8,9.3
2019-03-04 15:00:00,102641.39,-9,-17.2,47.94,2.06,290,NA,103310,NA,NA,NA,NA,NA,1,NA,NA,NA,10,NA,NA,NA,NA,NA,NA,NA,NA,-13.04,NA,-18.12,91311.93,0,0,0,1.8,1,1,0,34,39,12,2019-03-04 05:00:00,2019-03-04 16:00:00,12,2019-03-04 05:00:00,2019-03-04 16:00:00,0.035,1.3,204,64,-7.3,8.3
2019-03-04 16:00:00,102607.53,-10,-17.2,51.87,2.06,280,NA,103290,NA,NA,6009,NA,NA,1,NA,NA,NA,10,-8.9,-17.8,NA,NA,NA,NA,NA,NA,-14.2,NA,-18.11,91281.81,0,0,0,1.5,1,1,0,34,39,12,2019-03-04 05:00:00,2019-03-04 16:00:00,12,2019-03-04 05:00:00,2019-03-04 16:00:00,0.036,1.2,243,64,-6.8,7.2
2019-03-04 17:00:00,102607.53,-9,-18.3,48.25,1.54,120,NA,103320,NA,NA,NA,NA,NA,1,NA,NA,NA,10,NA,NA,NA,NA,NA,NA,NA,NA,-13.41,NA,-18.12,91281.81,0,0,0,-0.6,0,0,1,NA,NA,NA,NA,NA,NA,NA,NA,0.034,2,200,38,-8.6,5.5
2019-03-04 18:00:00,102641.39,-12,-19.4,60.85,1.54,130,NA,103380,NA,NA,NA,NA,NA,1,NA,NA,NA,10,NA,NA,NA,NA,NA,NA,NA,NA,-15.53,NA,-18.09,91311.93,0,0,0,0.4,0,1,1,NA,40,NA,NA,NA,34,2019-03-04 18:00:00,2019-03-06 03:00:00,0.033,1.8,218,35,-11.6,5.7
2019-03-04 19:00:00,102675.25,-12,-20,55.87,2.06,110,NA,103430,NA,NA,3007,NA,NA,1,NA,NA,NA,10,NA,NA,NA,NA,NA,NA,NA,NA,-16.67,NA,-19.1,91342.05,0,0,0,0.300000000000001,0,1,0,NA,40,NA,NA,NA,34,2019-03-04 18:00:00,2019-03-06 03:00:00,0.025,0.6,211,35,-14.1,8.3
2019-03-04 20:00:00,102709.12,-14,-20.6,60.31,2.57,100,NA,103510,NA,NA,NA,NA,NA,1,NA,NA,NA,10,NA,NA,NA,NA,NA,NA,NA,NA,-20.43,NA,-20.09,91372.18,0,0,0,2.5,1,1,0,35,40,32,2019-03-04 20:00:00,2019-03-06 03:00:00,34,2019-03-04 18:00:00,2019-03-06 03:00:00,0.01,0.6,201,57,-15.8,17.2
2019-03-04 21:00:00,102776.85,-14,-20,60.31,4.63,130,NA,103540,NA,NA,NA,NA,NA,1,NA,NA,NA,10,NA,NA,NA,NA,NA,NA,NA,NA,-22.1,NA,-20.09,91432.44,0,0,0,1.7,1,1,0,35,40,32,2019-03-04 20:00:00,2019-03-06 03:00:00,34,2019-03-04 18:00:00,2019-03-06 03:00:00,0.004,0.7,165,48,-16.9,15.7
2019-03-04 22:00:00,102776.85,-15,-20.6,62.16,3.09,150,NA,103530,NA,NA,1009,NA,NA,1,NA,NA,NA,10,-7.8,-15.6,NA,NA,NA,NA,NA,NA,-22.27,NA,-21.08,91432.44,0,0,0,3,1,1,0,35,40,32,2019-03-04 20:00:00,2019-03-06 03:00:00,34,2019-03-04 18:00:00,2019-03-06 03:00:00,0.003,0.6,198,45,-18.2,27.3
2019-03-04 23:00:00,102776.85,-16,-20.6,65.23,1.54,120,NA,103530,NA,NA,NA,NA,NA,1,NA,NA,NA,10,NA,NA,NA,NA,NA,-7.8,-20,NA,-20.1,NA,-21.08,91432.44,0,0,0,3.7,1,1,1,35,40,32,2019-03-04 20:00:00,2019-03-06 03:00:00,34,2019-03-04 18:00:00,2019-03-06 03:00:00,0.003,0.7,205,41,-19.2,19.7
2019-03-05,102776.85,-18,-22.2,70.72,3.09,150,NA,103530,NA,NA,NA,NA,NA,1,NA,NA,NA,10,NA,NA,NA,NA,NA,NA,NA,NA,-25.25,NA,-22.06,91432.44,0,0,0,6.1,1,1,0,35,40,32,2019-03-04 20:00:00,2019-03-06 03:00:00,34,2019-03-04 18:00:00,2019-03-06 03:00:00,0.014,1.1,212,29,-20.2,14.2
2019-03-05 01:00:00,102844.57,-18,-21.7,70.72,1.54,140,NA,103580,NA,NA,3008,NA,NA,1,NA,NA,NA,10,NA,NA,NA,NA,NA,NA,NA,NA,-22.38,NA,-22.06,91492.68,0,0,0,6,1,1,1,35,40,32,2019-03-04 20:00:00,2019-03-06 03:00:00,34,2019-03-04 18:00:00,2019-03-06 03:00:00,0.017,0.9,198,50,-20.8,14.6
2019-03-05 02:00:00,102878.44,-18,-21.7,70.72,1.54,120,NA,103550,NA,NA,NA,NA,NA,1,NA,NA,NA,10,NA,NA,NA,NA,NA,NA,NA,NA,-22.96,NA,-22.06,91522.81,0,0,0,4.8,1,1,1,35,40,32,2019-03-04 20:00:00,2019-03-06 03:00:00,34,2019-03-04 18:00:00,2019-03-06 03:00:00,0.014,0.9,212,43,-21.7,17.7
2019-03-05 03:00:00,102844.57,-20,-22.8,76.84,0,0,NA,103530,NA,NA,NA,NA,NA,1,NA,NA,NA,9,NA,NA,NA,NA,NA,NA,NA,NA,-25.81,NA,-23.05,91492.68,0,0,0,7.1,1,1,1,35,40,32,2019-03-04 20:00:00,2019-03-06 03:00:00,34,2019-03-04 18:00:00,2019-03-06 03:00:00,0.015,0.6,201,63,-22,15.7
2019-03-05 04:00:00,102810.71,-21,-23.3,76.84,0,0,NA,103530,NA,NA,8006,NA,NA,1,NA,NA,NA,9,-15,-21.7,NA,NA,NA,NA,NA,NA,-24.67,NA,-23.05,91462.56,0,0,0,9.5,1,1,1,35,40,32,2019-03-04 20:00:00,2019-03-06 03:00:00,34,2019-03-04 18:00:00,2019-03-06 03:00:00,0.006,0.8,210,61,-22.5,20.2
2019-03-05 05:00:00,102776.85,-22,-23.9,83.69,0,0,NA,103560,NA,NA,NA,NA,NA,1,NA,NA,NA,9,NA,NA,NA,NA,NA,NA,NA,NA,-27.525,NA,-24.03,91432.44,0,0,0,10.6,1,1,1,35,40,32,2019-03-04 20:00:00,2019-03-06 03:00:00,34,2019-03-04 18:00:00,2019-03-06 03:00:00,0.003,0.9,211,57,-23.1,12.7
2019-03-05 06:00:00,102810.71,-23,-25,83.55,0,0,NA,103620,31,NA,NA,NA,NA,1,NA,NA,NA,7,NA,NA,NA,NA,NA,NA,NA,NA,-26.95,NA,-25.03,91462.56,0,0,0,12.1,1,1,1,35,40,32,2019-03-04 20:00:00,2019-03-06 03:00:00,34,2019-03-04 18:00:00,2019-03-06 03:00:00,0.003,0.9,210,49,-23.8,15.9
2019-03-05 07:00:00,102810.71,-22.8,-24.4,83.69,0,0,NA,103600,31,NA,8000,NA,NA,1,803,NA,NA,4,NA,NA,NA,2438.4,NA,NA,NA,NA,-29.15,NA,-24.03,91462.56,0,0,0,12.5,1,1,1,35,40,32,2019-03-04 20:00:00,2019-03-06 03:00:00,34,2019-03-04 18:00:00,2019-03-06 03:00:00,0.003,1,207,40,-23.4,20.8
2019-03-05 08:00:00,102776.85,-21,-23.6,83.82,0,0,NA,103550,31,NA,NA,NA,NA,1,803,NA,NA,10,NA,NA,NA,2438.4,NA,NA,NA,NA,-26.84,NA,-23.03,91432.44,0,0,0,11.8,1,1,1,35,40,32,2019-03-04 20:00:00,2019-03-06 03:00:00,34,2019-03-04 18:00:00,2019-03-06 03:00:00,0.005,1.1,217,55,-19.9,20.4
2019-03-05 09:00:00,102709.12,-18,-20.6,71.63,0,0,NA,103400,6,NA,NA,NA,NA,1,NA,NA,NA,10,NA,NA,NA,NA,NA,NA,NA,NA,-23.53,NA,-22.06,91372.18,0,0,0,11.3,1,1,1,35,40,32,2019-03-04 20:00:00,2019-03-06 03:00:00,34,2019-03-04 18:00:00,2019-03-06 03:00:00,0.011,1.5,246,39,-17.3,12.4
2019-03-05 10:00:00,102607.53,-17,-20,77.21,0,0,NA,103260,6,NA,8024,NA,NA,1,NA,NA,NA,7,-15.6,-23.3,NA,NA,NA,NA,NA,NA,-22.38,NA,-21.05,91281.81,0,0,0,11.7,1,1,1,35,40,32,2019-03-04 20:00:00,2019-03-06 03:00:00,34,2019-03-04 18:00:00,2019-03-06 03:00:00,0.02,1.4,252,53,-14.3,16.2
2019-03-05 11:00:00,102505.93,-15,-18.3,71.16,0,0,NA,103150,NA,NA,NA,NA,NA,1,NA,NA,NA,8,NA,NA,NA,NA,NA,NA,NA,NA,-20.1,NA,-19.08,91191.42,0,0,0,11.8,1,1,1,35,40,32,2019-03-04 20:00:00,2019-03-06 03:00:00,34,2019-03-04 18:00:00,2019-03-06 03:00:00,0.027,1.3,250,55,-11.6,10
2019-03-05 12:00:00,102404.34,-13,-18.9,65.98,2.06,230,NA,103030,NA,NA,NA,NA,NA,1,NA,NA,NA,10,NA,NA,NA,NA,NA,NA,NA,NA,-16.67,NA,-18.08,91101.04,0,0,0,11.2,1,1,0,35,40,32,2019-03-04 20:00:00,2019-03-06 03:00:00,34,2019-03-04 18:00:00,2019-03-06 03:00:00,0.029,1.5,267,59,-9.1,10
2019-03-05 13:00:00,102201.16,-10,-16.7,52.17,0,0,NA,102800,NA,NA,8037,NA,NA,1,NA,NA,NA,10,NA,NA,NA,NA,NA,NA,NA,NA,-15.53,NA,-18.09,90920.29,0,0,0,8.6,1,1,1,35,40,32,2019-03-04 20:00:00,2019-03-06 03:00:00,34,2019-03-04 18:00:00,2019-03-06 03:00:00,0.032,1.7,264,62,-8.1,9
2019-03-05 14:00:00,102065.7,-10,-16.7,56.45,0,0,NA,102660,NA,NA,NA,NA,NA,1,NA,NA,NA,10,NA,NA,NA,NA,NA,NA,NA,NA,-13.24,NA,-17.11,90799.78,0,0,0,9.3,1,1,1,35,40,32,2019-03-04 20:00:00,2019-03-06 03:00:00,34,2019-03-04 18:00:00,2019-03-06 03:00:00,0.036,1.7,264,51,-7.1,8.8
2019-03-05 15:00:00,101930.25,-9,-15.6,52.47,0,0,NA,102520,NA,NA,NA,NA,NA,1,NA,NA,NA,10,NA,NA,NA,NA,NA,NA,NA,NA,-12.1,NA,-16.12,90679.28,0,0,0,7.2,1,1,1,35,40,32,2019-03-04 20:00:00,2019-03-06 03:00:00,34,2019-03-04 18:00:00,2019-03-06 03:00:00,0.037,1.2,243,56,-6.4,10.8
2019-03-05 16:00:00,101828.66,-8,-15.6,52.47,0,0,NA,102410,NA,NA,8037,NA,NA,1,NA,NA,NA,10,-7.2,-16.7,NA,NA,0,NA,NA,NA,-10.96,NA,-16.12,90588.91,0,0,0,6.4,1,1,1,35,40,32,2019-03-04 20:00:00,2019-03-06 03:00:00,34,2019-03-04 18:00:00,2019-03-06 03:00:00,0.036,1.4,197,40,-6.2,10.5
2019-03-05 17:00:00,101727.07,-8,-15.6,52.47,0,0,NA,102390,NA,NA,NA,NA,NA,1,NA,NA,NA,10,NA,NA,NA,NA,NA,NA,NA,NA,-11.415,NA,-16.12,90498.53,0,0,0,3.8,1,1,1,35,40,32,2019-03-04 20:00:00,2019-03-06 03:00:00,34,2019-03-04 18:00:00,2019-03-06 03:00:00,0.033,1.6,237,35,-7,8.8
2019-03-05 18:00:00,101693.2,-8,-15.6,52.47,2.06,120,NA,102340,NA,NA,NA,NA,NA,1,NA,NA,NA,10,NA,NA,NA,NA,NA,NA,NA,NA,-11.87,NA,-16.12,90468.4,0,0,0,2.8,1,1,0,35,40,32,2019-03-04 20:00:00,2019-03-06 03:00:00,34,2019-03-04 18:00:00,2019-03-06 03:00:00,0.028,1.2,231,40,-8.3,8.1
2019-03-05 19:00:00,101625.47,-8,-14.4,61.66,1.54,40,NA,102300,NA,NA,8012,NA,NA,1,NA,NA,NA,10,NA,NA,NA,NA,NA,NA,NA,NA,-10.96,NA,-15.09,90408.14,0,0,0,2.4,1,1,1,35,40,32,2019-03-04 20:00:00,2019-03-06 03:00:00,34,2019-03-04 18:00:00,2019-03-06 03:00:00,0.023,0.9,222,38,-9,8.3
2019-03-05 20:00:00,101557.75,-9,-15,61.66,3.09,120,NA,102200,6,NA,NA,NA,NA,1,NA,NA,NA,10,NA,NA,NA,NA,NA,NA,NA,NA,-14.41,NA,-15.09,90347.9,0,0,0,3.5,1,1,0,35,40,32,2019-03-04 20:00:00,2019-03-06 03:00:00,34,2019-03-04 18:00:00,2019-03-06 03:00:00,0.026,1,219,32,-9.6,9.3
2019-03-05 21:00:00,101490.02,-9,-15,61.66,3.6,110,NA,102040,NA,NA,NA,NA,NA,1,NA,NA,NA,10,NA,NA,NA,NA,NA,NA,NA,NA,-14.96,NA,-15.09,90287.65,0,0,0,3.4,1,1,0,35,40,32,2019-03-04 20:00:00,2019-03-06 03:00:00,34,2019-03-04 18:00:00,2019-03-06 03:00:00,0.02,0.6,199,80,-10,11
2019-03-05 22:00:00,101422.29,-9,-14.4,66.95,3.09,130,NA,102000,NA,NA,6018,NA,NA,1,NA,NA,NA,10,-7.8,-9.4,NA,NA,NA,NA,NA,NA,-14.41,NA,-14.08,90227.39,0,0,0,3.1,1,1,0,35,40,32,2019-03-04 20:00:00,2019-03-06 03:00:00,34,2019-03-04 18:00:00,2019-03-06 03:00:00,0.017,1,203,33,-9.9,27
2019-03-05 23:00:00,101388.43,-9,-14.4,66.95,2.57,120,NA,101930,NA,NA,NA,NA,NA,1206,NA,NA,NA,10,NA,NA,NA,3657.6,NA,-7.2,-23.3,NA,-13.78,NA,-14.08,90197.27,0,0,0,2.5,1,1,0,35,40,32,2019-03-04 20:00:00,2019-03-06 03:00:00,34,2019-03-04 18:00:00,2019-03-06 03:00:00,0.019,0.7,221,48,-9.7,16.4
2019-03-06,101354.56,-9,-13.9,66.95,2.57,130,NA,101890,NA,NA,NA,NA,NA,1103,NA,NA,NA,10,NA,NA,NA,3352.8,NA,NA,NA,NA,-13.78,NA,-14.08,90167.14,0,0,0,2.6,1,1,0,35,40,32,2019-03-04 20:00:00,2019-03-06 03:00:00,34,2019-03-04 18:00:00,2019-03-06 03:00:00,0.026,0.6,181,65,-9.7,14.7
2019-03-06 01:00:00,101320.7,-9,-13.9,66.95,2.06,130,NA,101830,NA,NA,6007,NA,NA,904,NA,NA,NA,10,NA,NA,NA,2743.2,NA,NA,NA,NA,-13.04,NA,-14.08,90137.02,0,0,0,2.1,1,1,0,35,40,32,2019-03-04 20:00:00,2019-03-06 03:00:00,34,2019-03-04 18:00:00,2019-03-06 03:00:00,0.024,0.9,230,35,-9.7,20.4
2019-03-06 02:00:00,101286.84,-9,-13.3,66.95,1.54,140,NA,101760,NA,NA,NA,NA,NA,954,NA,NA,NA,10,NA,NA,NA,2895.6,NA,NA,NA,NA,-12.1,NA,-14.08,90106.89,0,0,0,2,1,1,1,35,40,32,2019-03-04 20:00:00,2019-03-06 03:00:00,34,2019-03-04 18:00:00,2019-03-06 03:00:00,0.029,1.3,234,34,-9.9,11.2
2019-03-06 03:00:00,101219.11,-9,-13.9,66.95,2.06,110,NA,101680,NA,NA,NA,NA,NA,704,904,NA,NA,10,NA,NA,NA,2133.6,NA,NA,NA,NA,-13.04,NA,-14.08,90046.64,0,0,0,1.3,1,1,0,35,40,32,2019-03-04 20:00:00,2019-03-06 03:00:00,34,2019-03-04 18:00:00,2019-03-06 03:00:00,0.031,0.7,215,45,-9.8,12.7
2019-03-06 04:00:00,101185.24,-8,-13.9,61.92,0,0,NA,101690,NA,NA,5011,NA,NA,464,704,NA,NA,10,-8.3,-9.4,NA,1402.08,NA,NA,NA,NA,-10.96,NA,-14.09,90016.51,0,0,0,-0.5,0,0,1,NA,NA,NA,NA,NA,NA,NA,NA,0.03,0.9,226,41,-9.7,13.9
2019-03-06 05:00:00,101185.24,-9,-12.5,74.425,0,0,NA,101690,20,NA,NA,0.254,NA,254,NA,NA,NA,2.5,NA,NA,NA,762,NA,NA,NA,NA,-12.1,NA,-12.965,90016.51,0,0,0,-0.0999999999999996,0,0,1,NA,NA,NA,NA,NA,NA,NA,NA,0.031,1.3,225,36,-10.2,15.9
2019-03-06 06:00:00,101151.38,-9,-11.7,78.77,1.54,290,NA,101610,2500,NA,NA,0.025,NA,314,NA,NA,NA,3.25,NA,NA,NA,944.88,NA,NA,NA,NA,-12.8,NA,-12.05,89986.38,0,0,0,-0.0999999999999996,0,0,1,NA,NA,NA,NA,NA,NA,NA,NA,0.029,1.1,228,36,-10.1,15.2
2019-03-06 07:00:00,101117.52,-9,-11.1,85.36,2.57,270,NA,101620,31,NA,5007,0.127,0.254,554,NA,NA,NA,5,NA,NA,NA,1676.4,NA,NA,NA,NA,-13.78,NA,-11.04,89956.26,0,0,0,-0.199999999999999,0,0,0,NA,NA,NA,NA,NA,NA,NA,NA,0.027,2.1,245,36,-9.8,24.3
2019-03-06 08:00:00,101117.52,-8,-10,79.1,2.06,260,NA,101610,31,NA,NA,0.025,NA,504,654,NA,NA,6,NA,NA,NA,1828.8,NA,NA,NA,NA,-11.87,NA,-11.04,89956.26,0,0,0,-1.6,0,0,0,NA,NA,NA,NA,NA,NA,NA,NA,0.027,2.8,239,26,-8.8,17.5
2019-03-06 09:00:00,101083.65,-4,-8.3,73.65,10.8,120,NA,101460,6,NA,NA,0.127,NA,604,NA,NA,NA,6,NA,NA,NA,1828.8,NA,NA,NA,NA,-12.61,NA,-8.08,89926.13,0,0,0,-5.8,0,0,0,NA,NA,NA,NA,NA,NA,NA,NA,0.034,2.8,252,29,-7,10.5
2019-03-06 10:00:00,101015.92,-3,-7.8,68.34,3.6,85,12.86,101440,NA,NA,8010,NA,NA,554,754,0.254,NA,10,-2.8,-9.4,13.38,1676.4,NA,NA,NA,120,-8.4,NA,-8.08,89865.88,0,0,0,-6.2,0,0,0,NA,NA,NA,NA,NA,NA,NA,NA,0.035,2.7,228,44,-4.5,6.9
2019-03-06 11:00:00,100982.06,-2,-8.3,58.68,10.03,110,NA,101350,NA,NA,NA,NA,NA,604,778,NA,NA,10,NA,NA,NA,1981.2,NA,NA,NA,NA,-9.6,NA,-9.1,89835.75,0,0,0,-6.5,0,0,0,NA,NA,NA,NA,NA,NA,NA,NA,0.038,4.4,98,22,-0.3,3
2019-03-06 12:00:00,100914.33,-1,-8.3,58.95,9.77,110,12.86,101240,NA,NA,NA,NA,NA,704,NA,NA,NA,10,NA,NA,NA,2133.6,NA,NA,NA,NA,-8.45,NA,-8.1,89775.5,0,0,0,-6.6,0,0,0,NA,NA,NA,NA,NA,NA,NA,NA,0.039,3.4,135,59,-1.3,4
2019-03-06 13:00:00,100745.01,-1,-8.3,54.8,9.26,110,11.83,101070,NA,NA,8028,NA,NA,704,NA,NA,NA,10,NA,NA,NA,2133.6,NA,NA,NA,NA,-7.72,NA,-8.11,89624.87,0,0,0,-5,0,0,0,NA,NA,NA,NA,NA,NA,NA,NA,0.037,4.6,99,26,0.5,2
2019-03-06 14:00:00,100677.29,1,-8.3,50.98,8.23,110,11.315,101030,NA,NA,NA,NA,NA,706,853,NA,NA,10,NA,NA,NA,2133.6,NA,NA,NA,NA,-5.3,NA,-8.12,89564.62,0,0,0,-2.8,0,0,0,NA,NA,NA,NA,NA,NA,NA,NA,0.039,3.1,104,35,3.2,-0.3
2019-03-06 15:00:00,100643.42,1,-7.8,50.98,9.77,110,12.35,100950,NA,NA,NA,NA,NA,654,904,NA,NA,10,NA,NA,13.38,2438.4,NA,NA,NA,110,-5.64,NA,-8.12,89534.49,0,0,0,-2.6,0,0,0,NA,NA,NA,NA,NA,NA,NA,NA,0.039,4.5,108,27,2,1.6
2019-03-06 16:00:00,100575.69,1,-7.8,50.98,9.77,110,11.575,100890,NA,904,8015,NA,NA,476,778,NA,NA,10,1.1,-3.3,13.38,2133.6,NA,NA,NA,110,-5.64,NA,-8.12,89474.24,0,0,0,-3.7,0,0,0,NA,NA,NA,NA,NA,NA,NA,NA,0.04,5.2,95,25,1.6,2.8
2019-03-06 17:00:00,100507.97,1,-7.2,55.08,9.26,110,12.09,100870,NA,NA,NA,NA,NA,1003,NA,NA,NA,10,NA,NA,NA,3048,NA,NA,NA,NA,-5.64,NA,-7.11,89413.99,0,0,0,-4.8,0,0,0,NA,NA,NA,NA,NA,NA,NA,NA,0.04,5.3,101,26,0.8,1.6
2019-03-06 18:00:00,100507.97,-1,-7.2,63.7,9.77,120,12.605,100890,NA,NA,NA,NA,NA,1102,NA,NA,NA,10,NA,NA,13.89,2286,NA,NA,NA,120,-8.28,NA,-7.09,89413.99,0,0,0,-2.8,0,0,0,NA,NA,NA,NA,NA,NA,NA,NA,0.042,5.1,103,25,-0.3,0.6
2019-03-06 19:00:00,100507.97,-1,-7.2,63.7,9.26,120,12.35,100910,NA,NA,5001,NA,NA,706,928,NA,NA,10,NA,NA,13.89,2514.6,NA,NA,NA,120,-8.23,NA,-7.09,89413.99,0,0,0,-2.3,0,0,0,NA,NA,NA,NA,NA,NA,NA,NA,0.041,3.8,130,33,-0.9,2.3
2019-03-06 20:00:00,100541.83,-1,-6.7,63.7,9.26,130,11.32,100880,NA,904,NA,NA,NA,703,903,NA,NA,10,NA,NA,13.89,2286,NA,NA,NA,130,-8.1,NA,-7.09,89444.12,0,0,0,-2.2,0,0,0,NA,NA,NA,NA,NA,NA,NA,NA,0.04,2.7,176,53,-1.6,5
2019-03-06 21:00:00,100541.83,-1,-7.2,63.7,9.26,130,10.8,100840,NA,954,NA,NA,NA,802,1004,NA,NA,10,NA,NA,NA,2895.6,NA,NA,NA,NA,-8.23,NA,-7.09,89444.12,0,0,0,-1.1,0,0,0,NA,NA,NA,NA,NA,NA,NA,NA,0.041,1.8,236,55,-1.9,6.7
2019-03-06 22:00:00,100541.83,-2,-7.2,68.56,6.69,130,9.775,100870,NA,904,3003,NA,NA,656,904,NA,NA,10,1.1,-1.7,NA,2743.2,NA,NA,NA,NA,-7.8,NA,-7.08,89444.12,0,0,0,1,1,1,0,NA,NA,1,2019-03-06 22:00:00,2019-03-06 22:00:00,4,2019-03-06 22:00:00,2019-03-07 01:00:00,0.041,1.6,274,39,-2.9,7.8
2019-03-06 23:00:00,100541.83,-2,-7.8,63.45,7.72,120,10.8,100810,NA,NA,NA,NA,NA,703,853,NA,NA,10,NA,NA,NA,2133.6,NA,1.1,-9.4,NA,-8.81,NA,-8.09,89444.12,0,0,0,0.4,0,1,0,NA,NA,NA,NA,NA,4,2019-03-06 22:00:00,2019-03-07 01:00:00,0.041,1.3,252,37,-3.1,7.8
2019-03-07,100541.83,-2,-7.8,63.45,7.72,120,NA,100810,NA,NA,NA,NA,NA,704,804,NA,NA,10,NA,NA,NA,2438.4,NA,NA,NA,NA,-8.81,NA,-8.09,89444.12,0,0,0,0.2,0,1,0,NA,NA,NA,NA,NA,4,2019-03-06 22:00:00,2019-03-07 01:00:00,0.037,0.9,181,80,-3.9,8.1
2019-03-07 01:00:00,100541.83,-2,-7.8,63.45,8.75,120,NA,100820,20,NA,5001,0.025,0.025,304,704,NA,NA,9,NA,NA,NA,914.4,NA,NA,NA,NA,-9.23,NA,-8.09,89444.12,0,0,0,0.2,0,1,0,NA,NA,NA,NA,NA,4,2019-03-06 22:00:00,2019-03-07 01:00:00,0.034,1.1,221,60,-3.7,10.3
2019-03-07 02:00:00,100558.76,-2,-7.2,63.45,7.46,120,10.8,100850,20,754,NA,0.025,NA,362.5,504,NA,NA,10,NA,NA,NA,1280.16,NA,NA,NA,NA,-8.695,NA,-8.09,89459.18,0,0,0,-0.1,0,0,0,NA,NA,NA,NA,NA,NA,NA,NA,0.036,1.3,219,31,-3.8,10.3
2019-03-07 03:00:00,100575.69,-3,-6.7,74.145,5.14,120,NA,100810,20,NA,NA,0.254,NA,318.5,394,NA,NA,6.5,NA,NA,NA,960.12,NA,NA,NA,NA,-8.76,NA,-6.765,89474.24,0,0,0,0.7,1,1,0,NA,NA,5,2019-03-07 03:00:00,2019-03-07 07:00:00,5,2019-03-07 03:00:00,2019-03-07 07:00:00,0.036,0.9,150,76,-3.8,8.8
2019-03-07 04:00:00,100541.83,-3,-5.6,74.45,1.54,130,NA,100820,1260,304,8002,0.025,NA,294,253,0.254,0.508,9,-1.1,-3.9,NA,883.92,NA,NA,NA,NA,-6.39,NA,-6.76,89444.12,0,0,0,1.3,1,1,1,NA,NA,5,2019-03-07 03:00:00,2019-03-07 07:00:00,5,2019-03-07 03:00:00,2019-03-07 07:00:00,0.036,1.6,129,59,-3.5,8.1
2019-03-07 05:00:00,100507.97,-3,-5.6,79.74,1.54,110,NA,100790,2500,304,NA,0.025,NA,244,254,NA,NA,10,NA,NA,NA,731.52,NA,NA,NA,NA,-6.38,NA,-6.05,89413.99,0,0,0,1.7,1,1,1,NA,NA,5,2019-03-07 03:00:00,2019-03-07 07:00:00,5,2019-03-07 03:00:00,2019-03-07 07:00:00,0.037,1.9,71,60,-3.3,7.4
2019-03-07 06:00:00,100507.97,-4,-5.6,85.93,1.54,250,NA,100820,NA,NA,NA,NA,NA,224,NA,NA,NA,8,NA,NA,NA,670.56,NA,NA,NA,NA,-7.2,NA,-6.04,89413.99,0,0,0,2.9,1,1,1,NA,NA,5,2019-03-07 03:00:00,2019-03-07 07:00:00,5,2019-03-07 03:00:00,2019-03-07 07:00:00,0.037,2.6,86,36,-3.3,5.2
2019-03-07 07:00:00,100660.355,-3,-5.6,84.42,3.6,330,NA,101030,2500,314,3022,0.254,0.254,233.5,274,NA,NA,1.375,NA,NA,NA,792.48,NA,NA,NA,NA,-8.035,NA,-6.04,89549.555,0,0,0,1.4,1,1,0,NA,NA,5,2019-03-07 03:00:00,2019-03-07 07:00:00,5,2019-03-07 03:00:00,2019-03-07 07:00:00,0.034,2,41,50,-3.6,4.8
2019-03-07 08:00:00,100812.74,-3,-4.2,92.79,1.54,150,NA,101140,2403,NA,NA,0.635,NA,165,294,NA,NA,0.5,NA,NA,NA,487.68,NA,NA,NA,NA,-6.03,NA,-4.02,89685.12,0,0,0,-0.3,0,0,1,NA,NA,NA,NA,NA,NA,NA,NA,0.028,2.2,100,35,-3.7,5.5
2019-03-07 09:00:00,100880.47,-3,-4.4,92.79,0,0,NA,101250,2500,954,NA,0.025,NA,86,483,NA,NA,2.5,NA,NA,NA,1249.68,NA,NA,NA,NA,-6.65,NA,-4.02,89745.38,0,0,0,-1.3,0,0,1,NA,NA,NA,NA,NA,NA,NA,NA,0.027,1.1,315,56,-2.3,5.5
2019-03-07 10:00:00,100982.06,-2,-3.9,86.15,0,0,NA,101290,31,1004,3016,NA,NA,96,483,1.27,NA,7,-1.1,-4.4,NA,1432.56,NA,NA,NA,NA,-3.99,NA,-4.03,89835.75,0,0,0,-2.9,0,0,1,NA,NA,NA,NA,NA,NA,NA,NA,0.027,1.2,287,64,-0.4,4
2019-03-07 11:00:00,101049.79,0,-3.3,75.08,1.54,60,NA,101320,NA,NA,NA,NA,NA,754,779,NA,NA,10,NA,NA,NA,2286,NA,NA,NA,NA,-3.09,NA,-4.05,89896.01,0,0,0,-5.1,0,0,1,NA,NA,NA,NA,NA,NA,NA,NA,0.025,1,142,55,2.6,6.4
2019-03-07 12:00:00,101083.65,1,-5.6,74.6,2.06,220,NA,101330,NA,NA,NA,NA,NA,754,NA,NA,NA,10,NA,NA,NA,2286,NA,NA,NA,NA,-2.21,NA,-3.06,89926.13,0,0,0,-5.6,0,0,0,NA,NA,NA,NA,NA,NA,NA,NA,0.028,1.1,101,77,4.4,10.5
2019-03-07 13:00:00,101083.65,3,-7.8,47.75,5.66,330,NA,101340,NA,NA,6,NA,NA,804,NA,NA,NA,10,NA,NA,NA,2438.4,NA,NA,NA,NA,-1.72,NA,-7.12,89926.13,0,0,0,-7.2,0,0,0,NA,NA,NA,NA,NA,NA,NA,NA,0.035,2.6,310,27,4.5,7.3
2019-03-07 14:00:00,101083.65,2,-8.9,47.45,6.69,330,NA,101360,NA,NA,NA,NA,NA,656,804,NA,NA,10,NA,NA,NA,2438.4,NA,NA,NA,NA,-3.22,NA,-8.13,89926.13,0,0,0,-7.2,0,0,0,NA,NA,NA,NA,NA,NA,NA,NA,0.037,4.3,331,24,2.4,4
2019-03-07 15:00:00,101117.52,2,-10,43.88,5.66,330,NA,101380,NA,NA,NA,NA,NA,703,854,NA,NA,10,NA,NA,NA,2590.8,NA,NA,NA,NA,-2.75,NA,-9.13,89956.26,0,0,0,-8.1,0,0,0,NA,NA,NA,NA,NA,NA,NA,NA,0.038,3,315,33,2.1,2.5
2019-03-07 16:00:00,101151.38,2,-9.4,43.88,4.12,330,NA,101430,NA,NA,3006,NA,NA,703,804,NA,NA,10,3.3,-1.7,NA,2133.6,NA,NA,NA,NA,-1.9,NA,-9.13,89986.38,0,0,0,-8.8,0,0,0,NA,NA,NA,NA,NA,NA,NA,NA,0.037,2.4,321,30,1.9,0
2019-03-07 17:00:00,101151.38,1,-8.9,47.14,4.63,330,NA,101430,NA,NA,NA,NA,NA,704,804,NA,NA,10,NA,NA,NA,2133.6,NA,NA,NA,NA,-3.13,NA,-9.13,89986.38,0,0,0,-8.2,0,0,0,NA,NA,NA,NA,NA,NA,NA,NA,0.036,2.5,318,33,1.4,0.3
2019-03-07 18:00:00,101151.38,1,-8.3,50.98,3.09,330,NA,101510,NA,NA,NA,NA,NA,802,804,NA,NA,10,NA,NA,NA,2286,NA,NA,NA,NA,-3.13,NA,-9.11,89986.38,0,0,0,-9.2,0,0,0,NA,NA,NA,NA,NA,NA,NA,NA,0.036,2,292,39,0.3,4
2019-03-07 19:00:00,101219.11,-1,-9.4,54.52,0,0,NA,101560,NA,NA,3008,NA,NA,602,NA,NA,NA,10,NA,NA,NA,1828.8,NA,NA,NA,NA,-4.44,NA,-9.11,90046.64,0,0,0,-8.5,0,0,1,NA,NA,NA,NA,NA,NA,NA,NA,0.031,1.2,231,42,-1.3,5.5
2019-03-07 20:00:00,101252.97,-3,-11.1,62.7,1.54,30,NA,101610,NA,NA,NA,NA,NA,602,NA,NA,NA,10,NA,NA,NA,1828.8,NA,NA,NA,NA,-8.37,NA,-9.1,90076.76,0,0,0,-6.7,0,0,1,NA,NA,NA,NA,NA,NA,NA,NA,0.017,0.9,179,68,-3.6,5.9
2019-03-07 21:00:00,101252.97,-5,-11.1,62.7,2.06,320,NA,101630,NA,NA,NA,NA,NA,556,NA,NA,NA,10,NA,NA,NA,NA,NA,NA,NA,NA,-8.37,NA,-11.09,90076.76,0,0,0,-5.2,0,0,0,NA,NA,NA,NA,NA,NA,NA,NA,0.006,1.4,213,31,-5.1,6.9
2019-03-07 22:00:00,101286.84,-6,-11.1,67.65,3.09,330,NA,101650,NA,NA,3006,NA,NA,1,NA,NA,NA,10,1.7,-6.7,NA,NA,NA,NA,NA,NA,-10.8,NA,-11.08,90106.89,0,0,0,-4.1,0,0,0,NA,NA,NA,NA,NA,NA,NA,NA,0.009,1.3,185,48,-5.8,4
2019-03-07 23:00:00,101252.97,-7,-12.2,67.65,2.57,140,NA,101630,NA,NA,NA,NA,NA,436,503,NA,NA,10,NA,NA,NA,1524,NA,3.3,-8.9,NA,-10.7,NA,-12.08,90076.76,0,0,0,-2.8,0,0,0,NA,NA,NA,NA,NA,NA,NA,NA,0.009,1.1,171,56,-7.2,3
2019-03-08,101252.97,-8,-12.8,72.85,1.54,290,NA,101570,NA,NA,NA,NA,NA,1,NA,NA,NA,10,NA,NA,NA,NA,NA,NA,NA,NA,-10.96,NA,-12.07,90076.76,0,0,0,-2.1,0,0,1,NA,NA,NA,NA,NA,NA,NA,NA,0.012,0.9,205,65,-8.2,5
2019-03-08 01:00:00,101219.11,-10,-13.3,78.44,2.06,340,NA,101590,NA,NA,6007,NA,NA,1,NA,NA,NA,10,NA,NA,NA,NA,NA,NA,NA,NA,-13.14,NA,-13.07,90046.64,0,0,0,0,0,1,0,NA,43,NA,NA,NA,8,2019-03-08 01:00:00,2019-03-08 08:00:00,0.008,1.1,214,61,-9.5,6.4
2019-03-08 02:00:00,101219.11,-11,-14.4,78.44,0,0,NA,101600,NA,NA,NA,NA,NA,1,NA,NA,NA,10,NA,NA,NA,NA,NA,NA,NA,NA,NA,NA,-14.05,90046.64,0,0,0,0.199999999999999,0,1,1,NA,43,NA,NA,NA,8,2019-03-08 01:00:00,2019-03-08 08:00:00,0.006,0.9,208,70,-10.8,7.4
2019-03-08 03:00:00,101185.24,-11,-16.1,78.44,0,0,NA,101570,NA,NA,NA,NA,NA,1,NA,NA,NA,10,NA,NA,NA,NA,NA,NA,NA,NA,-15.53,NA,-14.05,90016.51,0,0,0,0.6,1,1,1,38,43,6,2019-03-08 03:00:00,2019-03-08 08:00:00,8,2019-03-08 01:00:00,2019-03-08 08:00:00,0.007,0.9,169,55,-11.4,6.9
2019-03-08 04:00:00,101151.38,-12,-16.1,78.27,0,0,NA,101560,NA,NA,8007,NA,NA,1,NA,NA,1.27,10,-5.6,-13.3,NA,NA,NA,NA,NA,NA,-16.1,NA,-15.05,89986.38,0,0,0,2.1,1,1,1,38,43,6,2019-03-08 03:00:00,2019-03-08 08:00:00,8,2019-03-08 01:00:00,2019-03-08 08:00:00,0.003,0.8,211,65,-12.2,5.9
2019-03-08 05:00:00,101151.38,-13,-15.6,78.1,0,0,NA,101600,NA,NA,NA,NA,NA,554,NA,NA,NA,10,NA,NA,NA,1676.4,NA,NA,NA,NA,-17.01,NA,-16.05,89986.38,0,0,0,3.1,1,1,1,38,43,6,2019-03-08 03:00:00,2019-03-08 08:00:00,8,2019-03-08 01:00:00,2019-03-08 08:00:00,0.002,1.2,195,54,-12.7,4.8
2019-03-08 06:00:00,101117.52,-12,-15,79.54,0,0,NA,101540,NA,NA,NA,NA,NA,554,NA,NA,NA,10,NA,NA,NA,1676.4,NA,NA,NA,NA,-15.53,NA,-14.05,89956.26,0,0,0,2,1,1,1,38,43,6,2019-03-08 03:00:00,2019-03-08 08:00:00,8,2019-03-08 01:00:00,2019-03-08 08:00:00,0.002,0.9,193,51,-12.9,6.7
2019-03-08 07:00:00,101117.52,-12,-13.3,84.99,0,0,NA,101550,NA,NA,8003,NA,NA,554,NA,NA,NA,10,NA,NA,NA,1676.4,NA,NA,NA,NA,-15.53,NA,-14.04,89956.26,0,0,0,2,1,1,1,38,43,6,2019-03-08 03:00:00,2019-03-08 08:00:00,8,2019-03-08 01:00:00,2019-03-08 08:00:00,0.003,1.2,204,51,-11.9,11
2019-03-08 08:00:00,101117.52,-11,-14.4,80.28,1.54,60,NA,101620,NA,NA,NA,NA,NA,1,NA,NA,NA,9,NA,NA,NA,NA,NA,NA,NA,NA,-16.98,NA,-13.05,89956.26,0,0,0,1.5,1,1,1,38,43,6,2019-03-08 03:00:00,2019-03-08 08:00:00,8,2019-03-08 01:00:00,2019-03-08 08:00:00,0.009,1.8,136,48,-8.8,9.3
2019-03-08 09:00:00,101083.65,-8,-11.7,72.85,0,0,NA,101520,NA,NA,NA,NA,NA,1,NA,NA,NA,8,NA,NA,NA,NA,NA,NA,NA,NA,-16.54,NA,-12.08,89926.13,0,0,0,-0.699999999999999,0,0,1,NA,NA,NA,NA,NA,NA,NA,NA,0.015,1.7,238,36,-7,5.5
2019-03-08 10:00:00,101083.65,-7,-11.1,67.42,0,0,NA,101460,NA,NA,8005,NA,NA,1,NA,NA,NA,10,-6.1,-13.9,NA,NA,NA,NA,NA,NA,NA,NA,-12.08,89926.13,0,0,0,-0.9,0,0,1,NA,NA,NA,NA,NA,NA,NA,NA,0.023,1,245,67,-4.2,5.5
2019-03-08 11:00:00,101015.92,-4,-10.6,59.57,0,0,NA,101430,NA,NA,NA,NA,NA,1,NA,NA,NA,10,NA,NA,NA,NA,NA,NA,NA,NA,NA,NA,-11.09,89865.88,0,0,0,-1,0,0,1,NA,NA,NA,NA,NA,NA,NA,NA,0.027,1.2,196,60,-2,6.2
2019-03-08 12:00:00,100982.06,-4,-10.6,58.14,0,0,NA,101400,NA,NA,NA,NA,NA,553,803.5,NA,NA,10,NA,NA,NA,2286,NA,NA,NA,NA,-5.25,NA,-11.1,89835.75,0,0,0,-1.5,0,0,1,NA,NA,NA,NA,NA,NA,NA,NA,0.029,1.3,272,70,-1.3,4.5
2019-03-08 13:00:00,100914.33,-3.65,-9.7,59.205,0,0,NA,101310,20,854,8015,0.025,0.025,603,704,NA,NA,10,NA,NA,NA,1828.8,NA,NA,NA,NA,-5.245,NA,-10.095,89775.5,0,0,0,-1.25,0,0,1,NA,NA,NA,NA,NA,NA,NA,NA,0.031,0.9,159,61,-0.4,4.8
2019-03-08 14:00:00,100812.74,-3,-10,58.41,1.54,100,NA,101240,NA,NA,NA,NA,NA,653,804,NA,NA,10,NA,NA,NA,1981.2,NA,NA,NA,NA,-4.675,NA,-10.1,89685.12,0,0,0,-1.9,0,0,1,NA,NA,NA,NA,NA,NA,NA,NA,0.031,1.3,336,62,0.3,8.8
2019-03-08 15:00:00,100812.74,-2,-8.9,58.41,0,0,NA,101240,NA,853,NA,NA,NA,556,804,NA,NA,10,NA,NA,NA,2286,NA,NA,NA,NA,-4.1,NA,-9.11,89685.12,0,0,0,-1.9,0,0,1,NA,NA,NA,NA,NA,NA,NA,NA,0.035,2.7,216,32,0.1,7.3
2019-03-08 16:00:00,100778.88,-1,-7.2,58.95,0,0,NA,101190,NA,NA,6012,NA,NA,903,952,0.025,NA,10,0,-6.7,NA,2895.6,NA,NA,NA,NA,-2.96,NA,-8.1,89655,0,0,0,-3.3,0,0,1,NA,NA,NA,NA,NA,NA,NA,NA,0.038,2.6,198,26,-0.2,3.1
2019-03-08 17:00:00,100778.88,-1,-7.2,63.7,0,0,NA,101230,NA,754,NA,NA,NA,504,753,NA,NA,10,NA,NA,NA,1524,NA,NA,NA,NA,NA,NA,-7.09,89655,0,0,0,-4.3,0,0,1,NA,NA,NA,NA,NA,NA,NA,NA,0.037,1.5,204,33,-0.9,2.3
2019-03-08 18:00:00,100812.74,-2.8,-8.3,68.34,0,0,NA,101280,NA,654,NA,NA,NA,556,703,NA,NA,10,NA,NA,NA,1981.2,NA,NA,NA,NA,-5.25,NA,-8.08,89685.12,0,0,0,-5.8,0,0,1,NA,NA,NA,NA,NA,NA,NA,NA,0.034,2,230,29,-1.7,5.2
2019-03-08 19:00:00,100880.47,-3.9,-8.9,68.34,0,0,NA,101350,NA,NA,3012,NA,NA,653,NA,NA,NA,10,NA,NA,NA,1981.2,NA,NA,NA,NA,-5.25,NA,-8.08,89745.38,0,0,0,-5.9,0,0,1,NA,NA,NA,NA,NA,NA,NA,NA,0.029,1.1,200,36,-3.2,5.2
2019-03-08 20:00:00,100914.33,-4,-7.8,68.11,1.54,40,NA,101400,NA,NA,NA,NA,NA,604,NA,NA,NA,10,NA,NA,NA,1828.8,NA,NA,NA,NA,-6.39,NA,-9.08,89775.5,0,0,0,-6,0,0,1,NA,NA,NA,NA,NA,NA,NA,NA,0.017,0.7,146,64,-4.9,6.7
2019-03-08 21:00:00,100948.2,-6,-10.6,73.45,1.54,50,NA,101430,NA,NA,NA,NA,NA,506,656,NA,NA,10,NA,NA,NA,1524,NA,NA,NA,NA,-9.47,NA,-9.07,89805.63,0,0,0,-3.5,0,0,1,NA,NA,NA,NA,NA,NA,NA,NA,0.011,1.1,177,49,-6,8.8
2019-03-08 22:00:00,101015.92,-6,-10,73.25,1.54,20,NA,101460,NA,NA,3013,NA,NA,484,653,NA,NA,10,0,-7.2,NA,1463.04,NA,NA,NA,NA,-8.67,NA,-10.07,89865.88,0,0,0,-3.2,0,0,1,NA,NA,NA,NA,NA,NA,NA,NA,0.007,1,162,71,-6.2,7.8
2019-03-08 23:00:00,101083.65,-7.2,-10,78.94,1.54,70,NA,101510,NA,NA,NA,NA,NA,654,654,NA,NA,10,NA,NA,NA,1981.2,NA,0,-13.9,NA,-10.83,NA,-11.05,89926.13,0,0,0,-2.2,0,0,1,NA,NA,NA,NA,NA,NA,NA,NA,0.012,1.1,226,70,-6.4,6.9
2019-03-09,101117.52,-7,-10,79.1,0,0,NA,101520,NA,NA,NA,NA,NA,704,NA,NA,NA,10,NA,NA,NA,2133.6,NA,NA,NA,NA,-9.82,NA,-10.05,89956.26,0,0,0,-2.8,0,0,1,NA,NA,NA,NA,NA,NA,NA,NA,0.009,1,156,54,-7.2,6.9
2019-03-09 01:00:00,101151.38,-7,-10,78.94,1.54,60,NA,101560,NA,NA,1012,NA,NA,703,NA,NA,NA,10,NA,NA,NA,2133.6,NA,NA,NA,NA,-9.82,NA,-11.05,89986.38,0,0,0,-2.9,0,0,1,NA,NA,NA,NA,NA,NA,NA,NA,0.008,0.7,177,61,-7.8,9.1
2019-03-09 02:00:00,101185.24,-7,-11.1,79.1,0,0,NA,101600,NA,NA,NA,NA,NA,656,NA,NA,NA,10,NA,NA,NA,NA,NA,NA,NA,NA,-9.82,NA,-10.05,90016.51,0,0,0,-3.5,0,0,1,NA,NA,NA,NA,NA,NA,NA,NA,0.006,1.1,180,58,-8.3,11.2
2019-03-09 03:00:00,101185.24,-9,-11.1,78.77,0,0,NA,101600,NA,NA,NA,NA,NA,1,NA,NA,NA,10,NA,NA,NA,NA,NA,NA,NA,NA,-13.72,NA,-12.05,90016.51,0,0,0,-1.5,0,0,1,NA,NA,NA,NA,NA,NA,NA,NA,0.005,1,190,66,-8.8,9.5
2019-03-09 04:00:00,101219.11,-11,-13.3,85.11,0,0,NA,101690,NA,NA,3009,NA,NA,1,NA,NA,NA,10,-6.1,-11.7,NA,NA,NA,NA,NA,NA,-14.88,NA,-13.04,90046.64,0,0,0,0.0999999999999996,0,1,1,NA,NA,NA,NA,NA,4,2019-03-09 04:00:00,2019-03-09 07:00:00,0.003,0.9,191,59,-10.5,6.9
2019-03-09 05:00:00,101320.7,-12,-13.95,85.11,1.54,150,NA,101790,31,NA,NA,NA,NA,1,NA,NA,NA,10,NA,NA,NA,NA,NA,NA,NA,NA,-15.19,NA,-13.94,90137.02,0,0,0,0.699999999999999,1,1,1,NA,NA,1,2019-03-09 05:00:00,2019-03-09 05:00:00,4,2019-03-09 04:00:00,2019-03-09 07:00:00,0.002,0.9,202,51,-11.9,8.3
2019-03-09 06:00:00,101354.56,-12,-14.45,84.99,0,0,NA,101850,31,NA,NA,NA,NA,1,NA,NA,NA,7,NA,NA,NA,NA,NA,NA,NA,NA,-15.53,NA,-14.04,90167.14,0,0,0,0.4,0,1,1,NA,NA,NA,NA,NA,4,2019-03-09 04:00:00,2019-03-09 07:00:00,0.002,0.7,217,79,-12.7,6.9
2019-03-09 07:00:00,101422.29,-13.3,-15.55,84.87,0,0,NA,101930,31,NA,1015,NA,NA,16,123,NA,NA,7,NA,NA,NA,91.44,NA,NA,NA,NA,-17.81,NA,-15.04,90227.39,0,0,0,1.4,1,1,1,NA,NA,1,2019-03-09 07:00:00,2019-03-09 07:00:00,4,2019-03-09 04:00:00,2019-03-09 07:00:00,0.002,0.7,197,55,-12.8,7.4
2019-03-09 08:00:00,101456.15,-11,-11.1,92.22,0,0,NA,101920,31,NA,NA,NA,NA,24,NA,NA,NA,2,NA,NA,NA,60.96,NA,NA,NA,NA,-15.53,NA,-13.02,90257.51,0,0,0,-0.6,0,0,1,NA,NA,NA,NA,NA,NA,NA,NA,0.004,1,218,42,-8.9,9.1
2019-03-09 09:00:00,101456.15,-9,-10,92.42,0,0,NA,101950,31,NA,NA,NA,NA,23,74,NA,NA,2,NA,NA,NA,60.96,NA,NA,NA,NA,NA,NA,-10.02,90257.51,0,0,0,-1.6,0,0,1,NA,NA,NA,NA,NA,NA,NA,NA,0.015,1.1,221,45,-5.6,8.6
2019-03-09 10:00:00,101456.15,-8,-10,85.47,0,0,NA,101920,NA,NA,1003,NA,NA,52,NA,NA,NA,9,-7.2,-14.4,NA,152.4,NA,NA,NA,NA,NA,NA,-10.04,90257.51,0,0,0,-1.5,0,0,1,NA,NA,NA,NA,NA,NA,NA,NA,0.024,1.3,256,49,-4.8,8.6
2019-03-09 11:00:00,101456.15,-6,-8.9,79.26,0,0,NA,101880,NA,NA,NA,NA,NA,1,NA,NA,NA,10,NA,NA,NA,NA,NA,NA,NA,NA,NA,NA,-9.05,90257.51,0,0,0,-0.3,0,0,1,NA,NA,NA,NA,NA,NA,NA,NA,0.028,1,114,79,-1.4,7.9
2019-03-09 12:00:00,101422.29,-4,-10,63.2,0,0,NA,101800,NA,NA,NA,NA,NA,1,NA,NA,NA,10,NA,NA,NA,NA,NA,NA,NA,NA,-6.39,NA,-9.09,90227.39,0,0,0,-0.8,0,0,1,NA,NA,NA,NA,NA,NA,NA,NA,0.032,1.2,238,56,-0.4,8.3
2019-03-09 13:00:00,101354.56,-3,-8.3,63.2,1.54,240,NA,101740,NA,NA,8012,NA,NA,1,NA,NA,NA,10,NA,NA,NA,NA,NA,NA,NA,NA,-5.25,NA,-9.09,90167.14,0,0,0,-2.5,0,0,1,NA,NA,NA,NA,NA,NA,NA,NA,0.035,1.5,280,63,0.4,7.4
2019-03-09 14:00:00,101320.7,-2,-11.1,54.23,0,0,NA,101710,NA,NA,NA,NA,NA,1,NA,NA,NA,10,NA,NA,NA,NA,NA,NA,NA,NA,NA,NA,-10.12,90137.02,0,0,0,-3.2,0,0,1,NA,NA,NA,NA,NA,NA,NA,NA,0.038,1.5,239,60,0.2,3.8
2019-03-09 15:00:00,101320.7,-1,-9.4,50.39,2.06,140,NA,101720,NA,NA,NA,NA,NA,606,802,NA,NA,10,NA,NA,NA,2438.4,NA,NA,NA,NA,-4.57,NA,-10.12,90137.02,0,0,0,-4.1,0,0,0,NA,NA,NA,NA,NA,NA,NA,NA,0.04,1.2,175,40,1,2.1
2019-03-09 16:00:00,101320.7,-2,-7.2,63.7,2.06,160,NA,101750,NA,NA,5001,NA,NA,702,903,NA,NA,10,-0.6,-7.8,NA,2743.2,NA,NA,NA,NA,-4.86,NA,-7.09,90137.02,0,0,0,-3.6,0,0,0,NA,NA,NA,NA,NA,NA,NA,NA,0.04,1.3,111,46,0.7,0.3
2019-03-09 17:00:00,101320.7,-2,-6.7,68.78,2.06,80,NA,101800,NA,NA,NA,NA,NA,556,NA,NA,NA,10,NA,NA,NA,NA,NA,NA,NA,NA,-4.86,NA,-6.78,90137.02,0,0,0,-5.1,0,0,0,NA,NA,NA,NA,NA,NA,NA,NA,0.038,1.4,220,44,-0.7,0.6
2019-03-09 18:00:00,101354.56,-3,-9.4,68.11,1.54,30,NA,101840,NA,NA,NA,NA,NA,1,NA,NA,NA,10,NA,NA,NA,NA,NA,NA,NA,NA,-5.25,NA,-9.08,90167.14,0,0,0,-5.6,0,0,1,NA,NA,NA,NA,NA,NA,NA,NA,0.031,1,159,41,-2.4,0.8
2019-03-09 19:00:00,101388.43,-5,-12.2,62.44,1.54,20,NA,101930,NA,NA,3007,NA,NA,1,NA,NA,NA,10,NA,NA,NA,NA,NA,NA,NA,NA,-7.53,NA,-11.1,90197.27,0,0,0,-5.3,0,0,1,NA,NA,NA,NA,NA,NA,NA,NA,0.02,0.7,192,34,-4.9,5.7
2019-03-09 20:00:00,101456.15,-6,-10,67.42,0,0,NA,101940,NA,NA,NA,NA,NA,703,NA,NA,NA,10,NA,NA,NA,2133.6,NA,NA,NA,NA,-8.67,NA,-12.08,90257.51,0,0,0,-4.5,0,0,1,NA,NA,NA,NA,NA,NA,NA,NA,0.015,0.9,146,43,-5.3,9.3
2019-03-09 21:00:00,101490.02,-7,-10,73.06,0,0,NA,101990,NA,NA,NA,NA,NA,704,NA,NA,NA,10,NA,NA,NA,2133.6,NA,NA,NA,NA,-9.82,NA,-10.08,90287.65,0,0,0,-3.8,0,0,1,NA,NA,NA,NA,NA,NA,NA,NA,0.016,1,158,69,-5.2,6.2
2019-03-09 22:00:00,101557.75,-6,-11.1,67.88,0,0,NA,102040,NA,NA,3016,NA,NA,704,NA,NA,NA,10,-1.1,-7.2,NA,2133.6,NA,NA,NA,NA,-9.82,NA,-11.07,90347.9,0,0,0,-4.2,0,0,1,NA,NA,NA,NA,NA,NA,NA,NA,0.018,1,217,66,-5.4,6.7
2019-03-09 23:00:00,101625.47,-6,-11.7,72.85,2.06,130,NA,102070,NA,NA,NA,NA,NA,654,NA,NA,NA,10,NA,NA,NA,1981.2,NA,-0.6,-14.4,NA,-10.22,NA,-11.08,90408.14,0,0,0,-3.9,0,0,0,NA,NA,NA,NA,NA,NA,NA,NA,0.025,1.1,248,56,-6.1,7.4
2019-03-10,101625.47,-8,-12.2,72.85,0,0,NA,102100,NA,NA,NA,NA,NA,603,NA,NA,NA,10,NA,NA,NA,1828.8,NA,NA,NA,NA,-10.96,NA,-12.07,90408.14,0,0,0,-2.4,0,0,1,NA,NA,NA,NA,NA,NA,NA,NA,0.025,1.3,230,43,-7.2,6.4
2019-03-10 01:00:00,101727.07,-9,-13.3,78.77,0,0,NA,102200,NA,NA,3014,NA,NA,1,NA,NA,NA,10,NA,NA,NA,NA,NA,NA,NA,NA,-14.39,NA,-13.04,90498.53,0,0,0,-2,0,0,1,NA,NA,NA,NA,NA,NA,NA,NA,0.027,0.8,208,67,-8.5,5
2019-03-10 03:00:00,101760.93,-12,-15,84.99,0,0,NA,102250,NA,NA,NA,NA,NA,1,NA,NA,NA,10,NA,NA,NA,NA,NA,NA,NA,NA,-15.985,NA,-14.04,90528.65,0,0,0,0.6,1,1,1,41,45,11,2019-03-10 03:00:00,2019-03-10 13:00:00,11,2019-03-10 03:00:00,2019-03-10 13:00:00,0.027,0.7,223,35,-10.8,2.3
2019-03-10 04:00:00,101794.79,-13,-16.1,78.1,0,0,NA,102290,NA,NA,NA,NA,NA,1,NA,NA,NA,10,NA,NA,NA,NA,NA,NA,NA,NA,-16.62,NA,-16.05,90558.78,0,0,0,1.7,1,1,1,41,45,11,2019-03-10 03:00:00,2019-03-10 13:00:00,11,2019-03-10 03:00:00,2019-03-10 13:00:00,0.026,0.9,233,36,-12.4,0.8
2019-03-10 05:00:00,101828.66,-13.9,-16.1,78.1,0,0,NA,102330,NA,NA,1010,NA,NA,1,NA,NA,NA,10,-5,-13.9,NA,NA,NA,NA,NA,NA,-17.81,NA,-16.05,90588.91,0,0,0,2.2,1,1,1,41,45,11,2019-03-10 03:00:00,2019-03-10 13:00:00,11,2019-03-10 03:00:00,2019-03-10 13:00:00,0.02,0.9,199,23,-13.5,4.3
2019-03-10 06:00:00,101896.38,-14,-17.8,83.12,0,0,NA,102420,NA,NA,NA,NA,NA,1,NA,NA,NA,10,NA,NA,NA,NA,NA,NA,NA,NA,-17.81,NA,-17.05,90649.15,0,0,0,2.2,1,1,1,41,45,11,2019-03-10 03:00:00,2019-03-10 13:00:00,11,2019-03-10 03:00:00,2019-03-10 13:00:00,0.015,0.8,194,55,-14.1,3.8
2019-03-10 07:00:00,101964.11,-15,-17.2,83.2,0,0,NA,102530,NA,NA,NA,NA,NA,1,NA,NA,NA,10,NA,NA,NA,NA,NA,NA,NA,NA,NA,NA,-17.05,90709.41,0,0,0,2.5,1,1,1,41,45,11,2019-03-10 03:00:00,2019-03-10 13:00:00,11,2019-03-10 03:00:00,2019-03-10 13:00:00,0.011,1,224,37,-14.4,5
2019-03-10 08:00:00,102031.84,-15,-16.7,84.62,0,0,NA,102620,NA,NA,3019,NA,NA,1,NA,NA,NA,10,NA,NA,NA,NA,NA,NA,NA,NA,NA,NA,-17.03,90769.66,0,0,0,2.8,1,1,1,41,45,11,2019-03-10 03:00:00,2019-03-10 13:00:00,11,2019-03-10 03:00:00,2019-03-10 13:00:00,0.005,0.7,172,64,-10.6,8.8
2019-03-10 09:00:00,102133.43,-13,-15,84.99,0,0,NA,102680,NA,NA,NA,NA,NA,1,NA,NA,NA,9,NA,NA,NA,NA,NA,NA,NA,NA,NA,NA,-15.04,90860.04,0,0,0,1.7,1,1,1,41,45,11,2019-03-10 03:00:00,2019-03-10 13:00:00,11,2019-03-10 03:00:00,2019-03-10 13:00:00,0.011,0.9,243,76,-7.8,8.6
2019-03-10 10:00:00,102167.3,-13,-13.9,92.02,0,0,NA,102720,31,NA,NA,NA,NA,1,NA,NA,NA,8,NA,NA,NA,NA,NA,NA,NA,NA,NA,NA,-14.04,90890.17,0,0,0,3.9,1,1,1,41,45,11,2019-03-10 03:00:00,2019-03-10 13:00:00,11,2019-03-10 03:00:00,2019-03-10 13:00:00,0.02,1.1,241,79,-5.9,5.7
2019-03-10 11:00:00,102201.16,-10,-12.2,78.44,0,0,NA,102680,NA,NA,1012,NA,NA,1,NA,NA,NA,10,-8.3,-16.1,NA,NA,NA,NA,NA,NA,NA,NA,-13.07,90920.29,0,0,0,2.3,1,1,1,41,45,11,2019-03-10 03:00:00,2019-03-10 13:00:00,11,2019-03-10 03:00:00,2019-03-10 13:00:00,0.027,1.2,222,76,-3.4,5.5
2019-03-10 12:00:00,102167.3,-9,-11.7,72.85,0,0,NA,102650,NA,NA,NA,NA,NA,1,NA,NA,NA,10,NA,NA,NA,NA,NA,NA,NA,NA,-12.1,NA,-12.05,90890.17,0,0,0,3.9,1,1,1,41,45,11,2019-03-10 03:00:00,2019-03-10 13:00:00,11,2019-03-10 03:00:00,2019-03-10 13:00:00,0.03,1.4,253,64,-2.5,4.2
2019-03-10 13:00:00,102167.3,-6,-11.7,62.7,0,0,NA,102610,NA,NA,NA,NA,NA,1,NA,NA,NA,10,NA,NA,NA,NA,NA,NA,NA,NA,NA,NA,-12.08,90890.17,0,0,0,1.4,1,1,1,41,45,11,2019-03-10 03:00:00,2019-03-10 13:00:00,11,2019-03-10 03:00:00,2019-03-10 13:00:00,0.033,1.2,174,70,0,2.8
2019-03-10 14:00:00,102133.43,-4,-10.6,58.14,0,0,NA,102590,NA,NA,8008,NA,NA,1,NA,NA,NA,10,NA,NA,NA,NA,NA,NA,NA,NA,-6.39,NA,-11.1,90860.04,0,0,0,-1,0,0,1,NA,NA,NA,NA,NA,NA,NA,NA,0.036,1.1,169,72,1.9,6.2
2019-03-10 15:00:00,102065.7,-3,-10.6,53.94,1.54,160,NA,102540,NA,NA,NA,NA,NA,1,NA,NA,NA,10,NA,NA,NA,NA,NA,NA,NA,NA,-6.21,NA,-11.1,90799.78,0,0,0,-1.9,0,0,1,NA,NA,NA,NA,NA,NA,NA,NA,0.037,1.4,193,37,2.5,7.6
2019-03-10 16:00:00,102031.84,-1,-10.6,50.09,1.54,120,NA,102490,NA,NA,NA,NA,NA,1,NA,NA,NA,10,NA,NA,NA,NA,NA,NA,NA,NA,-2.96,NA,-11.12,90769.66,0,0,0,-3.5,0,0,1,NA,NA,NA,NA,NA,NA,NA,NA,0.039,0.9,230,60,3.8,3.5
2019-03-10 17:00:00,101997.98,0,-11.1,43.26,0,0,NA,102460,NA,NA,6009,NA,NA,1,NA,NA,NA,10,0.6,-9.4,NA,NA,NA,NA,NA,NA,NA,NA,-11.14,90739.54,0,0,0,-4.8,0,0,1,NA,NA,NA,NA,NA,NA,NA,NA,0.039,1.1,272,38,2.5,1.6
2019-03-10 18:00:00,101997.98,1,-9.4,37.45,0,0,NA,102490,NA,NA,NA,NA,NA,1,NA,NA,NA,10,NA,NA,NA,NA,NA,NA,NA,NA,NA,NA,-11.15,90739.54,0,0,0,-6.1,0,0,1,NA,NA,NA,NA,NA,NA,NA,NA,0.039,1.1,251,48,-1,3.5
2019-03-10 19:00:00,101997.98,-4,-10.6,58.41,2.06,280,NA,102590,NA,NA,NA,NA,NA,1,NA,NA,NA,10,NA,NA,NA,NA,NA,NA,NA,NA,-7.2,NA,-10.1,90739.54,0,0,0,-2.2,0,0,0,NA,NA,NA,NA,NA,NA,NA,NA,0.036,0.8,201,49,-4,1.1
2019-03-10 20:00:00,102099.57,-4,-11.1,58.41,1.54,310,NA,102690,NA,NA,3014,NA,NA,1,NA,NA,NA,10,NA,NA,NA,NA,NA,NA,NA,NA,-7.185,NA,-11.1,90829.91,0,0,0,-3.1,0,0,1,NA,NA,NA,NA,NA,NA,NA,NA,0.024,1.1,166,47,-5.3,-1.3
2019-03-10 21:00:00,102201.16,-6,-12.2,62.44,0,0,NA,102800,NA,NA,NA,NA,NA,1,NA,NA,NA,10,NA,NA,NA,NA,NA,NA,NA,NA,-7.95,NA,-12.09,90920.29,0,0,0,-1,0,0,1,NA,NA,NA,NA,NA,NA,NA,NA,0.014,1,179,55,-6.8,4.7
2019-03-10 22:00:00,102302.75,-8,-13.3,66.95,0,0,NA,102880,NA,NA,NA,NA,NA,1,NA,NA,NA,10,NA,NA,NA,NA,NA,NA,NA,NA,-11.13,NA,-13.09,91010.67,0,0,0,0.8,1,1,1,NA,NA,1,2019-03-10 22:00:00,2019-03-10 22:00:00,2,2019-03-10 22:00:00,2019-03-10 23:00:00,0.007,1.1,216,62,-7.9,10.3
2019-03-10 23:00:00,102268.89,-8,-11.7,67.42,4.12,110,NA,102760,NA,NA,10,NA,NA,1,NA,NA,NA,10,2.2,-10,NA,NA,NA,NA,NA,NA,-12.99,NA,-12.08,90980.54,0,0,0,0.2,0,1,0,NA,NA,NA,NA,NA,2,2019-03-10 22:00:00,2019-03-10 23:00:00,0.007,1.4,220,40,-9,10.3
2019-03-11,102268.89,-7.8,-12.8,67.24,4.12,120,NA,102790,NA,NA,NA,NA,NA,1,NA,NA,NA,10,NA,NA,NA,NA,NA,2.2,-16.1,NA,-14.44,NA,-12.88,90980.54,0,0,0,-1.2,0,0,0,NA,NA,NA,NA,NA,NA,NA,NA,0.011,0.8,201,56,-10.3,7.6
2019-03-11 01:00:00,102336.62,-9,-13.3,72.65,4.12,130,NA,102810,NA,NA,NA,NA,NA,1,NA,NA,NA,10,NA,NA,NA,NA,NA,NA,NA,NA,-15.02,NA,-13.07,91040.8,0,0,0,0.4,0,1,0,NA,47,NA,NA,NA,16,2019-03-11 01:00:00,2019-03-11 16:00:00,0.014,0.8,171,59,-11.2,6.7
2019-03-11 02:00:00,102370.48,-9,-12.8,72.65,2.57,120,NA,102860,NA,NA,3011,NA,NA,1,NA,NA,NA,10,NA,NA,NA,NA,NA,NA,NA,NA,-13.78,NA,-13.07,91070.92,0,0,0,0,0,1,0,NA,47,NA,NA,NA,16,2019-03-11 01:00:00,2019-03-11 16:00:00,0.009,1,179,54,-12.5,8.6
2019-03-11 03:00:00,102404.34,-11,-13.9,78.44,0,0,NA,102870,NA,NA,NA,NA,NA,1,NA,NA,NA,10,NA,NA,NA,NA,NA,NA,NA,NA,-14.39,NA,-14.05,91101.04,0,0,0,1.5,1,1,1,43,47,14,2019-03-11 03:00:00,2019-03-11 16:00:00,16,2019-03-11 01:00:00,2019-03-11 16:00:00,0.007,0.9,205,31,-13.1,9.5
2019-03-11 04:00:00,102404.34,-12,-13.9,84.99,0,0,NA,102840,NA,NA,NA,NA,NA,1,NA,NA,NA,10,NA,NA,NA,NA,NA,NA,NA,NA,-14.39,NA,-14.04,91101.04,0,0,0,2.7,1,1,1,43,47,14,2019-03-11 03:00:00,2019-03-11 16:00:00,16,2019-03-11 01:00:00,2019-03-11 16:00:00,0.006,1,185,47,-13.6,8.6
2019-03-11 05:00:00,102370.48,-13,-16.1,83.35,0,0,NA,102870,NA,NA,3001,NA,NA,1,NA,NA,NA,10,-5.6,-14.4,NA,NA,NA,NA,NA,NA,-16.67,NA,-16.04,91070.92,0,0,0,3.8,1,1,1,43,47,14,2019-03-11 03:00:00,2019-03-11 16:00:00,16,2019-03-11 01:00:00,2019-03-11 16:00:00,0.003,0.9,229,55,-14,6.4
2019-03-11 06:00:00,102404.34,-14,-16.7,77.92,0,0,NA,102890,NA,NA,NA,NA,NA,1,NA,NA,NA,10,NA,NA,NA,NA,NA,NA,NA,NA,-17.81,NA,-17.05,91101.04,0,0,0,4.4,1,1,1,43,47,14,2019-03-11 03:00:00,2019-03-11 16:00:00,16,2019-03-11 01:00:00,2019-03-11 16:00:00,0.001,0.8,214,44,-15,6.4
2019-03-11 07:00:00,102404.34,-14,-17.2,77.92,0,0,NA,102980,NA,NA,NA,NA,NA,1,NA,NA,NA,10,NA,NA,NA,NA,NA,NA,NA,NA,-17.81,NA,-17.05,91101.04,0,0,0,4.3,1,1,1,43,47,14,2019-03-11 03:00:00,2019-03-11 16:00:00,16,2019-03-11 01:00:00,2019-03-11 16:00:00,0.001,0.9,209,30,-14.9,11.2
2019-03-11 08:00:00,102438.21,-15,-16.7,84.49,0,0,NA,102990,31,NA,3004,NA,NA,1,NA,NA,NA,8,NA,NA,NA,NA,NA,NA,NA,NA,-20.1,NA,-17.05,91131.18,0,0,0,5.7,1,1,1,43,47,14,2019-03-11 03:00:00,2019-03-11 16:00:00,16,2019-03-11 01:00:00,2019-03-11 16:00:00,0.002,0.7,195,42,-10.3,13.7
2019-03-11 09:00:00,102438.21,-13.9,-15.6,84.74,0,0,NA,103020,NA,NA,NA,NA,NA,1,NA,NA,NA,7,NA,NA,NA,NA,NA,NA,NA,NA,NA,NA,-15.63,91131.18,0,0,0,5.6,1,1,1,43,47,14,2019-03-11 03:00:00,2019-03-11 16:00:00,16,2019-03-11 01:00:00,2019-03-11 16:00:00,0.004,0.9,218,55,-7.3,12.2
2019-03-11 10:00:00,102404.34,-11,-13.9,78.44,0,0,NA,102950,6,NA,NA,NA,NA,1,NA,NA,NA,9,NA,NA,NA,NA,NA,NA,NA,NA,NA,NA,-14.05,91101.04,0,0,0,4.9,1,1,1,43,47,14,2019-03-11 03:00:00,2019-03-11 16:00:00,16,2019-03-11 01:00:00,2019-03-11 16:00:00,0.008,1,207,61,-4.8,12.2
2019-03-11 11:00:00,102336.62,-9,-12.2,78.44,0,0,NA,102810,NA,NA,8013,NA,NA,1,NA,NA,NA,9,-7.8,-16.1,NA,NA,NA,NA,NA,NA,-12.1,NA,-13.05,91040.8,0,0,0,4.6,1,1,1,43,47,14,2019-03-11 03:00:00,2019-03-11 16:00:00,16,2019-03-11 01:00:00,2019-03-11 16:00:00,0.015,1.3,128,65,-2.5,16.7
2019-03-11 12:00:00,102235.02,-7,-11.7,67.42,0,0,NA,102680,NA,NA,NA,NA,NA,1,NA,NA,NA,10,NA,NA,NA,NA,NA,NA,NA,NA,-9.82,NA,-12.08,90950.41,0,0,0,4.7,1,1,1,43,47,14,2019-03-11 03:00:00,2019-03-11 16:00:00,16,2019-03-11 01:00:00,2019-03-11 16:00:00,0.02,1.3,106,50,-0.7,12.2
2019-03-11 13:00:00,102133.43,-5,-10.6,62.7,1.54,250,NA,102560,NA,NA,NA,NA,NA,1,NA,NA,NA,10,NA,NA,NA,NA,NA,NA,NA,NA,-8.1,NA,-11.09,90860.04,0,0,0,4,1,1,1,43,47,14,2019-03-11 03:00:00,2019-03-11 16:00:00,16,2019-03-11 01:00:00,2019-03-11 16:00:00,0.027,1.2,216,56,1,11.5
2019-03-11 14:00:00,101997.98,-4,-10.6,58.14,1.54,150,NA,102390,NA,NA,8033,NA,NA,1,NA,NA,NA,10,NA,NA,NA,NA,NA,NA,NA,NA,-6.03,NA,-11.1,90739.54,0,0,0,3.2,1,1,1,43,47,14,2019-03-11 03:00:00,2019-03-11 16:00:00,16,2019-03-11 01:00:00,2019-03-11 16:00:00,0.031,1.4,183,45,2.2,8.8
2019-03-11 15:00:00,101862.52,-2,-9.4,54.23,1.54,160,NA,102270,NA,NA,NA,NA,NA,1,NA,NA,NA,10,NA,NA,NA,NA,NA,NA,NA,NA,-4.48,NA,-10.12,90619.03,0,0,0,1.3,1,1,1,43,47,14,2019-03-11 03:00:00,2019-03-11 16:00:00,16,2019-03-11 01:00:00,2019-03-11 16:00:00,0.034,1,147,62,4,6.2
2019-03-11 16:00:00,101794.79,-1,-9.4,50.68,1.54,180,NA,102190,NA,NA,NA,NA,NA,1,NA,NA,NA,10,NA,NA,NA,NA,NA,NA,NA,NA,-2.96,NA,-9.52,90558.78,0,0,0,1,1,1,1,43,47,14,2019-03-11 03:00:00,2019-03-11 16:00:00,16,2019-03-11 01:00:00,2019-03-11 16:00:00,0.037,1.1,198,59,4.4,5.7
2019-03-11 17:00:00,101693.2,1,-10,47.14,1.54,140,NA,102110,NA,NA,6025,NA,NA,1,NA,NA,NA,10,1.1,-8.9,NA,NA,NA,NA,NA,NA,-1.36,NA,-9.13,90468.4,0,0,0,-1.8,0,0,1,NA,NA,NA,NA,NA,NA,NA,NA,0.038,0.8,259,57,4.1,5.3
2019-03-11 18:00:00,101625.47,1,-9.4,45.36,1.54,140,NA,102020,NA,NA,NA,NA,NA,1,NA,NA,NA,10,NA,NA,NA,NA,NA,NA,NA,NA,-0.68,NA,-9.53,90408.14,0,0,0,-2,0,0,1,NA,NA,NA,NA,NA,NA,NA,NA,0.039,0.9,185,52,0.8,3.5
2019-03-11 19:00:00,101557.75,-1,-9.4,50.39,1.54,140,NA,102040,NA,NA,NA,NA,NA,1,NA,NA,NA,10,NA,NA,NA,NA,NA,NA,NA,NA,-1.945,NA,-9.13,90347.9,0,0,0,-1.2,0,0,1,NA,NA,NA,NA,NA,NA,NA,NA,0.037,1,178,67,-2.5,6.7
2019-03-11 20:00:00,101557.75,-3,-10,63.2,0,0,NA,102080,NA,NA,5010,NA,NA,1,NA,NA,NA,10,NA,NA,NA,NA,NA,NA,NA,NA,-4.86,NA,-9.1,90347.9,0,0,0,0,0,1,1,NA,48,NA,NA,NA,21,2019-03-11 20:00:00,2019-03-12 16:00:00,0.019,1.1,168,72,-4.6,10.5
2019-03-11 21:00:00,101523.88,-4,-11.1,62.95,0,0,NA,102050,NA,NA,NA,NA,NA,1,NA,NA,NA,10,NA,NA,NA,NA,NA,NA,NA,NA,-6.39,NA,-11.08,90317.77,0,0,0,0.6,1,1,1,44,48,20,2019-03-11 21:00:00,2019-03-12 16:00:00,21,2019-03-11 20:00:00,2019-03-12 16:00:00,0.011,1,206,60,-6,19.4
2019-03-11 22:00:00,101490.02,-5,-10.6,67.65,1.54,100,NA,101930,NA,NA,NA,NA,NA,1,NA,NA,NA,10,NA,NA,NA,NA,NA,NA,NA,NA,-7.685,NA,-11.08,90287.65,0,0,0,0.9,1,1,1,44,48,20,2019-03-11 21:00:00,2019-03-12 16:00:00,21,2019-03-11 20:00:00,2019-03-12 16:00:00,0.007,0.8,116,67,-6.9,17.2
2019-03-11 23:00:00,101422.29,-6,-11.1,67.65,0,0,NA,101840,NA,NA,8015,NA,NA,1,NA,NA,NA,10,1.7,-7.2,NA,NA,NA,NA,NA,NA,-8.67,NA,-11.08,90227.39,0,0,0,1.6,1,1,1,44,48,20,2019-03-11 21:00:00,2019-03-12 16:00:00,21,2019-03-11 20:00:00,2019-03-12 16:00:00,0.005,0.9,179,57,-8,22.3
2019-03-12,101320.7,-7,-11.7,67.65,2.06,60,NA,101740,NA,NA,NA,NA,NA,1,NA,NA,NA,10,NA,NA,NA,NA,NA,1.7,-16.1,NA,-10.525,NA,-11.08,90137.02,0,0,0,3.2,1,1,0,44,48,20,2019-03-11 21:00:00,2019-03-12 16:00:00,21,2019-03-11 20:00:00,2019-03-12 16:00:00,0.003,1.1,183,75,-9,16.7
2019-03-12 01:00:00,101252.97,-8,-12.2,67.65,2.06,140,NA,101650,NA,NA,NA,NA,NA,1,NA,NA,NA,10,NA,NA,NA,NA,NA,NA,NA,NA,-11.18,NA,-12.08,90076.76,0,0,0,4.4,1,1,0,44,48,20,2019-03-11 21:00:00,2019-03-12 16:00:00,21,2019-03-11 20:00:00,2019-03-12 16:00:00,0.003,1.2,198,79,-9.9,13.2
2019-03-12 02:00:00,101185.24,-9,-12.8,72.65,0,0,NA,101580,NA,NA,6022,NA,NA,1,NA,NA,NA,10,NA,NA,NA,NA,NA,NA,NA,NA,-11.99,NA,-13.07,90016.51,0,0,0,5,1,1,1,44,48,20,2019-03-11 21:00:00,2019-03-12 16:00:00,21,2019-03-11 20:00:00,2019-03-12 16:00:00,0.005,1.2,198,66,-10.5,12.5
2019-03-12 03:00:00,101117.52,-11,-13.9,78.44,0,0,NA,101500,NA,NA,NA,NA,NA,1,NA,NA,NA,10,NA,NA,NA,NA,NA,NA,NA,NA,-15.37,NA,-14.05,89956.26,0,0,0,6.3,1,1,1,44,48,20,2019-03-11 21:00:00,2019-03-12 16:00:00,21,2019-03-11 20:00:00,2019-03-12 16:00:00,0.009,0.9,187,63,-11.2,12.9
2019-03-12 04:00:00,100982.06,-11,-14.4,84.99,0,0,NA,101380,NA,NA,NA,NA,NA,1,NA,NA,NA,9,NA,NA,NA,NA,NA,NA,NA,NA,NA,NA,-14.04,89835.75,0,0,0,5.1,1,1,1,44,48,20,2019-03-11 21:00:00,2019-03-12 16:00:00,21,2019-03-11 20:00:00,2019-03-12 16:00:00,0.014,1.2,210,55,-11.5,11.7
2019-03-12 05:00:00,100880.47,-12,-15,78.44,0,0,NA,101240,NA,NA,8026,NA,NA,1,NA,NA,NA,10,-5.6,-12.2,NA,NA,NA,NA,NA,NA,-15.53,NA,-14.05,89745.38,0,0,0,6.2,1,1,1,44,48,20,2019-03-11 21:00:00,2019-03-12 16:00:00,21,2019-03-11 20:00:00,2019-03-12 16:00:00,0.011,0.9,203,59,-11.5,9.5
2019-03-12 06:00:00,100812.74,-12,-15,78.44,1.54,300,NA,101180,NA,NA,NA,NA,NA,1,NA,NA,NA,10,NA,NA,NA,NA,NA,NA,NA,NA,-15.45,NA,-14.05,89685.12,0,0,0,6.4,1,1,1,44,48,20,2019-03-11 21:00:00,2019-03-12 16:00:00,21,2019-03-11 20:00:00,2019-03-12 16:00:00,0.008,1.1,213,48,-11.6,12.2
2019-03-12 07:00:00,100745.01,-12,-15,84.99,0,0,NA,101190,6,NA,NA,NA,NA,1,NA,NA,NA,8,NA,NA,NA,NA,NA,NA,NA,NA,-15.53,NA,-14.04,89624.87,0,0,0,6.3,1,1,1,44,48,20,2019-03-11 21:00:00,2019-03-12 16:00:00,21,2019-03-11 20:00:00,2019-03-12 16:00:00,0.003,1,210,44,-11,17.2
2019-03-12 08:00:00,100711.15,-11,-12.8,78.44,1.54,310,NA,101160,6,NA,6013,NA,NA,1,NA,NA,NA,6,NA,NA,NA,NA,NA,NA,NA,NA,-14.39,NA,-14.04,89594.75,0,0,0,5.9,1,1,1,44,48,20,2019-03-11 21:00:00,2019-03-12 16:00:00,21,2019-03-11 20:00:00,2019-03-12 16:00:00,0.002,1.2,209,36,-9.8,16.7
2019-03-12 09:00:00,100711.15,-10,-12.8,78.61,0,0,NA,101150,6,NA,NA,NA,NA,1,NA,NA,NA,7,NA,NA,NA,NA,NA,NA,NA,NA,-14.2,NA,-13.05,89594.75,0,0,0,5,1,1,1,44,48,20,2019-03-11 21:00:00,2019-03-12 16:00:00,21,2019-03-11 20:00:00,2019-03-12 16:00:00,0,1.2,218,40,-7.6,18.9
2019-03-12 10:00:00,100643.42,-8,-12.2,72.85,0,0,NA,101020,NA,NA,NA,NA,NA,1004,NA,NA,NA,9,NA,NA,NA,3352.8,NA,NA,NA,NA,-11.53,NA,-12.07,89534.49,0,0,0,4.2,1,1,1,44,48,20,2019-03-11 21:00:00,2019-03-12 16:00:00,21,2019-03-11 20:00:00,2019-03-12 16:00:00,0.006,1,233,59,-5.3,18.7
2019-03-12 11:00:00,100575.69,-7,-11.1,72.85,0,0,NA,100930,NA,NA,8016,NA,NA,756,1002,NA,NA,10,-6.1,-12.8,NA,3048,NA,NA,NA,NA,-9.82,NA,-12.07,89474.24,0,0,0,3.6,1,1,1,44,48,20,2019-03-11 21:00:00,2019-03-12 16:00:00,21,2019-03-11 20:00:00,2019-03-12 16:00:00,0.009,1.3,212,55,-1.7,15.9
2019-03-12 12:00:00,100507.97,-5,-10,62.95,2.06,280,NA,100850,NA,1002,NA,NA,NA,706,856,NA,NA,10,NA,NA,NA,2438.4,NA,NA,NA,NA,-8.37,NA,-11.08,89413.99,0,0,0,4.3,1,1,0,44,48,20,2019-03-11 21:00:00,2019-03-12 16:00:00,21,2019-03-11 20:00:00,2019-03-12 16:00:00,0.012,1.1,109,50,0.9,12.7
2019-03-12 13:00:00,100406.37,-3,-9.4,63.2,1.54,270,NA,100730,NA,NA,NA,NA,NA,703,853,NA,NA,10,NA,NA,NA,2133.6,NA,NA,NA,NA,-5.25,NA,-9.09,89323.61,0,0,0,4.5,1,1,1,44,48,20,2019-03-11 21:00:00,2019-03-12 16:00:00,21,2019-03-11 20:00:00,2019-03-12 16:00:00,0.019,1.4,245,48,0.5,12.2
2019-03-12 14:00:00,100304.78,-3,-8.9,63.2,2.06,290,NA,100650,NA,NA,8025,NA,NA,754,NA,NA,NA,10,NA,NA,NA,2286,NA,NA,NA,NA,-6.03,NA,-9.09,89233.23,0,0,0,2.8,1,1,0,44,48,20,2019-03-11 21:00:00,2019-03-12 16:00:00,21,2019-03-11 20:00:00,2019-03-12 16:00:00,0.022,1.4,299,53,-0.1,12
2019-03-12 15:00:00,100237.06,-2,-7.2,58.68,2.57,270,NA,100670,NA,NA,NA,NA,NA,554,729,NA,NA,10,NA,NA,NA,1676.4,NA,NA,NA,NA,-5.73,NA,-9.1,89172.99,0,0,0,1.2,1,1,0,44,48,20,2019-03-11 21:00:00,2019-03-12 16:00:00,21,2019-03-11 20:00:00,2019-03-12 16:00:00,0.027,1.1,259,75,-0.3,8.8
2019-03-12 16:00:00,100237.06,-3,-8.9,63.45,0,0,NA,100660,NA,NA,NA,NA,NA,453,504,NA,NA,10,NA,NA,NA,1371.6,NA,NA,NA,NA,-5.25,NA,-8.09,89172.99,0,0,0,1.2,1,1,1,44,48,20,2019-03-11 21:00:00,2019-03-12 16:00:00,21,2019-03-11 20:00:00,2019-03-12 16:00:00,0.029,0.8,228,53,0.8,6.2
2019-03-12 17:00:00,100237.06,-1,-9.7,50.535,0,0,NA,100610,NA,728.5,8003,NA,NA,363,453,NA,NA,10,0,-6.7,NA,1264.92,NA,NA,NA,NA,-2.96,NA,-9.825,89172.99,0,0,0,-2.1,0,0,1,NA,NA,NA,NA,NA,NA,NA,NA,0.032,1.2,108,58,0.9,9.5
2019-03-12 18:00:00,100237.06,0,-6.7,58.95,1.54,20,NA,100680,NA,704,NA,NA,NA,454,554,NA,NA,10,NA,NA,NA,1402.08,NA,NA,NA,NA,-2.53,NA,-8.1,89172.99,0,0,0,-2.9,0,0,1,NA,NA,NA,NA,NA,NA,NA,NA,0.029,1.1,241,63,-0.4,11.2
2019-03-12 19:00:00,100338.65,-1.1,-3.9,80.04,2.06,300,NA,100790,2500,703,NA,0.254,NA,336,473,NA,NA,2.5,NA,NA,NA,1097.28,NA,NA,NA,NA,-4.78,NA,-4.05,89263.36,0,0,0,-2.1,0,0,0,NA,NA,NA,NA,NA,NA,NA,NA,0.026,1.6,91,51,-2.1,8.8
2019-03-12 20:00:00,100406.37,-2,-3.6,92.15,2.06,135,NA,100850,2500,454,3019,0.508,1.27,89.5,173,NA,NA,1.5,NA,NA,NA,396.24,NA,NA,NA,NA,-5.47,NA,-3.32,89323.61,0,0,0,-1.8,0,0,0,NA,NA,NA,NA,NA,NA,NA,NA,0.024,1.2,221,53,-2.2,8.6
2019-03-12 21:00:00,100491.035,-2.4,-3.95,92.79,2.06,135,NA,100930,31,1004,NA,NA,NA,83,473,NA,NA,4,NA,NA,NA,259.08,NA,NA,NA,NA,-5.25,NA,-3.97,89398.925,0,0,0,-2.7,0,0,0,NA,NA,NA,NA,NA,NA,NA,NA,0.021,1.1,120,68,-2.5,12
2019-03-12 22:00:00,100541.83,-2,-3.3,92.85,1.54,70,NA,100950,31,1004,NA,NA,NA,806,902,NA,NA,4,NA,NA,NA,2743.2,NA,NA,NA,NA,-4.86,NA,-3.02,89444.12,0,0,0,-3.2,0,0,1,NA,NA,NA,NA,NA,NA,NA,NA,0.017,0.8,161,73,-2.4,24.5
2019-03-12 23:00:00,100643.42,-2.8,-3.9,92.79,1.54,20,NA,101020,31,1004,3012,NA,NA,653,803,1.27,NA,4,0.6,-2.8,NA,2133.6,NA,NA,NA,NA,-5.25,NA,-3.92,89534.49,0,0,0,-3,0,0,1,NA,NA,NA,NA,NA,NA,NA,NA,0.009,0.9,106,67,-2.2,7.6
2019-03-13,100677.29,-2,-3.9,92.79,0,0,NA,101010,31,NA,NA,NA,NA,804,NA,NA,NA,4,NA,NA,NA,2438.4,NA,0.6,-12.8,NA,-4.1,NA,-4.02,89564.62,0,0,0,-4,0,0,1,NA,NA,NA,NA,NA,NA,NA,NA,0.004,0.8,189,56,-2,18.2
2019-03-13 01:00:00,100745.01,-3,-4.15,92.79,0,0,NA,101090,31,NA,NA,NA,NA,529,NA,NA,NA,2.5,NA,NA,NA,1600.2,NA,NA,NA,NA,-5.59,NA,-4.02,89624.87,0,0,0,-3.8,0,0,1,NA,NA,NA,NA,NA,NA,NA,NA,0.006,1.3,122,51,-1.5,5.7
2019-03-13 02:00:00,100812.74,-2,-3.9,86.15,0,0,NA,101170,31,NA,3019,NA,NA,354,NA,NA,NA,5,NA,NA,NA,1066.8,NA,NA,NA,NA,-4.215,NA,-4.025,89685.12,0,0,0,-5,0,0,1,NA,NA,NA,NA,NA,NA,NA,NA,0.014,1.4,99,35,-1.3,3.5
2019-03-13 03:00:00,100880.47,-1,-3.9,80.04,2.06,80,NA,101210,20,NA,NA,0.025,NA,374,NA,NA,NA,6,NA,NA,NA,1127.76,NA,NA,NA,NA,-3.7,NA,-4.05,89745.38,0,0,0,-6.3,0,0,0,NA,NA,NA,NA,NA,NA,NA,NA,0.025,0.8,89,49,-2.1,4
2019-03-13 04:00:00,100948.2,-1.1,-4.15,80.64,1.54,35,NA,101250,NA,NA,NA,NA,NA,444,NA,NA,NA,10,NA,NA,NA,1341.12,NA,NA,NA,NA,-3.015,NA,-4.04,89805.63,0,0,0,-6.3,0,0,1,NA,NA,NA,NA,NA,NA,NA,NA,0.025,0.6,182,50,-2.3,3.7
2019-03-13 05:00:00,101015.92,-2,-4.4,86.15,2.06,340,NA,101320,NA,NA,3017,NA,NA,503,704,0.025,1.27,10,-0.6,-3.3,NA,1524,NA,NA,NA,NA,-4.86,NA,-4.03,89865.88,0,0,0,-5.4,0,0,0,NA,NA,NA,NA,NA,NA,NA,NA,0.022,0.6,185,54,-2.4,2.3
2019-03-13 06:00:00,101083.65,-2,-4.15,86.15,1.54,310,NA,101430,2500,NA,NA,0.025,NA,404,NA,NA,NA,4,NA,NA,NA,1219.2,NA,NA,NA,NA,-4.1,NA,-4.03,89926.13,0,0,0,-5.4,0,0,1,NA,NA,NA,NA,NA,NA,NA,NA,0.01,0.6,186,61,-2.4,4.5
2019-03-13 07:00:00,101219.11,-2,-3.9,86.15,1.54,320,NA,101580,2500,NA,NA,0.025,NA,374,NA,NA,NA,4,NA,NA,NA,1127.76,NA,NA,NA,NA,-4.1,NA,-4.03,90046.64,0,0,0,-5.4,0,0,1,NA,NA,NA,NA,NA,NA,NA,NA,0.005,0.6,183,56,-1.9,4.3
2019-03-13 08:00:00,101320.7,-2,-3.3,92.79,0,0,NA,101700,2500,NA,3022,0.025,0.025,384,NA,NA,NA,2,NA,NA,NA,1158.24,NA,NA,NA,NA,-5.25,NA,-4.02,90137.02,0,0,0,-5.4,0,0,1,NA,NA,NA,NA,NA,NA,NA,NA,0.009,0.6,168,57,-0.5,5.7
2019-03-13 09:00:00,101422.29,-2,-2.8,92.85,0,0,NA,101790,2500,494,NA,0.254,NA,283,393,NA,NA,2,NA,NA,NA,853.44,NA,NA,NA,NA,NA,NA,-3.02,90227.39,0,0,0,-4.9,0,0,1,NA,NA,NA,NA,NA,NA,NA,NA,0.017,0.9,114,35,0.1,7.1
2019-03-13 10:00:00,101540.815,-2,-2.5,92.88,0,0,NA,101860,2500,NA,NA,0.254,NA,364,434,NA,NA,1,NA,NA,NA,1097.28,NA,NA,NA,NA,NA,NA,-2.515,90332.835,0,0,0,-4.1,0,0,1,NA,NA,NA,NA,NA,NA,NA,NA,0.02,0.9,70,54,2.1,4.3
2019-03-13 11:00:00,101625.47,-1,-2.2,92.91,0,0,NA,101980,31,NA,1024,NA,NA,578.5,1004,0.508,NA,7.5,-1.1,-2.8,NA,1752.6,NA,NA,NA,NA,-3.7,NA,-2.02,90408.14,0,0,0,-4.1,0,0,1,NA,NA,NA,NA,NA,NA,NA,NA,0.024,0.8,49,55,4.3,5.5
2019-03-13 12:00:00,101659.34,1,-2.8,80.34,0,0,NA,101980,NA,NA,NA,NA,NA,604,1004,NA,NA,10,NA,NA,NA,1828.8,NA,NA,NA,NA,-2.96,NA,-2.05,90438.28,0,0,0,-6.1,0,0,1,NA,NA,NA,NA,NA,NA,NA,NA,0.029,1.3,46,56,3.5,6.9
2019-03-13 13:00:00,101727.07,1,-2.2,74.6,2.06,190,NA,102030,NA,829,NA,NA,NA,506,678.5,NA,NA,10,NA,NA,NA,1981.2,NA,NA,NA,NA,-1.36,NA,-3.06,90498.53,0,0,0,-5.8,0,0,0,NA,NA,NA,NA,NA,NA,NA,NA,0.028,1.2,354,76,4.4,6.4
2019-03-13 14:00:00,101760.93,1,-3.9,74.6,2.06,230,NA,102060,NA,NA,3013,NA,NA,703,854,NA,NA,10,NA,NA,NA,2133.6,NA,NA,NA,NA,-1.36,NA,-3.06,90528.65,0,0,0,-5.2,0,0,0,NA,NA,NA,NA,NA,NA,NA,NA,0.03,1.8,286,39,3.3,4
2019-03-13 15:00:00,101828.66,2,-2.2,64.42,3.09,280,NA,102130,NA,704,NA,NA,NA,704,502,NA,NA,10,NA,NA,NA,2133.6,NA,NA,NA,NA,-1.17,NA,-4.09,90588.91,0,0,0,-6.1,0,0,0,NA,NA,NA,NA,NA,NA,NA,NA,0.035,1.7,214,36,1.8,1.8
2019-03-13 16:00:00,101896.38,1,-3.05,74.6,2.83,290,NA,102190,20,704,NA,0.025,NA,414,553,NA,NA,10,NA,NA,NA,1508.76,NA,NA,NA,NA,-1.73,NA,-3.06,90649.15,0,0,0,-4,0,0,0,NA,NA,NA,NA,NA,NA,NA,NA,0.035,1.4,187,35,1.7,3.8
2019-03-13 17:00:00,101964.11,2,-4.4,64.42,5.14,350,NA,102270,NA,854,3019,NA,NA,503,779,0.025,NA,10,2.8,-1.1,NA,2286,NA,NA,NA,NA,-2.49,NA,-4.09,90709.41,0,0,0,-5.4,0,0,0,NA,NA,NA,NA,NA,NA,NA,NA,0.034,1.2,210,31,1.4,NA
2019-03-13 18:00:00,102031.84,2,-4.4,64.42,4.63,350,NA,102340,NA,NA,NA,NA,NA,463,629,NA,NA,10,NA,NA,NA,1402.08,NA,NA,NA,NA,-2.21,NA,-4.09,90769.66,0,0,0,-7,0,0,0,NA,NA,NA,NA,NA,NA,NA,NA,0.033,1.2,227,45,0.7,NA
2019-03-13 19:00:00,102133.43,1,-3.3,69.22,4.12,350,NA,102470,20,NA,NA,0.025,NA,414,604,NA,NA,10,NA,NA,NA,1249.68,NA,NA,NA,NA,-3.13,NA,-4.07,90860.04,0,0,0,-7.2,0,0,0,NA,NA,NA,NA,NA,NA,NA,NA,0.018,1,147,29,0,0.3
2019-03-13 20:00:00,102235.02,1,-4.4,69.22,3.6,340,NA,102570,20,NA,3024,0.025,0.025,394,NA,NA,NA,9,NA,NA,NA,1188.72,NA,NA,NA,NA,-2.77,NA,-4.07,90950.41,0,0,0,-7.5,0,0,0,NA,NA,NA,NA,NA,NA,NA,NA,0.023,1.4,122,34,-0.1,3
2019-03-13 21:00:00,102336.62,1,-3.9,69.22,1.54,50,NA,102670,20,NA,NA,0.025,NA,354,NA,NA,NA,10,NA,NA,NA,1066.8,NA,NA,NA,NA,-1.36,NA,-4.07,91040.8,0,0,0,-7.4,0,0,1,NA,NA,NA,NA,NA,NA,NA,NA,0.02,1.2,125,34,-0.7,2.3
2019-03-13 22:00:00,102404.34,0,-4.4,74.41,3.09,350,NA,102730,NA,NA,NA,NA,NA,344,NA,NA,NA,10,NA,NA,NA,1036.32,NA,NA,NA,NA,-3.58,NA,-4.06,91101.04,0,0,0,-6.6,0,0,0,NA,NA,NA,NA,NA,NA,NA,NA,0.024,0.9,133,35,-0.8,2.5
2019-03-13 23:00:00,102438.21,0,-3.9,74.41,2.06,220,NA,102770,NA,NA,1018,NA,NA,364,NA,0.025,NA,10,1.7,0,NA,1097.28,NA,NA,NA,NA,-1.91,NA,-4.06,91131.18,0,0,0,-6.7,0,0,0,NA,NA,NA,NA,NA,NA,NA,NA,0.023,0.8,116,60,-0.9,4
2019-03-14,102505.93,0,-3.9,80.19,2.06,100,NA,102790,NA,NA,NA,NA,NA,404,704,NA,NA,10,NA,NA,NA,1219.2,NA,2.8,-3.3,NA,-2.53,NA,-3.05,91191.42,0,0,0,-6.9,0,0,0,NA,NA,NA,NA,NA,NA,NA,NA,0.024,0.8,162,38,-1.3,5.5
2019-03-14 01:00:00,102539.8,0,-4.4,74.41,1.54,60,NA,102850,NA,NA,NA,NA,NA,423,754,NA,NA,10,NA,NA,NA,1280.16,NA,NA,NA,NA,-1.82,NA,-4.06,91221.55,0,0,0,-7.2,0,0,1,NA,NA,NA,NA,NA,NA,NA,NA,0.022,0.8,162,35,-1.4,6.2
2019-03-14 02:00:00,102607.53,-1,-3.9,80.04,0,0,NA,102920,NA,754,3016,NA,NA,434,503.5,NA,NA,10,NA,NA,NA,1310.64,NA,NA,NA,NA,-2.53,NA,-4.05,91281.81,0,0,0,-6.4,0,0,1,NA,NA,NA,NA,NA,NA,NA,NA,0.018,0.7,150,46,-1.7,3.8
2019-03-14 03:00:00,102641.39,-1,-5,80.04,0,0,NA,102980,NA,NA,NA,NA,NA,456,754,NA,NA,10,NA,NA,NA,2286,NA,NA,NA,NA,-2.96,NA,-4.05,91311.93,0,0,0,-6.5,0,0,1,NA,NA,NA,NA,NA,NA,NA,NA,0.019,0.8,149,62,-2.1,3.3
2019-03-14 04:00:00,102675.25,-1,-5,74.22,2.06,290,NA,102990,NA,NA,NA,NA,NA,453,754,NA,NA,10,NA,NA,NA,1371.6,NA,NA,NA,NA,-3.7,NA,-5.06,91342.05,0,0,0,-6.9,0,0,0,NA,NA,NA,NA,NA,NA,NA,NA,0.021,0.8,152,53,-2.2,4.7
2019-03-14 05:00:00,102709.12,-2,-6.1,74.03,0,0,NA,103040,NA,NA,1010,NA,NA,423,754,NA,0.508,10,0,-2.8,NA,2286,NA,NA,NA,NA,-4.48,NA,-6.07,91372.18,0,0,0,-6.2,0,0,1,NA,NA,NA,NA,NA,NA,NA,NA,0.022,1,145,68,-2.6,4.5
2019-03-14 06:00:00,102776.85,-2,-7.2,73.84,0,0,NA,103090,NA,NA,NA,NA,NA,754,NA,NA,NA,10,NA,NA,NA,2286,NA,NA,NA,NA,-4.48,NA,-7.07,91432.44,0,0,0,-6.4,0,0,1,NA,NA,NA,NA,NA,NA,NA,NA,0.017,0.6,162,53,-3.4,2.5
2019-03-14 07:00:00,102776.85,-4,-7.8,79.42,0,0,NA,103160,NA,NA,NA,NA,NA,704,NA,NA,NA,10,NA,NA,NA,2133.6,NA,NA,NA,NA,-6.39,NA,-8.05,91432.44,0,0,0,-4.5,0,0,1,NA,NA,NA,NA,NA,NA,NA,NA,0.009,0.8,218,32,-3.5,5
2019-03-14 08:00:00,102844.57,-6,-8.3,85.71,0,0,NA,103220,NA,NA,3010,NA,NA,1,NA,NA,NA,10,NA,NA,NA,NA,NA,NA,NA,NA,-8.67,NA,-8.04,91492.68,0,0,0,-2.7,0,0,1,NA,NA,NA,NA,NA,NA,NA,NA,0.003,0.7,269,67,-0.6,5.9
2019-03-14 09:00:00,102878.44,-4,-7.2,74.36,0,0,NA,103230,NA,NA,NA,NA,NA,1,NA,NA,NA,10,NA,NA,NA,NA,NA,NA,NA,NA,-7.53,NA,-8.05,91522.81,0,0,0,-4.3,0,0,1,NA,NA,NA,NA,NA,NA,NA,NA,0.01,0.7,214,80,1.7,3.5
2019-03-14 10:00:00,102912.3,-3,-7.2,73.84,0,0,NA,103290,NA,NA,NA,NA,NA,1,NA,NA,NA,10,NA,NA,NA,NA,NA,NA,NA,NA,-7.2,NA,-7.26,91552.94,0,0,0,-4.5,0,0,1,NA,NA,NA,NA,NA,NA,NA,NA,0.022,0.9,36,70,2.5,4.5
2019-03-14 11:00:00,102946.16,-1.1,-7.2,63.7,0,0,NA,103260,NA,NA,1008,NA,NA,1,NA,NA,NA,10,-0.6,-6.1,NA,NA,NA,NA,NA,NA,-3.015,NA,-7.09,91583.06,0,0,0,-5.6,0,0,1,NA,NA,NA,NA,NA,NA,NA,NA,0.027,1.6,272,49,3,4.5
2019-03-14 12:00:00,102912.3,-1,-7.2,63.7,1.54,170,NA,103210,NA,NA,NA,NA,NA,1,NA,NA,NA,10,NA,NA,NA,NA,NA,NA,NA,NA,-2.96,NA,-7.09,91552.94,0,0,0,-4.1,0,0,1,NA,NA,NA,NA,NA,NA,NA,NA,0.032,1.9,185,55,4,4.3
2019-03-14 13:00:00,102878.44,1,-7.8,50.98,2.06,150,NA,103160,NA,NA,NA,NA,NA,1,NA,NA,NA,10,NA,NA,NA,NA,NA,NA,NA,NA,-1.305,NA,-8.12,91522.81,0,0,0,-5.2,0,0,0,NA,NA,NA,NA,NA,NA,NA,NA,0.037,1.7,202,53,4.8,5.7
2019-03-14 14:00:00,102810.71,2,-8.9,47.45,1.54,140,NA,103080,NA,NA,8012,NA,NA,1,NA,NA,NA,10,NA,NA,NA,NA,NA,NA,NA,NA,0.47,NA,-8.13,91462.56,0,0,0,-4.5,0,0,1,NA,NA,NA,NA,NA,NA,NA,NA,0.038,2.5,195,35,4.7,4.5
2019-03-14 15:00:00,102776.85,3,-8.9,40.87,1.54,160,NA,103020,NA,NA,NA,NA,NA,1,NA,NA,NA,10,NA,NA,NA,NA,NA,NA,NA,NA,0.74,NA,-9.14,91432.44,0,0,0,-6,0,0,1,NA,NA,NA,NA,NA,NA,NA,NA,0.039,2.8,201,24,3.5,2.1
2019-03-14 16:00:00,102742.98,3,-8.3,44.19,3.6,160,NA,103040,NA,NA,NA,NA,NA,1203,NA,NA,NA,10,NA,NA,NA,3657.6,NA,NA,NA,NA,-0.34,NA,-8.13,91402.31,0,0,0,-5.4,0,0,0,NA,NA,NA,NA,NA,NA,NA,NA,0.04,2.6,208,18,4.4,2.8
2019-03-14 17:00:00,102709.12,2,-7.8,47.45,4.12,170,NA,103010,NA,NA,6008,NA,NA,1,NA,NA,NA,10,2.8,-1.1,NA,3657.6,NA,NA,NA,NA,-1.56,NA,-8.13,91372.18,0,0,0,-5.3,0,0,0,NA,NA,NA,NA,NA,NA,NA,NA,0.041,2,195,26,3.3,1.1
2019-03-14 18:00:00,102709.12,2,-8.3,47.36,3.6,170,NA,102990,NA,NA,NA,NA,NA,1,NA,NA,NA,10,NA,NA,NA,NA,NA,NA,NA,NA,-1.53,NA,-8.43,91372.18,0,0,0,-6.7,0,0,0,NA,NA,NA,NA,NA,NA,NA,NA,0.04,1.1,237,38,2.4,-1.3
2019-03-14 19:00:00,102675.25,2,-9.4,43.88,1.54,70,NA,103000,NA,NA,NA,NA,NA,1,NA,NA,NA,10,NA,NA,NA,NA,NA,NA,NA,NA,-0.2,NA,-9.13,91342.05,0,0,0,-7.9,0,0,1,NA,NA,NA,NA,NA,NA,NA,NA,0.037,0.9,168,43,0.1,3
2019-03-14 20:00:00,102709.12,1,-8.9,50.68,1.54,40,NA,103110,NA,NA,3002,NA,NA,1,NA,NA,NA,10,NA,NA,NA,NA,NA,NA,NA,NA,-1.36,NA,-9.12,91372.18,0,0,0,-8.3,0,0,1,NA,NA,NA,NA,NA,NA,NA,NA,0.026,0.9,175,44,-2.4,7.8
2019-03-14 21:00:00,102742.98,-2,-8.3,62.91,2.06,300,NA,103140,NA,NA,NA,NA,NA,1,NA,NA,NA,10,NA,NA,NA,NA,NA,NA,NA,NA,-4.69,NA,-8.1,91402.31,0,0,0,-5.7,0,0,0,NA,NA,NA,NA,NA,NA,NA,NA,0.012,0.6,150,71,-3.6,7.8
2019-03-14 22:00:00,102776.85,-3,-8.3,68.34,0,0,NA,103170,NA,NA,NA,NA,NA,1,NA,NA,NA,10,NA,NA,NA,NA,NA,NA,NA,NA,-4.86,NA,-8.08,91432.44,0,0,0,-4.6,0,0,1,NA,NA,NA,NA,NA,NA,NA,NA,0.006,0.7,175,70,-4.5,10
2019-03-14 23:00:00,102810.71,-3.3,-8.9,68.34,0,0,NA,103180,NA,NA,1007,NA,NA,1,NA,NA,NA,10,2.8,-4.4,NA,NA,NA,NA,NA,NA,-5.82,NA,-8.08,91462.56,0,0,0,-4.1,0,0,1,NA,NA,NA,NA,NA,NA,NA,NA,0.003,0.7,160,70,-5.4,14.4
2019-03-15,102810.71,-4,-8.9,68.11,0,0,NA,103170,NA,NA,NA,NA,NA,906,NA,NA,NA,10,NA,NA,NA,2819.4,NA,2.8,-6.1,NA,-6.39,NA,-9.08,91462.56,0,0,0,-3.5,0,0,1,NA,NA,NA,NA,NA,NA,NA,NA,0.004,0.6,178,68,-5.5,12.7
2019-03-15 01:00:00,102810.71,-4,-8.3,68.34,0,0,NA,103170,NA,NA,NA,NA,NA,854,NA,NA,NA,10,NA,NA,NA,2590.8,NA,NA,NA,NA,-5.25,NA,-8.08,91462.56,0,0,0,-3.5,0,0,1,NA,NA,NA,NA,NA,NA,NA,NA,0.005,0.9,206,51,-6.1,11.2
2019-03-15 02:00:00,102844.57,-5,-9.4,73.45,1.54,50,NA,103210,NA,NA,3006,NA,NA,804,NA,NA,NA,10,NA,NA,NA,2438.4,NA,NA,NA,NA,-7.53,NA,-9.07,91492.68,0,0,0,-2.6,0,0,1,NA,NA,NA,NA,NA,NA,NA,NA,0.005,0.8,153,73,-6.9,8.3
2019-03-15 03:00:00,102878.44,-6,-9.4,79.26,0,0,NA,103210,NA,NA,NA,NA,NA,804,NA,NA,NA,10,NA,NA,NA,2514.6,NA,NA,NA,NA,-7.53,NA,-9.05,91522.81,0,0,0,-1.6,0,0,1,NA,NA,NA,NA,NA,NA,NA,NA,0.006,0.9,170,44,-7.7,5.7
2019-03-15 04:00:00,102878.44,-7,-9.4,79.1,0,0,NA,103240,NA,NA,NA,NA,NA,856,NA,NA,NA,10,NA,NA,NA,2590.8,NA,NA,NA,NA,-9.82,NA,-10.05,91522.81,0,0,0,-1,0,0,1,NA,NA,NA,NA,NA,NA,NA,NA,0.004,1.1,131,57,-7.5,4.7
2019-03-15 05:00:00,102912.3,-7,-10,79.26,0,0,NA,103300,NA,NA,3005,NA,NA,854,NA,NA,NA,10,-3.3,-7.2,NA,2590.8,NA,NA,NA,NA,-10.04,NA,-9.05,91552.94,0,0,0,-0.4,0,0,1,NA,NA,NA,NA,NA,NA,NA,NA,0.008,1.5,225,40,-7.4,2.8
2019-03-15 06:00:00,102946.16,-7,-9.4,81.05,0,0,NA,103310,NA,NA,NA,NA,NA,804,NA,NA,NA,10,NA,NA,NA,2438.4,NA,NA,NA,NA,-8.67,NA,-9.05,91583.06,0,0,0,-0.4,0,0,1,NA,NA,NA,NA,NA,NA,NA,NA,0.006,0.9,184,66,-7.6,5.2
2019-03-15 07:00:00,102912.3,-7,-10,85.59,1.54,110,NA,103280,NA,NA,NA,NA,NA,802,NA,NA,NA,10,NA,NA,NA,2438.4,NA,NA,NA,NA,-9.82,NA,-9.04,91552.94,0,0,0,-0.4,0,0,1,NA,NA,NA,NA,NA,NA,NA,NA,0.002,1.3,208,65,-7.1,8.3
2019-03-15 08:00:00,102946.16,-8,-10,85.47,0,0,NA,103360,NA,NA,3001,NA,NA,1,NA,NA,NA,10,NA,NA,NA,NA,NA,NA,NA,NA,-10.96,NA,-10.04,91583.06,0,0,0,0.3,0,1,1,NA,NA,NA,NA,NA,1,2019-03-15 08:00:00,2019-03-15 08:00:00,0.001,1,245,59,-5.4,8.3
2019-03-15 09:00:00,102946.16,-6,-8.9,79.42,0,0,NA,103350,NA,NA,NA,NA,NA,802,NA,NA,NA,10,NA,NA,NA,NA,NA,NA,NA,NA,-7.53,NA,-9.04,91583.06,0,0,0,-0.7,0,0,1,NA,NA,NA,NA,NA,NA,NA,NA,0.005,1.1,220,54,-3.2,8.3
2019-03-15 10:00:00,102946.16,-6,-8.3,79.26,1.54,250,NA,103390,NA,NA,NA,NA,NA,1,NA,NA,NA,10,NA,NA,NA,NA,NA,NA,NA,NA,-8.67,NA,-9.05,91583.06,0,0,0,0.6,1,1,1,NA,NA,1,2019-03-15 10:00:00,2019-03-15 10:00:00,1,2019-03-15 10:00:00,2019-03-15 10:00:00,0.012,0.7,223,81,0.4,9.5
2019-03-15 11:00:00,102980.03,-4,-7.2,73.84,1.54,240,NA,103340,NA,NA,0,NA,NA,854,NA,NA,NA,10,-3.3,-8.3,NA,2590.8,NA,NA,NA,NA,-5.59,NA,-8.05,91613.19,0,0,0,-0.3,0,0,1,NA,NA,NA,NA,NA,NA,NA,NA,0.015,1.1,48,69,2.6,10.2
2019-03-15 12:00:00,102912.3,-2,-6.7,68.56,1.54,250,NA,103280,NA,NA,NA,NA,NA,804,802,NA,NA,10,NA,NA,NA,2438.4,NA,NA,NA,NA,-4.1,NA,-7.08,91552.94,0,0,0,0.4,0,1,1,NA,NA,NA,NA,NA,2,2019-03-15 12:00:00,2019-03-15 13:00:00,0.02,1.2,183,61,4.4,9.1
2019-03-15 13:00:00,102878.44,-1,-6.7,63.7,0,0,NA,103200,NA,NA,NA,NA,NA,604,802,NA,NA,10,NA,NA,NA,1828.8,NA,NA,NA,NA,-2.96,NA,-7.09,91522.81,0,0,0,0.4,0,1,1,NA,NA,NA,NA,NA,2,2019-03-15 12:00:00,2019-03-15 13:00:00,0.026,1.1,188,37,6.7,11.2
2019-03-15 14:00:00,102810.71,2,-7.2,51.27,0,0,NA,103100,NA,NA,8016,NA,NA,754,754,NA,NA,10,NA,NA,NA,2286,NA,NA,NA,NA,-0.68,NA,-7.12,91462.56,0,0,0,-2.7,0,0,1,NA,NA,NA,NA,NA,NA,NA,NA,0.031,1.4,261,29,7.6,11.7
2019-03-15 15:00:00,102709.12,3.9,-8.3,44.19,0,0,NA,103020,NA,NA,NA,NA,NA,804,NA,NA,NA,10,NA,NA,NA,2438.4,NA,NA,NA,NA,0.47,NA,-8.13,91372.18,0,0,0,-3.8,0,0,1,NA,NA,NA,NA,NA,NA,NA,NA,0.035,1.2,233,44,7.8,4.5
2019-03-15 16:00:00,102709.12,6,-7.8,36.13,0,0,NA,102990,NA,NA,NA,NA,NA,754,NA,NA,NA,10,NA,NA,NA,2286,NA,NA,NA,NA,NA,NA,-8.14,91372.18,0,0,0,-6.1,0,0,1,NA,NA,NA,NA,NA,NA,NA,NA,0.039,1.7,232,14,6,1.3
2019-03-15 17:00:00,102675.25,6,-8.3,38.71,0,0,NA,102940,NA,NA,6012,NA,NA,704,NA,NA,NA,10,7.2,-2.8,NA,2286,NA,NA,NA,NA,NA,NA,-7.13,91342.05,0,0,0,-5.9,0,0,1,NA,NA,NA,NA,NA,NA,NA,NA,0.039,2.1,247,11,6.1,2.1
2019-03-15 18:00:00,102641.39,6,-7.8,35.82,0,0,NA,102910,NA,NA,NA,NA,NA,702,NA,NA,NA,10,NA,NA,NA,NA,NA,NA,NA,NA,NA,NA,-8.14,91311.93,0,0,0,-6.6,0,0,1,NA,NA,NA,NA,NA,NA,NA,NA,0.041,1,234,43,4,4.3
2019-03-15 19:00:00,102607.53,4,-5,48.05,0,0,NA,102970,NA,NA,NA,NA,NA,1,NA,NA,NA,10,NA,NA,NA,NA,NA,NA,NA,NA,0.835,NA,-6.12,91281.81,0,0,0,-5.3,0,0,1,NA,NA,NA,NA,NA,NA,NA,NA,0.039,0.9,157,48,1.1,2.1
2019-03-15 20:00:00,102641.39,2,-5,59.74,1.54,270,NA,103030,NA,NA,3002,NA,NA,1,NA,NA,NA,10,NA,NA,NA,NA,NA,NA,NA,NA,-0.2,NA,-5.1,91311.93,0,0,0,-4.6,0,0,1,NA,NA,NA,NA,NA,NA,NA,NA,0.027,0.8,149,38,-0.8,2.8
2019-03-15 21:00:00,102675.25,1,-5.6,59.48,0,0,NA,103050,NA,NA,NA,NA,NA,1,NA,NA,NA,10,NA,NA,NA,NA,NA,NA,NA,NA,-1.36,NA,-6.1,91342.05,0,0,0,-3.8,0,0,1,NA,NA,NA,NA,NA,NA,NA,NA,0.013,0.7,174,73,-1.6,8.6
2019-03-15 22:00:00,102709.12,0,-5,69,0,0,NA,103090,NA,NA,NA,NA,NA,1,NA,NA,NA,10,NA,NA,NA,NA,NA,NA,NA,NA,NA,NA,-5.08,91372.18,0,0,0,-3.2,0,0,1,NA,NA,NA,NA,NA,NA,NA,NA,0.003,0.8,156,48,-2.8,37.7
2019-03-15 23:00:00,102709.12,-1.1,-5.6,71.44,1.54,90,NA,103090,NA,NA,1006,NA,NA,1,NA,NA,NA,10,6.7,-2.2,NA,NA,NA,NA,NA,NA,-3.585,NA,-6.07,91372.18,0,0,0,-2.3,0,0,1,NA,NA,NA,NA,NA,NA,NA,NA,0.003,0.7,183,58,-3.6,13.4
2019-03-16,102709.12,-1,-6.1,68.78,0,0,NA,103080,NA,NA,NA,NA,NA,1,NA,NA,NA,10,NA,NA,NA,NA,NA,7.2,-8.3,NA,-2.96,NA,-6.08,91372.18,0,0,0,-2.8,0,0,1,NA,NA,NA,NA,NA,NA,NA,NA,0.002,0.7,178,65,-4.4,11.2
2019-03-16 01:00:00,102742.98,-2,-6.1,74.03,0,0,NA,103100,NA,NA,NA,NA,NA,1,NA,NA,NA,10,NA,NA,NA,NA,NA,NA,NA,NA,-4.1,NA,-6.07,91402.31,0,0,0,-2.3,0,0,1,NA,NA,NA,NA,NA,NA,NA,NA,0.002,0.7,178,51,-5.1,20.9
2019-03-16 02:00:00,102776.85,-3.3,-7.2,79.58,0,0,NA,103120,NA,NA,3007,NA,NA,1,NA,NA,NA,10,NA,NA,NA,NA,NA,NA,NA,NA,-5.25,NA,-7.05,91432.44,0,0,0,-1.3,0,0,1,NA,NA,NA,NA,NA,NA,NA,NA,0.002,0.6,164,46,-5.6,11.5
2019-03-16 03:00:00,102810.71,-4,-7.2,79.42,0,0,NA,103100,NA,NA,NA,NA,NA,1,NA,NA,NA,10,NA,NA,NA,NA,NA,NA,NA,NA,-6.84,NA,-8.05,91462.56,0,0,0,-0.4,0,0,1,NA,NA,NA,NA,NA,NA,NA,NA,0.001,0.6,154,53,-6.1,11.5
2019-03-16 04:00:00,102776.85,-6,-8.3,84.37,0,0,NA,103080,NA,NA,NA,NA,NA,1,NA,NA,NA,10,NA,NA,NA,NA,NA,NA,NA,NA,NA,NA,-8.04,91432.44,0,0,0,1.7,1,1,1,46,52,11,2019-03-16 04:00:00,2019-03-16 14:00:00,12,2019-03-16 04:00:00,2019-03-16 15:00:00,0.001,0.8,190,44,-6.1,9.5
2019-03-16 05:00:00,102810.71,-6,-8.3,85.71,1.54,10,NA,103140,NA,NA,3003,NA,NA,1,NA,NA,NA,10,-0.6,-6.7,NA,NA,NA,NA,NA,NA,-8.67,NA,-8.04,91462.56,0,0,0,1.9,1,1,1,46,52,11,2019-03-16 04:00:00,2019-03-16 14:00:00,12,2019-03-16 04:00:00,2019-03-16 15:00:00,0.001,0.8,187,51,-6.5,6.4
2019-03-16 06:00:00,102844.57,-6,-10,85.71,0,0,NA,103190,NA,NA,NA,NA,NA,1,NA,NA,NA,10,NA,NA,NA,NA,NA,NA,NA,NA,-10.96,NA,-8.04,91492.68,0,0,0,1.8,1,1,1,46,52,11,2019-03-16 04:00:00,2019-03-16 14:00:00,12,2019-03-16 04:00:00,2019-03-16 15:00:00,0.001,0.6,173,48,-7.2,5.7
2019-03-16 07:00:00,102878.44,-7,-8.9,85.59,0,0,NA,103260,31,NA,NA,NA,NA,1,NA,NA,NA,6,NA,NA,NA,NA,NA,NA,NA,NA,NA,NA,-9.04,91522.81,0,0,0,2.3,1,1,1,46,52,11,2019-03-16 04:00:00,2019-03-16 14:00:00,12,2019-03-16 04:00:00,2019-03-16 15:00:00,0.001,0.6,198,35,-6.1,6.2
2019-03-16 08:00:00,102912.3,-7,-7.2,91.89,0,0,NA,103310,31,NA,3009,NA,NA,1,NA,NA,NA,6,NA,NA,NA,NA,NA,NA,NA,NA,NA,NA,-8.02,91552.94,0,0,0,2.2,1,1,1,46,52,11,2019-03-16 04:00:00,2019-03-16 14:00:00,12,2019-03-16 04:00:00,2019-03-16 15:00:00,0.002,0.8,226,59,-3.9,7.4
2019-03-16 09:00:00,102946.16,-6,-8.3,85.71,0,0,NA,103350,31,NA,NA,NA,NA,1,NA,NA,NA,7,NA,NA,NA,NA,NA,NA,NA,NA,-9.82,NA,-8.04,91583.06,0,0,0,2.9,1,1,1,46,52,11,2019-03-16 04:00:00,2019-03-16 14:00:00,12,2019-03-16 04:00:00,2019-03-16 15:00:00,0.007,0.8,227,64,-1.4,9.8
2019-03-16 10:00:00,102980.03,-5,-6.7,85.82,0,0,NA,103320,NA,NA,NA,NA,NA,1,NA,NA,NA,8,NA,NA,NA,NA,NA,NA,NA,NA,NA,NA,-7.04,91613.19,0,0,0,4.5,1,1,1,46,52,11,2019-03-16 04:00:00,2019-03-16 14:00:00,12,2019-03-16 04:00:00,2019-03-16 15:00:00,0.011,0.8,200,67,2.1,11.9
2019-03-16 11:00:00,102946.16,-2,-5.6,74.03,0,0,NA,103270,NA,NA,8002,NA,NA,1,NA,NA,NA,7,-1.1,-8.3,NA,NA,NA,NA,NA,NA,-4.215,NA,-6.07,91583.06,0,0,0,2.8,1,1,1,46,52,11,2019-03-16 04:00:00,2019-03-16 14:00:00,12,2019-03-16 04:00:00,2019-03-16 15:00:00,0.017,0.8,103,75,3.8,13.7
2019-03-16 12:00:00,102878.44,-1,-5,74.22,0,0,NA,103190,NA,NA,NA,NA,NA,1,NA,NA,NA,10,NA,NA,NA,NA,NA,NA,NA,NA,-3.53,NA,-5.06,91522.81,0,0,0,3.5,1,1,1,46,52,11,2019-03-16 04:00:00,2019-03-16 14:00:00,12,2019-03-16 04:00:00,2019-03-16 15:00:00,0.023,0.9,105,70,5.2,14.2
2019-03-16 13:00:00,102810.71,0,-5,69,0,0,NA,103100,NA,NA,NA,NA,NA,1,NA,NA,NA,10,NA,NA,NA,NA,NA,NA,NA,NA,-2.96,NA,-5.08,91462.56,0,0,0,2.9,1,1,1,46,52,11,2019-03-16 04:00:00,2019-03-16 14:00:00,12,2019-03-16 04:00:00,2019-03-16 15:00:00,0.028,0.9,317,67,6.5,21.3
2019-03-16 14:00:00,102742.98,2,-5,64.42,0,0,NA,102990,NA,NA,8021,NA,NA,1,NA,NA,NA,10,NA,NA,NA,NA,NA,NA,NA,NA,1.61,NA,-4.09,91402.31,0,0,0,2.5,1,1,1,46,52,11,2019-03-16 04:00:00,2019-03-16 14:00:00,12,2019-03-16 04:00:00,2019-03-16 15:00:00,0.03,0.8,75,65,8.2,15.2
2019-03-16 15:00:00,102641.39,3,-4.4,60,1.54,160,NA,102930,NA,NA,NA,NA,NA,1,NA,NA,NA,10,NA,NA,NA,NA,NA,NA,NA,NA,1.61,NA,-4.1,91311.93,0,0,0,0.2,0,1,1,NA,52,NA,NA,NA,12,2019-03-16 04:00:00,2019-03-16 15:00:00,0.031,1.2,110,64,9.5,7.8
2019-03-16 16:00:00,102573.66,5,-5,51.85,0,0,NA,102880,NA,NA,NA,NA,NA,1,NA,NA,NA,10,NA,NA,NA,NA,NA,NA,NA,NA,2.75,NA,-4.11,91251.67,0,0,0,-2.2,0,0,1,NA,NA,NA,NA,NA,NA,NA,NA,0.034,2.5,200,46,9.2,9.8
2019-03-16 17:00:00,102539.8,6,-5,45.1,0,0,NA,102790,NA,NA,6017,NA,NA,1,NA,NA,NA,10,6.7,-2.2,NA,NA,NA,NA,NA,NA,NA,NA,-5.12,91221.55,0,0,0,-3.8,0,0,1,NA,NA,NA,NA,NA,NA,NA,NA,0.035,1.5,263,39,8.4,11.7
2019-03-16 18:00:00,102472.07,6,-5,48.34,0,0,NA,102770,NA,NA,NA,NA,NA,1,NA,NA,NA,10,NA,NA,NA,NA,NA,NA,NA,NA,3.9,NA,-5.12,91161.3,0,0,0,-4.1,0,0,1,NA,NA,NA,NA,NA,NA,NA,NA,0.034,0.6,209,52,5.5,11.3
2019-03-16 19:00:00,102438.21,4,-3.9,51.85,1.54,320,NA,102790,NA,NA,NA,NA,NA,1,NA,NA,NA,10,NA,NA,NA,NA,NA,NA,NA,NA,2.75,NA,-5.11,91131.18,0,0,0,-3.1,0,0,1,NA,NA,NA,NA,NA,NA,NA,NA,0.028,0.6,158,50,2.6,21.1
2019-03-16 20:00:00,102472.07,2,-3.9,64.42,1.54,330,NA,102830,NA,NA,5002,NA,NA,1,NA,NA,NA,10,NA,NA,NA,NA,NA,NA,NA,NA,0.47,NA,-4.09,91161.3,0,0,0,-2.1,0,0,1,NA,NA,NA,NA,NA,NA,NA,NA,0.01,0.7,158,51,0.8,4.8
2019-03-16 21:00:00,102505.93,2,-3.9,64.42,0,0,NA,102900,NA,NA,NA,NA,NA,1,NA,NA,NA,10,NA,NA,NA,NA,NA,NA,NA,NA,0.47,NA,-4.09,91191.42,0,0,0,-1.9,0,0,1,NA,NA,NA,NA,NA,NA,NA,NA,0.002,0.7,132,49,-0.4,6.4
2019-03-16 22:00:00,102573.66,0,-4.4,74.41,0,0,NA,102930,NA,NA,NA,NA,NA,1,NA,NA,NA,10,NA,NA,NA,NA,NA,NA,NA,NA,NA,NA,-4.06,91251.67,0,0,0,-0.3,0,0,1,NA,NA,NA,NA,NA,NA,NA,NA,0.001,0.6,139,46,-1.7,22.8
2019-03-16 23:00:00,102573.66,-1,-5,74.41,0,0,NA,102940,NA,NA,1009,NA,NA,1,NA,NA,NA,10,7.2,-1.1,NA,NA,NA,NA,NA,NA,NA,NA,-4.06,91251.67,0,0,0,-0.3,0,0,1,NA,NA,NA,NA,NA,NA,NA,NA,0.001,0.8,115,62,-2.3,7.4
2019-03-17,102607.53,-1,-5,80.04,0,0,NA,102920,NA,NA,NA,NA,NA,1,NA,NA,NA,10,NA,NA,NA,NA,NA,7.2,-8.3,NA,NA,NA,-4.05,91281.81,0,0,0,-0.6,0,0,1,NA,NA,NA,NA,NA,NA,NA,NA,0.002,0.8,172,68,-3.2,9.1
2019-03-17 01:00:00,102607.53,-2.8,-6.1,79.74,0,0,NA,102920,NA,NA,NA,NA,NA,1,NA,NA,NA,10,NA,NA,NA,NA,NA,NA,NA,NA,-4.675,NA,-6.05,91281.81,0,0,0,0.8,1,1,1,47,53,13,2019-03-17 01:00:00,2019-03-17 13:00:00,14,2019-03-17 01:00:00,2019-03-17 14:00:00,0.001,0.6,176,59,-4,10.5
2019-03-17 02:00:00,102641.39,-3,-6.1,79.58,0,0,NA,102950,NA,NA,3005,NA,NA,1,NA,NA,NA,10,NA,NA,NA,NA,NA,NA,NA,NA,NA,NA,-7.05,91311.93,0,0,0,1.2,1,1,1,47,53,13,2019-03-17 01:00:00,2019-03-17 13:00:00,14,2019-03-17 01:00:00,2019-03-17 14:00:00,0.001,0.6,161,69,-4.2,8.3
2019-03-17 03:00:00,102641.39,-3,-6.1,79.74,0,0,NA,102930,NA,NA,NA,NA,NA,1,NA,NA,NA,10,NA,NA,NA,NA,NA,NA,NA,NA,NA,NA,-6.05,91311.93,0,0,0,1.1,1,1,1,47,53,13,2019-03-17 01:00:00,2019-03-17 13:00:00,14,2019-03-17 01:00:00,2019-03-17 14:00:00,0.002,0.6,192,58,-4.8,8.6
2019-03-17 04:00:00,102641.39,-3.9,-6.7,79.58,0,0,NA,102920,NA,NA,NA,NA,NA,1,NA,NA,NA,10,NA,NA,NA,NA,NA,NA,NA,NA,NA,NA,-6.75,91311.93,0,0,0,1.8,1,1,1,47,53,13,2019-03-17 01:00:00,2019-03-17 13:00:00,14,2019-03-17 01:00:00,2019-03-17 14:00:00,0.002,0.7,188,44,-5.2,8.3
2019-03-17 05:00:00,102675.25,-4,-7.2,79.58,0,0,NA,102950,NA,NA,3002,NA,NA,1,NA,NA,NA,10,-0.6,-5,NA,NA,NA,NA,NA,NA,-6.39,NA,-7.05,91342.05,0,0,0,1.6,1,1,1,47,53,13,2019-03-17 01:00:00,2019-03-17 13:00:00,14,2019-03-17 01:00:00,2019-03-17 14:00:00,0.001,0.6,191,60,-5.7,5.9
2019-03-17 06:00:00,102709.12,-5,-7.2,85.82,0,0,NA,103030,31,NA,NA,NA,NA,1,NA,NA,NA,9,NA,NA,NA,NA,NA,NA,NA,NA,NA,NA,-7.04,91372.18,0,0,0,2.6,1,1,1,47,53,13,2019-03-17 01:00:00,2019-03-17 13:00:00,14,2019-03-17 01:00:00,2019-03-17 14:00:00,0.001,0.7,173,50,-5.8,6.7
2019-03-17 07:00:00,102742.98,-5,-7.2,84.5,0,0,NA,103070,NA,NA,NA,NA,NA,1,NA,NA,NA,10,NA,NA,NA,NA,NA,NA,NA,NA,NA,NA,-7.05,91402.31,0,0,0,2.6,1,1,1,47,53,13,2019-03-17 01:00:00,2019-03-17 13:00:00,14,2019-03-17 01:00:00,2019-03-17 14:00:00,0.001,0.5,175,55,-4.8,6.4
2019-03-17 08:00:00,102776.85,-5,-6.7,85.82,0,0,NA,103110,31,NA,1010,NA,NA,1,NA,NA,NA,6,NA,NA,NA,NA,NA,NA,NA,NA,-8.1,NA,-7.04,91432.44,0,0,0,3.1,1,1,1,47,53,13,2019-03-17 01:00:00,2019-03-17 13:00:00,14,2019-03-17 01:00:00,2019-03-17 14:00:00,0.001,0.7,212,55,-2.7,8.3
2019-03-17 09:00:00,102810.71,-4,-5,85.93,0,0,NA,103150,31,NA,NA,NA,NA,1,NA,NA,NA,4,NA,NA,NA,NA,NA,NA,NA,NA,NA,NA,-6.04,91462.56,0,0,0,3,1,1,1,47,53,13,2019-03-17 01:00:00,2019-03-17 13:00:00,14,2019-03-17 01:00:00,2019-03-17 14:00:00,0.004,0.8,246,56,0,10
2019-03-17 10:00:00,102844.57,-3,-4.4,86.04,0,0,NA,103160,31,NA,NA,NA,NA,803,NA,NA,NA,9,NA,NA,NA,2438.4,NA,NA,NA,NA,-5.25,NA,-5.04,91492.68,0,0,0,3.2,1,1,1,47,53,13,2019-03-17 01:00:00,2019-03-17 13:00:00,14,2019-03-17 01:00:00,2019-03-17 14:00:00,0.009,0.9,118,68,2.7,11
2019-03-17 11:00:00,102844.57,-1,-3.9,80.04,0,0,NA,103110,NA,NA,2,NA,NA,756,NA,NA,NA,10,0.6,-5.6,NA,NA,NA,NA,NA,NA,NA,NA,-4.05,91492.68,0,0,0,3.6,1,1,1,47,53,13,2019-03-17 01:00:00,2019-03-17 13:00:00,14,2019-03-17 01:00:00,2019-03-17 14:00:00,0.022,1.2,106,41,4.9,9.5
2019-03-17 12:00:00,102776.85,0,-4.4,74.41,0,0,NA,103070,NA,NA,NA,NA,NA,1,NA,NA,NA,10,NA,NA,NA,NA,NA,NA,NA,NA,-1.82,NA,-4.06,91432.44,0,0,0,4.9,1,1,1,47,53,13,2019-03-17 01:00:00,2019-03-17 13:00:00,14,2019-03-17 01:00:00,2019-03-17 14:00:00,0.029,0.7,237,58,6.9,10.3
2019-03-17 13:00:00,102742.98,3,-3.3,60,0,0,NA,103020,NA,NA,NA,NA,NA,1,NA,NA,NA,10,NA,NA,NA,NA,NA,NA,NA,NA,1.38,NA,-4.1,91402.31,0,0,0,1.3,1,1,1,47,53,13,2019-03-17 01:00:00,2019-03-17 13:00:00,14,2019-03-17 01:00:00,2019-03-17 14:00:00,0.032,0.9,65,60,8.6,11.5
2019-03-17 14:00:00,102675.25,4,-5,55.91,0,0,NA,102930,NA,NA,8016,NA,NA,1,NA,NA,NA,10,NA,NA,NA,NA,NA,NA,NA,NA,2.75,NA,-4.1,91342.05,0,0,0,0.4,0,1,1,NA,53,NA,NA,NA,14,2019-03-17 01:00:00,2019-03-17 14:00:00,0.035,1.3,85,55,10,9.6
2019-03-17 15:00:00,102607.53,4,-5,51.85,0,0,NA,102840,NA,NA,NA,NA,NA,1,NA,NA,NA,10,NA,NA,NA,NA,NA,NA,NA,NA,2.75,NA,-5.11,91281.81,0,0,0,-0.2,0,0,1,NA,NA,NA,NA,NA,NA,NA,NA,0.037,0.8,230,73,10.9,6.4
2019-03-17 16:00:00,102573.66,6,-5,45.1,0,0,NA,102820,NA,NA,NA,NA,NA,1,NA,NA,NA,10,NA,NA,NA,NA,NA,NA,NA,NA,5.04,NA,-5.12,91251.67,0,0,0,-1.2,0,0,1,NA,NA,NA,NA,NA,NA,NA,NA,0.038,1.1,250,37,10.2,3.6
2019-03-17 17:00:00,102539.8,6,-3.9,48.64,1.54,200,NA,102780,NA,NA,6012,NA,NA,1,NA,NA,NA,10,7.2,0,NA,NA,NA,NA,NA,NA,5.04,NA,-4.11,91221.55,0,0,0,-2.8,0,0,1,NA,NA,NA,NA,NA,NA,NA,NA,0.041,1,241,47,9.7,4.3
2019-03-17 18:00:00,102505.93,8,-4.4,39.32,2.83,320,NA,102770,NA,NA,NA,NA,NA,1,NA,NA,NA,10,NA,NA,NA,NA,NA,NA,NA,NA,6.4,NA,-5.13,91191.42,0,0,0,-5.6,0,0,0,NA,NA,NA,NA,NA,NA,NA,NA,0.042,0.9,170,28,7.5,4.8
2019-03-17 19:00:00,102505.93,6,-5,45.4,3.6,300,NA,102810,NA,NA,NA,NA,NA,1,NA,NA,NA,10,NA,NA,NA,NA,NA,NA,NA,NA,3.64,NA,-4.12,91191.42,0,0,0,-4.9,0,0,0,NA,NA,NA,NA,NA,NA,NA,NA,0.036,1.1,148,37,4,3.1
2019-03-17 20:00:00,102539.8,4.4,-5,50.41,3.6,330,NA,102840,NA,NA,3003,NA,NA,1,NA,NA,NA,10,NA,NA,NA,NA,NA,NA,NA,NA,0.88,NA,-5.12,91221.55,0,0,0,-4.6,0,0,0,NA,NA,NA,NA,NA,NA,NA,NA,0.025,0.6,82,70,1.9,-2.3
2019-03-17 21:00:00,102573.66,3,-4.4,55.91,1.54,320,NA,102920,NA,NA,NA,NA,NA,1,NA,NA,NA,10,NA,NA,NA,NA,NA,NA,NA,NA,0.97,NA,-4.1,91251.67,0,0,0,-3.2,0,0,1,NA,NA,NA,NA,NA,NA,NA,NA,0.02,0.7,142,49,-0.4,-1.8
2019-03-17 22:00:00,102641.39,2,-5,64.42,0,0,NA,102950,NA,NA,NA,NA,NA,1,NA,NA,NA,10,NA,NA,NA,NA,NA,NA,NA,NA,0.47,NA,-4.09,91311.93,0,0,0,-2.4,0,0,1,NA,NA,NA,NA,NA,NA,NA,NA,0.017,1,146,56,-1.7,6.7
2019-03-17 23:00:00,102675.25,1,-5,64.18,0,0,NA,102990,NA,NA,1014,NA,NA,1,NA,NA,NA,10,9.4,0,NA,NA,NA,NA,NA,NA,-0.2,NA,-5.09,91342.05,0,0,0,-1.5,0,0,1,NA,NA,NA,NA,NA,NA,NA,NA,0.011,0.8,169,58,-2.7,9.3
2019-03-18,102709.12,-0.6,-5.6,69,1.54,80,NA,103010,NA,NA,NA,NA,NA,1,NA,NA,NA,10,NA,NA,NA,NA,NA,9.4,-5.6,NA,-2.53,NA,-5.08,91372.18,0,0,0,-1,0,0,1,NA,NA,NA,NA,NA,NA,NA,NA,0.011,0.8,178,64,-3.4,6.4
2019-03-18 01:00:00,102709.12,-2,-6.1,74.03,0,0,NA,103030,NA,NA,NA,NA,NA,1,NA,NA,NA,10,NA,NA,NA,NA,NA,NA,NA,NA,-4.215,NA,-6.07,91372.18,0,0,0,0.5,1,1,1,48,54,14,2019-03-18 01:00:00,2019-03-18 14:00:00,15,2019-03-18 01:00:00,2019-03-18 15:00:00,0.006,0.6,155,69,-4.1,6.2
2019-03-18 02:00:00,102776.85,-3,-6.7,74.03,0,0,NA,103080,NA,NA,3009,NA,NA,1,NA,NA,NA,10,NA,NA,NA,NA,NA,NA,NA,NA,-4.1,NA,-6.07,91432.44,0,0,0,1.8,1,1,1,48,54,14,2019-03-18 01:00:00,2019-03-18 14:00:00,15,2019-03-18 01:00:00,2019-03-18 15:00:00,0.004,0.5,182,68,-5,6.7
2019-03-18 03:00:00,102810.71,-3,-7.2,79.58,0,0,NA,103080,NA,NA,NA,NA,NA,1,NA,NA,NA,10,NA,NA,NA,NA,NA,NA,NA,NA,NA,NA,-7.07,91462.56,0,0,0,1.2,1,1,1,48,54,14,2019-03-18 01:00:00,2019-03-18 14:00:00,15,2019-03-18 01:00:00,2019-03-18 15:00:00,0.005,0.7,184,47,-5.5,6.2
2019-03-18 04:00:00,102810.71,-4,-7.8,79.58,0,0,NA,103100,NA,NA,NA,NA,NA,1,NA,NA,NA,10,NA,NA,NA,NA,NA,NA,NA,NA,-6.39,NA,-7.05,91462.56,0,0,0,2.3,1,1,1,48,54,14,2019-03-18 01:00:00,2019-03-18 14:00:00,15,2019-03-18 01:00:00,2019-03-18 15:00:00,0.001,0.9,180,55,-5.8,5.2
2019-03-18 05:00:00,102844.57,-5,-7.8,79.58,1.54,340,NA,103140,NA,NA,3006,NA,NA,1,NA,NA,NA,10,0.6,-5.6,NA,NA,NA,NA,NA,NA,-8.37,NA,-8.04,91492.68,0,0,0,2.8,1,1,1,48,54,14,2019-03-18 01:00:00,2019-03-18 14:00:00,15,2019-03-18 01:00:00,2019-03-18 15:00:00,0.001,0.8,174,72,-6.4,6.2
2019-03-18 06:00:00,102878.44,-6,-7.8,85.71,1.54,80,NA,103150,NA,NA,NA,NA,NA,1,NA,NA,NA,9,NA,NA,NA,NA,NA,NA,NA,NA,-9.1,NA,-8.04,91522.81,0,0,0,4.9,1,1,1,48,54,14,2019-03-18 01:00:00,2019-03-18 14:00:00,15,2019-03-18 01:00:00,2019-03-18 15:00:00,0.001,0.8,177,47,-6.7,9.3
2019-03-18 07:00:00,102878.44,-6,-8.9,85.59,0,0,NA,103170,NA,NA,NA,NA,NA,1,NA,NA,NA,10,NA,NA,NA,NA,NA,NA,NA,NA,-8.67,NA,-8.94,91522.81,0,0,0,5,1,1,1,48,54,14,2019-03-18 01:00:00,2019-03-18 14:00:00,15,2019-03-18 01:00:00,2019-03-18 15:00:00,0.001,0.6,157,62,-4.7,10.2
2019-03-18 08:00:00,102878.44,-6,-6.7,85.71,2.06,100,NA,103200,NA,NA,3003,NA,NA,1,NA,NA,NA,8,NA,NA,NA,NA,NA,NA,NA,NA,-8.37,NA,-7.05,91522.81,0,0,0,5.1,1,1,0,48,54,14,2019-03-18 01:00:00,2019-03-18 14:00:00,15,2019-03-18 01:00:00,2019-03-18 15:00:00,0.001,0.9,217,49,-1.6,11.7
2019-03-18 09:00:00,102912.3,-4,-6.1,85.93,2.06,120,NA,103270,NA,NA,NA,NA,NA,1,NA,NA,NA,10,NA,NA,NA,NA,NA,NA,NA,NA,-7.2,NA,-6.04,91552.94,0,0,0,4.3,1,1,0,48,54,14,2019-03-18 01:00:00,2019-03-18 14:00:00,15,2019-03-18 01:00:00,2019-03-18 15:00:00,0.003,1,258,58,0.8,12
2019-03-18 10:00:00,102912.3,-3,-5,79.74,0,0,NA,103230,NA,NA,NA,NA,NA,1,NA,NA,NA,10,NA,NA,NA,NA,NA,NA,NA,NA,-5.95,NA,-6.05,91552.94,0,0,0,5.1,1,1,1,48,54,14,2019-03-18 01:00:00,2019-03-18 14:00:00,15,2019-03-18 01:00:00,2019-03-18 15:00:00,0.007,1.1,116,52,3,12.2
2019-03-18 11:00:00,102878.44,-1,-4.4,74.03,0,0,NA,103170,NA,NA,8001,NA,NA,1,NA,NA,NA,10,1.1,-7.2,NA,NA,NA,NA,NA,NA,-4.675,NA,-5.09,91522.81,0,0,0,4.2,1,1,1,48,54,14,2019-03-18 01:00:00,2019-03-18 14:00:00,15,2019-03-18 01:00:00,2019-03-18 15:00:00,0.015,1,57,64,4.8,11.5
2019-03-18 12:00:00,102844.57,1,-4.4,69.13,1.54,250,NA,103110,NA,NA,NA,NA,NA,1,NA,NA,NA,10,NA,NA,NA,NA,NA,NA,NA,NA,-0.68,NA,-4.48,91492.68,0,0,0,5.2,1,1,1,48,54,14,2019-03-18 01:00:00,2019-03-18 14:00:00,15,2019-03-18 01:00:00,2019-03-18 15:00:00,0.024,1,278,49,6.1,17.7
2019-03-18 13:00:00,102776.85,2,-3.9,60,0,0,NA,103050,NA,NA,NA,NA,NA,1,NA,NA,NA,10,NA,NA,NA,NA,NA,NA,NA,NA,0.35,NA,-4.1,91432.44,0,0,0,3.5,1,1,1,48,54,14,2019-03-18 01:00:00,2019-03-18 14:00:00,15,2019-03-18 01:00:00,2019-03-18 15:00:00,0.025,1,51,66,8.6,13.5
2019-03-18 14:00:00,102709.12,3,-5,60,1.54,230,NA,102990,NA,NA,6018,NA,NA,1,NA,NA,NA,10,NA,NA,NA,NA,NA,NA,NA,NA,1.61,NA,-4.1,91372.18,0,0,0,3.7,1,1,1,48,54,14,2019-03-18 01:00:00,2019-03-18 14:00:00,15,2019-03-18 01:00:00,2019-03-18 15:00:00,0.031,1.5,233,64,10,12.7
2019-03-18 15:00:00,102641.39,5,-5.6,48.05,0,0,NA,102900,NA,NA,NA,NA,NA,1,NA,NA,NA,10,NA,NA,NA,NA,NA,NA,NA,NA,NA,NA,-6.12,91311.93,0,0,0,0.2,0,1,1,NA,54,NA,NA,NA,15,2019-03-18 01:00:00,2019-03-18 15:00:00,0.036,1.1,173,61,10.6,9.3
2019-03-18 16:00:00,102607.53,8,-4.4,41.8,0,0,NA,102840,NA,NA,NA,NA,NA,1,NA,NA,NA,10,NA,NA,NA,NA,NA,NA,NA,NA,NA,NA,-5.12,91281.81,0,0,0,-2,0,0,1,NA,NA,NA,NA,NA,NA,NA,NA,0.041,0.9,218,71,11.1,6.4
2019-03-18 17:00:00,102573.66,7,-4.4,48.93,2.06,250,NA,102780,NA,NA,6015,NA,NA,1,NA,NA,NA,10,8.9,0,NA,NA,NA,NA,NA,NA,5.64,NA,-3.11,91251.67,0,0,0,-2.3,0,0,0,NA,NA,NA,NA,NA,NA,NA,NA,0.041,0.8,213,45,10.6,7.6
2019-03-18 18:00:00,102505.93,7,-3.3,48.64,1.54,200,NA,102780,NA,NA,NA,NA,NA,1,NA,NA,NA,10,NA,NA,NA,NA,NA,NA,NA,NA,5.64,NA,-4.11,91191.42,0,0,0,-3,0,0,1,NA,NA,NA,NA,NA,NA,NA,NA,0.042,0.9,209,28,8.1,6
2019-03-18 19:00:00,102472.07,7,-4.4,42.1,2.06,330,NA,102800,NA,NA,NA,NA,NA,1,NA,NA,NA,10,NA,NA,NA,NA,NA,NA,NA,NA,5.64,NA,-5.13,91161.3,0,0,0,-4.3,0,0,0,NA,NA,NA,NA,NA,NA,NA,NA,0.041,0.8,199,53,3.7,6.2
2019-03-18 20:00:00,102539.8,5,-3.9,51.85,2.57,300,NA,102840,NA,NA,3002,NA,NA,1,NA,NA,NA,10,NA,NA,NA,NA,NA,NA,NA,NA,3.02,NA,-4.11,91221.55,0,0,0,-4.3,0,0,0,NA,NA,NA,NA,NA,NA,NA,NA,0.033,0.7,190,55,1.5,3.8
2019-03-18 21:00:00,102607.53,3,-4.4,60,2.06,90,NA,102930,NA,NA,NA,NA,NA,1,NA,NA,NA,10,NA,NA,NA,NA,NA,NA,NA,NA,1.61,NA,-4.1,91281.81,0,0,0,-2.1,0,0,0,NA,NA,NA,NA,NA,NA,NA,NA,0.023,0.6,118,63,-0.1,4.7
2019-03-18 22:00:00,102641.39,2,-4.4,64.42,3.6,120,NA,102960,NA,NA,NA,NA,NA,1,NA,NA,NA,10,NA,NA,NA,NA,NA,NA,NA,NA,-1.9,NA,-4.09,91311.93,0,0,0,-1.3,0,0,0,NA,NA,NA,NA,NA,NA,NA,NA,0.012,0.7,133,57,-1.6,38.2
2019-03-18 23:00:00,102675.25,1,-5,69.22,2.57,100,NA,102970,NA,NA,1012,NA,NA,1,NA,NA,NA,10,9.4,-0.6,NA,NA,NA,NA,NA,NA,-1.91,NA,-4.07,91342.05,0,0,0,-0.1,0,0,0,NA,NA,NA,NA,NA,NA,NA,NA,0.006,0.8,131,57,-2.4,18.7
2019-03-19,102675.25,0,-5,69,2.06,120,NA,103000,NA,NA,NA,NA,NA,1,NA,NA,NA,10,NA,NA,NA,NA,NA,9.4,-7.2,NA,-2.38,NA,-5.08,91342.05,0,0,0,1.6,1,1,0,49,55,17,2019-03-19,2019-03-19 16:00:00,17,2019-03-19,2019-03-19 16:00:00,0.009,0.9,180,50,-3.2,6.2
2019-03-19 01:00:00,102709.12,-1,-5.6,68.78,0,0,NA,103000,NA,NA,NA,NA,NA,1,NA,NA,NA,10,NA,NA,NA,NA,NA,NA,NA,NA,-3.7,NA,-6.08,91372.18,0,0,0,2.7,1,1,1,49,55,17,2019-03-19,2019-03-19 16:00:00,17,2019-03-19,2019-03-19 16:00:00,0.012,0.7,153,64,-4,9.5
2019-03-19 02:00:00,102776.85,-2,-5.6,74.03,1.54,110,NA,103040,NA,NA,3008,NA,NA,1,NA,NA,NA,10,NA,NA,NA,NA,NA,NA,NA,NA,-4.1,NA,-6.07,91432.44,0,0,0,3.6,1,1,1,49,55,17,2019-03-19,2019-03-19 16:00:00,17,2019-03-19,2019-03-19 16:00:00,0.006,0.6,187,56,-4.7,9.3
2019-03-19 03:00:00,102776.85,-2,-6.7,74.03,0,0,NA,103050,NA,NA,NA,NA,NA,1,NA,NA,NA,10,NA,NA,NA,NA,NA,NA,NA,NA,-5.25,NA,-6.07,91432.44,0,0,0,3.6,1,1,1,49,55,17,2019-03-19,2019-03-19 16:00:00,17,2019-03-19,2019-03-19 16:00:00,0.006,0.8,185,45,-5.2,7.1
2019-03-19 04:00:00,102776.85,-4,-7.2,79.58,1.54,300,NA,103040,NA,NA,NA,NA,NA,1,NA,NA,NA,10,NA,NA,NA,NA,NA,NA,NA,NA,-6.39,NA,-7.05,91432.44,0,0,0,5.7,1,1,1,49,55,17,2019-03-19,2019-03-19 16:00:00,17,2019-03-19,2019-03-19 16:00:00,0.002,0.6,169,48,-5.7,7.6
2019-03-19 05:00:00,102810.71,-5,-7.2,84.5,0,0,NA,103090,NA,NA,3005,NA,NA,1,NA,NA,NA,10,0.6,-5.6,NA,NA,NA,NA,NA,NA,NA,NA,-7.05,91462.56,0,0,0,6.8,1,1,1,49,55,17,2019-03-19,2019-03-19 16:00:00,17,2019-03-19,2019-03-19 16:00:00,0.003,0.8,153,44,-6,7.9
2019-03-19 06:00:00,102844.57,-5,-7.8,79.58,0,0,NA,103130,NA,NA,NA,NA,NA,1,NA,NA,NA,10,NA,NA,NA,NA,NA,NA,NA,NA,-7.38,NA,-8.04,91492.68,0,0,0,6.8,1,1,1,49,55,17,2019-03-19,2019-03-19 16:00:00,17,2019-03-19,2019-03-19 16:00:00,0,0.6,184,40,-6.5,8.3
2019-03-19 07:00:00,102844.57,-6,-8.3,85.71,0,0,NA,103150,NA,NA,NA,NA,NA,1,NA,NA,NA,10,NA,NA,NA,NA,NA,NA,NA,NA,-8.445,NA,-8.04,91492.68,0,0,0,8,1,1,1,49,55,17,2019-03-19,2019-03-19 16:00:00,17,2019-03-19,2019-03-19 16:00:00,0.001,0.6,184,33,-4.4,10.5
2019-03-19 08:00:00,102878.44,-5,-6.7,79.58,0,0,NA,103170,NA,NA,3005,NA,NA,1,NA,NA,NA,10,NA,NA,NA,NA,NA,NA,NA,NA,-8.1,NA,-8.02,91522.81,0,0,0,7.3,1,1,1,49,55,17,2019-03-19,2019-03-19 16:00:00,17,2019-03-19,2019-03-19 16:00:00,0.002,0.5,185,47,0.7,8.6
2019-03-19 09:00:00,102878.44,-2,-5.6,74.03,0,0,NA,103170,NA,NA,NA,NA,NA,1,NA,NA,NA,9,NA,NA,NA,NA,NA,NA,NA,NA,NA,NA,-6.07,91522.81,0,0,0,6,1,1,1,49,55,17,2019-03-19,2019-03-19 16:00:00,17,2019-03-19,2019-03-19 16:00:00,0.007,1,245,53,1.7,8.5
2019-03-19 10:00:00,102844.57,-2,-5,79.74,0,0,NA,103170,NA,NA,NA,NA,NA,1,NA,NA,NA,9,NA,NA,NA,NA,NA,NA,NA,NA,-4.1,NA,-6.04,91492.68,0,0,0,8,1,1,1,49,55,17,2019-03-19,2019-03-19 16:00:00,17,2019-03-19,2019-03-19 16:00:00,0.012,0.9,57,48,3.5,13.4
2019-03-19 11:00:00,102810.71,1,-4.4,69.22,0,0,NA,103070,NA,NA,8008,NA,NA,1,NA,NA,NA,10,1.7,-6.7,NA,NA,NA,NA,NA,NA,-1.82,NA,-4.07,91462.56,0,0,0,6.1,1,1,1,49,55,17,2019-03-19,2019-03-19 16:00:00,17,2019-03-19,2019-03-19 16:00:00,0.02,0.8,282,61,5.9,16.5
2019-03-19 12:00:00,102742.98,2,-4.4,64.42,0,0,NA,102990,NA,NA,NA,NA,NA,1,NA,NA,NA,10,NA,NA,NA,NA,NA,NA,NA,NA,NA,NA,-4.09,91402.31,0,0,0,8.2,1,1,1,49,55,17,2019-03-19,2019-03-19 16:00:00,17,2019-03-19,2019-03-19 16:00:00,0.029,1,136,50,7.4,15.7
2019-03-19 13:00:00,102675.25,3,-5,60,1.54,230,NA,102920,NA,NA,NA,NA,NA,1,NA,NA,NA,10,NA,NA,NA,NA,NA,NA,NA,NA,1.61,NA,-4.1,91342.05,0,0,0,8,1,1,1,49,55,17,2019-03-19,2019-03-19 16:00:00,17,2019-03-19,2019-03-19 16:00:00,0.036,1.3,331,66,9.2,8.1
2019-03-19 14:00:00,102573.66,4,-3.9,55.91,1.54,240,NA,102830,NA,NA,8021,NA,NA,1,NA,NA,NA,10,NA,NA,NA,NA,NA,NA,NA,NA,2.75,NA,-4.1,91251.67,0,0,0,6.3,1,1,1,49,55,17,2019-03-19,2019-03-19 16:00:00,17,2019-03-19,2019-03-19 16:00:00,0.039,1.3,294,85,10.6,8.3
2019-03-19 15:00:00,102505.93,6,-2.8,50.7,1.54,230,NA,102720,NA,NA,NA,NA,NA,1,NA,NA,NA,10,NA,NA,NA,NA,NA,NA,NA,NA,5.04,NA,-3.11,91191.42,0,0,0,3.4,1,1,1,49,55,17,2019-03-19,2019-03-19 16:00:00,17,2019-03-19,2019-03-19 16:00:00,0.042,0.8,158,76,11.4,6.9
2019-03-19 16:00:00,102404.34,6,-3.3,52.42,2.06,240,NA,102680,NA,NA,NA,NA,NA,1,NA,NA,NA,10,NA,NA,NA,NA,NA,NA,NA,NA,4.47,NA,-3.11,91101.04,0,0,0,2.7,1,1,0,49,55,17,2019-03-19,2019-03-19 16:00:00,17,2019-03-19,2019-03-19 16:00:00,0.042,1,200,63,11.5,7.3
2019-03-19 17:00:00,102370.48,8,-5,39.32,0,0,NA,102590,NA,NA,6020,NA,NA,1,NA,NA,NA,10,8.9,1.1,NA,NA,NA,NA,NA,NA,6.18,NA,-5.13,91070.92,0,0,0,-0.0999999999999996,0,0,1,NA,NA,NA,NA,NA,NA,NA,NA,0.042,1.2,232,32,10.1,9.8
2019-03-19 18:00:00,102302.75,9,-6.1,35.245,0,0,NA,102540,NA,NA,NA,NA,NA,1,NA,NA,NA,10,NA,NA,NA,NA,NA,NA,NA,NA,NA,NA,-6.13,91010.67,0,0,0,-1.9,0,0,1,NA,NA,NA,NA,NA,NA,NA,NA,0.044,0.9,219,31,7.6,8.6
2019-03-19 19:00:00,102302.75,8,-3.9,39.32,1.54,100,NA,102580,NA,NA,NA,NA,NA,1,NA,NA,NA,10,NA,NA,NA,NA,NA,NA,NA,NA,5.22,NA,-5.13,91010.67,0,0,0,-2.5,0,0,1,NA,NA,NA,NA,NA,NA,NA,NA,0.043,0.9,109,57,4.7,7.3
2019-03-19 20:00:00,102336.62,4,-3.3,55.91,3.6,120,NA,102650,NA,NA,3002,NA,NA,1,NA,NA,NA,10,NA,NA,NA,NA,NA,NA,NA,NA,0.88,NA,-4.1,91040.8,0,0,0,0.7,1,1,0,NA,56,1,2019-03-19 20:00:00,2019-03-19 20:00:00,23,2019-03-19 20:00:00,2019-03-20 18:00:00,0.029,0.6,147,65,2.4,9.5
2019-03-19 21:00:00,102370.48,4,-4.4,55.91,3.09,120,NA,102660,NA,NA,NA,NA,NA,1,NA,NA,NA,10,NA,NA,NA,NA,NA,NA,NA,NA,1.24,NA,-4.1,91070.92,0,0,0,0.2,0,1,0,NA,56,NA,NA,NA,23,2019-03-19 20:00:00,2019-03-20 18:00:00,0.012,0.8,132,39,0.7,10.3
2019-03-19 22:00:00,102404.34,2,-3.9,64.42,0,0,NA,102710,NA,NA,NA,NA,NA,1,NA,NA,NA,10,NA,NA,NA,NA,NA,NA,NA,NA,0.47,NA,-4.09,91101.04,0,0,0,2.1,1,1,1,51,56,21,2019-03-19 22:00:00,2019-03-20 18:00:00,23,2019-03-19 20:00:00,2019-03-20 18:00:00,0.005,0.8,166,62,-0.7,12
2019-03-19 23:00:00,102438.21,1,-4.4,69.22,0,0,NA,102710,NA,NA,3009,NA,NA,1,NA,NA,NA,10,10,0,NA,NA,NA,NA,NA,NA,-0.55,NA,-4.07,91131.18,0,0,0,2.8,1,1,1,51,56,21,2019-03-19 22:00:00,2019-03-20 18:00:00,23,2019-03-19 20:00:00,2019-03-20 18:00:00,0.003,0.7,142,61,-1.8,17.5
2019-03-20,102472.07,0,-5,72.08,0,0,NA,102740,NA,NA,NA,NA,NA,1,NA,NA,NA,10,NA,NA,NA,NA,NA,10,-6.7,NA,-1.91,NA,-5.06,91161.3,0,0,0,3.9,1,1,1,51,56,21,2019-03-19 22:00:00,2019-03-20 18:00:00,23,2019-03-19 20:00:00,2019-03-20 18:00:00,0.002,0.7,175,39,-2.7,10.3
2019-03-20 01:00:00,102472.07,-1,-5,74.22,0,0,NA,102740,NA,NA,NA,NA,NA,1,NA,NA,NA,10,NA,NA,NA,NA,NA,NA,NA,NA,NA,NA,-5.06,91161.3,0,0,0,4.3,1,1,1,51,56,21,2019-03-19 22:00:00,2019-03-20 18:00:00,23,2019-03-19 20:00:00,2019-03-20 18:00:00,0.002,0.7,158,67,-3.3,11.7
2019-03-20 02:00:00,102472.07,-1.1,-5,74.77,0,0,NA,102740,NA,NA,1003,NA,NA,1,NA,NA,NA,10,NA,NA,NA,NA,NA,NA,NA,NA,-3.585,NA,-5.06,91161.3,0,0,0,3.5,1,1,1,51,56,21,2019-03-19 22:00:00,2019-03-20 18:00:00,23,2019-03-19 20:00:00,2019-03-20 18:00:00,0.001,0.6,161,55,-4.1,10.3
2019-03-20 03:00:00,102505.93,-2,-5.6,79.74,0,0,NA,102720,NA,NA,NA,NA,NA,1,NA,NA,NA,10,NA,NA,NA,NA,NA,NA,NA,NA,-4.1,NA,-6.05,91191.42,0,0,0,3.7,1,1,1,51,56,21,2019-03-19 22:00:00,2019-03-20 18:00:00,23,2019-03-19 20:00:00,2019-03-20 18:00:00,0.001,0.6,187,59,-4.5,7.4
2019-03-20 04:00:00,102472.07,-3,-5.6,79.74,0,0,NA,102720,NA,NA,NA,NA,NA,1,NA,NA,NA,10,NA,NA,NA,NA,NA,NA,NA,NA,-5.25,NA,-6.05,91161.3,0,0,0,5,1,1,1,51,56,21,2019-03-19 22:00:00,2019-03-20 18:00:00,23,2019-03-19 20:00:00,2019-03-20 18:00:00,0.001,0.8,186,63,-4.8,8.6
2019-03-20 05:00:00,102472.07,-3,-7.2,79.74,1.54,10,NA,102750,NA,NA,3000,NA,NA,1,NA,NA,NA,10,2.2,-5,NA,NA,NA,NA,NA,NA,-5.82,NA,-6.07,91161.3,0,0,0,5.5,1,1,1,51,56,21,2019-03-19 22:00:00,2019-03-20 18:00:00,23,2019-03-19 20:00:00,2019-03-20 18:00:00,0.001,0.7,153,41,-5.3,8.3
2019-03-20 06:00:00,102505.93,-6,-7.2,85.71,1.54,10,NA,102740,31,NA,NA,NA,NA,1,NA,NA,NA,7,NA,NA,NA,NA,NA,NA,NA,NA,-8.67,NA,-8.04,91191.42,0,0,0,8.3,1,1,1,51,56,21,2019-03-19 22:00:00,2019-03-20 18:00:00,23,2019-03-19 20:00:00,2019-03-20 18:00:00,0.001,0.7,189,47,-5.6,7.6
2019-03-20 07:00:00,102505.93,-6,-8.15,85.71,0,0,NA,102780,31,NA,NA,NA,NA,1,NA,NA,NA,7.5,NA,NA,NA,NA,NA,NA,NA,NA,-10.26,NA,-8.02,91191.42,0,0,0,7.8,1,1,1,51,56,21,2019-03-19 22:00:00,2019-03-20 18:00:00,23,2019-03-19 20:00:00,2019-03-20 18:00:00,0.001,0.8,170,41,-3.9,10.5
2019-03-20 08:00:00,102472.07,-4.4,-6.7,85.93,0,0,NA,102780,31,NA,8003,NA,NA,1,NA,NA,NA,10,NA,NA,NA,NA,NA,NA,NA,NA,NA,NA,-6.04,91161.3,0,0,0,7.7,1,1,1,51,56,21,2019-03-19 22:00:00,2019-03-20 18:00:00,23,2019-03-19 20:00:00,2019-03-20 18:00:00,0.001,0.8,200,42,-0.1,10.2
2019-03-20 09:00:00,102472.07,-3,-4.4,86.15,1.54,140,NA,102730,NA,NA,NA,NA,NA,1,NA,NA,NA,10,NA,NA,NA,NA,NA,NA,NA,NA,-5.25,NA,-5.02,91161.3,0,0,0,9.1,1,1,1,51,56,21,2019-03-19 22:00:00,2019-03-20 18:00:00,23,2019-03-19 20:00:00,2019-03-20 18:00:00,0.005,0.7,183,71,3.4,10.5
2019-03-20 10:00:00,102472.07,-2,-3.9,86.15,0,0,NA,102730,NA,NA,NA,NA,NA,1,NA,NA,NA,9,NA,NA,NA,NA,NA,NA,NA,NA,-4.86,NA,-4.03,91161.3,0,0,0,9,1,1,1,51,56,21,2019-03-19 22:00:00,2019-03-20 18:00:00,23,2019-03-19 20:00:00,2019-03-20 18:00:00,0.014,0.7,217,65,5.4,13.2
2019-03-20 11:00:00,102404.34,2,NA,69.22,0,0,NA,NA,NA,NA,NA,NA,NA,1,NA,NA,NA,10,NA,NA,NA,NA,NA,NA,NA,NA,NA,NA,-4.065,91101.04,0,0,0,6.8,1,1,1,51,56,21,2019-03-19 22:00:00,2019-03-20 18:00:00,23,2019-03-19 20:00:00,2019-03-20 18:00:00,0.03,0.8,299,68,7.3,14.2
2019-03-20 12:00:00,102336.62,3,-2.8,64.66,1.54,240,NA,102540,NA,NA,NA,NA,NA,1,NA,NA,NA,10,NA,NA,NA,NA,NA,NA,NA,NA,1.61,NA,-3.08,91040.8,0,0,0,7.6,1,1,1,51,56,21,2019-03-19 22:00:00,2019-03-20 18:00:00,23,2019-03-19 20:00:00,2019-03-20 18:00:00,0.037,1.2,293,76,8.8,12.5
2019-03-20 13:00:00,102201.16,4,-2.8,60.26,1.54,220,NA,102420,NA,NA,NA,NA,NA,1,NA,NA,NA,10,NA,NA,NA,NA,NA,NA,NA,NA,2.14,NA,-3.09,90920.29,0,0,0,8.1,1,1,1,51,56,21,2019-03-19 22:00:00,2019-03-20 18:00:00,23,2019-03-19 20:00:00,2019-03-20 18:00:00,0.039,1.2,46,71,10.9,9.8
2019-03-20 14:00:00,102099.57,5,-3.3,56.19,1.54,200,NA,102290,NA,NA,8029,NA,NA,1,NA,NA,NA,10,NA,NA,NA,NA,NA,NA,NA,NA,3.31,NA,-3.1,90829.91,0,0,0,7.3,1,1,1,51,56,21,2019-03-19 22:00:00,2019-03-20 18:00:00,23,2019-03-19 20:00:00,2019-03-20 18:00:00,0.04,1,105,69,11.9,6.2
2019-03-20 15:00:00,101997.98,8,-2.8,45.7,0,0,NA,102170,NA,NA,NA,NA,NA,1,NA,NA,NA,10,NA,NA,NA,NA,NA,NA,NA,NA,5.04,NA,-3.11,90739.54,0,0,0,3.2,1,1,1,51,56,21,2019-03-19 22:00:00,2019-03-20 18:00:00,23,2019-03-19 20:00:00,2019-03-20 18:00:00,0.041,0.9,296,78,12,6.2
2019-03-20 16:00:00,101896.38,9,-1.7,46,0,0,NA,102070,NA,NA,NA,NA,NA,1,NA,NA,NA,10,NA,NA,NA,NA,NA,NA,NA,NA,6.81,NA,-2.11,90649.15,0,0,0,2.6,1,1,1,51,56,21,2019-03-19 22:00:00,2019-03-20 18:00:00,23,2019-03-19 20:00:00,2019-03-20 18:00:00,0.043,0.8,112,61,13.6,9.1
2019-03-20 17:00:00,101828.66,8,-2.2,49.22,0,0,NA,102040,NA,NA,6021,NA,NA,1,NA,NA,NA,10,9.4,2.2,NA,NA,NA,NA,NA,NA,7.32,NA,-2.11,90588.91,0,0,0,2.2,1,1,1,51,56,21,2019-03-19 22:00:00,2019-03-20 18:00:00,23,2019-03-19 20:00:00,2019-03-20 18:00:00,0.043,0.7,191,66,12.5,10.1
2019-03-20 18:00:00,101794.79,9,-3.3,42.71,0,0,NA,102000,NA,NA,NA,NA,NA,1,NA,NA,NA,10,NA,NA,NA,NA,NA,NA,NA,NA,7.895,NA,-3.12,90558.78,0,0,0,0.6,1,1,1,51,56,21,2019-03-19 22:00:00,2019-03-20 18:00:00,23,2019-03-19 20:00:00,2019-03-20 18:00:00,0.042,0.8,136,33,9.7,12.7
2019-03-20 19:00:00,101760.93,8,-1.7,49.22,1.54,350,NA,102070,NA,NA,NA,NA,NA,1,NA,NA,NA,10,NA,NA,NA,NA,NA,NA,NA,NA,7.32,NA,-2.11,90528.65,0,0,0,-0.3,0,0,1,NA,NA,NA,NA,NA,NA,NA,NA,0.041,0.9,101,50,5.6,21.8
2019-03-20 20:00:00,101794.79,4,-2.2,64.66,0,0,NA,102090,NA,NA,5001,NA,NA,1,NA,NA,NA,10,NA,NA,NA,NA,NA,NA,NA,NA,2.18,NA,-2.1,90558.78,0,0,0,3,1,1,1,52,57,22,2019-03-20 20:00:00,2019-03-21 17:00:00,22,2019-03-20 20:00:00,2019-03-21 17:00:00,0.023,0.7,155,60,3.1,19.5
2019-03-20 21:00:00,101828.66,3,-2.8,64.9,0,0,NA,102120,NA,NA,NA,NA,NA,1,NA,NA,NA,10,NA,NA,NA,NA,NA,NA,NA,NA,0.47,NA,-2.08,90588.91,0,0,0,3.9,1,1,1,52,57,22,2019-03-20 20:00:00,2019-03-21 17:00:00,22,2019-03-20 20:00:00,2019-03-21 17:00:00,0.009,0.7,165,62,1.3,18
2019-03-20 22:00:00,101862.52,2,-3.3,69.43,1.54,30,NA,102140,NA,NA,NA,NA,NA,1,NA,NA,NA,10,NA,NA,NA,NA,NA,NA,NA,NA,0.12,NA,-3.07,90619.03,0,0,0,4.6,1,1,1,52,57,22,2019-03-20 20:00:00,2019-03-21 17:00:00,22,2019-03-20 20:00:00,2019-03-21 17:00:00,0.004,0.8,149,53,-0.3,17.9
2019-03-20 23:00:00,101896.38,2,-3.9,64.42,2.57,120,NA,102120,NA,NA,3009,NA,NA,1,NA,NA,NA,10,9.4,0.6,NA,NA,NA,NA,NA,NA,-0.72,NA,-3.99,90649.15,0,0,0,4.3,1,1,0,52,57,22,2019-03-20 20:00:00,2019-03-21 17:00:00,22,2019-03-20 20:00:00,2019-03-21 17:00:00,0.003,0.9,138,61,-1.3,17.7
2019-03-21,101964.11,1,-4.4,69.22,1.54,70,NA,102220,NA,NA,NA,NA,NA,1,NA,NA,NA,10,NA,NA,NA,NA,NA,9.4,-7.2,NA,-1.36,NA,-4.07,90709.41,0,0,0,4.7,1,1,1,52,57,22,2019-03-20 20:00:00,2019-03-21 17:00:00,22,2019-03-20 20:00:00,2019-03-21 17:00:00,0.003,1,156,38,-2.3,13.2
2019-03-21 01:00:00,101997.98,-1,-5.6,74.41,0,0,NA,102240,NA,NA,NA,NA,NA,1,NA,NA,NA,10,NA,NA,NA,NA,NA,NA,NA,NA,-4.1,NA,-5.06,90739.54,0,0,0,5.8,1,1,1,52,57,22,2019-03-20 20:00:00,2019-03-21 17:00:00,22,2019-03-20 20:00:00,2019-03-21 17:00:00,0.002,0.8,151,56,-2.8,9.5
2019-03-21 02:00:00,101997.98,-1,-5,74.22,0,0,NA,102240,NA,NA,1009,NA,NA,1,NA,NA,NA,10,NA,NA,NA,NA,NA,NA,NA,NA,-2.96,NA,-5.06,90739.54,0,0,0,5.8,1,1,1,52,57,22,2019-03-20 20:00:00,2019-03-21 17:00:00,22,2019-03-20 20:00:00,2019-03-21 17:00:00,0.006,0.6,153,61,-3.6,5.5
2019-03-21 03:00:00,101997.98,-2,-5.6,74.03,1.54,290,NA,102210,NA,NA,NA,NA,NA,1,NA,NA,NA,10,NA,NA,NA,NA,NA,NA,NA,NA,-4.33,NA,-6.07,90739.54,0,0,0,6.1,1,1,1,52,57,22,2019-03-20 20:00:00,2019-03-21 17:00:00,22,2019-03-20 20:00:00,2019-03-21 17:00:00,0.004,0.8,189,60,-4.4,4.5
2019-03-21 04:00:00,101997.98,-3,-6.7,79.74,0,0,NA,102240,NA,NA,NA,NA,NA,1,NA,NA,NA,10,NA,NA,NA,NA,NA,NA,NA,NA,NA,NA,-6.05,90739.54,0,0,0,6.8,1,1,1,52,57,22,2019-03-20 20:00:00,2019-03-21 17:00:00,22,2019-03-20 20:00:00,2019-03-21 17:00:00,0.003,0.6,159,48,-5,5
2019-03-21 05:00:00,102031.84,-4,-7.2,79.58,0,0,NA,102270,NA,NA,3002,NA,NA,1,NA,NA,NA,10,2.2,-5.6,NA,NA,NA,NA,NA,NA,-6.39,NA,-7.05,90769.66,0,0,0,7.6,1,1,1,52,57,22,2019-03-20 20:00:00,2019-03-21 17:00:00,22,2019-03-20 20:00:00,2019-03-21 17:00:00,0.001,0.7,195,43,-5.5,6.2
2019-03-21 06:00:00,102031.84,-4,-6.7,79.58,0,0,NA,102250,NA,NA,NA,NA,NA,1,NA,NA,NA,9,NA,NA,NA,NA,NA,NA,NA,NA,-6.39,NA,-7.05,90769.66,0,0,0,7.9,1,1,1,52,57,22,2019-03-20 20:00:00,2019-03-21 17:00:00,22,2019-03-20 20:00:00,2019-03-21 17:00:00,0.001,0.5,189,58,-6,NA
2019-03-21 07:00:00,101997.98,-4,-8.3,79.74,1.54,20,NA,102310,NA,NA,NA,NA,NA,1,NA,NA,NA,9,NA,NA,NA,NA,NA,NA,NA,NA,-8.67,NA,-7.05,90739.54,0,0,0,8,1,1,1,52,57,22,2019-03-20 20:00:00,2019-03-21 17:00:00,22,2019-03-20 20:00:00,2019-03-21 17:00:00,0.001,0.7,201,31,-3.4,NA
2019-03-21 08:00:00,101997.98,-4,-5.6,79.74,0,0,NA,102260,31,NA,6003,NA,NA,1,NA,NA,NA,8,NA,NA,NA,NA,NA,NA,NA,NA,-6.96,NA,-7.02,90739.54,0,0,0,8.8,1,1,1,52,57,22,2019-03-20 20:00:00,2019-03-21 17:00:00,22,2019-03-20 20:00:00,2019-03-21 17:00:00,0.001,1,228,36,-0.4,11
2019-03-21 09:00:00,101964.11,-2,-5,80.04,0,0,NA,102240,31,NA,NA,NA,NA,1,NA,NA,NA,8,NA,NA,NA,NA,NA,NA,NA,NA,-5.25,NA,-4.05,90709.41,0,0,0,9.4,1,1,1,52,57,22,2019-03-20 20:00:00,2019-03-21 17:00:00,22,2019-03-20 20:00:00,2019-03-21 17:00:00,0.006,0.9,180,53,2.6,12.5
2019-03-21 10:00:00,101930.25,-1,-3.9,86.04,0,0,NA,102160,31,NA,NA,NA,NA,1,NA,NA,NA,8,NA,NA,NA,NA,NA,NA,NA,NA,-4.1,NA,-4.03,90679.28,0,0,0,9.1,1,1,1,52,57,22,2019-03-20 20:00:00,2019-03-21 17:00:00,22,2019-03-20 20:00:00,2019-03-21 17:00:00,0.018,1,265,39,4.1,11.2
2019-03-21 11:00:00,101896.38,1,-3.3,74.41,1.54,230,NA,102100,NA,NA,8014,NA,NA,1,NA,NA,NA,10,2.2,-6.1,NA,NA,NA,NA,NA,NA,-2.175,NA,-4.05,90649.15,0,0,0,7.1,1,1,1,52,57,22,2019-03-20 20:00:00,2019-03-21 17:00:00,22,2019-03-20 20:00:00,2019-03-21 17:00:00,0.027,1.1,275,41,5.6,11.3
2019-03-21 12:00:00,101828.66,2.2,-3.9,64.66,0,0,NA,102040,NA,NA,NA,NA,NA,1,NA,NA,NA,10,NA,NA,NA,NA,NA,NA,NA,NA,0.7,NA,-3.08,90588.91,0,0,0,8.7,1,1,1,52,57,22,2019-03-20 20:00:00,2019-03-21 17:00:00,22,2019-03-20 20:00:00,2019-03-21 17:00:00,0.032,1,22,78,8.6,11.5
2019-03-21 13:00:00,101727.07,4,-4.4,60,0,0,NA,101920,NA,NA,NA,NA,NA,1,NA,NA,NA,10,NA,NA,NA,NA,NA,NA,NA,NA,2.755,NA,-4.1,90498.53,0,0,0,7.6,1,1,1,52,57,22,2019-03-20 20:00:00,2019-03-21 17:00:00,22,2019-03-20 20:00:00,2019-03-21 17:00:00,0.037,1.4,87,50,10.2,10.8
2019-03-21 14:00:00,101591.61,6,-2.2,52.42,2.06,250,NA,101750,NA,NA,8027,NA,NA,1,NA,NA,NA,10,NA,NA,NA,NA,NA,NA,NA,NA,4.15,NA,-3.11,90378.02,0,0,0,5.9,1,1,0,52,57,22,2019-03-20 20:00:00,2019-03-21 17:00:00,22,2019-03-20 20:00:00,2019-03-21 17:00:00,0.04,1.1,253,68,11,9.3
2019-03-21 15:00:00,101456.15,7,-2.2,52.7,2.06,250,NA,101660,NA,NA,NA,NA,NA,1,NA,NA,NA,10,NA,NA,NA,NA,NA,NA,NA,NA,5.29,NA,-2.1,90257.51,0,0,0,5.1,1,1,0,52,57,22,2019-03-20 20:00:00,2019-03-21 17:00:00,22,2019-03-20 20:00:00,2019-03-21 17:00:00,0.042,1.3,113,49,13.7,8.6
2019-03-21 16:00:00,101388.43,8,-3.3,49.22,1.54,230,NA,101580,NA,NA,NA,NA,NA,1,NA,NA,NA,10,NA,NA,NA,NA,NA,NA,NA,NA,7.065,NA,-2.11,90197.27,0,0,0,4.2,1,1,1,52,57,22,2019-03-20 20:00:00,2019-03-21 17:00:00,22,2019-03-20 20:00:00,2019-03-21 17:00:00,0.043,0.9,238,62,12.8,7.6
2019-03-21 17:00:00,101320.7,9,-5,34.05,0,0,NA,101490,NA,NA,6025,NA,NA,1,NA,NA,NA,10,9.4,1.1,NA,NA,NA,NA,NA,NA,7.32,NA,-6.13,90137.02,0,0,0,1.3,1,1,1,52,57,22,2019-03-20 20:00:00,2019-03-21 17:00:00,22,2019-03-20 20:00:00,2019-03-21 17:00:00,0.046,1,204,32,11.2,6
2019-03-21 18:00:00,101252.97,10,NA,36.9,0,0,NA,NA,NA,NA,NA,NA,NA,1,NA,NA,NA,10,NA,NA,NA,NA,NA,NA,NA,NA,NA,NA,-4.12,90076.76,0,0,0,-0.9,0,0,1,NA,NA,NA,NA,NA,NA,NA,NA,0.046,0.7,154,44,8.6,8.3
2019-03-21 19:00:00,101252.97,8,-2.8,45.7,1.54,110,NA,101500,NA,NA,NA,NA,NA,1,NA,NA,NA,10,NA,NA,NA,NA,NA,NA,NA,NA,7.32,NA,-3.11,90076.76,0,0,0,-0.0999999999999996,0,0,1,NA,NA,NA,NA,NA,NA,NA,NA,0.037,0.7,4,71,5.1,24.3
2019-03-21 20:00:00,101286.84,6,-3.9,52.42,3.09,110,NA,101520,NA,NA,3001,NA,NA,1,NA,NA,NA,10,NA,NA,NA,NA,NA,NA,NA,NA,3.32,NA,-3.11,90106.89,0,0,0,1,1,1,0,53,58,19,2019-03-21 20:00:00,2019-03-22 14:00:00,19,2019-03-21 20:00:00,2019-03-22 14:00:00,0.025,0.7,171,52,2.7,22.3
2019-03-21 21:00:00,101320.7,5,-3.9,52.13,3.09,110,NA,101600,NA,NA,NA,NA,NA,1,NA,NA,NA,10,NA,NA,NA,NA,NA,NA,NA,NA,2.44,NA,-4.11,90137.02,0,0,0,1.3,1,1,0,53,58,19,2019-03-21 20:00:00,2019-03-22 14:00:00,19,2019-03-21 20:00:00,2019-03-22 14:00:00,0.011,0.7,125,51,1.4,11
2019-03-21 22:00:00,101388.43,4,-3.3,55.91,3.09,110,NA,101630,NA,NA,NA,NA,NA,1,NA,NA,NA,10,NA,NA,NA,NA,NA,NA,NA,NA,1.24,NA,-4.1,90197.27,0,0,0,1.9,1,1,0,53,58,19,2019-03-21 20:00:00,2019-03-22 14:00:00,19,2019-03-21 20:00:00,2019-03-22 14:00:00,0.004,0.7,157,58,-0.1,20.4
2019-03-21 23:00:00,101422.29,3,-3.9,60,2.06,100,NA,101630,NA,NA,1010,NA,NA,1,NA,NA,NA,10,10.6,1.7,NA,NA,NA,NA,NA,NA,0.47,NA,-4.1,90227.39,0,0,0,2.3,1,1,0,53,58,19,2019-03-21 20:00:00,2019-03-22 14:00:00,19,2019-03-21 20:00:00,2019-03-22 14:00:00,0.004,0.8,149,52,-1.2,35.2
2019-03-22,101422.29,2,-4.4,64.42,1.54,120,NA,101640,NA,NA,NA,NA,NA,1,NA,NA,NA,10,NA,NA,NA,NA,NA,10.6,-6.1,NA,0.47,NA,-4.09,90227.39,0,0,0,2.9,1,1,1,53,58,19,2019-03-21 20:00:00,2019-03-22 14:00:00,19,2019-03-21 20:00:00,2019-03-22 14:00:00,0.004,0.8,169,47,-2,24
2019-03-22 01:00:00,101422.29,1,-4.4,69.22,0,0,NA,101630,NA,NA,NA,NA,NA,1,NA,NA,NA,10,NA,NA,NA,NA,NA,NA,NA,NA,NA,NA,-4.07,90227.39,0,0,0,3.7,1,1,1,53,58,19,2019-03-21 20:00:00,2019-03-22 14:00:00,19,2019-03-21 20:00:00,2019-03-22 14:00:00,0.005,0.7,169,61,-2.6,14.9
2019-03-22 02:00:00,101422.29,-1,-4.4,74.22,0,0,NA,101630,NA,NA,3003,NA,NA,1,NA,NA,NA,10,NA,NA,NA,NA,NA,NA,NA,NA,-3.33,NA,-5.06,90227.39,0,0,0,5.5,1,1,1,53,58,19,2019-03-21 20:00:00,2019-03-22 14:00:00,19,2019-03-21 20:00:00,2019-03-22 14:00:00,0.004,0.6,153,56,-3.3,13.2
2019-03-22 03:00:00,101422.29,-2,-5,79.89,0,0,NA,101580,NA,NA,NA,NA,NA,1,NA,NA,NA,10,NA,NA,NA,NA,NA,NA,NA,NA,NA,NA,-5.05,90227.39,0,0,0,5.7,1,1,1,53,58,19,2019-03-21 20:00:00,2019-03-22 14:00:00,19,2019-03-21 20:00:00,2019-03-22 14:00:00,0.002,0.7,188,44,-4.1,12
2019-03-22 04:00:00,101354.56,-2,-5.6,77.47,0,0,NA,101540,NA,NA,NA,NA,NA,1,NA,NA,NA,10,NA,NA,NA,NA,NA,NA,NA,NA,NA,NA,-5.06,90167.14,0,0,0,5.4,1,1,1,53,58,19,2019-03-21 20:00:00,2019-03-22 14:00:00,19,2019-03-21 20:00:00,2019-03-22 14:00:00,0.001,0.7,168,55,-4.6,12.2
2019-03-22 05:00:00,101354.56,-3,-6.7,79.74,0,0,NA,101540,NA,NA,6008,NA,NA,1,NA,NA,NA,10,2.8,-3.9,NA,NA,NA,NA,NA,NA,NA,NA,-6.07,90167.14,0,0,0,7,1,1,1,53,58,19,2019-03-21 20:00:00,2019-03-22 14:00:00,19,2019-03-21 20:00:00,2019-03-22 14:00:00,0.001,0.7,170,51,-4.9,11.2
2019-03-22 06:00:00,101354.56,-4,-6.1,79.74,0,0,NA,101560,31,NA,NA,NA,NA,1,NA,NA,NA,10,NA,NA,NA,NA,NA,NA,NA,NA,-6.39,NA,-6.13,90167.14,0,0,0,7.4,1,1,1,53,58,19,2019-03-21 20:00:00,2019-03-22 14:00:00,19,2019-03-21 20:00:00,2019-03-22 14:00:00,0.001,0.6,190,49,-5.4,9
2019-03-22 07:00:00,101388.43,-4,-6.7,83.93,0,0,NA,101640,NA,NA,NA,NA,NA,1,NA,NA,NA,10,NA,NA,NA,NA,NA,NA,NA,NA,NA,NA,-6.74,90197.27,0,0,0,7.1,1,1,1,53,58,19,2019-03-21 20:00:00,2019-03-22 14:00:00,19,2019-03-21 20:00:00,2019-03-22 14:00:00,0.001,0.6,207,37,-3.1,9.5
2019-03-22 08:00:00,101388.43,-4,-5,85.93,0,0,NA,101630,31,NA,4,NA,NA,1,NA,NA,NA,6,NA,NA,NA,NA,NA,NA,NA,NA,NA,NA,-6.04,90197.27,0,0,0,7.9,1,1,1,53,58,19,2019-03-21 20:00:00,2019-03-22 14:00:00,19,2019-03-21 20:00:00,2019-03-22 14:00:00,0.001,0.8,172,43,0.5,13.2
2019-03-22 09:00:00,101388.43,-2,-4.4,86.15,0,0,NA,101610,31,NA,NA,NA,NA,1,NA,NA,NA,7,NA,NA,NA,NA,NA,NA,NA,NA,-4.48,NA,-4.03,90197.27,0,0,0,7.8,1,1,1,53,58,19,2019-03-21 20:00:00,2019-03-22 14:00:00,19,2019-03-21 20:00:00,2019-03-22 14:00:00,0.004,1,229,55,2.6,16.2
2019-03-22 10:00:00,101354.56,-1,-3.3,80.04,0,0,NA,101560,NA,NA,NA,NA,NA,1,NA,NA,NA,9,NA,NA,NA,NA,NA,NA,NA,NA,-3.315,NA,-4.05,90167.14,0,0,0,8.1,1,1,1,53,58,19,2019-03-21 20:00:00,2019-03-22 14:00:00,19,2019-03-21 20:00:00,2019-03-22 14:00:00,0.012,0.8,257,57,5.4,12.5
2019-03-22 11:00:00,101286.84,2,-3.3,69.43,0,0,NA,101510,NA,NA,8010,NA,NA,1,NA,NA,NA,10,2.8,-5,NA,NA,NA,NA,NA,NA,0.12,NA,-3.07,90106.89,0,0,0,5.2,1,1,1,53,58,19,2019-03-21 20:00:00,2019-03-22 14:00:00,19,2019-03-21 20:00:00,2019-03-22 14:00:00,0.022,1.2,252,54,6.5,12
2019-03-22 12:00:00,101252.97,3,-2.8,64.66,1.54,220,NA,101410,NA,NA,NA,NA,NA,1,NA,NA,NA,10,NA,NA,NA,NA,NA,NA,NA,NA,1.61,NA,-3.07,90076.76,0,0,0,6.9,1,1,1,53,58,19,2019-03-21 20:00:00,2019-03-22 14:00:00,19,2019-03-21 20:00:00,2019-03-22 14:00:00,0.028,1.4,212,64,8.8,11.5
2019-03-22 13:00:00,101185.24,5,-3.3,52.7,1.54,220,NA,101320,NA,NA,NA,NA,NA,1,NA,NA,NA,10,NA,NA,NA,NA,NA,NA,NA,NA,3.325,NA,-4.1,90016.51,0,0,0,5.8,1,1,1,53,58,19,2019-03-21 20:00:00,2019-03-22 14:00:00,19,2019-03-21 20:00:00,2019-03-22 14:00:00,0.035,1.6,123,36,10.9,8.6
2019-03-22 14:00:00,101083.65,8,-3.9,45.7,0,0,NA,101230,NA,NA,8019,NA,NA,1,NA,NA,NA,10,NA,NA,NA,NA,NA,NA,NA,NA,6.81,NA,-3.11,89926.13,0,0,0,1.1,1,1,1,53,58,19,2019-03-21 20:00:00,2019-03-22 14:00:00,19,2019-03-21 20:00:00,2019-03-22 14:00:00,0.04,1.8,206,48,11.2,6.9
2019-03-22 15:00:00,101049.79,9,-2.8,42.71,0,0,NA,101200,NA,NA,NA,NA,NA,1,NA,NA,NA,10,NA,NA,NA,NA,NA,NA,NA,NA,6.81,NA,-3.12,89896.01,0,0,0,-0.699999999999999,0,0,1,NA,NA,NA,NA,NA,NA,NA,NA,0.042,1.6,185,39,12.3,6.5
2019-03-22 16:00:00,101049.79,10,NA,37.36,0,0,NA,NA,NA,NA,NA,NA,NA,1,NA,NA,NA,10,NA,NA,NA,NA,NA,NA,NA,NA,9.61,NA,-3.12,89896.01,0,0,0,-0.9,0,0,1,NA,NA,NA,NA,NA,NA,NA,NA,0.044,1.9,200,31,12,2.6
2019-03-22 17:00:00,NA,NA,NA,NA,NA,NA,NA,NA,NA,NA,NA,NA,NA,NA,NA,NA,NA,NA,NA,NA,NA,NA,NA,NA,NA,NA,NA,NA,NA,NA,NA,NA,NA,NA,NA,NA,NA,NA,NA,NA,NA,NA,NA,NA,NA,0.043,2,232,22,10.4,4.5
2019-03-22 18:00:00,NA,NA,NA,NA,NA,NA,NA,NA,NA,NA,NA,NA,NA,NA,NA,NA,NA,NA,NA,NA,NA,NA,NA,NA,NA,NA,NA,NA,NA,NA,NA,NA,NA,NA,NA,NA,NA,NA,NA,NA,NA,NA,NA,NA,NA,0.042,1.2,199,36,8.2,9.6
2019-03-22 19:00:00,101117.52,8,-3.9,45.7,3.6,110,NA,101340,NA,NA,NA,NA,NA,1,NA,NA,NA,10,NA,NA,NA,NA,NA,NA,NA,NA,5.75,NA,-3.11,89956.26,0,0,0,-2.4,0,0,0,NA,NA,NA,NA,NA,NA,NA,NA,0.04,0.7,84,59,5.6,19
2019-03-22 20:00:00,101185.24,8,-2.8,45.7,3.6,100,NA,101430,NA,NA,3016,NA,NA,1,NA,NA,NA,10,NA,NA,NA,NA,NA,NA,NA,NA,5.75,NA,-3.11,90016.51,0,0,0,-3.7,0,0,0,NA,NA,NA,NA,NA,NA,NA,NA,0.022,0.8,109,58,4.3,12.5
2019-03-22 21:00:00,101286.84,5,-3.3,60.26,1.54,140,NA,101530,NA,NA,NA,NA,NA,1,NA,NA,NA,10,NA,NA,NA,NA,NA,NA,NA,NA,3.03,NA,-3.09,90106.89,0,0,0,-1.6,0,0,1,NA,NA,NA,NA,NA,NA,NA,NA,0.018,0.7,128,58,3.1,10
2019-03-22 22:00:00,101354.56,3,-2.8,64.66,0,0,NA,101630,NA,NA,NA,NA,NA,1,NA,NA,NA,10,NA,NA,NA,NA,NA,NA,NA,NA,NA,NA,-3.08,90167.14,0,0,0,-1,0,0,1,NA,NA,NA,NA,NA,NA,NA,NA,0.019,0.7,154,64,1.7,24.3
2019-03-22 23:00:00,101456.15,2,-3.3,69.43,0,0,NA,101700,NA,NA,1023,NA,NA,653,NA,NA,NA,10,10.6,0.6,NA,1981.2,NA,NA,NA,NA,NA,NA,-3.07,90257.51,0,0,0,-0.5,0,0,1,NA,NA,NA,NA,NA,NA,NA,NA,0.011,0.8,158,57,0.4,28
2019-03-23,101490.02,1,-2.8,74.6,0,0,NA,101700,NA,NA,NA,NA,NA,1,NA,NA,NA,10,NA,NA,NA,NA,NA,11.1,-5,NA,-0.62,NA,-3.06,90287.65,0,0,0,0.4,0,1,1,NA,NA,NA,NA,NA,1,2019-03-23,2019-03-23,0.003,0.8,151,54,-0.8,13.9
2019-03-23 01:00:00,101523.88,1,-3.9,74.6,0,0,NA,101740,NA,NA,NA,NA,NA,1,NA,NA,NA,10,NA,NA,NA,NA,NA,NA,NA,NA,NA,NA,-3.06,90317.77,0,0,0,-0.1,0,0,1,NA,NA,NA,NA,NA,NA,NA,NA,0.001,0.7,156,61,-1.7,18.9
2019-03-23 02:00:00,101591.61,0,-3.9,80.04,0,0,NA,101790,NA,NA,3015,NA,NA,1,NA,NA,NA,10,NA,NA,NA,NA,NA,NA,NA,NA,NA,NA,-4.05,90378.02,0,0,0,0.2,0,1,1,NA,60,NA,NA,NA,8,2019-03-23 02:00:00,2019-03-23 09:00:00,0.001,0.7,140,61,-2.2,7.8
2019-03-23 03:00:00,101625.47,-1,-3.9,80.04,0,0,NA,101800,NA,NA,NA,NA,NA,1,NA,NA,NA,10,NA,NA,NA,NA,NA,NA,NA,NA,NA,NA,-4.05,90408.14,0,0,0,1.1,1,1,1,54,60,6,2019-03-23 03:00:00,2019-03-23 08:00:00,8,2019-03-23 02:00:00,2019-03-23 09:00:00,0.002,0.7,162,63,-2.5,9.1
2019-03-23 04:00:00,101693.2,-1,-4.4,80.04,0,0,NA,101870,NA,NA,NA,NA,NA,1,NA,NA,NA,10,NA,NA,NA,NA,NA,NA,NA,NA,NA,NA,-4.05,90468.4,0,0,0,0.8,1,1,1,54,60,6,2019-03-23 03:00:00,2019-03-23 08:00:00,8,2019-03-23 02:00:00,2019-03-23 09:00:00,0.001,0.8,149,66,-2.9,8.8
2019-03-23 05:00:00,101760.93,-2,-4.4,86.15,0,0,NA,101940,NA,NA,3015,NA,NA,1,NA,NA,NA,10,1.7,-2.2,NA,NA,NA,NA,NA,NA,-4.1,NA,-4.03,90528.65,0,0,0,1.5,1,1,1,54,60,6,2019-03-23 03:00:00,2019-03-23 08:00:00,8,2019-03-23 02:00:00,2019-03-23 09:00:00,0.001,0.9,207,62,-3.5,9.8
2019-03-23 06:00:00,101794.79,-2,-4.4,86.15,0,0,NA,101980,NA,NA,NA,NA,NA,1,NA,NA,NA,10,NA,NA,NA,NA,NA,NA,NA,NA,-3.53,NA,-4.03,90558.78,0,0,0,1.3,1,1,1,54,60,6,2019-03-23 03:00:00,2019-03-23 08:00:00,8,2019-03-23 02:00:00,2019-03-23 09:00:00,0.001,0.8,159,69,-3.6,11.7
2019-03-23 07:00:00,101828.66,-2,-4.4,86.04,1.54,30,NA,102040,NA,NA,NA,NA,NA,1,NA,NA,NA,10,NA,NA,NA,NA,NA,NA,NA,NA,-4.1,NA,-4.44,90588.91,0,0,0,0.8,1,1,1,54,60,6,2019-03-23 03:00:00,2019-03-23 08:00:00,8,2019-03-23 02:00:00,2019-03-23 09:00:00,0.001,0.9,199,39,-2,16.4
2019-03-23 08:00:00,101896.38,-2,-3.3,86.15,0,0,NA,102100,NA,NA,3011,NA,NA,1,NA,NA,NA,10,NA,NA,NA,NA,NA,NA,NA,NA,-4.1,NA,-4.03,90649.15,0,0,0,0.7,1,1,1,54,60,6,2019-03-23 03:00:00,2019-03-23 08:00:00,8,2019-03-23 02:00:00,2019-03-23 09:00:00,0.001,1.1,210,49,0.3,15.2
2019-03-23 09:00:00,101896.38,0,-2.2,80.34,1.54,120,NA,102070,NA,NA,NA,NA,NA,1,NA,NA,NA,10,NA,NA,NA,NA,NA,NA,NA,NA,-1.83,NA,-2.24,90649.15,0,0,0,0.3,0,1,1,NA,60,NA,NA,NA,8,2019-03-23 02:00:00,2019-03-23 09:00:00,0.002,0.7,126,70,3.5,12.7
2019-03-23 10:00:00,101896.38,2,-1.1,74.78,0,0,NA,102110,NA,NA,NA,NA,NA,504,NA,NA,NA,10,NA,NA,NA,1524,NA,NA,NA,NA,-0.78,NA,-2.06,90649.15,0,0,0,-0.6,0,0,1,NA,NA,NA,NA,NA,NA,NA,NA,0.005,0.8,110,53,4.7,15.4
2019-03-23 11:00:00,101862.52,2,-1.7,74.78,1.54,220,NA,102100,NA,NA,6003,NA,NA,554,NA,NA,NA,10,2.8,-3.9,NA,1676.4,NA,NA,NA,NA,0.47,NA,-2.06,90619.03,0,0,0,0.8,1,1,1,NA,NA,1,2019-03-23 11:00:00,2019-03-23 11:00:00,1,2019-03-23 11:00:00,2019-03-23 11:00:00,0.012,1,284,45,6.1,8.6
2019-03-23 12:00:00,101862.52,4,-0.6,69.85,0,0,NA,102050,NA,NA,NA,NA,NA,554,NA,NA,NA,10,NA,NA,NA,1676.4,NA,NA,NA,NA,2.75,NA,-1.07,90619.03,0,0,0,-2,0,0,1,NA,NA,NA,NA,NA,NA,NA,NA,0.018,1,310,62,7.1,11
2019-03-23 13:00:00,101828.66,6,-0.6,65.37,1.54,240,NA,102040,NA,NA,NA,NA,NA,604,NA,NA,NA,10,NA,NA,NA,1828.8,NA,NA,NA,NA,3.9,NA,-1.07,90588.91,0,0,0,-3.5,0,0,1,NA,NA,NA,NA,NA,NA,NA,NA,0.024,1.1,34,67,9.2,13.5
2019-03-23 14:00:00,101794.79,6.7,0,65.13,1.54,230,NA,101970,NA,NA,8008,NA,NA,604,NA,NA,NA,10,NA,NA,NA,1828.8,NA,NA,NA,NA,5.04,NA,-0.08,90558.78,0,0,0,-3,0,0,1,NA,NA,NA,NA,NA,NA,NA,NA,0.026,0.9,222,64,9.7,12.7
2019-03-23 15:00:00,101760.93,7,0.6,56.99,1.54,230,NA,101900,NA,NA,NA,NA,NA,604,NA,NA,NA,10,NA,NA,NA,1828.8,NA,NA,NA,NA,6.18,NA,-0.08,90528.65,0,0,0,-3.3,0,0,1,NA,NA,NA,NA,NA,NA,NA,NA,0.028,1.5,103,41,10.9,9.3
2019-03-23 16:00:00,101727.07,8,-0.6,52.98,0,0,NA,101890,NA,NA,NA,NA,NA,603,NA,NA,NA,10,NA,NA,NA,1828.8,NA,NA,NA,NA,7.32,NA,-1.1,90498.53,0,0,0,-3.2,0,0,1,NA,NA,NA,NA,NA,NA,NA,NA,0.032,1.2,102,63,11.9,6.9
2019-03-23 17:00:00,101693.2,9,0.6,57.25,0,0,NA,101840,NA,NA,8009,NA,NA,604,NA,NA,NA,10,10,2.8,NA,1828.8,NA,NA,NA,NA,7.895,NA,0.91,90468.4,0,0,0,-5.6,0,0,1,NA,NA,NA,NA,NA,NA,NA,NA,0.035,1.2,181,65,11.1,5.7
2019-03-23 18:00:00,101693.2,8,0,56.99,1.54,290,NA,101880,NA,NA,NA,NA,NA,604,NA,NA,NA,10,NA,NA,NA,1828.8,NA,NA,NA,NA,7.32,NA,-0.09,90468.4,0,0,0,-5.3,0,0,1,NA,NA,NA,NA,NA,NA,NA,NA,0.036,0.8,117,41,8.6,6
2019-03-23 19:00:00,101693.2,7,-0.6,56.72,2.57,290,NA,101920,NA,NA,NA,NA,NA,602,NA,NA,NA,10,NA,NA,NA,1828.8,NA,NA,NA,NA,5.22,NA,-1.09,90468.4,0,0,0,-4.7,0,0,0,NA,NA,NA,NA,NA,NA,NA,NA,0.033,0.8,104,57,5.4,11.3
2019-03-23 20:00:00,101727.07,6,-1.7,60.77,2.57,340,NA,101970,NA,NA,3006,NA,NA,1,NA,NA,NA,10,NA,NA,NA,NA,NA,NA,NA,NA,3.64,NA,-1.09,90498.53,0,0,0,-5.5,0,0,0,NA,NA,NA,NA,NA,NA,NA,NA,0.023,1,68,46,3.7,12
2019-03-23 21:00:00,101760.93,3,-1.7,69.64,0,0,NA,101980,NA,NA,NA,NA,NA,1,NA,NA,NA,10,NA,NA,NA,NA,NA,NA,NA,NA,1.63,NA,-2.07,90528.65,0,0,0,-1.7,0,0,1,NA,NA,NA,NA,NA,NA,NA,NA,0.02,0.7,150,50,1.7,16.7
2019-03-23 22:00:00,101760.93,3,-2.2,69.64,1.54,110,NA,101990,NA,NA,NA,NA,NA,1,NA,NA,NA,10,NA,NA,NA,NA,NA,NA,NA,NA,0.97,NA,-2.07,90528.65,0,0,0,-1.6,0,0,1,NA,NA,NA,NA,NA,NA,NA,NA,0.014,0.7,141,60,0.2,27.2
2019-03-23 23:00:00,101760.93,2,-2.2,74.78,0,0,NA,101990,NA,NA,1003,NA,NA,1,NA,NA,NA,10,10,1.1,NA,NA,NA,NA,NA,NA,0.47,NA,-2.06,90528.65,0,0,0,-1,0,0,1,NA,NA,NA,NA,NA,NA,NA,NA,0.005,0.7,138,46,-0.7,78.1
2019-03-24,101760.93,1,-2.8,80.34,0,0,NA,101970,NA,NA,NA,NA,NA,1,NA,NA,NA,10,NA,NA,NA,NA,NA,10,-3.9,NA,-0.68,NA,-2.05,90528.65,0,0,0,0.5,1,1,1,56,62,10,2019-03-24,2019-03-24 09:00:00,10,2019-03-24,2019-03-24 09:00:00,0.002,0.7,131,40,-1.6,29.7
2019-03-24 01:00:00,101760.93,-1,-3.3,86.15,0,0,NA,101990,NA,NA,NA,NA,NA,1,NA,NA,NA,10,NA,NA,NA,NA,NA,NA,NA,NA,-2.96,NA,-3.05,90528.65,0,0,0,2.1,1,1,1,56,62,10,2019-03-24,2019-03-24 09:00:00,10,2019-03-24,2019-03-24 09:00:00,0.002,0.6,145,55,-2.1,6.6
2019-03-24 02:00:00,101794.79,-1,-3.3,86.26,0,0,NA,101990,NA,NA,3003,NA,NA,1,NA,NA,NA,10,NA,NA,NA,NA,NA,NA,NA,NA,-2.96,NA,-3.03,90558.78,0,0,0,1.9,1,1,1,56,62,10,2019-03-24,2019-03-24 09:00:00,10,2019-03-24,2019-03-24 09:00:00,0.002,0.7,192,44,-2.9,6.7
2019-03-24 03:00:00,101794.79,-2,-5,86.15,0,0,NA,102000,NA,NA,NA,NA,NA,1,NA,NA,NA,10,NA,NA,NA,NA,NA,NA,NA,NA,NA,NA,-4.03,90558.78,0,0,0,2.7,1,1,1,56,62,10,2019-03-24,2019-03-24 09:00:00,10,2019-03-24,2019-03-24 09:00:00,0.002,0.7,154,50,-3.2,8.1
2019-03-24 04:00:00,101862.52,-2,-4.4,86.15,0,0,NA,102030,NA,NA,NA,NA,NA,1,NA,NA,NA,10,NA,NA,NA,NA,NA,NA,NA,NA,NA,NA,-4.03,90619.03,0,0,0,2.4,1,1,1,56,62,10,2019-03-24,2019-03-24 09:00:00,10,2019-03-24,2019-03-24 09:00:00,0.001,0.7,193,33,-4,9.8
2019-03-24 05:00:00,101862.52,-3,-4.4,86.15,1.54,330,NA,102040,NA,NA,1005,NA,NA,1,NA,NA,NA,10,1.7,-3.3,NA,NA,NA,NA,NA,NA,-5.25,NA,-4.03,90619.03,0,0,0,3.1,1,1,1,56,62,10,2019-03-24,2019-03-24 09:00:00,10,2019-03-24,2019-03-24 09:00:00,0,0.8,169,42,-4.1,8.5
2019-03-24 06:00:00,101862.52,-3,-5.6,86.04,0,0,NA,102080,NA,NA,NA,NA,NA,756,NA,NA,NA,10,NA,NA,NA,NA,NA,NA,NA,NA,-5.82,NA,-5.04,90619.03,0,0,0,3.1,1,1,1,56,62,10,2019-03-24,2019-03-24 09:00:00,10,2019-03-24,2019-03-24 09:00:00,0,0.9,204,50,-4.3,4.2
2019-03-24 07:00:00,101862.52,-4,-6.1,86.04,1.54,155,NA,102150,31,NA,NA,NA,NA,1,NA,NA,NA,10,NA,NA,NA,NA,NA,NA,NA,NA,-6.795,NA,-6.02,90619.03,0,0,0,4.2,1,1,1,56,62,10,2019-03-24,2019-03-24 09:00:00,10,2019-03-24,2019-03-24 09:00:00,0,1.1,215,33,-3.1,3.5
2019-03-24 08:00:00,101896.38,-4,-6.1,88.295,0,0,NA,102170,31,NA,3006,NA,NA,23,NA,NA,NA,3.5,NA,NA,NA,60.96,NA,NA,NA,NA,NA,NA,-6.02,90649.15,0,0,0,4.6,1,1,1,56,62,10,2019-03-24,2019-03-24 09:00:00,10,2019-03-24,2019-03-24 09:00:00,0.002,1.3,245,45,0.7,9
2019-03-24 09:00:00,101930.25,0.6,-1.1,88.36,0,0,NA,102180,NA,NA,NA,NA,NA,852,NA,NA,NA,10,NA,NA,NA,NA,NA,NA,NA,NA,NA,NA,-1.13,90679.28,0,0,0,1.2,1,1,1,56,62,10,2019-03-24,2019-03-24 09:00:00,10,2019-03-24,2019-03-24 09:00:00,0.007,1.1,242,43,3.2,9.5
2019-03-24 10:00:00,101930.25,2.2,-1.1,78.77,1.54,240,NA,102160,NA,NA,NA,NA,NA,856,NA,NA,NA,10,NA,NA,NA,NA,NA,NA,NA,NA,0.7,NA,-1.15,90679.28,0,0,0,-0.7,0,0,1,NA,NA,NA,NA,NA,NA,NA,NA,0.017,1.4,285,36,5,9
2019-03-24 11:00:00,101896.38,3.95,-0.6,71.145,1.54,245,NA,102110,NA,NA,8002,NA,NA,1,NA,NA,NA,10,3.9,-5,NA,NA,NA,NA,NA,NA,2.75,NA,-1.065,90649.15,0,0,0,-0.35,0,0,1,NA,NA,NA,NA,NA,NA,NA,NA,0.024,1.4,283,38,6.1,9.8
2019-03-24 12:00:00,101862.52,4,0,69.85,2.06,240,NA,102060,NA,NA,NA,NA,NA,1,NA,NA,NA,10,NA,NA,NA,NA,NA,NA,NA,NA,2.14,NA,-1.07,90619.03,0,0,0,-0.4,0,0,0,NA,NA,NA,NA,NA,NA,NA,NA,0.028,1.7,304,43,7.8,6.4
2019-03-24 13:00:00,101828.66,6,0,65.37,2.57,240,NA,102010,NA,NA,NA,NA,NA,1,NA,NA,NA,10,NA,NA,NA,NA,NA,NA,NA,NA,4.03,NA,-0.08,90588.91,0,0,0,-1.3,0,0,0,NA,NA,NA,NA,NA,NA,NA,NA,0.031,1.3,245,73,9.8,7.6
2019-03-24 14:00:00,101794.79,8,1.1,61.02,2.06,260,NA,101920,NA,NA,8013,NA,NA,1,NA,NA,NA,10,NA,NA,NA,NA,NA,NA,NA,NA,6.81,NA,0.91,90558.78,0,0,0,-2.6,0,0,0,NA,NA,NA,NA,NA,NA,NA,NA,0.032,1.4,244,52,11.1,9.8
2019-03-24 15:00:00,101727.07,10,1.7,57.25,3.09,280,NA,101880,NA,NA,NA,NA,NA,1,NA,NA,NA,10,NA,NA,NA,NA,NA,NA,NA,NA,7.59,NA,1.91,90498.53,0,0,0,-4.6,0,0,0,NA,NA,NA,NA,NA,NA,NA,NA,0.034,2.7,83,38,13.3,7.1
2019-03-24 16:00:00,101693.2,12,1.7,50.37,2.57,300,NA,101860,NA,NA,NA,NA,NA,1,NA,NA,NA,10,NA,NA,NA,NA,NA,NA,NA,NA,NA,NA,1.91,90468.4,0,0,0,-6.2,0,0,0,NA,NA,NA,NA,NA,NA,NA,NA,0.034,3.3,77,14,13.5,4.3
2019-03-24 17:00:00,101727.07,12,0,46.88,3.6,10,NA,101880,NA,NA,5002,NA,NA,1,NA,NA,NA,10,12.2,2.8,NA,NA,NA,NA,NA,NA,NA,NA,0.9,90498.53,0,0,0,-7.9,0,0,0,NA,NA,NA,NA,NA,NA,NA,NA,0.033,3.3,88,10,12.5,3.3
2019-03-24 18:00:00,101760.93,11,-0.6,46.59,4.12,20,NA,101960,NA,NA,NA,NA,NA,1,NA,NA,NA,10,NA,NA,NA,NA,NA,NA,NA,NA,NA,NA,-0.1,90528.65,0,0,0,-7.2,0,0,0,NA,NA,NA,NA,NA,NA,NA,NA,0.032,2,68,10,10.9,1.8
2019-03-24 19:00:00,101828.66,9,0,53.26,1.54,30,NA,102110,NA,NA,NA,NA,NA,1,NA,NA,NA,10,NA,NA,NA,NA,NA,NA,NA,NA,6.865,NA,-0.09,90588.91,0,0,0,-6.3,0,0,1,NA,NA,NA,NA,NA,NA,NA,NA,0.031,2,63,23,9.6,2.6
2019-03-24 20:00:00,101896.38,7,-0.6,56.72,1.54,70,NA,102140,NA,NA,3019,NA,NA,653,NA,NA,NA,10,NA,NA,NA,1981.2,NA,NA,NA,NA,6.18,NA,-1.09,90649.15,0,0,0,-5.7,0,0,1,NA,NA,NA,NA,NA,NA,NA,NA,0.031,2.6,97,39,8.8,3.5
2019-03-24 21:00:00,101997.98,6,0.6,60.77,0,0,NA,102200,NA,NA,NA,NA,NA,654,NA,NA,NA,10,NA,NA,NA,1981.2,NA,NA,NA,NA,6.075,NA,-0.09,90739.54,0,0,0,-5.2,0,0,1,NA,NA,NA,NA,NA,NA,NA,NA,0.03,1.1,143,38,6.5,2.8
2019-03-24 22:00:00,102065.7,8,0,61.02,6.17,120,NA,102250,NA,NA,NA,NA,NA,603,754,NA,NA,10,NA,NA,NA,2133.6,NA,NA,NA,NA,4.31,NA,-0.08,90799.78,0,0,0,-7.2,0,0,0,NA,NA,NA,NA,NA,NA,NA,NA,0.025,1,210,79,4.5,5
2019-03-24 23:00:00,102133.43,7,0,61.02,4.12,110,NA,102300,NA,NA,1018,NA,NA,556,753,NA,NA,10,11.7,4.4,NA,2286,NA,NA,NA,NA,3.56,NA,-0.08,90860.04,0,0,0,-6.3,0,0,0,NA,NA,NA,NA,NA,NA,NA,NA,0.019,0.8,89,46,4.7,6.9
2019-03-25,102167.3,6,0,65.37,4.63,110,NA,102350,NA,NA,NA,NA,NA,553,604,NA,NA,10,NA,NA,NA,1752.6,NA,12.2,-5,NA,2.84,NA,-0.08,90890.17,0,0,0,-6.4,0,0,0,NA,NA,NA,NA,NA,NA,NA,NA,0.018,0.6,174,61,4.8,5.5
2019-03-25 01:00:00,102235.02,3,-0.8,74.96,2.57,185,NA,102430,NA,804,NA,NA,NA,479,628.5,NA,NA,10,NA,NA,NA,1828.8,NA,NA,NA,NA,1.61,NA,-1.06,90950.41,0,0,0,-3,0,0,0,NA,NA,NA,NA,NA,NA,NA,NA,0.018,0.8,202,68,4.3,4.7
2019-03-25 02:00:00,102268.89,4,0,70.06,1.54,60,NA,102370,NA,NA,1007,NA,NA,364,639,NA,NA,10,NA,NA,NA,1097.28,NA,NA,NA,NA,3.325,NA,-0.07,90980.54,0,0,0,-4.7,0,0,1,NA,NA,NA,NA,NA,NA,NA,NA,0.012,0.9,213,27,3.6,5
2019-03-25 03:00:00,102302.75,3,0,74.96,1.54,10,NA,102420,NA,NA,NA,NA,NA,404,NA,NA,NA,10,NA,NA,NA,1219.2,NA,NA,NA,NA,1.61,NA,-0.07,91010.67,0,0,0,-3.7,0,0,1,NA,NA,NA,NA,NA,NA,NA,NA,0.011,0.9,99,77,3.7,1.8
2019-03-25 04:00:00,102302.75,4,0,75.14,0,0,NA,102400,NA,NA,NA,NA,NA,484,NA,NA,NA,10,NA,NA,NA,1463.04,NA,NA,NA,NA,2.75,NA,-0.06,91010.67,0,0,0,-4.7,0,0,1,NA,NA,NA,NA,NA,NA,NA,NA,0.012,1,208,54,3.4,2.8
2019-03-25 05:00:00,102302.75,3,-0.6,80.49,0,0,NA,102380,NA,NA,2,NA,NA,603,NA,NA,NA,10,7.2,1.7,NA,1828.8,NA,NA,NA,NA,1.29,NA,-1.05,91010.67,0,0,0,-3.8,0,0,1,NA,NA,NA,NA,NA,NA,NA,NA,0.01,1.1,215,43,2.9,4.7
2019-03-25 06:00:00,102302.75,3,-0.6,80.49,1.54,40,NA,102440,NA,NA,NA,NA,NA,554,854,NA,NA,10,NA,NA,NA,2590.8,NA,NA,NA,NA,1.04,NA,-1.05,91010.67,0,0,0,-4.4,0,0,1,NA,NA,NA,NA,NA,NA,NA,NA,0.007,1.1,78,35,3.3,0.5
2019-03-25 07:00:00,102302.75,3,-0.6,80.49,1.54,50,NA,102460,NA,NA,NA,NA,NA,494,854,NA,NA,10,NA,NA,NA,1524,NA,NA,NA,NA,1.61,NA,-1.05,91010.67,0,0,0,-4.5,0,0,1,NA,NA,NA,NA,NA,NA,NA,NA,0.007,1.4,214,33,3.1,2
2019-03-25 08:00:00,102302.75,2,-0.6,80.49,1.54,190,NA,102470,NA,NA,1002,NA,NA,604,NA,NA,NA,10,NA,NA,NA,1828.8,NA,NA,NA,NA,0.47,NA,-1.05,91010.67,0,0,0,-3.3,0,0,1,NA,NA,NA,NA,NA,NA,NA,NA,0.004,0.7,297,52,5.2,8.8
2019-03-25 09:00:00,102302.75,4,0.6,80.63,1.54,10,NA,102390,NA,NA,NA,NA,NA,1,NA,NA,NA,10,NA,NA,NA,NA,NA,NA,NA,NA,2.18,NA,0.53,91010.67,0,0,0,-4.4,0,0,1,NA,NA,NA,NA,NA,NA,NA,NA,0.009,1.2,30,59,7.5,NA
2019-03-25 10:00:00,102235.02,6,1.1,70.27,2.06,210,NA,102360,NA,NA,NA,NA,NA,1,NA,NA,NA,10,NA,NA,NA,NA,NA,NA,NA,NA,4.47,NA,0.93,90950.41,0,0,0,-6.2,0,0,0,NA,NA,NA,NA,NA,NA,NA,NA,0.015,1.6,293,58,9.1,NA
2019-03-25 11:00:00,102201.16,8,0.6,65.6,1.54,130,NA,102260,NA,NA,8014,NA,NA,1,NA,NA,NA,10,8.9,1.7,NA,NA,NA,NA,NA,NA,6.97,NA,0.93,90920.29,0,0,0,-4.5,0,0,1,NA,NA,NA,NA,NA,NA,NA,NA,0.022,2.5,202,37,10.8,NA
2019-03-25 12:00:00,102099.57,10,0,53.53,4.63,150,NA,102130,NA,NA,NA,NA,NA,1,NA,NA,NA,10,NA,NA,NA,NA,NA,NA,NA,NA,7.4,NA,0.91,90829.91,0,0,0,-5.3,0,0,0,NA,NA,NA,NA,NA,NA,NA,NA,0.027,3.2,191,32,12,NA
2019-03-25 13:00:00,102031.84,11,-0.6,46.59,6.17,160,NA,102080,NA,NA,NA,NA,NA,1,NA,NA,NA,10,NA,NA,NA,NA,NA,NA,NA,NA,NA,NA,-0.1,90769.66,0,0,0,-5.7,0,0,0,NA,NA,NA,NA,NA,NA,NA,NA,0.023,3.4,202,29,12.8,7.6
2019-03-25 14:00:00,101930.25,12,0,43.61,5.66,160,NA,102010,NA,NA,6020,NA,NA,1,NA,NA,NA,10,NA,NA,NA,NA,NA,NA,NA,NA,NA,NA,-0.1,90679.28,0,0,0,-5,0,0,0,NA,NA,NA,NA,NA,NA,NA,NA,0.03,4.2,177,20,12.9,3.3
2019-03-25 15:00:00,101862.52,12.8,-1.1,38.19,5.66,150,NA,101920,NA,NA,NA,NA,NA,1,NA,NA,NA,10,NA,NA,NA,NA,NA,NA,NA,NA,NA,NA,-1.1,90619.03,0,0,0,-6,0,0,0,NA,NA,NA,NA,NA,NA,NA,NA,0.034,4.1,182,18,13.7,4.3
2019-03-25 16:00:00,101794.79,13,-0.6,37.97,6.69,160,NA,101810,NA,NA,NA,NA,NA,1,NA,NA,NA,10,NA,NA,NA,NA,NA,NA,NA,NA,NA,NA,-1.1,90558.78,0,0,0,-7.6,0,0,0,NA,NA,NA,NA,NA,NA,NA,NA,0.036,3.1,189,26,13.5,5
2019-03-25 17:00:00,101693.2,12,-1.7,37.66,5.66,160,NA,101740,NA,NA,8026,NA,NA,1,NA,NA,NA,10,12.8,8.9,NA,NA,NA,NA,NA,NA,NA,NA,-2.11,90468.4,0,0,0,-5.5,0,0,0,NA,NA,NA,NA,NA,NA,NA,NA,0.039,2.3,147,22,12.6,4.5
2019-03-25 18:00:00,101591.61,11,-2.8,40.24,5.14,160,NA,101690,NA,NA,NA,NA,NA,1,NA,NA,NA,10,NA,NA,NA,NA,NA,NA,NA,NA,NA,NA,-2.11,90378.02,0,0,0,-5.7,0,0,0,NA,NA,NA,NA,NA,NA,NA,NA,0.039,1.9,117,18,11.5,5
2019-03-25 19:00:00,101557.75,11,-2.8,37.36,3.6,120,NA,101630,NA,NA,NA,NA,NA,1,NA,NA,NA,10,NA,NA,NA,NA,NA,NA,NA,NA,7.21,NA,-3.12,90347.9,0,0,0,-7.4,0,0,0,NA,NA,NA,NA,NA,NA,NA,NA,0.034,0.9,102,52,8.9,8.1
2019-03-25 20:00:00,101490.02,8,-3.9,42.41,3.6,130,NA,101650,NA,NA,6013,NA,NA,1,NA,NA,NA,10,NA,NA,NA,NA,NA,NA,NA,NA,5.75,NA,-4.12,90287.65,0,0,0,-5.4,0,0,0,NA,NA,NA,NA,NA,NA,NA,NA,0.03,0.9,166,54,6,10
2019-03-25 21:00:00,101490.02,7,-3.3,48.93,4.12,160,NA,101630,NA,NA,NA,NA,NA,1,NA,NA,NA,10,NA,NA,NA,NA,NA,NA,NA,NA,4,NA,-3.11,90287.65,0,0,0,-4.8,0,0,0,NA,NA,NA,NA,NA,NA,NA,NA,0.018,1.1,169,77,4.8,12.2
2019-03-25 22:00:00,101523.88,6,-2.8,52.42,4.63,160,NA,101630,NA,NA,NA,NA,NA,1,NA,NA,NA,10,NA,NA,NA,NA,NA,NA,NA,NA,3.02,NA,-3.11,90317.77,0,0,0,-3.4,0,0,0,NA,NA,NA,NA,NA,NA,NA,NA,0.013,0.8,180,58,4.3,11.9
2019-03-25 23:00:00,101523.88,4,-2.8,60.26,2.06,160,NA,101600,NA,NA,8001,NA,NA,1,NA,NA,NA,10,11.7,3.3,NA,NA,NA,NA,NA,NA,2.755,NA,-3.09,90317.77,0,0,0,-1.3,0,0,0,NA,NA,NA,NA,NA,NA,NA,NA,0.013,1.1,216,46,3.3,9.3
2019-03-26,101490.02,3,-2.2,64.9,1.54,240,NA,101600,NA,NA,NA,NA,NA,1,NA,NA,NA,10,NA,NA,NA,NA,NA,12.8,1.7,NA,1.61,NA,-3.07,90287.65,0,0,0,-0.5,0,0,1,NA,NA,NA,NA,NA,NA,NA,NA,0.013,0.8,163,70,2.7,8.8
2019-03-26 01:00:00,101490.02,2,-2.8,69.43,0,0,NA,101570,NA,NA,NA,NA,NA,1,NA,NA,NA,10,NA,NA,NA,NA,NA,NA,NA,NA,NA,NA,-3.07,90287.65,0,0,0,0.4,0,1,1,NA,63,NA,NA,NA,7,2019-03-26 01:00:00,2019-03-26 07:00:00,0.017,0.9,201,58,2,8.5
2019-03-26 02:00:00,101456.15,2,-2.8,69.43,0,0,NA,101550,NA,NA,8005,NA,NA,1,NA,NA,NA,10,NA,NA,NA,NA,NA,NA,NA,NA,0.47,NA,-3.07,90257.51,0,0,0,0.2,0,1,1,NA,63,NA,NA,NA,7,2019-03-26 01:00:00,2019-03-26 07:00:00,0.012,0.8,191,61,1.7,7.9
2019-03-26 03:00:00,101422.29,1,-2.8,74.6,0,0,NA,101490,NA,NA,NA,NA,NA,1,NA,NA,NA,10,NA,NA,NA,NA,NA,NA,NA,NA,-0.68,NA,-3.06,90227.39,0,0,0,1.1,1,1,1,NA,63,5,2019-03-26 03:00:00,2019-03-26 07:00:00,7,2019-03-26 01:00:00,2019-03-26 07:00:00,0.01,0.9,198,53,1.1,7.4
2019-03-26 04:00:00,101388.43,1,-2.8,74.6,1.54,290,NA,101470,NA,NA,NA,NA,NA,1,NA,NA,NA,10,NA,NA,NA,NA,NA,NA,NA,NA,-0.68,NA,-3.06,90197.27,0,0,0,1.1,1,1,1,NA,63,5,2019-03-26 03:00:00,2019-03-26 07:00:00,7,2019-03-26 01:00:00,2019-03-26 07:00:00,0.008,1.1,186,36,0.3,7.9
2019-03-26 05:00:00,101388.43,0,-2.8,80.19,2.06,290,NA,101510,NA,NA,5004,NA,NA,1,NA,NA,NA,10,4.4,-0.6,NA,NA,NA,NA,NA,NA,-2.53,NA,-3.05,90197.27,0,0,0,2,1,1,0,NA,63,5,2019-03-26 03:00:00,2019-03-26 07:00:00,7,2019-03-26 01:00:00,2019-03-26 07:00:00,0.007,1.3,196,48,0.4,5.7
2019-03-26 06:00:00,101456.15,0,-2.8,80.19,1.54,280,NA,101580,NA,NA,NA,NA,NA,1104,NA,NA,NA,10,NA,NA,NA,3352.8,NA,NA,NA,NA,-2.175,NA,-3.05,90257.51,0,0,0,1.5,1,1,1,NA,63,5,2019-03-26 03:00:00,2019-03-26 07:00:00,7,2019-03-26 01:00:00,2019-03-26 07:00:00,0.012,0.9,183,59,0,5.2
2019-03-26 07:00:00,101456.15,0,-2.8,80.19,0,0,NA,101600,NA,NA,NA,NA,NA,1103,1203,NA,NA,10,NA,NA,NA,3352.8,NA,NA,NA,NA,-1.82,NA,-3.05,90257.51,0,0,0,1.1,1,1,1,NA,63,5,2019-03-26 03:00:00,2019-03-26 07:00:00,7,2019-03-26 01:00:00,2019-03-26 07:00:00,0.012,0.8,167,43,0.5,8.6
2019-03-26 08:00:00,101456.15,2,-2.2,74.6,0,0,NA,101600,NA,NA,1006,NA,NA,1003,1104,NA,NA,10,NA,NA,NA,3048,NA,NA,NA,NA,-0.105,NA,-2.26,90257.51,0,0,0,-1.4,0,0,1,NA,NA,NA,NA,NA,NA,NA,NA,0.005,1,241,54,2,11.5
2019-03-26 09:00:00,101456.15,2,-1.7,74.78,1.54,240,NA,101640,NA,NA,NA,NA,NA,804,NA,NA,NA,10,NA,NA,NA,2438.4,NA,NA,NA,NA,0.47,NA,-2.06,90257.51,0,0,0,-0.6,0,0,1,NA,NA,NA,NA,NA,NA,NA,NA,0.008,0.8,313,57,2.9,21.8
2019-03-26 10:00:00,101490.02,3,-2.2,69.64,2.57,300,NA,101710,NA,NA,NA,NA,NA,704,NA,NA,NA,10,NA,NA,NA,2133.6,NA,NA,NA,NA,-0.2,NA,-2.07,90287.65,0,0,0,-1.7,0,0,0,NA,NA,NA,NA,NA,NA,NA,NA,0.005,1.6,204,32,2.7,10
2019-03-26 11:00:00,101625.47,4,1.15,80.78,5.4,330,8.49,101800,13,549,3016,0.254,NA,339,434,0.508,NA,10,4.4,0,NA,1097.28,NA,NA,NA,NA,-0.105,NA,0.96,90408.14,0,0,0,-4.3,0,0,0,NA,NA,NA,NA,NA,NA,NA,NA,0.009,1,199,48,4.4,7.4
2019-03-26 12:00:00,101659.34,5,2.2,80.92,2.57,320,NA,101850,13,554,NA,0.254,NA,326,424,NA,NA,10,NA,NA,NA,1219.2,NA,NA,NA,NA,2.84,NA,1.96,90438.28,0,0,0,-4.5,0,0,0,NA,NA,NA,NA,NA,NA,NA,NA,0.02,1.4,109,61,6.7,4.3
2019-03-26 13:00:00,101625.47,5,2.8,86.79,2.57,140,NA,101770,13,703.5,NA,0.025,NA,433,603,NA,NA,10,NA,NA,NA,1402.08,NA,NA,NA,NA,2.84,NA,2.96,90408.14,0,0,0,-5.2,0,0,0,NA,NA,NA,NA,NA,NA,NA,NA,0.028,2,5,63,8.7,4.3
2019-03-26 14:00:00,101591.61,7.8,2.2,70.68,2.06,140,NA,101710,NA,NA,8006,NA,0.254,1002,602,NA,NA,10,NA,NA,NA,NA,NA,NA,NA,NA,5.64,NA,2.94,90378.02,0,0,0,-7,0,0,0,NA,NA,NA,NA,NA,NA,NA,NA,0.033,1.2,312,68,8.6,3.5
2019-03-26 15:00:00,101557.75,8,2.8,70.68,2.06,260,NA,101700,NA,904,NA,NA,NA,553,704,NA,NA,10,NA,NA,NA,1828.8,NA,NA,NA,NA,6.985,NA,2.94,90347.9,0,0,0,-6.6,0,0,0,NA,NA,NA,NA,NA,NA,NA,NA,0.035,1.1,162,61,9,2.1
2019-03-26 16:00:00,101523.88,9,2.8,57.25,2.06,230,NA,101670,NA,NA,NA,NA,NA,702,703,NA,NA,10,NA,NA,NA,2133.6,NA,NA,NA,NA,7.98,NA,0.91,90317.77,0,0,0,-7.7,0,0,0,NA,NA,NA,NA,NA,NA,NA,NA,0.034,0.8,198,82,9.3,2.6
2019-03-26 17:00:00,101523.88,8,1.1,61.27,2.06,200,NA,101670,NA,NA,6004,NA,NA,1,NA,0.254,NA,10,10,4.4,NA,NA,NA,NA,NA,NA,7.065,NA,1.01,90317.77,0,0,0,-6.5,0,0,0,NA,NA,NA,NA,NA,NA,NA,NA,0.035,1.1,152,48,8.8,2.3
2019-03-26 18:00:00,101523.88,8,0.6,57.25,2.06,190,NA,101660,NA,NA,NA,NA,NA,1,NA,NA,NA,10,NA,NA,NA,NA,NA,NA,NA,NA,7.59,NA,0.91,90317.77,0,0,0,-6.6,0,0,0,NA,NA,NA,NA,NA,NA,NA,NA,0.036,0.8,163,20,7.2,3.3
2019-03-26 19:00:00,101523.88,7,0,61.27,1.54,240,NA,101730,NA,NA,NA,NA,NA,1,NA,NA,NA,10,NA,NA,NA,NA,NA,NA,NA,NA,6.495,NA,-0.08,90317.77,0,0,0,-7.5,0,0,1,NA,NA,NA,NA,NA,NA,NA,NA,0.033,0.7,178,51,5.5,6.9
2019-03-26 20:00:00,101523.88,5,-2.2,60.77,2.06,10,NA,101740,NA,NA,3004,NA,NA,1,NA,NA,NA,10,NA,NA,NA,NA,NA,NA,NA,NA,3.9,NA,-1.09,90317.77,0,0,0,-6.8,0,0,0,NA,NA,NA,NA,NA,NA,NA,NA,0.024,0.8,142,50,3.9,9.3
2019-03-26 21:00:00,101591.61,4,-2.8,60.26,2.06,315,NA,101830,NA,NA,NA,NA,NA,1,NA,NA,NA,10,NA,NA,NA,NA,NA,NA,NA,NA,2.14,NA,-3.09,90378.02,0,0,0,-6,0,0,0,NA,NA,NA,NA,NA,NA,NA,NA,0.011,0.6,157,73,2.8,6.7
2019-03-26 22:00:00,101659.34,3,-2.2,64.66,2.06,310,NA,101860,NA,NA,NA,NA,NA,1,NA,NA,NA,10,NA,NA,NA,NA,NA,NA,NA,NA,0.97,NA,-3.08,90438.28,0,0,0,-5.9,0,0,0,NA,NA,NA,NA,NA,NA,NA,NA,0.01,0.5,202,49,2,17.9
2019-03-26 23:00:00,101659.34,2.8,-2.8,66.57,1.54,310,NA,101850,NA,NA,1010,NA,NA,1102,NA,NA,NA,10,8.9,1.7,NA,3657.6,NA,NA,NA,NA,0.47,NA,-3.07,90438.28,0,0,0,-5.4,0,0,1,NA,NA,NA,NA,NA,NA,NA,NA,0.011,0.7,103,45,1.9,1.8
2019-03-27,101693.2,2,-2.2,69.43,0,0,NA,101870,NA,NA,NA,NA,NA,1206,NA,NA,NA,10,NA,NA,NA,NA,NA,10,-0.6,NA,0.47,NA,-3.07,90468.4,0,0,0,-4.7,0,0,1,NA,NA,NA,NA,NA,NA,NA,NA,0.011,0.8,171,40,1.2,3.5
2019-03-27 01:00:00,101659.34,2,-2.8,74.6,1.54,10,NA,101850,NA,NA,NA,NA,NA,1102,NA,NA,NA,10,NA,NA,NA,NA,NA,NA,NA,NA,-0.68,NA,-3.05,90438.28,0,0,0,-4.5,0,0,1,NA,NA,NA,NA,NA,NA,NA,NA,0.014,0.6,131,56,0.6,4.5
2019-03-27 02:00:00,101659.34,1,-3.3,74.6,0,0,NA,101840,NA,NA,8000,NA,NA,486,1202,NA,NA,10,NA,NA,NA,1463.04,NA,NA,NA,NA,-0.68,NA,-3.06,90438.28,0,0,0,-3.9,0,0,1,NA,NA,NA,NA,NA,NA,NA,NA,0.009,0.8,161,44,-0.3,3.7
2019-03-27 03:00:00,101659.34,0,-3.9,80.19,0,0,NA,101850,NA,NA,NA,NA,NA,1,NA,NA,NA,10,NA,NA,NA,NA,NA,NA,NA,NA,-3.33,NA,-3.06,90438.28,0,0,0,-3.1,0,0,1,NA,NA,NA,NA,NA,NA,NA,NA,0.006,0.8,184,52,-1.4,4.5
2019-03-27 04:00:00,101659.34,-2,-3.9,86.15,1.54,290,NA,101830,NA,NA,NA,NA,NA,1,NA,NA,NA,10,NA,NA,NA,NA,NA,NA,NA,NA,-3.93,NA,-4.03,90438.28,0,0,0,-1.4,0,0,1,NA,NA,NA,NA,NA,NA,NA,NA,0.001,0.8,158,60,-1.8,5.2
2019-03-27 05:00:00,101659.34,-1,-4.4,80.04,0,0,NA,101850,NA,NA,5000,NA,NA,1,NA,NA,0.762,10,2.8,-1.7,NA,NA,NA,NA,NA,NA,-2.96,NA,-4.05,90438.28,0,0,0,-3.1,0,0,1,NA,NA,NA,NA,NA,NA,NA,NA,0.001,0.8,197,47,-1.7,3.3
2019-03-27 06:00:00,101659.34,-2,-3.9,86.15,0,0,NA,101870,NA,NA,NA,NA,NA,1,NA,NA,NA,10,NA,NA,NA,NA,NA,NA,NA,NA,-4.1,NA,-4.03,90438.28,0,0,0,-1.8,0,0,1,NA,NA,NA,NA,NA,NA,NA,NA,0,0.9,214,36,-1.9,3.1
2019-03-27 07:00:00,101625.47,-2,-3.9,86.15,0,0,NA,101830,NA,NA,NA,NA,NA,1,NA,NA,NA,10,NA,NA,NA,NA,NA,NA,NA,NA,-4.1,NA,-4.03,90408.14,0,0,0,-1.2,0,0,1,NA,NA,NA,NA,NA,NA,NA,NA,0,0.8,187,50,-1.1,5.7
2019-03-27 08:00:00,101625.47,-1,-2.8,86.15,0,0,NA,101820,NA,NA,8005,NA,NA,1,NA,NA,NA,10,NA,NA,NA,NA,NA,NA,NA,NA,-3.53,NA,-3.05,90408.14,0,0,0,-1.8,0,0,1,NA,NA,NA,NA,NA,NA,NA,NA,0.001,1.1,219,37,-0.4,6.6
2019-03-27 09:00:00,101625.47,-1,-2.2,86.26,1.54,270,NA,101840,NA,NA,NA,NA,NA,554,703,NA,NA,10,NA,NA,NA,1676.4,NA,NA,NA,NA,-2.96,NA,-3.03,90408.14,0,0,0,-0.9,0,0,1,NA,NA,NA,NA,NA,NA,NA,NA,0.003,1.1,185,39,0.3,5.7
2019-03-27 10:00:00,101591.61,1,-2.2,80.34,1.54,270,NA,101810,NA,NA,NA,NA,NA,554,NA,NA,NA,10,NA,NA,NA,1676.4,NA,NA,NA,NA,-1.02,NA,-2.05,90378.02,0,0,0,-2.3,0,0,1,NA,NA,NA,NA,NA,NA,NA,NA,0.004,0.8,240,71,2.1,7.9
2019-03-27 11:00:00,101591.61,2,-1.7,74.78,1.54,220,NA,101770,NA,NA,8006,NA,NA,554,NA,NA,NA,10,1.7,-2.2,NA,1676.4,NA,NA,NA,NA,-0.2,NA,-2.06,90378.02,0,0,0,-3.5,0,0,1,NA,NA,NA,NA,NA,NA,NA,NA,0.005,1.3,227,47,3.1,10
2019-03-27 12:00:00,101490.02,3,-1.7,69.64,1.54,260,NA,101670,NA,NA,NA,NA,NA,504,504,NA,NA,10,NA,NA,NA,1524,NA,NA,NA,NA,0.82,NA,-2.07,90287.65,0,0,0,-4.3,0,0,1,NA,NA,NA,NA,NA,NA,NA,NA,0.009,2,253,24,3.4,8.3
2019-03-27 13:00:00,101456.15,3,-1,69.64,2.06,280,NA,101660,13,444,NA,0.025,NA,404,364,NA,NA,10,NA,NA,NA,1219.2,NA,NA,NA,NA,0.97,NA,-2.07,90257.51,0,0,0,-4.6,0,0,0,NA,NA,NA,NA,NA,NA,NA,NA,0.015,2,233,23,2.8,4.7
2019-03-27 14:00:00,101456.15,3,0.6,86.68,2.57,250,NA,101660,13,NA,7003,0.762,1.016,233,334,NA,NA,6,NA,NA,NA,701.04,NA,NA,NA,NA,0.47,NA,0.97,90257.51,0,0,0,-5,0,0,0,NA,NA,NA,NA,NA,NA,NA,NA,0.019,1.5,242,32,3,4.7
2019-03-27 15:00:00,101422.29,3,1,86.68,3.09,300,NA,101640,13,249,NA,0.635,NA,76,173,NA,NA,7,NA,NA,NA,701.04,NA,NA,NA,NA,0.03,NA,0.97,90227.39,0,0,0,-4.7,0,0,0,NA,NA,NA,NA,NA,NA,NA,NA,0.022,1.3,266,49,4.1,6.7
2019-03-27 16:00:00,101388.43,3,1.7,86.68,2.06,320,NA,101610,2493,424,NA,0.508,NA,243,304,NA,NA,6,NA,NA,NA,731.52,NA,NA,NA,NA,0.97,NA,0.97,90197.27,0,0,0,-4.6,0,0,0,NA,NA,NA,NA,NA,NA,NA,NA,0.024,1.6,31,48,5.4,3.5
2019-03-27 17:00:00,101354.56,4,1.7,86.79,2.06,340,NA,101560,13,454,8006,0.025,NA,464,400,2.54,NA,10,4.4,2.8,NA,1402.08,NA,NA,NA,NA,2.14,NA,1.97,90167.14,0,0,0,-5.4,0,0,0,NA,NA,NA,NA,NA,NA,NA,NA,0.029,2.2,58,26,4.9,1.8
2019-03-27 18:00:00,101354.56,3,1.7,86.79,1.54,310,NA,101630,13,NA,NA,0.025,NA,454,474,NA,NA,10,NA,NA,NA,1371.6,NA,NA,NA,NA,1.61,NA,1.97,90167.14,0,0,0,-5.4,0,0,1,NA,NA,NA,NA,NA,NA,NA,NA,0.033,2.3,71,25,4.4,0.1
2019-03-27 19:00:00,101388.43,3,0.8,93.13,2.06,245,NA,101660,13,904,NA,0.254,NA,404,433,NA,NA,10,NA,NA,NA,1264.92,NA,NA,NA,NA,0.03,NA,1.98,90197.27,0,0,0,-5.5,0,0,0,NA,NA,NA,NA,NA,NA,NA,NA,0.033,2.9,51,24,3.2,-0.6
2019-03-27 20:00:00,101473.085,2,0.6,93.08,3.09,230,NA,101790,31,374,3015,0.025,0.254,394,333,NA,NA,6.5,NA,NA,NA,1188.72,NA,NA,NA,NA,-1.17,NA,0.98,90272.58,0,0,0,-4.5,0,0,0,NA,NA,NA,NA,NA,NA,NA,NA,0.033,2.3,63,36,2.4,1
2019-03-27 21:00:00,101591.61,2,0,93.08,1.54,245,NA,101880,2493,254,NA,1.524,NA,103,154,NA,NA,5,NA,NA,NA,335.28,NA,NA,NA,NA,-0.56,NA,0.98,90378.02,0,0,0,-4.7,0,0,1,NA,NA,NA,NA,NA,NA,NA,NA,0.032,1.4,247,46,1.6,2
2019-03-27 22:00:00,101659.34,1,-0.6,86.48,2.06,310,NA,101910,13,364,NA,0.508,NA,62,268,NA,NA,9.5,NA,NA,NA,807.72,NA,NA,NA,NA,-1.83,NA,-1.03,90438.28,0,0,0,-3.9,0,0,0,NA,NA,NA,NA,NA,NA,NA,NA,0.03,1.6,241,55,2.2,3.3
2019-03-27 23:00:00,101693.2,1,-0.6,88.4,2.06,330,NA,101940,13,NA,1014,0.025,NA,453,504,4.318,NA,10,3.9,0.6,NA,1371.6,NA,NA,NA,NA,-1.36,NA,-0.63,90468.4,0,0,0,-4,0,0,0,NA,NA,NA,NA,NA,NA,NA,NA,0.028,1.4,257,68,2.2,-0.1
2019-03-28,101727.07,1,0,86.58,1.54,20,NA,101910,NA,754,NA,NA,NA,493,704,NA,NA,10,NA,NA,NA,1493.52,NA,4.4,-2.2,NA,-0.68,NA,-0.03,90498.53,0,0,0,-4.1,0,0,1,NA,NA,NA,NA,NA,NA,NA,NA,0.029,1.6,239,78,3,-1.6
2019-03-28 01:00:00,101760.93,2,0,86.48,1.54,10,NA,101990,NA,NA,NA,NA,NA,504,654,NA,NA,10,NA,NA,NA,1524,NA,NA,NA,NA,-1.25,NA,-1.03,90528.65,0,0,0,-5.5,0,0,1,NA,NA,NA,NA,NA,NA,NA,NA,0.031,1.9,27,65,3.1,1.5
2019-03-28 02:00:00,101794.79,2,0,86.58,2.57,330,NA,101990,NA,NA,1008,NA,NA,504,NA,NA,NA,10,NA,NA,NA,1524,NA,NA,NA,NA,-0.72,NA,-0.03,90558.78,0,0,0,-5.6,0,0,0,NA,NA,NA,NA,NA,NA,NA,NA,0.032,1.9,49,59,3.5,2.8
2019-03-28 03:00:00,101760.93,2,-0.6,80.49,2.06,350,NA,101970,NA,NA,NA,NA,NA,504,904,NA,NA,10,NA,NA,NA,1524,NA,NA,NA,NA,-0.2,NA,-1.05,90528.65,0,0,0,-5.6,0,0,0,NA,NA,NA,NA,NA,NA,NA,NA,0.034,1.7,86,63,3.7,3
2019-03-28 04:00:00,101760.93,2,-0.6,80.49,1.54,30,NA,101970,NA,NA,NA,NA,NA,554,NA,NA,NA,10,NA,NA,NA,1676.4,NA,NA,NA,NA,-0.2,NA,-1.05,90528.65,0,0,0,-5.7,0,0,1,NA,NA,NA,NA,NA,NA,NA,NA,0.034,1.4,334,66,3.4,3.3
2019-03-28 05:00:00,101760.93,2,-0.6,80.49,1.54,320,NA,101970,NA,NA,6001,NA,NA,554,NA,NA,6.858,10,2.8,1.1,NA,1676.4,NA,NA,NA,NA,-0.2,NA,-1.05,90528.65,0,0,0,-5.8,0,0,1,NA,NA,NA,NA,NA,NA,NA,NA,0.033,1.1,225,48,2.6,0.8
2019-03-28 06:00:00,101828.66,2,-0.6,80.49,1.54,280,NA,102040,NA,NA,NA,NA,NA,554,NA,NA,NA,10,NA,NA,NA,1676.4,NA,NA,NA,NA,-0.44,NA,-1.05,90588.91,0,0,0,-5.8,0,0,1,NA,NA,NA,NA,NA,NA,NA,NA,0.027,1.2,199,50,1.7,2.8
2019-03-28 07:00:00,101862.52,1,0,86.48,2.06,300,NA,102110,NA,NA,NA,NA,NA,504,NA,NA,NA,10,NA,NA,NA,1524,NA,NA,NA,NA,-0.72,NA,-1.03,90619.03,0,0,0,-4.8,0,0,0,NA,NA,NA,NA,NA,NA,NA,NA,0.015,1.4,209,28,1.4,3.7
2019-03-28 08:00:00,101862.52,1,0,93.02,2.06,280,NA,102120,NA,NA,1009,NA,NA,504,NA,NA,NA,10,NA,NA,NA,1524,NA,NA,NA,NA,-1.36,NA,-0.02,90619.03,0,0,0,-4.7,0,0,0,NA,NA,NA,NA,NA,NA,NA,NA,0.012,1.3,249,70,2.8,3.5
2019-03-28 09:00:00,101896.38,2.8,0,81.79,2.06,340,NA,102110,NA,NA,NA,NA,NA,604,NA,NA,NA,10,NA,NA,NA,1828.8,NA,NA,NA,NA,0.47,NA,-0.04,90649.15,0,0,0,-6.2,0,0,0,NA,NA,NA,NA,NA,NA,NA,NA,0.011,1.1,7,55,4.1,4.2
2019-03-28 10:00:00,101896.38,3,1.1,86.68,2.06,300,NA,102120,NA,NA,NA,NA,NA,554,NA,NA,NA,10,NA,NA,NA,1676.4,NA,NA,NA,NA,0.97,NA,0.97,90649.15,0,0,0,-6.2,0,0,0,NA,NA,NA,NA,NA,NA,NA,NA,0.021,1.4,282,44,3.6,2
2019-03-28 11:00:00,101896.38,4,1.1,80.78,2.06,320,NA,102140,NA,NA,3004,NA,NA,554,NA,NA,NA,10,4.4,0.6,NA,1676.4,NA,NA,NA,NA,2.14,NA,0.96,90649.15,0,0,0,-7.1,0,0,0,NA,NA,NA,NA,NA,NA,NA,NA,0.019,1.3,61,71,5.1,3.3
2019-03-28 12:00:00,101930.25,4,0.6,75.32,2.06,320,NA,102120,13,529,NA,0.025,NA,236,306,NA,NA,10,NA,NA,NA,1676.4,NA,NA,NA,NA,2.75,NA,0.94,90679.28,0,0,0,-6.7,0,0,0,NA,NA,NA,NA,NA,NA,NA,NA,0.024,1.2,280,58,5.7,1.5
2019-03-28 13:00:00,101930.25,4,0.6,80.78,3.09,300,NA,102150,13,409,NA,0.025,NA,233,303,NA,NA,10,NA,NA,NA,701.04,NA,NA,NA,NA,1.24,NA,0.96,90679.28,0,0,0,-5.6,0,0,0,NA,NA,NA,NA,NA,NA,NA,NA,0.029,1.6,27,40,5,0.3
2019-03-28 14:00:00,101964.11,4,1.1,80.78,2.57,320,NA,102150,13,344,1003,0.254,0.508,202,263,NA,NA,10,NA,NA,NA,762,NA,NA,NA,NA,1.65,NA,0.96,90709.41,0,0,0,-5,0,0,0,NA,NA,NA,NA,NA,NA,NA,NA,0.031,1.4,14,37,4.8,1.8
2019-03-28 15:00:00,101964.11,4,1.1,80.78,2.06,320,NA,102170,13,384,NA,0.025,NA,172,233,NA,NA,10,NA,NA,NA,670.56,NA,NA,NA,NA,2.14,NA,0.96,90709.41,0,0,0,-4.8,0,0,0,NA,NA,NA,NA,NA,NA,NA,NA,0.031,1.9,45,22,4.8,1.3
2019-03-28 16:00:00,101997.98,4,1.7,80.78,2.06,330,NA,102190,13,454,NA,0.025,NA,226,373,NA,NA,10,NA,NA,NA,1127.76,NA,NA,NA,NA,2.14,NA,0.96,90739.54,0,0,0,-5.4,0,0,0,NA,NA,NA,NA,NA,NA,NA,NA,0.03,1.8,330,28,4.2,2.8
2019-03-28 17:00:00,101997.98,4,1.1,86.79,2.57,330,NA,102220,13,444,3006,0.254,NA,363,464,0.762,NA,10,5,3.9,NA,1097.28,NA,NA,NA,NA,1.65,NA,1.97,90739.54,0,0,0,-5.8,0,0,0,NA,NA,NA,NA,NA,NA,NA,NA,0.028,1.5,326,35,3.6,3
2019-03-28 18:00:00,102031.84,4,1.1,80.78,1.54,320,NA,102250,13,554,NA,0.025,NA,393,484,NA,NA,10,NA,NA,NA,1219.2,NA,NA,NA,NA,2.14,NA,0.96,90769.66,0,0,0,-5.7,0,0,1,NA,NA,NA,NA,NA,NA,NA,NA,0.025,1.6,292,31,3,4.2
2019-03-28 19:00:00,102031.84,3,2.2,93.13,1.54,255,NA,102300,13,404,NA,0.254,NA,175,252,NA,NA,7,NA,NA,NA,731.52,NA,NA,NA,NA,1.495,NA,1.98,90769.66,0,0,0,-5.7,0,0,1,NA,NA,NA,NA,NA,NA,NA,NA,0.024,1.1,172,42,2.4,5
2019-03-28 20:00:00,102065.7,2,1.1,93.08,1.54,250,NA,102300,1262,554,3003,0.025,0.254,256,343,NA,NA,6,NA,NA,NA,1676.4,NA,NA,NA,NA,0.47,NA,0.98,90799.78,0,0,0,-5.3,0,0,1,NA,NA,NA,NA,NA,NA,NA,NA,0.022,0.6,309,76,2.3,3.3
2019-03-28 21:00:00,102099.57,2,1.1,93.08,0,0,NA,102320,31,NA,NA,0.025,NA,603,704,NA,NA,7,NA,NA,NA,1828.8,NA,NA,NA,NA,NA,NA,0.98,90829.91,0,0,0,-5.6,0,0,1,NA,NA,NA,NA,NA,NA,NA,NA,0.02,0.7,233,48,2.2,1.5
2019-03-28 22:00:00,102099.57,2,1.1,93.08,0,0,NA,102320,13,NA,NA,0.254,NA,474,NA,NA,NA,10,NA,NA,NA,1432.56,NA,NA,NA,NA,NA,NA,0.98,90829.91,0,0,0,-5.7,0,0,1,NA,NA,NA,NA,NA,NA,NA,NA,0.018,1,189,32,1.7,3.8
2019-03-28 23:00:00,102099.57,2,0.6,93.08,1.54,310,NA,102310,13,654,2,0.025,NA,472.5,704,0.508,NA,8,3.9,1.7,NA,1828.8,NA,NA,NA,NA,0.47,NA,0.98,90829.91,0,0,0,-5.8,0,0,1,NA,NA,NA,NA,NA,NA,NA,NA,0.015,0.7,186,48,1.1,4.5
2019-03-29,102099.57,2,0,86.58,1.54,20,NA,102320,NA,754,NA,NA,NA,653,754,NA,NA,10,NA,NA,NA,1981.2,NA,5,0.6,NA,0.47,NA,-0.03,90829.91,0,0,0,-5.8,0,0,1,NA,NA,NA,NA,NA,NA,NA,NA,NA,0.9,107,48,0.6,-0.1
2019-03-29 01:00:00,102133.43,1,-1.1,86.48,1.54,10,NA,102360,NA,NA,NA,NA,NA,186,803,NA,NA,10,NA,NA,NA,2133.6,NA,NA,NA,NA,-1.36,NA,-1.03,90860.04,0,0,0,-5.4,0,0,1,NA,NA,NA,NA,NA,NA,NA,NA,NA,0.7,158,62,0.3,-0.3
2019-03-29 02:00:00,102167.3,0,-1.05,92.96,0,0,NA,102400,31,853,1005,NA,NA,183,754,NA,NA,4,NA,NA,NA,2133.6,NA,NA,NA,NA,-1.82,NA,-1.02,90890.17,0,0,0,-4.2,0,0,1,NA,NA,NA,NA,NA,NA,NA,NA,NA,0.8,178,60,0.2,4.5
2019-03-29 03:00:00,102167.3,0,-0.6,92.96,0,0,NA,102390,31,854,NA,NA,NA,16,704,NA,NA,1.5,NA,NA,NA,2133.6,NA,NA,NA,NA,-1.82,NA,-1.02,90890.17,0,0,0,-4.1,0,0,1,NA,NA,NA,NA,NA,NA,NA,NA,NA,1,139,37,-0.1,5.2
2019-03-29 04:00:00,102167.3,0,NA,92.96,2.06,320,NA,NA,31,NA,NA,NA,NA,755,1104,NA,NA,7.5,NA,NA,NA,2971.8,NA,NA,NA,NA,-2.53,NA,-1.02,90890.17,0,0,0,-4.2,0,0,0,NA,NA,NA,NA,NA,NA,NA,NA,NA,0.7,119,60,-0.3,4.5
2019-03-29 05:00:00,102167.3,0,-1.1,92.96,0,0,NA,102450,31,NA,3002,NA,NA,653,879,NA,1.27,2.75,1.7,-1.1,NA,1981.2,NA,NA,NA,NA,-2.53,NA,-1.02,90890.17,0,0,0,-4.5,0,0,1,NA,NA,NA,NA,NA,NA,NA,NA,NA,0.9,200,40,-1.1,5.2
2019-03-29 06:00:00,102235.02,-1,-1.1,92.91,0,0,NA,102500,30,954,NA,NA,NA,25,624,NA,NA,0.25,NA,NA,NA,91.44,NA,NA,NA,NA,-2.96,NA,-2.02,90950.41,0,0,0,-3.7,0,0,1,NA,NA,NA,NA,NA,NA,NA,NA,NA,0.6,193,56,-1.9,2.3
2019-03-29 07:00:00,102302.75,-1,-2.2,92.91,0,0,NA,102620,30.5,904,NA,NA,NA,26,354,NA,NA,4,NA,NA,NA,1036.32,NA,NA,NA,NA,-4.1,NA,-2.02,91010.67,0,0,0,-3.9,0,0,1,NA,NA,NA,NA,NA,NA,NA,NA,NA,1.1,217,33,-1.7,2.5
2019-03-29 08:00:00,102404.34,-2,-2.8,92.85,0,0,NA,102710,31,702,3021,NA,NA,92,333,NA,NA,7,NA,NA,NA,1005.84,NA,NA,NA,NA,NA,NA,-3.02,91101.04,0,0,0,-2.6,0,0,1,NA,NA,NA,NA,NA,NA,NA,NA,NA,0.8,223,53,0.7,5
2019-03-29 09:00:00,102438.21,1,0.6,93.02,0,0,NA,102690,NA,NA,NA,NA,NA,704,NA,NA,NA,9,NA,NA,NA,2133.6,NA,NA,NA,NA,0.295,NA,-0.03,91131.18,0,0,0,-4.7,0,0,1,NA,NA,NA,NA,NA,NA,NA,NA,NA,1.1,344,61,3.2,5.2
2019-03-29 10:00:00,102472.07,2,0.6,86.68,0,0,NA,102710,NA,NA,NA,NA,NA,606,803,NA,NA,10,NA,NA,NA,2286,NA,NA,NA,NA,0.47,NA,0.97,91161.3,0,0,0,-2.6,0,0,1,NA,NA,NA,NA,NA,NA,NA,NA,NA,1.3,3,44,5.3,4.7
2019-03-29 11:00:00,102505.93,5,0,70.27,0,0,NA,102700,NA,NA,1007,NA,NA,606,754,NA,NA,10,6.1,-1.7,NA,2286,NA,NA,NA,NA,4.525,NA,0.93,91191.42,0,0,0,-5.2,0,0,1,NA,NA,NA,NA,NA,NA,NA,NA,NA,1.3,353,74,7.2,8.1
2019-03-29 12:00:00,102505.93,6.05,0,65.37,2.06,280,NA,102700,NA,803,NA,NA,NA,244.5,603,NA,NA,10,NA,NA,NA,792.48,NA,NA,NA,NA,5.185,NA,-0.08,91191.42,0,0,0,-6.95,0,0,0,NA,NA,NA,NA,NA,NA,NA,NA,NA,2.9,32,42,8.2,10.3
2019-03-29 13:00:00,102539.8,7,-0.6,56.72,3.09,325,NA,102730,13,804,NA,0.025,NA,449.5,604,NA,NA,10,NA,NA,NA,1828.8,NA,NA,NA,NA,4.695,NA,-1.09,91221.55,0,0,0,-7.2,0,0,0,NA,NA,NA,NA,NA,NA,NA,NA,NA,3.1,319,24,7,3.5
2019-03-29 14:00:00,102539.8,6,0,64.92,4.63,360,NA,102770,13,NA,3005,0.025,0.025,654,754,NA,NA,10,NA,NA,NA,1981.2,NA,NA,NA,NA,3.02,NA,-0.08,91221.55,0,0,0,-4.8,0,0,0,NA,NA,NA,NA,NA,NA,NA,NA,NA,2.9,335,22,6.9,1.1
2019-03-29 15:00:00,102573.66,6,0.6,70.27,4.63,40,NA,102820,13,NA,NA,0.025,NA,553,704,NA,NA,10,NA,NA,NA,1676.4,NA,NA,NA,NA,2.76,NA,0.93,91251.67,0,0,0,-6,0,0,0,NA,NA,NA,NA,NA,NA,NA,NA,NA,1.5,323,26,6.1,2.1
2019-03-29 16:00:00,102607.53,7,-1.1,56.72,2.57,20,NA,102860,13,NA,NA,0.025,NA,604,754,NA,NA,10,NA,NA,NA,1828.8,NA,NA,NA,NA,5.22,NA,-1.09,91281.81,0,0,0,-7.7,0,0,0,NA,NA,NA,NA,NA,NA,NA,NA,NA,1.3,285,43,6.3,1.6
2019-03-29 17:00:00,102641.39,7,0,56.72,2.57,10,NA,102890,NA,NA,1010,NA,NA,704,754,0.025,NA,10,7.2,5.6,NA,2286,NA,NA,NA,NA,5.22,NA,-1.09,91311.93,0,0,0,-7.7,0,0,0,NA,NA,NA,NA,NA,NA,NA,NA,NA,0.7,271,76,6.5,0.6
2019-03-29 18:00:00,102675.25,7,0,61.02,2.06,270,NA,102920,NA,NA,NA,NA,NA,754,NA,NA,NA,10,NA,NA,NA,2286,NA,NA,NA,NA,5.035,NA,-0.08,91342.05,0,0,0,-8.4,0,0,0,NA,NA,NA,NA,NA,NA,NA,NA,NA,0.7,266,42,6,0
2019-03-29 19:00:00,102709.12,6,0,65.37,1.54,310,NA,102960,NA,NA,NA,NA,NA,754,NA,NA,NA,10,NA,NA,NA,2286,NA,NA,NA,NA,4.47,NA,-0.08,91372.18,0,0,0,-7.8,0,0,1,NA,NA,NA,NA,NA,NA,NA,NA,NA,0.9,154,36,4.7,0.1
2019-03-29 20:00:00,102742.98,4,-0.6,69.85,0,0,NA,103030,NA,NA,3008,NA,NA,804,NA,NA,NA,10,NA,NA,NA,2438.4,NA,NA,NA,NA,3.9,NA,-1.07,91402.31,0,0,0,-6.6,0,0,1,NA,NA,NA,NA,NA,NA,NA,NA,NA,1.1,113,34,3.8,1.1
2019-03-29 21:00:00,102776.85,3,-0.6,74.96,0,0,NA,103050,NA,NA,NA,NA,NA,754,NA,NA,NA,10,NA,NA,NA,2286,NA,NA,NA,NA,NA,NA,-1.06,91432.44,0,0,0,-5.9,0,0,1,NA,NA,NA,NA,NA,NA,NA,NA,NA,0.7,175,51,1.8,6.4
2019-03-29 22:00:00,102844.57,3,-1.1,74.96,0,0,NA,103080,NA,NA,NA,NA,NA,754,NA,NA,NA,10,NA,NA,NA,2438.4,NA,NA,NA,NA,1.29,NA,-1.06,91492.68,0,0,0,-6.4,0,0,1,NA,NA,NA,NA,NA,NA,NA,NA,NA,0.7,153,46,-0.1,11.2
2019-03-29 23:00:00,102878.44,1,-3.3,74.6,0,0,NA,103090,NA,NA,1010,NA,NA,1,NA,NA,NA,10,6.7,-0.6,NA,NA,NA,NA,NA,NA,-0.68,NA,-3.06,91522.81,0,0,0,-5.1,0,0,1,NA,NA,NA,NA,NA,NA,NA,NA,NA,0.8,164,64,-1.3,11.9
2019-03-30,102878.44,0,-3.9,80.04,2.06,340,NA,103120,NA,NA,NA,NA,NA,1,NA,NA,NA,10,NA,NA,NA,NA,NA,7.2,-1.7,NA,-2.53,NA,-3.95,91522.81,0,0,0,-4.5,0,0,0,NA,NA,NA,NA,NA,NA,NA,NA,NA,0.8,184,60,-2.3,22.5
2019-03-30 01:00:00,102912.3,-1,-4.4,80.04,1.54,320,NA,103150,NA,NA,NA,NA,NA,1,NA,NA,NA,10,NA,NA,NA,NA,NA,NA,NA,NA,-2.96,NA,-4.05,91552.94,0,0,0,-3.4,0,0,1,NA,NA,NA,NA,NA,NA,NA,NA,NA,0.9,166,53,-2.7,9.3
2019-03-30 02:00:00,102912.3,-2,-4.4,86.15,0,0,NA,103170,NA,NA,4,NA,NA,1,NA,NA,NA,10,NA,NA,NA,NA,NA,NA,NA,NA,-4.86,NA,-4.03,91552.94,0,0,0,-2.6,0,0,1,NA,NA,NA,NA,NA,NA,NA,NA,NA,0.8,180,49,-3.4,9.8
2019-03-30 03:00:00,102912.3,-2,-4.4,86.15,0,0,NA,103170,NA,NA,NA,NA,NA,1,NA,NA,NA,10,NA,NA,NA,NA,NA,NA,NA,NA,-4.1,NA,-4.03,91552.94,0,0,0,-2.1,0,0,1,NA,NA,NA,NA,NA,NA,NA,NA,NA,0.6,159,57,-3.8,6.9
2019-03-30 04:00:00,102912.3,-3,-5,86.04,0,0,NA,103170,NA,NA,NA,NA,NA,1,NA,NA,NA,10,NA,NA,NA,NA,NA,NA,NA,NA,NA,NA,-5.04,91552.94,0,0,0,-1.5,0,0,1,NA,NA,NA,NA,NA,NA,NA,NA,NA,0.6,171,56,-4.3,4.5
2019-03-30 05:00:00,102946.16,-3,-5.6,79.74,0,0,NA,103210,NA,NA,3002,NA,NA,1,NA,NA,NA,10,0.6,-3.3,NA,NA,NA,NA,NA,NA,NA,NA,-6.05,91583.06,0,0,0,-2.4,0,0,1,NA,NA,NA,NA,NA,NA,NA,NA,NA,0.6,162,57,-4.7,5.5
2019-03-30 06:00:00,102980.03,-3,-6.1,79.74,0,0,NA,103260,NA,NA,NA,NA,NA,1,NA,NA,NA,10,NA,NA,NA,NA,NA,NA,NA,NA,NA,NA,-6.05,91613.19,0,0,0,-2.2,0,0,1,NA,NA,NA,NA,NA,NA,NA,NA,NA,0.6,198,50,-5,5.9
2019-03-30 07:00:00,103013.89,-4,-6.7,85.93,0,0,NA,103330,NA,NA,NA,NA,NA,1,NA,NA,NA,10,NA,NA,NA,NA,NA,NA,NA,NA,-6.39,NA,-6.04,91643.31,0,0,0,-1.7,0,0,1,NA,NA,NA,NA,NA,NA,NA,NA,NA,0.5,160,48,-1.9,7.4
2019-03-30 08:00:00,103047.76,-1,-3.3,86.15,0,0,NA,103320,NA,NA,1011,NA,NA,1,NA,NA,NA,10,NA,NA,NA,NA,NA,NA,NA,NA,NA,NA,-3.35,91673.44,0,0,0,-4,0,0,1,NA,NA,NA,NA,NA,NA,NA,NA,NA,0.8,131,53,1.1,7.9
2019-03-30 09:00:00,103081.62,0,-2.2,86.26,1.54,120,NA,103330,NA,NA,NA,NA,NA,1,NA,NA,NA,10,NA,NA,NA,NA,NA,NA,NA,NA,-2.53,NA,-2.24,91703.57,0,0,0,-1.2,0,0,1,NA,NA,NA,NA,NA,NA,NA,NA,NA,1.1,85,34,2.8,8
2019-03-30 10:00:00,103047.76,1,-1.7,80.34,1.54,130,NA,103270,NA,NA,NA,NA,NA,1,NA,NA,NA,10,NA,NA,NA,NA,NA,NA,NA,NA,-0.68,NA,-2.05,91673.44,0,0,0,-0.1,0,0,1,NA,NA,NA,NA,NA,NA,NA,NA,NA,1.1,60,51,4.7,9
2019-03-30 11:00:00,103013.89,4,-1.7,69.64,0,0,NA,103230,NA,NA,8006,NA,NA,1,NA,NA,NA,10,4.4,-4.4,NA,NA,NA,NA,NA,NA,2.14,NA,-2.07,91643.31,0,0,0,-2.5,0,0,1,NA,NA,NA,NA,NA,NA,NA,NA,NA,1.1,53,66,6.8,8.3
2019-03-30 12:00:00,102946.16,6,-1.1,60.51,1.54,100,NA,103150,NA,NA,NA,NA,NA,1,NA,NA,NA,10,NA,NA,NA,NA,NA,NA,NA,NA,4.03,NA,-2.08,91583.06,0,0,0,-5.2,0,0,1,NA,NA,NA,NA,NA,NA,NA,NA,NA,1.8,3,57,8.7,11
2019-03-30 13:00:00,102878.44,7,-1.7,52.7,1.54,70,NA,103060,NA,NA,NA,NA,NA,1,NA,NA,NA,10,NA,NA,NA,NA,NA,NA,NA,NA,6.81,NA,-2.1,91522.81,0,0,0,-3,0,0,1,NA,NA,NA,NA,NA,NA,NA,NA,NA,1.4,13,85,10.4,13
2019-03-30 14:00:00,102810.71,9,-2.2,45.7,0,0,NA,102980,NA,NA,6020,NA,NA,1,NA,NA,NA,10,NA,NA,NA,NA,NA,NA,NA,NA,8.225,NA,-3.11,91462.56,0,0,0,-5.5,0,0,1,NA,NA,NA,NA,NA,NA,NA,NA,NA,1.6,213,76,10.9,7.1
2019-03-30 15:00:00,102742.98,10,-3.3,39.63,2.06,230,NA,102900,NA,NA,NA,NA,NA,1,NA,NA,NA,10,NA,NA,NA,NA,NA,NA,NA,NA,8.805,NA,-3.12,91402.31,0,0,0,-6,0,0,0,NA,NA,NA,NA,NA,NA,NA,NA,NA,1.6,170,66,11.3,3.8
2019-03-30 16:00:00,102675.25,11,-3.9,34.67,2.57,250,NA,102830,NA,NA,NA,NA,NA,1,NA,NA,NA,10,NA,NA,NA,NA,NA,NA,NA,NA,NA,NA,-4.12,91342.05,0,0,0,-7.4,0,0,0,NA,NA,NA,NA,NA,NA,NA,NA,NA,1.4,225,71,11.7,2.8
2019-03-30 17:00:00,102607.53,11,-3.9,34.67,2.57,240,NA,102810,NA,NA,6015,NA,NA,1,NA,NA,NA,10,11.1,4.4,NA,NA,NA,NA,NA,NA,NA,NA,-4.12,91281.81,0,0,0,-7.8,0,0,0,NA,NA,NA,NA,NA,NA,NA,NA,NA,1.4,161,61,11.7,2.1
2019-03-30 18:00:00,102573.66,11,-4.4,34.67,1.54,210,NA,102770,NA,NA,NA,NA,NA,1,NA,NA,NA,10,NA,NA,NA,NA,NA,NA,NA,NA,NA,NA,-4.12,91251.67,0,0,0,-8,0,0,1,NA,NA,NA,NA,NA,NA,NA,NA,NA,1.4,149,25,10.5,1.1
2019-03-30 19:00:00,102573.66,10,-2.8,39.93,2.06,190,NA,102820,NA,NA,NA,NA,NA,1,NA,NA,NA,10,NA,NA,NA,NA,NA,NA,NA,NA,7.98,NA,-3.12,91251.67,0,0,0,-8.3,0,0,0,NA,NA,NA,NA,NA,NA,NA,NA,NA,0.8,124,50,7,1.3
2019-03-30 20:00:00,102573.66,7,-2.8,48.93,1.54,200,NA,102840,NA,NA,5002,NA,NA,1,NA,NA,NA,10,NA,NA,NA,NA,NA,NA,NA,NA,4.465,NA,-3.11,91251.67,0,0,0,-7,0,0,1,NA,NA,NA,NA,NA,NA,NA,NA,NA,1.5,100,38,4.8,3.3
2019-03-30 21:00:00,102641.39,3,-2.8,64.66,0,0,NA,102920,NA,NA,NA,NA,NA,1,NA,NA,NA,10,NA,NA,NA,NA,NA,NA,NA,NA,2.18,NA,-3.08,91311.93,0,0,0,-3.5,0,0,1,NA,NA,NA,NA,NA,NA,NA,NA,NA,1,168,43,2.4,3.5
2019-03-30 22:00:00,102675.25,3,-3.3,64.66,0,0,NA,102900,NA,NA,NA,NA,NA,1,NA,NA,NA,10,NA,NA,NA,NA,NA,NA,NA,NA,1.61,NA,-3.08,91342.05,0,0,0,-3.3,0,0,1,NA,NA,NA,NA,NA,NA,NA,NA,NA,0.6,167,42,0.6,8.6
2019-03-30 23:00:00,102675.25,2,-3.9,69.43,0,0,NA,102900,NA,NA,1008,NA,NA,1,NA,NA,NA,10,11.1,1.1,NA,NA,NA,NA,NA,NA,NA,NA,-3.07,91342.05,0,0,0,-2.4,0,0,1,NA,NA,NA,NA,NA,NA,NA,NA,NA,0.7,139,62,-0.1,12.9
2019-03-31,102675.25,1,-3.9,69.22,0,0,NA,102900,NA,NA,NA,NA,NA,1,NA,NA,NA,10,NA,NA,NA,NA,NA,11.1,-4.4,NA,-0.68,NA,-4.07,91342.05,0,0,0,-3.3,0,0,1,NA,NA,NA,NA,NA,NA,NA,NA,NA,0.8,177,58,-1.3,16.2
2019-03-31 01:00:00,102709.12,0,-4.4,74.41,0,0,NA,102910,NA,NA,NA,NA,NA,1,NA,NA,NA,10,NA,NA,NA,NA,NA,NA,NA,NA,NA,NA,-4.06,91372.18,0,0,0,-2.2,0,0,1,NA,NA,NA,NA,NA,NA,NA,NA,NA,0.8,164,56,-1.9,11
2019-03-31 02:00:00,102709.12,-1,-4.4,80.04,0,0,NA,102900,NA,NA,3003,NA,NA,1,NA,NA,NA,10,NA,NA,NA,NA,NA,NA,NA,NA,-2.96,NA,-4.05,91372.18,0,0,0,-1.3,0,0,1,NA,NA,NA,NA,NA,NA,NA,NA,NA,0.7,179,36,-2.8,10.7
2019-03-31 03:00:00,102709.12,-2,-5,79.89,0,0,NA,102890,NA,NA,NA,NA,NA,1,NA,NA,NA,10,NA,NA,NA,NA,NA,NA,NA,NA,NA,NA,-5.05,91372.18,0,0,0,0.1,0,1,1,NA,NA,NA,NA,NA,1,2019-03-31 03:00:00,2019-03-31 03:00:00,NA,0.7,200,66,-3.1,7.8
2019-03-31 04:00:00,102709.12,-2,-5,79.89,0,0,NA,102890,NA,NA,NA,NA,NA,1,NA,NA,NA,10,NA,NA,NA,NA,NA,NA,NA,NA,NA,NA,-5.05,91372.18,0,0,0,-0.7,0,0,1,NA,NA,NA,NA,NA,NA,NA,NA,NA,0.8,203,61,-3.8,6.2
2019-03-31 05:00:00,102709.12,-3,-5.6,79.74,0,0,NA,102910,NA,NA,5001,NA,NA,1,NA,NA,NA,10,1.7,-3.9,NA,NA,NA,NA,NA,NA,-6.27,NA,-6.05,91372.18,0,0,0,0.3,0,1,1,NA,NA,NA,NA,NA,1,2019-03-31 05:00:00,2019-03-31 05:00:00,NA,0.8,203,39,-4,6.4
2019-03-31 06:00:00,102709.12,-3,-5.6,79.89,1.54,40,NA,102910,NA,NA,NA,NA,NA,806,NA,NA,NA,10,NA,NA,NA,NA,NA,NA,NA,NA,-5.25,NA,-5.05,91372.18,0,0,0,-0.4,0,0,1,NA,NA,NA,NA,NA,NA,NA,NA,NA,0.7,175,47,-4.1,7.4
2019-03-31 07:00:00,102709.12,-4,-4.4,85.93,0,0,NA,102920,NA,NA,NA,NA,NA,803,NA,NA,NA,9,NA,NA,NA,2590.8,NA,NA,NA,NA,-5.82,NA,-6.04,91372.18,0,0,0,1.7,1,1,1,NA,NA,1,2019-03-31 07:00:00,2019-03-31 07:00:00,1,2019-03-31 07:00:00,2019-03-31 07:00:00,NA,0.7,207,41,-1.2,8
2019-03-31 08:00:00,102675.25,-1.1,-3.3,86.15,0,0,NA,102930,NA,NA,8003,NA,NA,854,NA,NA,NA,10,NA,NA,NA,2590.8,NA,NA,NA,NA,-2.96,NA,-4.03,91342.05,0,0,0,-0.3,0,0,1,NA,NA,NA,NA,NA,NA,NA,NA,NA,1.4,252,42,0.8,8.5
2019-03-31 09:00:00,102641.39,0,-2.2,86.26,0,0,NA,102890,NA,NA,NA,NA,NA,854,NA,NA,NA,10,NA,NA,NA,2590.8,NA,NA,NA,NA,NA,NA,-3.03,91311.93,0,0,0,0,0,1,1,NA,NA,NA,NA,NA,2,2019-03-31 09:00:00,2019-03-31 10:00:00,NA,1,241,68,1.9,7.8
2019-03-31 10:00:00,102573.66,1,-2.2,80.34,0,0,NA,102770,NA,NA,NA,NA,NA,904,NA,NA,NA,10,NA,NA,NA,2743.2,NA,NA,NA,NA,NA,NA,-2.05,91251.67,0,0,0,0.1,0,1,1,NA,NA,NA,NA,NA,2,2019-03-31 09:00:00,2019-03-31 10:00:00,NA,0.9,243,63,5.7,8.6
2019-03-31 11:00:00,102505.93,4,-2.2,64.9,0,0,NA,102670,NA,NA,8019,NA,NA,856,NA,NA,NA,10,5,-3.9,NA,NA,NA,NA,NA,NA,3.9,NA,-2.08,91191.42,0,0,0,-0.3,0,0,1,NA,NA,NA,NA,NA,NA,NA,NA,NA,1.2,208,58,7.4,12.2
2019-03-31 12:00:00,102404.34,7,-1.7,52.7,0,0,NA,102540,NA,NA,NA,NA,NA,856,902.5,NA,NA,10,NA,NA,NA,2743.2,NA,NA,NA,NA,7.495,NA,-2.1,91101.04,0,0,0,-0.6,0,0,1,NA,NA,NA,NA,NA,NA,NA,NA,NA,1.5,268,84,9.7,10
2019-03-31 13:00:00,102302.75,9,-2.2,46,1.54,165,NA,102440,NA,NA,NA,NA,NA,953,NA,NA,NA,10,NA,NA,NA,2971.8,NA,NA,NA,NA,8.47,NA,-2.11,91010.67,0,0,0,-5.1,0,0,1,NA,NA,NA,NA,NA,NA,NA,NA,NA,1.5,222,60,10.4,5.9
2019-03-31 14:00:00,102201.16,11,-1.7,40.24,1.54,150,NA,102190,13,904,8029,0.025,0.025,396,753,NA,NA,10,NA,NA,NA,2286,NA,NA,NA,NA,8.795,NA,-2.11,90920.29,0,0,0,-7.3,0,0,1,NA,NA,NA,NA,NA,NA,NA,NA,NA,2,123,65,11.1,3.5
2019-03-31 15:00:00,102133.43,16,-1.1,26.99,2.06,150,NA,102300,NA,903,NA,0.025,NA,603,753.5,NA,NA,10,NA,NA,NA,2133.6,NA,NA,NA,NA,7.54,NA,-2.53,90860.04,0,0,0,-11.6,0,0,0,NA,NA,NA,NA,NA,NA,NA,NA,NA,2.9,32,27,11,2.5
2019-03-31 16:00:00,102065.7,11,-0.6,45.295,3.6,100,NA,102180,13,904,NA,0.025,NA,432,802,NA,NA,10,NA,NA,NA,2819.4,NA,NA,NA,NA,9.14,NA,-0.905,90799.78,0,0,0,-9.4,0,0,0,NA,NA,NA,NA,NA,NA,NA,NA,NA,1.7,92,45,11.2,1.8
2019-03-31 17:00:00,101964.11,10,-1.1,43.01,2.06,60,NA,102160,NA,928,8017,NA,NA,602,852.5,0.025,NA,10,21.7,5,NA,2590.8,NA,NA,NA,NA,9.14,NA,-2.11,90709.41,0,0,0,-6.9,0,0,0,NA,NA,NA,NA,NA,NA,NA,NA,NA,1,152,46,10.8,1.1
2019-03-31 18:00:00,101930.25,11,-1.7,40.24,1.54,170,NA,102130,NA,NA,NA,NA,NA,906,1103,NA,NA,10,NA,NA,NA,3048,NA,NA,NA,NA,8.46,NA,-2.11,90679.28,0,0,0,-7.3,0,0,1,NA,NA,NA,NA,NA,NA,NA,NA,NA,1.6,355,52,9.6,1.8
2019-03-31 19:00:00,101997.98,8,-1.1,52.98,3.6,340,NA,102230,NA,953,NA,NA,NA,903,1002,NA,NA,10,NA,NA,NA,2895.6,NA,NA,NA,NA,5.75,NA,-1.1,90739.54,0,0,0,-7.2,0,0,0,NA,NA,NA,NA,NA,NA,NA,NA,NA,0.7,188,52,7.9,2.3
2019-03-31 20:00:00,102031.84,7,-1.1,56.72,3.09,350,NA,102240,NA,1103,3007,NA,NA,903,1103,NA,NA,10,NA,NA,NA,2743.2,NA,NA,NA,NA,4.54,NA,-1.09,90769.66,0,0,0,-7,0,0,0,NA,NA,NA,NA,NA,NA,NA,NA,NA,0.7,164,51,6.7,2.8
2019-03-31 21:00:00,102065.7,6.1,-0.6,60.77,3.09,330,NA,102260,NA,NA,NA,NA,NA,954,979,NA,NA,10,NA,NA,NA,2895.6,NA,NA,NA,NA,4.47,NA,-1.09,90799.78,0,0,0,-6.3,0,0,0,NA,NA,NA,NA,NA,NA,NA,NA,NA,0.6,222,54,6,2.8
2019-03-31 22:00:00,102065.7,6,-1.1,60.77,2.57,340,NA,102230,NA,NA,NA,NA,NA,904,1002,NA,NA,10,NA,NA,NA,2743.2,NA,NA,NA,NA,3.64,NA,-1.09,90799.78,0,0,0,-6.6,0,0,0,NA,NA,NA,NA,NA,NA,NA,NA,NA,0.8,192,45,4.2,3.8
2019-03-31 23:00:00,102065.7,3,-1.7,69.64,2.06,280,NA,102230,NA,NA,1002,NA,NA,703,1003,NA,NA,10,12.2,2.2,NA,2133.6,NA,NA,NA,NA,0.03,NA,-2.06,90799.78,0,0,0,-4.6,0,0,0,NA,NA,NA,NA,NA,NA,NA,NA,NA,0.7,199,66,2.2,1.8
