"Time","Methanol (ppt)","Propyne (ppt)","Acetonitrile (ppt)","Acetaldehyde (ppt)","Formic Acid (ppt)","Butenes (ppt)","Acetone (ppt)","Acetic Acid (ppt)","Furan (ppt)","Isoprene (ppt)","MACR/MVK (ppt)","MEK (ppt)","Benzene (ppt)","Methylfurans (ppt)","Toluene (ppt)","Furaldehydes (ppt)","C8 Aromatics (ppt)","Methylfurfurals (ppt)","C9 Aromatics (ppt)","C10 Aromatics (ppt)","Monoterpenes (ppt)","m39_m21","Ethanol (ppt)","Maleic Anhydride (ppt)","D5 siloxane (ppt)","Formaldehyde (ppt)","CO (ppb)","ozone","pm25"
2020-01-14 18:00:00,8415.33975151727,870.327205546438,101.451953594233,2067.22315434788,1110.74862652639,630.40298706605,745.298202068992,736.937898525921,24.214620169266,181.828249401058,133.144874253709,85.8727691749315,261.485559112218,46.1386602102046,292.799837198149,30.8828559281113,297.458088084317,15.7445725098297,167.465390804195,78.3630828978901,110.888800141205,0.75129820435867,1497.0747482832,13.7671765754047,10.2622329383105,4112.76859539424,NA,"0.028","3.7"
2020-01-14 19:00:00,7767.52020872411,603.033090444687,108.032620677309,720.169587138006,449.84249516753,464.370393499705,556.509903868877,325.397636645788,21.253553721207,86.8704473818357,44.6418359566659,71.3585797122859,249.584913825682,26.6742029013987,262.563315818606,25.5640649600079,253.864670575684,8.82112095792927,132.485247565595,55.0151958237418,64.3102768603379,0.725087050833693,1795.78318507511,7.42075010463085,10.4656416245179,1569.15352796347,NA,"0.029","5.7"
2020-01-14 20:00:00,2486.27496301136,189.085604796427,92.5187947157997,180.193236490614,66.5562577229303,154.963888985261,406.764839914823,39.0554076376808,4.56913507014172,21.1407902236782,7.02926358891563,51.4636016434124,114.188518156601,2.7087109782732,69.9085929382496,4.11663188518459,52.0313116091977,1.22983230641109,23.5002488410491,8.63981639667147,18.1439461608867,0.618591768631469,499.749587357255,6.91750422285816,3.71081221840774,446.17542829547,NA,"0.042","4.9"
2020-01-14 21:00:00,2128.09004854312,147.879635572667,78.9142873903361,161.515623251647,NA,128.165022019305,372.143764587516,24.6515778930273,4.13939160550477,16.5789197661741,5.51471030445946,50.2966572521515,105.371615604902,3.14409869280999,58.8571567214024,3.21019524889284,44.6770084478141,1.41512980562012,19.6027627653837,7.39745649947484,15.435046880652,0.56636349181585,332.339918524858,2.72538149060004,3.9087639335022,392.479227447675,NA,"0.044","2.3"
2020-01-14 22:00:00,1797.27630987137,170.492733398705,76.8002506752089,236.547175620482,26.3908079688322,143.117365119343,377.73186557155,46.1801827742083,3.2305510551191,19.682785781511,4.77910317641786,51.7345970767718,108.636683281316,3.21769485966492,68.3150624533903,3.12853474238025,50.5143281644993,1.66608855668108,20.5093783642241,7.77397615535411,20.3183686308087,0.595488778702079,394.177051561657,2.80184860895689,5.40489298524162,451.86924833304,NA,"0.042","0.3"
2020-01-14 23:00:00,2127.89927078014,185.222926089939,84.2506444313416,326.87368720167,42.8224470088764,132.51904968039,409.92768408437,79.2839401996626,3.0883982443477,19.0498697718513,5.35982842675962,52.8304686262792,106.407544705923,3.49153155244639,67.8576045024856,3.24682907631953,40.5832045695746,1.69095773783052,15.0745494121066,5.91076156716071,18.6958286222195,0.634444655743911,579.561655408895,2.7135507546702,4.72389262156407,544.866735284754,NA,"0.042","-2.3"
2020-01-15 00:00:00,1818.70198067495,172.913039766972,117.375861013124,328.762985696175,86.394159988142,129.520242704545,408.353800149159,82.7709650788132,4.06634744336107,19.6669174067219,6.57876337495895,54.8080694178437,104.573121617876,3.46260323837303,65.0152151914579,3.32299304950078,39.5539600234293,1.48317257347745,16.8161468432468,6.48563013523093,23.5052105390799,0.631084172530816,566.001973697166,3.04390366265775,4.5696185351604,543.476830114725,NA,"0.042","-3.5"
2020-01-15 01:00:00,1794.48798879709,167.4100339691,217.587010758776,289.778575232489,48.2623019486903,116.74545968387,425.003521327654,125.85454178842,4.58086951253301,18.3454570192769,6.93222240608233,55.8695028962191,100.771091114674,4.16509229214911,55.0398875360647,3.40657319845177,32.833414722658,1.52884600552317,12.0491965468682,4.774555837189,19.8010384780425,0.620194633329232,621.819872202769,3.44838875543789,3.95796640391909,472.837569180378,NA,"0.042","-5.9"
2020-01-15 02:00:00,1793.48621139322,170.118049106154,55.964748778819,275.118380920135,52.4647385487743,131.590241511767,375.908257537198,66.3464665893555,3.92336382790673,22.2274080875494,10.4416126757034,54.5998521335569,104.999345366581,3.52478587553162,61.5240580515958,3.33997666317094,37.7289382440955,1.3230464961415,13.6380731968887,8.1755008056405,78.3639214036482,0.634681081655691,499.86990879757,3.65840206737766,3.00018134726469,531.76043773944,NA,"0.034","-3.8"
2020-01-15 03:00:00,1801.46908938854,209.344017050496,69.9953223426338,307.392979300363,52.361945123059,167.501881523006,405.055635405861,65.9238947401645,2.26376283300166,24.4510219278758,7.4015396253511,53.1002260890629,119.679939567858,2.24859649411587,96.5897965165306,1.98936492116427,80.1524666789185,1.27986982390783,36.2955557500994,13.3868634197331,49.1263492225691,0.583247351493621,670.225381109951,2.47005744631097,6.05475624989986,524.465704444767,NA,"0.026","1.1"
2020-01-15 04:00:00,2944.9012486996,242.429086011937,97.8239191592518,418.25476081033,42.0312093899143,169.709088918667,490.66578615181,106.152571694432,2.56181830282226,30.6454026908758,9.36082942726708,58.2384176680221,113.854740009411,2.38982426201758,82.113987739192,3.28345284162327,57.3057184564167,1.66040745351754,23.5517393779757,9.83918694428968,65.2976913800438,0.560127344791336,1631.0596151146,1.95307549706399,10.6010116760194,682.548828418651,NA,"0.018","4"
2020-01-15 05:00:00,3308.14128180076,323.880131926507,127.062540139568,403.797125165322,48.5740643209798,228.335335570186,494.72716701823,121.039525198765,2.07111779812335,40.3961251584329,8.54324139703133,57.7982835826348,153.498332821199,2.45634721431114,131.239125464895,2.85029951264846,119.67731181218,1.34117239717903,61.6236491033998,22.6996195123338,100.534155221849,0.534705681064961,1735.32748266666,1.86254157647777,14.9240468309015,612.059756424125,NA,"0.015","4.7"
2020-01-15 06:00:00,4639.71207218905,390.671190131597,85.5181359898322,379.490052670274,57.9716085915002,309.389009330308,454.406578958625,82.6596462827502,4.22766481866626,46.6607915621872,12.40917190746,58.1879177768586,182.552267791493,4.65992548997453,184.182839466859,4.41059377037118,176.449040968546,1.76498101472477,88.7402381470884,32.7145336667393,96.8097956708097,0.54204596546756,1595.01242155994,2.47318973649367,12.3092061621754,631.709921900832,NA,"0.014","4.5"
2020-01-15 07:00:00,7964.33476887717,781.138055783636,104.607561266545,617.273681609073,45.8571349100377,837.794615256278,504.640366265833,90.3132193214401,3.16603729096408,90.57595420313,13.6903035548216,66.1440857968048,338.411350119268,4.2673527446562,443.231412906991,4.77849199480648,483.418907587049,2.11166637981418,255.048877397641,88.3842620504194,97.3717107979526,0.526437197015552,2725.76170426481,3.14763981546149,18.3859683984473,876.146896261124,NA,"0.006","5.4"
2020-01-15 08:00:00,19814.0364451532,1083.22548855048,1133.41211796671,823.715173505223,65.8982132695729,1085.34320454107,577.549768853779,110.194750765467,3.93204113776543,130.035934825546,27.4044321403225,77.4754413036841,479.543602509198,6.04814271584271,593.54641484102,5.82343618357922,643.099497188659,2.21420668275459,345.01863445455,124.155654046156,114.172369244972,0.517075772666437,2876.99368753963,3.81011553831964,31.0274933650214,1508.03088255439,NA,"0.004","4"
2020-01-15 09:00:00,11323.621045426,410.517230319682,2447.93757254063,431.375457249189,46.3487917686268,369.122997428474,468.36109636236,61.1376580516864,5.31720025621471,51.5506950512998,15.2362255363312,63.156876387793,223.238195561278,3.86651560555657,218.909595716304,5.62065659125804,218.526357597781,1.7477256487379,108.239260385427,36.9062258057689,61.7798759232221,0.515277838536203,1004.86906025274,3.57368084349412,42.1078535305688,835.087156976915,NA,"0.011","5"
2020-01-15 10:00:00,4271.58008533858,191.30251676415,155.785033326449,272.567780581021,56.8802326020597,143.359582770778,400.71675744915,49.3359893683784,6.65411862982377,23.7012823145716,11.7236081901739,56.6883989422712,131.15762616218,4.55188702011152,74.0439546535132,5.68490589177906,57.9701041900124,1.61108410786735,21.9628136951161,8.63265277699216,55.19281328944,0.511741287685969,212.203475297177,4.57232752738967,25.1717209227958,495.381612302391,NA,"0.027","5.8"
2020-01-15 11:00:00,6988.95574210893,364.545687941873,123.371385277217,524.116245116024,97.5269884289052,311.265118148989,488.339245668937,74.2172078414542,6.18449211101649,48.3183206232794,17.0710274819507,72.9920076169814,210.648278670531,5.10569163064875,203.26549880998,6.49940381747372,194.047718981938,2.07575331722481,93.7426251340857,32.6346833510579,34.3769551848021,0.517506427435769,1095.54673748824,6.7769024954144,22.0935809036753,871.174624474645,NA,"0.037","4.4"
2020-01-15 12:00:00,6975.64164658324,453.891843961908,98.693658434682,785.824141815359,616.42735537096,444.986546473414,539.154077805274,291.452119289868,6.29229640989016,65.0744571036997,21.6540511115795,93.1983012016487,205.237144822247,6.22366240596275,219.8863222263,7.90106533560189,197.07525672388,2.86668922467745,89.5540669511988,33.0231726290893,29.8031068701167,0.515160322198623,1312.95392610327,13.7676930105032,13.3345447453855,1190.53366013442,NA,"0.035","5.1"
2020-01-15 13:00:00,3679.45905667826,211.060425944508,58.2601772028315,346.717948319705,371.994277444131,211.42133358692,383.83817578674,186.860380823074,2.80082194116438,30.8855724650805,8.94958411294921,60.1102915484951,115.672359724321,3.67240732881704,78.7676698143968,3.91612747437601,49.6362278687541,1.80661407781888,20.1444243586506,8.7351576795308,22.4670201030793,0.50270097638026,99.1610978811909,7.43410751715278,10.3817018465472,536.189587280759,NA,"0.043","4.2"
2020-01-15 14:00:00,3594.65288949595,166.227313365362,55.6535757290857,241.724755931273,121.779513952442,142.388657391267,388.029497602031,81.8223438135353,2.7208857246789,25.0499954089226,7.10272209486675,56.9853064133409,114.271781206188,2.8226298995648,78.389024831344,2.98266565405686,49.7144800260341,1.91012761799366,19.9235364222305,8.62166773935261,22.4822235955867,0.510645393103811,44.0469848965839,4.60833677070088,7.97117648269274,426.868856150912,NA,"0.045","1.5"
2020-01-15 15:00:00,2946.94198738794,192.299102295533,57.594442258203,229.023561722135,115.324328186637,157.454728203593,1074.14858009882,117.665608307764,2.32869371773092,22.196531472504,7.37441457022205,59.4850061544327,117.145130826012,2.98542631423638,83.046832399913,2.84495380826279,57.8911755436414,1.74962609485932,24.1699856511284,9.22452206966421,25.4841406491117,0.515000104019939,85.2612466528667,4.71724976312704,7.33259830635445,423.9504158589,NA,"0.043","1.5"
2020-01-15 16:00:00,2578.48665633078,283.91170928601,61.5832967984286,245.678692993492,118.469646219497,254.579917485909,976.578706535146,106.205835000425,2.64939792072981,29.3285125951289,8.54196413909215,60.3958458555298,154.851563522484,2.84095685651547,151.888615411212,3.17874266730135,149.679149766031,1.64480491613118,64.3416112634381,18.1549829462933,24.9025422221709,0.522702492383077,104.014328976472,4.3139431834562,8.44811390981725,421.678888295916,NA,"0.042","3.2"
2020-01-15 17:00:00,2048.99653306181,215.453368964419,62.08447117331,231.734539858982,96.5807927942001,204.18733742408,397.480237677488,89.7937391549361,3.7459031565609,27.5490900382149,9.34527358308187,56.2771885815421,151.563324204295,3.2333068427666,135.470906158791,6.88481181450654,117.514305634258,2.32054878194007,54.4721224175728,17.8276591411386,31.3886877744511,0.531954353134461,76.7423258140606,3.70688225112972,3.52492512152557,457.2661188714,NA,"0.037","2.7"
2020-01-15 18:00:00,1494.82166283873,139.239895209656,56.9404461315989,228.294407817083,110.689228237063,123.503382949724,378.647392969494,88.8639300895762,3.78867102636348,17.5688029721124,7.37291317739326,56.0031919005075,112.182677467911,2.76984284187279,70.3937296201035,4.39741537967299,43.9594003741191,2.19496954353296,16.9706643450299,6.47568713593049,32.9610043063281,0.538112708135877,34.4854316892517,3.99575199569921,3.05761819749673,417.86389616464,NA,"0.041","0.2"
2020-01-15 19:00:00,1092.99188856249,131.471373046077,57.1360402468526,202.352231571317,67.7497888112931,112.543235285635,368.591996653013,69.8894379865511,3.37915960012839,16.2690633623648,6.76953806595099,55.0594241491783,109.104428579026,2.34513609942739,64.1831131883758,3.64297407425151,34.4717852614013,2.31333071591019,11.894380004209,4.06971469428959,27.7466567010187,0.54039171837168,19.7447887502463,3.71766916375429,2.58012176707883,363.163346599828,NA,"0.041","1.5"
2020-01-15 20:00:00,909.061922755524,123.886712999722,58.3083437738635,206.481646961363,109.309571651347,110.876821945622,369.427138470961,72.1731808395504,3.60962170454391,14.6217125625214,7.00425010842835,54.345715462377,109.22341851317,2.53230769355887,65.7646908341873,3.79528385444315,40.4306736455962,1.92803044584408,13.4810756577669,5.24841124089787,25.7758723192594,0.543825261645803,25.7367632458988,3.96387128333132,1.85052311286632,345.087434934093,NA,"0.042","2.7"
2020-01-15 21:00:00,880.15242641063,107.171608177286,56.0920995571036,188.720198729898,115.176464421376,96.6918350121032,368.31660358174,80.316368365908,3.64686050477076,13.2523688879418,7.25562870994533,54.6866642339399,100.590930578999,2.98972471539074,52.4131464091955,4.01153699431269,24.1182636543566,2.07040905296871,6.16829183079172,3.33836962103679,28.6682255346097,0.547274618201377,46.2186759737656,3.90173133627254,2.02075252423243,313.24477542197,NA,"0.043","2.9"
2020-01-15 22:00:00,819.24013276681,107.027584289482,55.8929399199348,185.895016308377,97.8404744587704,99.8523514541845,374.314891878453,66.4968390044277,3.7525244162003,12.2873529012,7.24433717400918,54.5746429048666,102.892611097816,2.68908268477599,53.0273568268013,4.16531910234072,30.7706715945585,1.4987720256152,7.2427671919602,3.60555204960814,29.1748733685123,0.545968676628282,19.133945035178,4.02019072267422,1.77600051802885,291.177639049377,NA,"0.042","3.2"
2020-01-15 23:00:00,744.13819294173,106.011481939057,56.9081293370173,181.707289076661,117.832688670404,89.9234267152008,384.767334475852,74.3400474928694,3.28721159098091,10.7601690978917,7.62250688636837,54.6121266752787,95.5293873370875,2.18189661653901,47.3529306487694,4.11594476755865,22.925857272453,1.45455504555989,5.49232852346588,3.07371973344712,32.6261482061871,0.55677744642604,37.7686170650705,3.91347486228725,1.91816443388553,306.698891504695,NA,"0.041","2.9"
2020-01-16 00:00:00,713.378748333773,96.7104314332076,56.6824748134815,171.983941946596,82.9139176574276,87.3184512354192,369.410486945302,66.8781770051198,3.36756035143509,10.6445311930062,6.80922530828143,53.4701775377165,93.7371805626843,2.20091156866162,45.7408732485034,4.0869141419042,22.1913538898782,1.1829735148781,6.3553076194169,2.97787675121436,28.9272671342582,0.561980354754093,24.4573962426582,3.56102763803164,2.0394928768724,315.885234464009,NA,"0.041","0.7"
2020-01-16 01:00:00,695.944496219684,90.5256890652012,57.7929914651137,160.836820450919,89.8277015582558,79.1658401676844,373.189599526133,64.2530814747009,4.39627336230709,11.2464502666901,6.8728019175547,52.9616069418271,92.0924469220092,2.13491909259791,42.1665307864403,3.67451995136498,16.4476659236036,1.84533473981406,4.19060719932209,2.38824041957835,30.1579910720535,0.575339217715102,20.4618769229783,4.71325488610762,1.78117002742079,347.942843849997,NA,"0.041","-0.4"
2020-01-16 02:00:00,681.080864614848,94.9276412077926,58.8412771377437,167.885619921021,87.7846769291809,82.8496754951445,373.570241569957,69.3246044690149,4.51964837110075,12.1448416290767,6.81285066350805,52.4448724425472,93.8930599903048,2.34195509298098,48.0998562782318,3.47010519729887,24.6234552728055,1.64707640305424,7.43106987409349,3.27207820218145,30.3867142464575,0.603325386181857,33.7330991113702,4.57875979188463,1.58792865151764,322.089837647143,NA,"0.042","0.9"
2020-01-16 03:00:00,651.223714527489,85.4454647287027,62.0769888898846,165.912662272695,57.0059966419946,74.8934947596366,371.12040427292,57.4046595125914,3.09444724043764,9.1829220103193,5.63529718690525,51.8276370360372,82.944772357677,1.60594345568993,37.7091354105817,2.51069431947052,14.6764957104436,1.71759909881595,3.24812790064117,2.26399298855307,26.9006850458763,0.639468256792169,26.7257174474061,3.78949485535426,1.73142903739051,267.967837968855,NA,"0.043","0.5"
2020-01-16 04:00:00,632.278625428642,81.1571094449879,61.3415389541476,167.707164409486,62.8892090783833,73.7997622528258,368.396491839277,60.7042774917993,2.83352438644907,7.43164035340702,5.69860999849202,51.7059388220877,83.2195540548404,1.90581766786002,35.8066099681821,3.01471233679818,13.3198691639783,1.79244638304712,2.89745133447843,2.47233721361493,27.4665253858024,0.629691554168812,33.417320801767,3.43026783844414,1.7000498479808,260.3676704241,NA,"0.041","1.4"
2020-01-16 05:00:00,631.792384477349,82.9404708953627,62.1775602208399,160.155802457623,69.0052622212923,75.007981580636,368.550366365637,52.1234156965271,1.9737841651351,6.98427102053436,6.21837041999255,51.2919428543242,83.896045531652,1.71717419629529,35.922032647644,2.69530723073704,14.7933947649485,1.91014696713031,3.09677586920148,2.65497593014256,23.8606245160132,0.620477440342389,18.0524567036764,3.56256460040963,1.91983622298629,234.892598033355,NA,"0.038","2.3"
2020-01-16 06:00:00,766.006167716155,90.8507876681375,62.2323139952982,174.199369636725,50.8406438732184,78.9351343337509,374.263791483794,57.3604350034671,2.51858308781464,8.82378868995645,7.77902193013142,52.2533822724661,83.9330415147872,2.05769548018032,38.7261673740552,2.96542394058506,18.6992326210644,1.66360992372881,4.93980215372752,3.17475894192702,26.1520905646545,0.617346383490429,44.657231368033,3.34808872052951,1.67752565439868,287.326231627979,NA,"0.036","1.7"
2020-01-16 07:00:00,806.992878539464,101.879416165121,62.4933497612511,184.218433507305,53.0299305205764,89.6783567630879,383.027861456001,66.6378114961653,2.06450633078024,10.5220449225348,8.76456489580187,53.2322181059204,93.2312310198012,2.37625910981369,46.715496951986,3.71432492402295,27.3565593015798,1.61235016782874,9.73813087559926,4.52282238186531,30.825404631798,0.624116441922474,46.2862907781946,4.06317125654578,2.41089419992573,349.509823040357,NA,"0.028","1.9"
2020-01-16 08:00:00,1144.25916400638,110.604760146492,63.4444303547677,196.881597482106,41.0748060879845,99.5390642632226,395.378129488011,57.3229381362622,2.8551413278356,14.4434267972336,9.77719701007962,54.4742255595668,96.1297136429334,2.9035262062323,51.4412495860969,4.02941453188454,31.9382485161855,1.70843932477083,12.1979415482056,5.20607895210393,36.2853650641492,0.628905091271375,100.858648617069,4.09281908852262,3.80377702704652,414.05371917494,NA,"0.016","0.5"
2020-01-16 09:00:00,1012.21270349501,130.117250754332,65.4621006068018,218.805575924664,105.214429751237,121.323102263828,425.021809901333,91.0527031993927,3.00060292068872,17.1422722000811,8.95613819334608,56.1210034810658,98.9018533386427,3.52930160585315,63.7482021280467,3.81128767443847,39.9992601881831,1.46422776263451,16.5062598776974,6.2512640506915,34.6389784123188,0.632273857042412,134.249609028186,4.05423932655643,4.21161915372686,439.274727023346,NA,"0.024","3.4"
2020-01-16 10:00:00,1131.85962858663,190.682135685796,70.2669481465053,238.73602662265,103.107138237597,228.492287161543,1809.74769642152,644.357478472628,3.41229797275377,18.5549830641555,8.78427995456267,58.343654163258,93.6824504460119,3.45600604125347,103.351006695991,3.30265041162939,35.0478936136996,2.23061962699469,12.5220480073246,5.77290790369513,37.0212917034341,0.645984582642754,189.953205946123,3.95287175524304,6.88118298180839,499.751579798374,NA,"0.021","6.1"
2020-01-16 11:00:00,1210.48135290385,129.049828034498,69.8843812232799,231.452003954072,103.765705792059,118.29838973055,582.892913050696,98.5775426996016,2.85337402530255,16.8427507780803,8.79201687441009,56.4618399865089,93.9760399437307,2.78403559359862,57.9978372407292,3.57778220519217,37.4384613198982,2.42833328585023,14.7680656778713,5.70170260846018,37.3239409808903,0.650202747953172,160.085458829336,4.56365866627852,5.09924077828678,470.269960750428,NA,"0.021","5.4"
2020-01-16 12:00:00,1499.05865872352,148.664057925916,73.866190008623,242.167267318374,114.609044145027,142.744835524905,476.247093599764,78.5102040796024,2.88081715893501,20.4762646864097,9.13234144491914,55.9777010870692,101.520183007111,2.50024092502564,71.3388660200559,3.39428921932162,54.9564651343113,2.81926121820908,22.8721938529072,7.39609043048453,37.4931093921756,0.670667396896599,187.327674614239,5.30549507458509,6.43804710958104,503.724836276822,NA,"0.036","5.4"
2020-01-16 13:00:00,1890.21772617886,155.134779938679,81.2323845692068,255.024586286134,240.741735865134,152.679022587572,531.270489750665,133.512824647929,2.82964728230352,23.740618064352,11.9724540958864,60.7786010801163,98.0689218503669,2.93563575312368,83.0659786644578,3.97729080011826,56.097069896528,2.95704930240178,22.63228184873,7.97502526473086,43.06474416416,0.696905571728637,261.089514803873,14.3110038911539,7.75497585144846,603.231844428378,NA,"0.034","4.6"
2020-01-16 14:00:00,1855.27188258725,143.434170471367,78.9854979929799,252.377115728972,207.811284335373,131.080441948426,638.492704978708,110.064507164144,3.30312965416603,19.7574801888337,10.2156339796563,60.8366496777657,94.0918496464119,4.03855263662947,65.1911542438643,2.96993821012071,47.0602788631854,1.80856146034363,17.3401337620614,6.75773083143896,43.7993674821294,0.709254750862699,260.511209681278,7.03874584833788,4.45825739626225,619.746083094497,NA,"0.026","5.4"
2020-01-16 15:00:00,1853.29943260513,174.46824062942,81.1204496468602,257.263882796738,151.92547556519,168.279333352612,620.596640201362,145.393813213806,3.49404135319597,22.3307175493292,9.01817932948273,65.1526263004465,97.6560560220224,4.37902314042891,76.0597046215354,2.68856702322342,60.9131508381447,1.8776568991511,25.3044471705371,10.8360135936416,47.180165659205,0.723098747348519,383.835164015516,5.01919610734908,5.43953184580298,662.303418980582,NA,"0.024","5.1"
2020-01-16 16:00:00,4159.09147906739,431.378891372399,107.181449859567,422.78926957845,114.933526075838,382.080008720796,861.44077821784,107.111192867042,7.36526438381297,60.5433349200983,18.6125275243755,72.4882343015332,211.807075782901,8.67419526885616,244.698646478949,6.55671859008852,259.456653176077,2.93480634088399,131.689920185807,47.5607720773188,75.8950410889239,0.755157966549113,1265.98957597037,5.25796973236895,8.90479784010072,1019.56423304138,NA,"0.025","4.2"
2020-01-16 17:00:00,8847.12750777048,959.203527911757,174.445119765595,872.014155854346,253.062862647651,837.886580433467,1243.82097752403,346.804000035126,12.3663231724628,137.08668039431,41.7327667491847,94.7002423082708,418.99927627211,14.8206059912235,582.241016334557,15.4760517442702,642.697673298636,4.96441220600895,361.226090109591,142.722606161563,111.743760645393,0.779971521425696,3835.49299170897,8.01400662980044,17.4757609901144,2052.87316144373,NA,"0.019","5.4"
2020-01-16 18:00:00,11138.9859314448,817.178410984598,241.890724179411,925.557498968882,225.225803204762,667.038900117634,1057.27835172242,344.110815690333,23.629216360884,119.993937047704,51.0540650904743,98.9018616686173,361.68086803195,23.8090660369187,444.529011553142,33.4352062146184,457.969219989693,11.099003311063,245.459006637927,96.6042749588057,114.691228554237,0.772142431249674,4113.75575545935,10.3673604887092,20.36217898334,2225.2709859083,NA,"0.015","5.8"
2020-01-16 19:00:00,13237.7369975244,894.575259101321,190.619163686053,1329.21977095833,490.711452132662,708.561658401409,1195.18405178466,628.867330363392,40.8142548009526,137.008842471215,72.8821687426926,117.243333677227,373.255603929386,42.3101154824407,455.451415518482,59.7922414373094,452.619164617926,21.6172816350338,231.328064621996,94.0572742032182,115.672227342234,0.774994976277727,5726.62534428084,17.5649818696202,23.9244909461751,2993.13603283129,NA,"0.006","5.4"
2020-01-16 20:00:00,10461.6108765407,700.034099989765,188.487826081877,1005.07618901624,417.316963898487,534.902815043024,1080.41427298973,524.48895835145,33.4640357183074,103.318982311182,55.9758986595997,106.421463530754,291.099175116565,34.5759530143966,333.688317606581,46.3198987568107,326.785967816239,17.1598247237909,171.147669711522,71.6572678288802,101.615460993345,0.766912878790752,4074.18893843953,15.4345289061806,20.7306764095799,2338.85899631663,NA,"0.003","6.2"
2020-01-16 21:00:00,9356.95777444957,823.188080711573,256.461208716431,1078.76765785804,345.833678096849,593.095642449767,1172.03558112518,497.836932967325,30.7157261968463,114.556940392201,56.365195405389,110.594944634886,314.04516121516,31.6279773148989,387.569193602517,45.6291575832269,376.744680789245,15.1857396580235,187.96260639372,74.7907141377165,100.355077628535,0.775283686633302,5159.59760485496,14.566775484883,28.4019108707797,2454.02240960119,NA,"0.005","8.1"
2020-01-16 22:00:00,7781.03556472655,724.667914015284,136.95541625652,914.788526131846,370.628066907503,523.850886367367,1018.69186066825,439.471516851485,32.3070740280576,104.312042845054,56.3280384873276,107.484670501149,283.63604040731,33.7145604865765,329.408428306779,45.2339376154541,311.629529378419,14.7751199164422,151.809707154763,63.0143670659072,112.794973163723,0.785893281337389,4678.06006565255,15.3751309390595,27.301204038538,2100.36405649232,NA,"0.007","8.6"
2020-01-16 23:00:00,6153.54233104198,614.095979573499,91.2552160806442,857.639072158662,231.966628872405,448.081777720068,1037.96496588086,251.00537478595,24.7218882969907,93.4293831427631,52.2003212720667,102.412573839133,258.634256663868,25.3522610264617,293.337443424919,38.1335752962277,268.743264605285,12.4416086810471,133.185328233899,56.0710647966572,121.862439864163,0.792081603067323,3739.23532284303,13.7169818682535,20.7518443381523,1835.65158003474,NA,"0.018","7.1"
2020-01-17 00:00:00,3940.95908119955,495.578679370463,83.6739079306563,902.579301875583,223.656490710196,369.206226369348,842.5973454031,195.681673102273,16.5120914260564,76.2033349794096,45.0036111324296,93.1052616033148,216.696620532017,17.3271735717026,229.768749950692,30.8303409836311,190.385054457639,9.42821445448127,89.4476224854702,40.3050029294184,108.531071678498,0.806410813381169,2714.52906086893,11.9417424728679,14.7983714097356,1786.01166711564,NA,"0.023","5"
2020-01-17 01:00:00,3065.47028704838,421.722245332536,93.4744417415179,683.816068874374,204.233989678712,313.600665865936,787.912251202575,231.918524828198,18.6633446999848,66.0076559400096,41.6108895486995,86.8744118935457,202.516235594663,16.5127595386794,211.816215959887,29.0266710434621,169.312256735482,7.67366467467586,80.482291040262,35.3817539481941,105.242613940704,0.830248821157477,2527.93042835531,12.1583873468285,15.4713654898678,1479.12958674172,NA,"0.022","4.2"
2020-01-17 02:00:00,3361.97932621662,460.472423396016,111.988979643903,791.760140944037,184.22651032839,334.011151796711,911.931841825687,246.877476084635,22.3344207879357,75.3478638903896,44.8906898259482,92.2542520143627,214.197998640518,16.4765486559457,235.976626803184,32.3244742219385,194.884991355999,8.65497806648288,89.9403858827354,40.5137479217665,128.765553103222,0.835345389452751,3287.86263592622,12.5558352584607,21.2642967908482,1622.91915431498,NA,"0.019","6.8"
2020-01-17 03:00:00,2778.54176871186,348.500611011591,125.443929481721,669.17734385488,229.375980544186,242.979488572456,823.739143493181,255.304131525083,17.3419488787102,56.6252079364609,36.9846272025015,90.7908991221001,165.966749699855,14.4449461948987,162.08162607019,23.9705505302054,126.978209304531,6.98462831970334,50.2701188761683,25.9740592383153,130.019425167813,0.910963408099145,1798.45416168581,12.422870299642,10.9974142898867,1482.78463798472,NA,"0.02","8"
2020-01-17 04:00:00,2194.00728068373,206.594439568655,99.0921371141873,379.885705906229,146.494589545396,168.254088573975,664.447685438842,126.935639375065,8.10404393480757,35.4684304505454,21.1612888276442,72.2395091634328,111.098739102329,7.39315659305633,97.8889368185331,8.06058312506914,60.0940073752063,3.01352404125143,24.5002716026186,19.156463293261,350.140038677097,1.00309656447285,852.348230902118,6.35577042371948,5.06104175609469,1034.76609767064,NA,"0.025","4.2"
2020-01-17 05:00:00,1232.62175115103,178.505211388846,112.195772955449,413.297772440365,83.1149103526217,141.723376328344,605.230765474606,114.502182229291,5.83343989809769,27.1223053643113,12.625143985296,58.7058462915584,102.811602821479,4.41752587664601,78.5190705746753,4.08560035362207,53.9877595525425,2.49168378195622,22.3936841648818,10.9977791180205,72.3314367228935,0.974691542437727,728.923733047383,4.21217618035959,6.32714765773159,870.672051226202,NA,"0.032","4.6"
2020-01-17 06:00:00,2111.8481779306,183.200871595808,95.3518691850482,354.016551878657,64.0879339274784,157.792161375147,517.130686768162,82.9361252387073,3.89122761620302,27.7510547186749,9.78153281128245,51.4107607958439,120.081305179572,3.08144378182255,86.8912702929883,2.22000850906914,67.5501975250217,2.2735641053094,29.3522585125979,12.2351218274574,51.5577715398708,0.932429788974299,754.969201536364,3.23401220107385,5.22307607112711,716.704338664679,NA,"0.036","6.1"
2020-01-17 07:00:00,10200.6649135741,295.535546752644,104.965921550992,376.748564180502,41.6424382285482,269.254253877856,576.894479037193,120.684579679827,3.2117437722389,40.334860656564,11.7634381138196,52.5420570613322,175.960003616443,3.70212985868698,167.178641879863,2.62540482339557,157.659064769211,2.1520970757449,79.2188562087498,28.2432183931361,45.8141359167358,0.838513825004139,1386.27473000639,2.63843748458857,14.9156010944156,909.484580929862,NA,"0.034","1.5"
2020-01-17 08:00:00,9626.42973933712,310.917147957845,69.2347043207669,404.00104092513,69.090098856442,285.434709540649,465.319478886952,90.5602210684097,3.19882767598033,42.8878095512526,10.1684288600593,53.1953871000979,191.643436724402,3.59215561271643,184.289506101355,2.3457638833391,177.447173715698,2.00820122272355,90.3504603500616,31.053271078722,39.7317962083944,0.745748845481495,1482.62882488974,2.44215695452672,20.3463803743956,908.725332316012,NA,"0.036","-1.4"
2020-01-17 09:00:00,7217.68710784496,265.374486258394,74.0998839611978,417.630538956211,81.0182180313062,238.517030239374,587.264183387388,156.700424259936,4.03474616668128,40.752712751587,10.2347709225158,54.8381869509952,164.108431421617,3.72749807546993,161.754257295281,5.57081279144643,144.604459990745,2.4269273550912,68.960869280299,23.9717997353056,34.3648682176992,0.686452222608486,1200.09259590024,3.25736508225133,32.4768760332466,793.184271049801,NA,"0.037",NA
2020-01-17 10:00:00,6812.02084332937,243.67976444214,83.3283177512553,435.660498880998,67.1044917941106,210.762761999528,640.147508642053,196.779112097845,4.74032596409482,35.8973991636194,9.75840869365623,53.6598383435908,150.34266093724,5.19172625524226,131.860024842507,5.78657164772762,115.852436188996,2.81307473643407,47.3018405372744,16.0371633230653,26.5812979516315,0.649088529473517,1185.06397276475,4.23037758443894,22.8011986118064,767.653432011745,NA,"0.038","-1.4"
2020-01-17 11:00:00,6854.95915497144,423.276698144396,248.656032740701,399.56922172288,98.5796959146502,309.67763882816,1729.3918130481,351.205308239983,3.22536205080334,45.8095825707266,14.7679741850378,56.6985367350586,153.856096160603,4.0014539795849,143.447239829602,2.97919980136028,128.595189118648,2.37259429451603,60.0636296694073,22.0148998916211,23.0272867254973,0.632612284273648,1187.16424640819,5.10150943306166,18.0820440919126,867.801777439891,NA,"0.039","-0.9"
2020-01-17 12:00:00,9595.77108501232,472.246776936513,345.96658147597,466.971358029997,56.4123097085441,299.297955964222,3260.28157923111,328.034111887547,2.27563234750187,34.5835553623419,7.1861348529498,58.4882417554351,132.379385119198,2.40482571197266,108.313776177338,1.55894587564772,87.173703593805,2.34362473508911,36.8919364595238,12.8512838124321,18.4777723828293,0.618467015088085,3727.17642369892,3.36430943908188,17.7185267332667,774.247462266596,NA,"0.039","0.5"
2020-01-17 13:00:00,6915.07241890472,416.205773961158,253.271853603396,412.395291037801,66.0089438023136,282.365909385203,2475.8464532004,340.737405918128,2.61513983330019,33.8192143536412,7.0948505607995,53.8578797931334,143.008622874048,2.92607945633256,127.425201610453,1.64941762495152,101.203305616893,2.16891180736505,45.386760829468,15.9981800432445,20.3279959243233,0.618317174414941,2045.47567126032,3.6833182981253,14.8823221036432,712.064214621915,NA,"0.04","2.7"
2020-01-17 14:00:00,6425.97280376439,314.590171299212,187.607427127186,406.183183927371,111.931206584129,213.811685393283,1084.02452813808,731.33847806192,1.95675039594531,33.7129970720802,8.46659258914929,61.7797395867032,148.146856178461,3.22360065503362,165.165471467023,1.60481076871148,125.562682709387,1.62482350736323,48.6574691777891,17.3344352978621,26.2072724838848,0.610100278247954,1537.01586569676,3.82584158391462,16.811811555829,735.487338429389,NA,"0.04","3.4"
2020-01-17 15:00:00,3555.83035555678,237.02872673164,69.0729334125464,282.639250610269,61.1164721093282,181.040995837725,458.910045335465,140.447499267261,2.73765379964922,29.3858463542971,6.95748670294001,58.0208592395724,135.397281498689,2.93445175945487,123.934723172315,2.35243340733503,88.7042970618469,1.75743975653297,42.7847034129641,14.7370571480377,22.3552808843822,0.587039968059005,785.432164500225,3.26226532281281,11.4618559382327,527.295678455421,NA,"0.04","4.1"
2020-01-17 16:00:00,3670.10400456944,292.992177748097,56.9115784618127,309.086857656984,43.0935757926347,285.505042811755,488.714602284404,101.515906163021,2.53046155684398,38.0257553242682,8.58880292747298,72.9704074210647,155.307364738786,2.42652905404241,156.322196874229,1.91192876347382,147.384355822026,1.48306644151569,65.2411046610572,21.0623416614236,81.4744194410718,0.597084614571798,1012.1833249333,3.13385399154922,10.2386286733704,580.375990289398,NA,"0.037","4.1"
2020-01-17 17:00:00,5219.48164797038,364.251578152012,73.370218635216,382.885158074821,86.4243716747302,306.968723426028,525.389327262761,272.94553809692,3.72584087514184,47.9089100883964,13.276454500561,56.7838710403314,176.499915002166,4.29605833768604,212.830874106574,3.55471355651267,154.248640297513,1.79221174821901,78.7652171111653,39.1070431622922,451.109625480888,0.598023835702441,1373.77340070672,2.75718612828725,9.09919573426411,951.002920626375,NA,"0.034","1"
2020-01-17 18:00:00,7122.07974956473,584.99412510639,84.7707296251194,802.700976069483,286.834524221706,475.484085890541,574.024544991899,218.427943657499,18.6615230044701,89.9187525451985,32.9378269763046,73.4509957924425,275.636574374399,20.7864022698321,313.05395162583,20.2393675890208,313.120601280125,8.02915718231497,168.884308170702,69.7386246155696,245.956820321142,0.625807066904103,2359.05348759766,7.52091236261664,12.6698326316767,1752.54726500403,NA,"0.03","0.7"
2020-01-17 19:00:00,6493.07024763969,505.039419070684,76.6749091913149,699.963516793725,207.79771058063,376.920688361728,560.680861453233,206.801086138301,27.3212627114812,71.3418911782269,34.16697807725,73.7715540107471,244.337663699282,27.7923610403724,245.697418215141,32.0321218151947,244.591168794716,11.5610768926776,133.72851787857,50.2164686186822,59.598012443633,0.624847644103781,2506.25847920413,9.31055366675061,13.4040159678103,1514.56948981568,NA,"0.023","2.5"
2020-01-17 20:00:00,7885.07769687803,543.805027253018,76.5991360059206,788.272518764209,231.777357443025,407.497156898393,557.346086783147,248.793636994782,36.322970176989,76.3269027536534,40.3656236507516,74.1444692680036,274.856084691464,39.1722568991336,269.240290344019,44.4062795956207,268.892946236234,16.2599215448749,155.13403660276,62.3845790255449,66.0563786780501,0.624215191447379,3198.40649896584,13.5689429445519,22.0868442408246,1793.00308170435,NA,"0.013","2.8"
2020-01-17 21:00:00,7642.88056383288,614.858410340885,67.8893943371684,651.568448337822,271.496044472791,454.088114805868,736.475742446096,259.396292042483,22.6874327149145,88.1130796099963,38.6123096375906,82.1363733475659,247.924588545856,22.1323439244222,254.846845249693,31.0713896335478,237.479530964188,10.6188754766764,122.087735618827,49.7950237959477,136.626823877874,0.631492038948851,3833.1426316706,12.0304141587933,21.2005957904782,1513.71809620399,NA,"0.018","3.9"
2020-01-17 22:00:00,6517.19341536644,582.824352984886,82.7740316510048,712.166385925493,239.945731306228,444.651417010121,735.350910253133,313.02668781552,33.9814056218384,88.4608631135916,43.7916795548499,82.3704178387942,258.120919594346,35.3678116825589,260.354233507749,44.2295726388548,226.192502146581,16.1122128846916,115.792353403228,48.3573400125487,151.707155474944,0.65005644373741,5760.1075013657,12.5744567170521,26.7245778477482,1581.59465894511,NA,"0.025","5.1"
2020-01-17 23:00:00,5155.46056563522,548.825638949652,70.9851200126849,629.787376969677,213.653893370538,408.981502313217,643.127968012808,273.718731546193,30.5194468944016,77.7111985668115,44.0975034864192,81.3379095004874,237.551786821675,29.9649890438783,258.709924359662,38.9869530018715,212.022436358511,13.4313110326752,108.213737906794,44.5962616119601,173.368253339077,0.660597553845222,3862.23453454924,11.2187348417464,18.3771491217125,1392.53882071944,NA,"0.012","9"
2020-01-18 00:00:00,5747.22052864678,705.650130869146,83.7611513737164,782.853016986347,236.402723481409,570.296062732203,736.728274652729,303.493902268379,33.1646689197444,100.48942047945,49.7740065567132,87.4646202758375,279.783462854213,30.7673781902399,298.476677072584,41.1164637400618,256.975916108602,13.751544120803,135.84951879459,57.9643529814464,176.55799875422,0.65942200291693,5995.31287913117,10.4005919978626,26.7430745230339,1629.08239455396,NA,"0.009","10.9"
2020-01-18 01:00:00,6056.94931464071,665.117878089365,89.4332694105056,862.812400159345,384.897969217792,493.994908383474,730.77356047605,431.859429329017,42.8546160188881,99.6471798539484,59.8857052840715,85.2905810815563,306.014883603925,43.3423536187649,328.877624504149,48.3865528405788,310.712946475342,17.1020217610973,163.824704188681,65.1367553254757,160.333414892183,0.664873807105152,6032.70881502691,14.1246050628188,24.0004469511897,1862.0780721999,NA,"0.009","8.8"
2020-01-18 02:00:00,2982.50370860083,349.963406535558,60.5729454313853,464.854586526923,190.060908170503,245.701227152989,576.754728091596,172.213133030175,16.9140275640164,52.4153613578977,28.9283760759867,68.6397437262459,170.199054892119,14.3591096129138,141.686834595341,20.5401540824459,106.661823786595,6.27032402138044,51.1823052237648,26.2551261985586,115.302186077275,0.669048780594167,2746.33144233013,8.94812280821629,14.014202708225,927.782434657527,NA,"0.011","6.4"
2020-01-18 03:00:00,2821.68734120833,331.241784650183,69.7968899741307,499.768023936144,144.70098909571,224.084104673967,560.843340127526,164.987116048071,19.6293893407345,48.6473984700468,33.0829620013052,68.1860174909004,163.353705609813,19.2638951533169,125.811137971078,24.7614730357887,91.9762581633333,7.46012340874698,42.4023935464864,21.5938802677016,134.573607280599,0.678851995736013,2616.68443756029,8.84818599661558,14.0211327040949,1012.32538407389,NA,"0.009","4.5"
2020-01-18 04:00:00,3148.32823403907,387.200387488756,75.8969761917094,619.073034245885,120.260974140194,253.364858390968,605.010562808489,163.131939252156,19.2702913483418,58.3444866161262,34.0154216058817,72.6195093778804,177.440398925078,19.6217314477886,148.509661645218,25.2512609971866,112.675938167148,6.81118363426388,50.2967975122086,24.5502092535582,158.30864189266,0.691736603251204,3698.67525526203,7.76022764042461,20.2900319906196,1171.9626189016,NA,"0.007","7.8"
2020-01-18 05:00:00,5994.04298971558,837.692016509067,86.2279697526707,1062.13739655556,164.221842735569,615.408110955396,956.093589308558,292.639719999919,34.7917271221773,115.558726504101,49.1092975538092,109.364997199469,275.337748599424,31.8204623031103,343.89396326362,40.7705265382347,293.665794320672,10.4382759986959,141.13053248453,60.2135493938295,191.819727289893,0.696596133466667,7762.50341160907,8.75275781046772,39.2502578579686,1991.89470707742,NA,"0.009","11.4"
2020-01-18 06:00:00,5625.86852594208,907.003796397618,81.6939784179895,868.434554625549,142.165230728523,700.152269180588,913.235359996803,200.481144053712,29.4580910700368,116.994223273108,49.8693739978338,114.948668462845,294.07809051606,24.1352846026706,377.746536444886,37.1245504376718,326.712209292986,9.83008035536701,159.092013660314,66.2243673966462,167.16963601016,0.689642253722043,6879.83552540165,14.7164172805692,33.2408729398966,1670.39693737811,NA,"0.005","10.2"
2020-01-18 07:00:00,4883.05978963984,756.48837847457,77.5366347833639,900.705450412004,189.10766324515,571.027810364137,823.676315719556,225.412783662238,21.4605506315107,102.128218528811,42.7078597923703,100.975435966176,275.224241853073,18.4504729971059,327.138784616912,30.7117430629898,291.761604172557,6.77255821623001,143.784281625032,60.3530429522081,152.339986345385,0.693689924076271,5626.51168481178,10.4025317057094,29.8051804089753,1689.93404757578,NA,"0.006","9.4"
2020-01-18 08:00:00,5330.95025057198,872.114301407188,74.5496809746986,977.659275873795,215.172421485002,611.683037305018,809.017321853497,250.717607345247,23.2848579525873,111.419633090465,51.1287369426193,107.608765478057,323.732722269252,24.4726330493943,375.301769134373,36.2008785213407,345.09913213996,9.15755861241578,170.147606532349,70.7048216856319,139.82855610095,0.701553603178526,4838.73770808701,13.118258945529,26.6149370049014,1901.76221155646,NA,"0.01","8.6"
2020-01-18 09:00:00,4466.44825043024,739.688692065527,70.80518708362,995.283255220464,281.371019774368,542.458759692512,754.471791987582,257.93241497511,20.6032069066925,100.845729847643,50.2221786227904,109.625400845124,305.60269858064,21.1653662072264,336.042280008296,33.0793048574882,308.895165127687,7.30314467688989,153.958225438164,63.7139246696408,121.42544691699,0.70794900592463,3897.39235135946,17.1321117803058,21.4864325148224,1921.97688805077,NA,"0.011","8.5"
2020-01-18 10:00:00,4265.83332861674,812.507227661582,75.5430896933159,1307.63337172353,323.729641191558,820.488632740142,856.180201146347,285.528915761329,19.9823278227819,99.6540840865378,50.1086280449788,143.1345069899,306.930704216767,20.507339248876,345.036552514349,28.4841048164474,296.108061538851,7.20639677636752,144.0997139222,61.5205082849417,119.179932085345,0.709668266268937,3765.9254195374,19.1615192968859,18.7256896602587,2247.01652117033,NA,"0.016","9.9"
2020-01-18 11:00:00,4935.33594340705,807.286494695542,94.8954779317229,1230.87460947396,289.886731441664,731.481606522522,892.113615503557,263.146229981666,21.5589081253537,109.745622082176,51.3938252453141,148.379986032536,318.231282440785,21.0397779101424,362.945787575053,28.4247910333521,329.103741911431,7.8306714447258,161.497211498564,67.4248914374593,113.405352179802,0.723128043251018,3862.0794304313,18.9020704046857,22.1563736502192,2247.43745719999,NA,"0.02","8"
2020-01-18 12:00:00,4664.54093220198,723.397130937775,79.3734872394712,1293.95533728265,435.578373389813,593.735934877859,904.587976166413,344.472935018813,23.0628613063172,102.137856548236,52.8297617575647,133.768627127136,306.315935448456,23.4058879084454,348.277381514007,29.4887817281644,323.479450686499,9.75368609471557,160.02808104129,66.5580952996244,104.088917375785,0.726041338614411,3433.76324717543,19.396987426099,21.0373956346558,2452.90568206441,NA,"0.021","8.8"
2020-01-18 13:00:00,4806.93952786197,663.795218652461,77.9124920924579,1107.24361206981,348.305691637516,548.970713280934,846.695738916583,271.050087331331,19.809722345312,97.6639798407055,47.5234818270425,124.492903883278,300.155532179157,19.4445667282304,335.36037284845,25.1433050370026,309.707719821589,8.78643161776496,154.05626128077,62.2245699951242,91.8869057527473,0.736506076991103,3540.69610017364,16.6161769383821,21.9502696141999,2164.77826609294,NA,"0.02","9.4"
2020-01-18 14:00:00,5147.83575785302,698.383153960826,85.3971527393578,1057.75746270732,312.80449465771,587.975325399793,891.405517497734,230.056930045091,18.5022943666752,104.049979828917,47.1977059680485,128.005273858746,312.933704369845,19.3192863705554,352.293878027864,23.3955362832931,327.307989590886,7.77965194753043,163.196705057628,63.3401866551484,87.4031401370833,0.741153546332,3589.80102507385,15.1288535008351,22.6059376413128,2123.65972543,NA,"0.021","7.8"
2020-01-18 15:00:00,6154.88814697972,802.07172764669,84.5045121099384,1230.97168783769,418.880142073868,660.527860684172,949.625469034702,342.384521360668,25.4438417097235,121.120337058089,57.2857976834782,136.410114137964,349.36400376417,26.8452412013023,398.817047719591,31.9079811949677,376.193202174346,11.2606502186099,188.261339931769,75.0024561693809,92.5360684011729,0.7488262448526,4023.48950457744,17.5147489724847,25.1979352264016,2539.52433171743,NA,"0.02","7.5"
2020-01-18 16:00:00,7565.72701443085,969.571724068082,87.4751196041254,1288.2957967573,370.812477299593,810.493282951671,1082.73287039585,380.548176880262,37.7052269988907,150.928064667312,75.443789836572,150.179474542522,411.907278034176,42.9445547352142,522.281268926327,49.1628144648783,476.96408059012,16.8550834031897,241.635720540195,99.2718833330244,191.815511752075,0.781491272279475,4661.98061239487,15.6612189203597,26.6431581407342,2784.74301642964,NA,"0.015","8.5"
2020-01-18 17:00:00,7569.85660795327,928.690750899751,80.4144372024237,1154.76282026857,445.663863513787,779.815084483182,917.424455467396,520.795672732603,35.2117613932484,158.569223706935,70.462190466123,166.141734113474,376.85380545705,37.267661752763,458.367386818794,44.4853184674555,423.640879176344,15.8014425230525,221.294770836837,100.305819205044,333.643480905779,0.788458151110462,4616.59832873851,16.9512412664395,25.2956366257872,2819.91053927182,NA,"0.018","8.3"
2020-01-18 18:00:00,8120.56342694847,913.39208093757,80.5912917466748,1167.92066683831,346.236330932714,754.409601744065,893.832839884702,410.445121002447,38.7618278528975,156.398397330501,70.8772500163958,150.418933046202,374.051890502505,42.4728699736955,448.385136136171,49.9372712324202,414.954428473283,15.9846917904729,217.194415439865,99.3531344444012,320.57842393151,0.781126226374638,5394.26746526586,13.2205841648361,25.89631754928,2700.55121073806,NA,"0.01","10.7"
2020-01-18 19:00:00,10110.1658125105,1301.79259967392,106.640103612899,1709.54475515423,640.288136538953,1048.35012157252,1127.94102660587,1085.93928419151,104.770754620102,226.008503429355,132.678829363894,181.225056060481,537.13471081561,129.500821249102,630.773437086055,150.499439913007,610.138112831342,55.166747126358,327.042583147228,145.160544240279,407.236990017258,0.790828354992715,7654.95343672421,21.8779142086174,46.1251122326248,3808.36143632816,NA,"0.004","15.8"
2020-01-18 20:00:00,8682.0232541595,1085.85762485028,99.2107304350799,1407.82401894813,589.127037020826,827.572634372031,1075.9777197466,1007.15904152091,89.249770839464,187.855600938997,117.194740516503,157.298383876006,443.640475052893,110.837140865166,486.545580686774,125.987588301985,453.145535115024,45.3954036553648,237.640395337511,109.286762703212,364.093526937458,0.781919110432784,6411.27966520982,20.4865772775081,36.768002096627,3153.02891198781,NA,"0.02","5.4"
2020-01-18 21:00:00,7530.5129345968,873.108509292726,89.6649038819645,1105.48200233782,345.933278293888,657.31447979008,1003.13185349988,473.921845510458,54.1238435925325,137.792796107231,81.1855748630248,130.171927409964,371.973630195177,60.2036593252313,443.074719271881,73.9462973959976,438.802465809732,24.0267781400066,196.846427699649,83.3546541748269,164.056678803439,0.774687544353527,5796.48500046296,17.3033229300465,28.812677592175,2486.55892707848,NA,"0.021","5.1"
2020-01-18 22:00:00,7960.15229024505,881.960465862461,84.5170009097536,1223.99308347187,408.608656578904,651.91450327724,1012.19363777602,626.877454844685,49.4954125206991,141.882099574028,83.8216423410507,125.549917776842,375.529222817465,54.4289837933345,519.994518562457,71.410711792076,466.449163360136,23.3961813919147,202.678018345747,82.9579687685575,142.032003196739,0.788633813534266,6265.65896306553,18.8502720224984,32.3096544602173,2683.39728457526,NA,"0.026","7.8"
2020-01-18 23:00:00,5532.3599707622,701.412650439909,79.8221344275411,1142.1507475749,289.8879281451,483.672433850679,872.407864283924,382.93159365231,32.9409393467637,106.671445174387,65.2061671550293,104.082433922078,303.984970883468,33.6198637014078,312.787645355913,53.3037292694196,279.590783657568,15.280691802825,143.46827506866,60.5147078838368,85.576655371025,0.800454477264812,5623.68259410481,17.6093703981169,25.4631305497108,2410.82896312794,NA,"0.024","10.4"
2020-01-19 00:00:00,4809.636235849,625.539425779832,75.0932436956902,919.883681743761,193.697912071907,418.835914016717,819.17242188952,235.24437011149,23.3324097372528,89.3537717208482,55.4490633988195,97.7665368451081,271.254083042408,23.9361386152361,266.743473965447,44.0462503405438,234.375123536464,10.7737669978089,118.2535780858,50.0602900262187,68.1276115777119,0.805440525756698,5120.34288031213,15.6000211405142,21.9194024114493,1959.39364260899,NA,"0.019","9.7"
2020-01-19 01:00:00,6981.37434408264,562.871272146092,110.718409978101,1373.07083495291,209.883537467162,365.057415584503,1310.56888371546,238.279851877389,23.3676133030129,131.419249737959,49.5535282645223,161.21068249722,287.513181259887,22.8613814822064,395.384635352876,43.1351297432758,238.752282266634,9.30601524088903,100.669834827667,72.0535020964222,65.5307713678719,0.808293430049612,4197.43508750657,16.2275859439785,19.3851873409542,1799.22228228581,NA,"0.017","9.7"
2020-01-19 02:00:00,7507.88679105632,489.98809671032,131.441952207458,1515.69578193762,88.4554659820005,343.803048250447,1531.5527056894,117.270241151941,19.22265202848,158.967414393409,43.4224711551551,219.856478597842,288.448103020118,20.3865181347287,431.880069812383,40.2797225117769,225.218318395374,7.46059135608291,86.3276781872936,77.0126162070118,76.0223664420847,0.818666740960827,3859.32521641894,14.2595342027276,17.643074702064,1792.85081583452,NA,"0.018","8"
2020-01-19 03:00:00,8129.35564804757,594.928527904444,134.536554623485,1701.16190555545,238.41329552963,391.010544802683,1662.52939607573,273.256613930193,25.6583692183945,182.775362463521,52.5945913809497,233.151182753841,319.881705067128,25.2173430725059,496.34121524177,46.7591850640908,263.426598278928,9.86042151785184,100.951626496765,86.9591867004971,76.9881897972828,0.834682514965644,4209.84624273285,17.9531742970119,21.7594405136941,1974.36885974416,NA,"0.017","8"
2020-01-19 04:00:00,5729.66420693642,476.931026748478,139.052610842901,1382.73717857604,211.520847695965,371.208862366073,1446.03803862313,216.652033368776,18.7759204713959,142.41066925674,40.4612635522095,201.734429404307,263.884965332893,18.3629947001262,381.126942003581,31.311958161368,188.793857558609,6.84316322234394,69.7691395326715,63.1578720394525,87.0966552528223,0.854551488375363,3108.18731023254,14.3235644380043,16.0053920460464,1526.11926617072,NA,"0.014","8.8"
2020-01-19 05:00:00,7263.40896151671,759.810686957247,150.000691667012,2234.57301691312,213.046853175808,850.944431718868,1743.47706531776,239.988871038757,18.9064835085886,185.820541072025,44.3326995277928,251.439431652191,327.908734659695,19.1069847638193,506.179995165763,34.3598680043146,244.195867699199,7.50554837200646,90.7180099550878,83.3114164182247,82.2057114403185,0.838531316476586,4194.98849109474,14.1128726749729,20.7160564191505,2048.1854540992,NA,"0.016","9.4"
2020-01-19 06:00:00,6541.11940711633,566.21171247675,136.257508841486,1855.32066294039,246.996314923007,476.874449694549,1627.2903252631,252.574361745009,16.299761570163,174.720805719738,42.3237671108019,227.475573710229,293.783483985321,17.3292025982908,461.10738702334,29.8319979959193,229.117674042962,6.7264308804299,85.8693444375046,80.4655380208602,89.3269853879569,0.843740388841771,4030.04595291243,12.9302745119506,20.2478048408237,1851.44557543863,NA,"0.015","10.4"
2020-01-19 07:00:00,5947.54315635468,536.909818708785,147.668077752976,1631.93820724974,121.021325037071,434.942611155436,1534.56773320915,174.789721724955,13.680991759822,171.006231524838,39.0938283234252,220.268269706416,292.897499992407,14.611890174229,475.557110481372,24.5594938766764,246.65686187372,5.49522067745323,94.5891410062483,85.6199141240349,91.0606645844867,0.852664309612854,3524.61598657049,10.1789872739973,20.6168632700087,1603.29883309134,NA,"0.011","6.6"
2020-01-19 08:00:00,9406.93086196026,1484.57317809015,235.998202365814,2168.20342209123,183.053380428728,2189.28311843214,1824.4832760198,201.129194535994,14.7851814746021,279.687084716044,40.3857848400403,300.292974948662,443.968897991114,17.0571580424325,765.278111228396,26.3824621010208,392.056934512061,5.89276486102495,150.375315248433,127.040948613214,113.98587836625,0.846199224625775,5367.71107807981,11.2941143367337,24.6901942335743,2000.26589387707,NA,"0.011","5.4"
2020-01-19 09:00:00,12953.7229797571,987.878213909986,181.435372561597,2150.16978446708,300.049871262578,935.037407501764,1900.62176962687,283.676941859334,17.5257605469445,292.852267466497,50.3415200541153,304.49720732527,472.263597223687,21.3310634889363,886.407797812329,30.1764489744789,527.918292323981,7.4950702856739,209.982701616844,172.970452086748,128.351310164586,0.847278429630346,5451.37151138435,14.9674336873225,33.0519568314927,2330.30879757955,NA,"0.014","9"
2020-01-19 10:00:00,9202.91365141676,712.879403686601,152.398801346188,2024.94391916234,313.785474064631,590.839564586189,1713.94981732702,241.580643337751,17.1953248279554,213.693832659558,45.3188304435588,255.073076822478,405.428801924476,20.7487518079413,738.462549445036,25.9005353903099,428.09155549316,6.42529622474349,167.426144134265,132.761552448609,104.568460813815,0.848406915314033,3898.45676846534,17.1445090283986,23.0842524899397,2165.65433841407,NA,"0.019","9.7"
2020-01-19 11:00:00,8086.95538041518,375.258247324435,118.381516855077,1107.913554306,204.409580824285,337.231131773748,1247.08249132294,87.0275162067371,11.3905929864929,119.357393520791,26.8829638114736,175.581888536144,240.711830719781,10.9652764022249,341.493429888711,12.8816771597482,186.245960246633,3.16482142675645,70.3172543056026,63.987461247823,125.393628367153,0.862740059352079,1575.71053879171,12.5480796260539,9.98580704209856,1180.94434168174,NA,"0.023","7.6"
2020-01-19 12:00:00,11235.6251833465,498.378653323351,178.065084994367,1580.49244943967,292.131175695753,407.410694312185,1538.10807535514,203.371172813518,13.5906021278175,154.108170643865,35.923867750469,234.964317828813,308.750322906861,14.3182837630521,493.034111312369,17.5073123430783,279.208980824198,4.77919547249764,107.610189116927,86.776315538732,78.7532628327793,0.844740949517606,2591.8497916502,19.2576882148122,15.1430501262364,1836.62899516336,NA,"0.028","8.8"
2020-01-19 13:00:00,10199.8521851108,428.152772186352,181.336639885136,1584.64697792143,357.974662897549,341.873929377303,1535.15492710065,234.823257211435,11.3748905338193,139.867842296414,31.30774365005,235.806506130531,276.168392188907,11.1946114110362,407.322183578864,14.6207127585802,221.985294028374,3.73657199036195,83.7349721072069,68.9483945766736,66.9951135022126,0.842642211904464,2280.08601004733,19.201862410615,14.6266510695632,1885.92393997257,NA,"0.031","11.1"
2020-01-19 14:00:00,11537.0033584843,504.226765119717,166.316431420635,1745.40785773521,409.917717080986,412.260889920998,1649.34844521523,277.008814018322,10.5408199001171,164.319145652054,33.5671219249446,269.183757300732,289.822960170273,10.8207065195041,435.699383115398,12.9905579696307,248.118051977347,3.8107275534403,91.2040034204009,75.5863833907068,57.4624691135334,0.846306885160824,2647.83774242113,19.0727198374512,13.9906015601343,2044.84563143113,NA,"0.033","11"
2020-01-19 15:00:00,12318.0320526888,469.153500990976,160.043319880111,1579.55832069307,295.778395162085,399.380058410724,1660.88125405491,199.119305552768,8.14666666563808,161.861001299258,30.734208949313,258.925567962325,272.842283750489,9.11971089097299,442.689293096299,11.1218483809442,253.961661329714,3.09327094685506,94.3103437128738,77.1968568560607,57.7122199398851,0.842217811656858,2745.15351327649,15.9136414762481,14.0371100288853,2018.79241448702,NA,"0.034","9.1"
2020-01-19 16:00:00,13486.3139412315,539.463813387932,189.102206884024,1740.69169659428,370.731484749254,445.196312581783,1876.78792500321,262.001254821694,9.42459422468189,190.633087059224,33.3484554810268,269.416647442459,311.057023590534,11.6885961157418,528.078169917953,13.4360161912065,317.411302468664,3.5034616238416,123.040011496642,99.1511512095932,80.8867669897847,0.851597368903308,3151.38711102804,14.9864033449763,17.6033546564796,2078.65747819274,NA,"0.031","8.1"
2020-01-19 17:00:00,19964.3837854256,796.244615669226,229.73671563761,2200.34428627035,422.424277967025,670.063197734784,1924.28579307103,416.802660443833,35.354899625269,295.386875837879,55.6354431011684,251.801863856858,458.644240719253,46.5054665976423,809.025486392061,53.4073325192249,510.951006671505,15.2015775524657,216.6013433149,169.917789380823,255.826568183157,0.847397307826051,4802.77284881362,12.3849338963124,26.9841250669902,2539.45661201208,NA,"0.01","5.9"
2020-01-19 18:00:00,16244.1121066262,898.024785291743,425.656323969416,2367.72666521164,426.080343617962,688.956215660356,2098.31448126385,525.593318524171,48.0199798873255,335.80163118682,71.5522006388111,262.100358355791,488.260882602388,59.435598751538,796.894146559386,64.7587343642944,486.286639631752,20.568376110171,193.40146023178,153.431719605464,317.293341211811,0.83126892925165,6349.04791063486,12.9762447553647,32.9998868357496,2641.0863598868,NA,"0.003","4.9"
2020-01-19 19:00:00,16365.4786821952,1042.47629436824,312.762092907696,2617.70974328244,581.301577624131,793.056843735101,2280.30167727452,767.848654575897,107.510723696458,384.972685698013,104.003335456355,310.683805728535,552.167061274128,121.669226268892,941.110046003306,154.58735632929,609.39012216476,54.0599404201526,256.817184900862,209.133602332728,413.772829668462,0.820167613291864,7507.59263149088,20.1291742988624,40.9602902165679,3100.1769893901,NA,"0.002","9.2"
2020-01-19 20:00:00,10704.2555982131,736.487535337518,256.095711545681,2039.61511435191,346.339333698918,530.67297418372,2010.87686101108,451.284624574472,84.3312930289523,255.6788137636,80.3800733024253,259.062618266301,393.490225227485,95.0387813628723,625.744547819234,113.893448593027,374.801830687993,42.7688977444122,154.142413913692,133.509286641231,314.433381961209,0.810394797488974,5188.37791448927,15.6522633596419,36.9483428153519,2304.48466590994,NA,"0.002","13.1"
2020-01-19 21:00:00,9523.4219367219,664.587257888128,220.890056742947,1773.9231359352,281.164964327172,483.881752148958,2540.02063688816,386.253059168568,54.1322394098905,232.926072881733,57.9040752574608,227.488071402117,360.402368140364,58.1119838271815,597.510534758844,78.0650253443259,362.829936997733,26.5164619703331,150.587491501184,127.659577483546,275.940660386536,0.802918172942042,5069.30886134594,13.2479769641342,37.1444780686738,1967.0246041936,NA,"0.002","11.6"
2020-01-19 22:00:00,8768.33663863088,702.987358839074,258.962626408082,1660.90784061544,211.744826718486,506.994737472742,1984.26086899736,330.948287807416,41.8658661491369,222.19137459466,47.9853025294686,209.397011121803,355.484178076041,40.8266158605152,623.4619742076,52.824140194467,375.881403046614,18.0819100964105,154.732184826618,123.535651493851,269.61905655117,0.795750160960676,5132.85909508496,10.1515462037553,37.8138904412846,1768.77539955657,NA,"0.004","17.9"
2020-01-19 23:00:00,6205.19786928768,457.939366910213,188.753268753451,1462.8760376219,118.530369202327,331.930977810295,1617.38711683225,122.655219723692,36.1868182022775,159.897513506415,35.1214219230515,200.86154138006,240.651028966937,34.0009282537163,379.854887795356,45.1617341184903,219.268115742987,14.6110231293792,87.3723174632316,75.979881866511,206.777000648547,0.793679157417936,6034.71383808316,11.4158481905828,34.5656920951112,1439.08736482261,NA,"0.003","18.4"
2020-01-20 00:00:00,10119.7374100902,619.813226004284,274.596863748761,1682.0457590685,159.752239525925,452.223585396497,1871.04984697015,206.519353863802,28.4201320436755,199.949377175654,37.4584430043944,198.572260471379,294.409722131002,24.4647361514036,523.757982341553,31.9744959126809,323.289864619819,9.57532455134347,129.180662307902,106.505757785152,193.58556964057,0.78648291503505,7041.4563625395,9.15178316282746,31.6285917766712,1651.58725579304,NA,"0.003","18.9"
2020-01-20 01:00:00,12123.4817158096,881.480551612366,322.769292623393,1919.8906370746,204.842464769922,639.008043087963,2219.28450964897,290.234305531937,36.8736806767394,270.623497155546,48.8338769053891,228.579102553582,412.80010961321,32.8554383799929,773.420149958254,35.1620121383713,465.418658951888,11.3249652271545,181.500059302293,144.051050442765,199.000826539701,0.776125759674151,6634.71105753017,10.6993025497162,37.1574968052824,1933.19264803099,NA,"0.005","10.2"
2020-01-20 02:00:00,6783.02786966383,564.591411483221,230.64565934046,1485.18075176334,192.544587121903,382.118226489899,1728.3847439536,223.789188480226,25.7655816208941,175.629875855925,37.969465916166,188.468653729003,296.074589418849,19.011813631526,457.937596288184,24.5743265205812,259.724822781834,8.14055780370686,96.3035717804349,80.8932796665071,156.532046830019,0.773570950317238,3614.60704634876,9.56772019025582,21.9684967478936,1502.06433802706,NA,"0.004","9.7"
2020-01-20 03:00:00,6940.54180512739,489.305011416067,218.377743327123,1422.16610272298,175.567111586857,360.005986090954,1615.47869900412,207.334524045479,20.6963734111149,161.640432088587,38.8673172309258,188.403126493479,277.033199309699,14.4747210970129,431.090826874617,24.754296378768,229.816616549878,6.71025169109053,84.0686719545641,74.7109508335325,126.189445025532,0.786614029517667,2893.63523279218,10.3967035384645,16.9260234761613,1432.61703037904,NA,"0.003","8.9"
2020-01-20 04:00:00,5992.57352339842,490.238374658773,184.843004261609,1500.5229747422,101.877633095325,370.91485951944,1587.48982925998,136.90349867157,15.3091819182257,165.371789926495,28.5028098022895,169.353936471432,268.679970320733,10.3183611388212,438.637599885888,15.455570779517,240.56329151265,3.90270926517409,88.8596650236224,78.3188972589139,143.287690531651,0.766251286267781,3455.50143055625,6.47014064002181,24.7714632436324,1375.13777635677,NA,"0.005","9.1"
2020-01-20 05:00:00,5487.3904541158,457.1325938798,204.294364841679,1254.19762555865,123.783787768255,346.54346904738,1510.21347230875,143.658739091333,16.580688068725,151.233388948123,27.8561206654074,158.315470708396,259.40565713497,12.1524584381528,398.69233286711,17.1676638965677,223.10960928042,4.35743527149213,78.0516254649662,68.8999053244124,151.22155035603,0.762964992416061,2702.07725447038,7.09440515555645,22.4063525898147,1299.45818285626,NA,"0.002","8.6"
2020-01-20 06:00:00,7862.16054574728,511.019766030428,220.843466986242,1184.47699256371,105.503670129242,406.048893057466,1477.2256198864,148.817025958117,20.391707663713,162.506252805217,28.8842947381477,151.70461041394,298.022073427844,13.9277276947705,469.366565708612,18.7402815261667,255.069685477681,4.67638796774055,95.5329074409399,80.7964790142753,178.017478802972,0.776329176774852,2762.86657079266,7.66151199729397,22.2698250583316,1267.28374383521,NA,"0.002","6.8"
2020-01-20 07:00:00,16172.6426792303,893.561997061054,223.418427647756,1512.27208857578,118.698360810074,771.105186480661,1811.79889611114,194.617402439003,23.3125817608211,273.975985815299,34.4257560570486,177.788931324555,446.507689326524,19.5923447856596,889.54254171476,21.2398643230991,535.727529981512,5.76156359245312,210.052633230102,165.008294554714,211.67336945686,0.759629232533437,4433.76222352261,8.17542611354616,35.3757469179374,1685.00353645807,NA,"0.002","8.6"
2020-01-20 08:00:00,17077.0329180417,799.425182142417,171.539424544989,1523.65798966364,168.000864146957,720.106055757274,1606.27974871121,168.687590492335,17.6353868981545,256.908705023893,31.9842406036664,159.484849573279,434.466407633563,14.629060164175,846.502004673815,14.4968454985325,531.164183692978,4.33445749358667,216.590802702987,163.011305630712,194.155330212689,0.742316698740513,3439.38495126049,7.09003906229594,34.4144423515606,1590.61356948019,NA,"0.003","10.5"
2020-01-20 09:00:00,35586.0326073322,1074.28558888829,240.470548511041,1895.59355778593,213.431238172603,978.858588066789,1696.59403337511,190.31026759845,18.9205594467774,363.962271472045,50.6719142269522,186.43073911682,596.112183984552,20.613938573599,1262.37446780647,16.8011073286392,823.173423254939,6.49650792080094,351.226800282265,273.299873316559,196.874992449982,0.74715445843163,4387.20199170385,10.3475087852217,34.8965846978113,2276.06814734355,NA,"0.007","8.5"
2020-01-20 10:00:00,25488.3748687823,787.412365728971,192.441710472294,1774.57688691521,284.011610321123,687.831615256023,1640.67774526366,193.363569444947,14.6493469358825,264.841909668561,45.9901326020661,184.978943447021,446.613781801543,16.3493177421631,883.093209862983,13.5823209320739,560.880948370262,5.146275275199,239.818175616007,192.304904696163,154.375919079338,0.772721885089148,3145.41924199291,11.4146843262531,22.8847691399849,2159.04908119016,NA,"0.014","8"
2020-01-20 11:00:00,35984.9565881296,959.3943377806,173.819812132496,2246.33162233022,281.813934201497,790.341427971802,3156.78213122752,221.128618661179,18.1531493942073,282.086976971126,51.9811200972075,239.753574664111,499.636174265644,20.0158447098162,1009.12164859806,19.4476200753414,639.306812330825,6.20248361508127,258.590121369822,202.349855852011,151.832181415645,0.792489218389107,4434.55300077489,13.6332515172014,26.6243960607686,2645.9566645082,NA,"0.018","8.1"
2020-01-20 12:00:00,24161.4525618526,908.811649925865,174.579858444643,2277.9555975148,415.141263463403,729.305167282616,2434.23707632309,304.42061867014,21.62636045684,302.816586074722,56.3568741217228,248.71041174556,465.519061284799,23.3999664787693,939.24560653853,21.7942274334569,631.584731269567,8.73985995090182,227.021838512833,179.670155765145,157.33253256395,0.799892020180171,3911.52967652991,15.904245312304,35.762828616636,2694.05096739904,NA,"0.019","8"
2020-01-20 13:00:00,19704.6712063328,849.588732747938,196.5037871482,2424.2400696771,418.332426118149,672.79830538871,2353.99507963882,319.46711936467,19.7025422239174,268.01863646783,50.7938052549438,250.768141037215,436.871949285028,21.4564450561905,865.647474052218,19.8634491072255,540.076207850954,7.34659317602807,203.835107897029,162.373136542082,135.015926346896,0.806264243622438,3842.30637805846,15.7936744492072,26.6308437947149,2750.77230782885,NA,"0.022","9.2"
2020-01-20 14:00:00,15416.5716362852,844.64583632621,184.099325130865,2661.06916908363,376.975969031439,652.143985542502,2332.33682187413,304.793228061806,22.3532595381967,254.95230656236,49.3030329596177,266.912536404166,449.365341281027,21.1696488255666,872.985167178426,20.3529367869114,525.870936364879,7.15263942333365,207.119038101944,163.617806105472,123.165008811034,0.828777762259424,4213.56444735918,14.9211200162685,21.1906253930763,2807.03121814762,NA,"0.027","9.7"
2020-01-20 15:00:00,13376.295115883,877.907201873198,189.236335554626,2283.61038331682,392.490736665307,717.192597355734,2142.69426620232,321.154456068086,21.3960752772187,275.313823401153,47.4626966817898,262.215375159792,496.142938421123,20.9804132421419,1003.58699788721,20.4568825254558,645.362139361178,8.61495704157828,257.21281575491,188.272139987985,118.064624160311,0.837902422421511,3550.19829629592,13.8601329397511,20.302134942391,2485.2909066266,NA,"0.022","9"
2020-01-20 16:00:00,13140.6900007657,806.783614253061,191.537617150354,2230.85517503331,267.390758705015,641.365538545256,2120.15688275591,257.17859019225,16.693375301378,267.759232416904,43.4602154108492,256.126202903839,419.404922727966,17.5247061518374,823.820636045509,18.0055117698577,511.067307344237,6.92966914393643,199.139718160956,158.478921274292,112.1618427412,0.83374594436205,3584.87261234553,10.367301119181,18.8475760714187,2451.63951044643,NA,"0.016","6.3"
2020-01-20 17:00:00,9785.18814566183,672.725660782868,181.62744761867,1420.05462739206,162.643026626305,563.510114507989,1780.83683507107,143.799303021118,13.4377377070313,212.335717474574,34.0780910713028,255.144814872419,373.68790936943,13.3355629308144,713.148667481549,14.6708643414078,459.548863240321,4.78829731875694,185.634846508021,146.490282023881,119.512258074843,0.84408031853342,3399.51437173879,7.45808129395503,15.9153260012684,1659.80449623442,NA,"0.008","5.6"
2020-01-20 18:00:00,16573.7753258837,1025.53171913175,215.875989971884,2397.80866285754,301.575872521013,841.813526749038,2397.36959158298,320.079924349163,31.7853739880704,314.402188292092,58.2725367476038,321.937385021885,522.510144098346,35.1145754460908,1058.06073210072,39.433716946874,694.044329419718,12.8353147795301,280.407528500893,222.509603287026,178.515465698261,0.879188785386993,5400.55973508789,9.21542955110378,22.5370091761923,2524.05016392181,NA,"0.008","9"
2020-01-20 19:00:00,17460.6843041383,1150.41340271788,197.25460786934,2187.49913888454,233.295322166903,885.65179156589,2617.44376295105,383.122151477098,45.8167662515175,332.127156783871,70.7034290074477,370.811184479927,542.586331426399,50.742098157667,1138.87001422089,62.4093264891936,730.944467649776,20.96871342333,287.418361045887,229.095027918,198.702578395511,0.87166164817492,5366.30169408207,11.7420755575253,24.2329850070607,2646.44753580964,NA,"0.003","10.9"
2020-01-20 20:00:00,17222.194647134,1150.21541356413,260.222769355086,2325.93805660784,398.785556176868,867.682153826987,2759.47088459599,588.553983117441,47.4627335681295,337.772746043258,71.402926287743,353.132192243067,518.003826639529,55.3868563954113,1094.60410635608,63.5082531954541,691.790357858479,20.9140066325844,272.352393502809,224.710690356938,216.853973911519,0.881300721265003,5588.12954721477,13.0662000787591,30.0960369598553,2786.16354795419,NA,"0.002","11.1"
2020-01-20 21:00:00,22279.8468256236,1302.96578880601,229.089570308378,2785.28643785438,416.739061530821,964.641242184705,2908.00543376045,581.958722374704,48.7569310526586,405.873840050505,75.7459248739128,350.518629600315,583.799047686861,54.7421596591974,1208.16624562002,62.8872697787776,775.45089380439,21.4849400783829,315.399814244829,265.37453849087,239.983006650521,0.897154314703904,6778.28835825649,13.1772321301248,38.1087625255245,3113.83962974319,NA,"0.002","11.4"
2020-01-20 22:00:00,20868.0660112657,1220.23722980069,251.772422003181,2327.15891281828,378.353639061899,906.47492223573,2716.07464965381,518.841859990367,41.7799339965788,369.949278842551,71.309355926667,348.237578432116,579.230777715184,42.7029042364896,1171.24072759939,56.2722072302209,749.240732083359,17.1477537003365,300.091290031775,246.716467914947,186.588160368818,0.883249521546055,6585.21976675668,15.1555352527118,41.9158078613184,2773.31995433006,NA,"0.003","13.3"
2020-01-20 23:00:00,15193.577966159,1065.16255642241,207.6392946791,3484.26339990154,434.304361771329,725.406751531124,2645.40850671012,528.199761183173,29.6180470708287,322.91985756199,57.4039051168666,315.263866573235,454.726350170944,34.5747601192324,934.350311164348,43.1335967031952,587.914507798008,13.1656937385483,231.326992880944,203.431303292691,191.400735374649,0.883782865939884,5659.27862038337,11.5856288158074,35.0807652327906,3373.74369957311,NA,"0.003","17.1"
2020-01-21 00:00:00,16626.6066031525,1009.11041504574,218.438152671957,2300.77104568575,258.36894122786,735.410889374963,2521.50518337692,348.204863942122,33.2732907426675,310.058689778012,58.9875539829161,288.784004876463,473.06367666013,37.8984241815742,966.054878852146,44.0419406535585,574.614513090689,13.9826417658178,228.674380730218,192.69531779882,175.479083646871,0.880633216397792,5220.25911771005,12.864299026631,31.9568275946316,2538.07834989672,NA,"0.002","15.6"
2020-01-21 01:00:00,11660.4651809167,873.928096143451,164.793194529836,1500.16525665574,236.30018192704,625.007826430303,1976.97292170759,302.744906708557,30.6329170394364,230.541580939557,59.4602859447475,231.627795335721,416.638036983586,35.0918541753423,701.23081021658,41.7417737184639,453.536209131817,12.0725388692996,191.16333763105,136.031598081655,152.177289148168,0.875489931685704,4456.16788181753,14.0851185793282,27.1449300333746,2088.3437402519,NA,"0.003","11.1"
2020-01-21 02:00:00,6902.66824563843,1007.7432390538,109.399956538311,1027.76634959539,304.555331079658,700.377129963093,1339.21180364179,374.810946845641,33.5112842743716,152.388001468001,65.4974049534708,140.032012183439,379.717283088055,34.737112991022,488.014765234065,41.6503721074202,430.880777044347,10.5406858417533,206.155096832143,85.7173846759499,161.17349397622,0.884607341482061,5349.651202064,13.2061081196008,35.5001178697888,2250.06919910502,NA,"0.005","11.9"
2020-01-21 03:00:00,4888.8014114822,789.382315454431,93.2511386170484,1211.87120635485,228.592572317695,512.266611061728,1180.96293152859,257.767118441864,24.183354121414,118.754209348795,56.1316503395644,124.942250117685,310.661147163699,27.3516599997199,359.552361921863,33.1526936207308,305.603870566226,7.6103312831871,141.886146487743,59.8486318503774,125.130498649189,0.872879641269325,3882.64702398164,12.9405276656022,27.5840004030533,2279.8639775064,NA,"0.003","10.9"
2020-01-21 04:00:00,3944.80557924719,634.879326896279,97.0544342145607,1163.51344874165,253.976106206719,400.131777146414,1059.85998795771,261.836758617093,17.4550575668987,94.0110906510333,46.8459509795627,113.130923676581,257.11875180133,20.0196921446787,276.209986387016,26.4395160767548,228.180699173144,5.51507887076578,104.717553574905,45.3199437723791,104.214602991606,0.864369189739918,2995.63699545338,11.6340885808169,20.7019564586382,2154.97335745647,NA,"0.003","8.5"
2020-01-21 05:00:00,4016.34788808122,565.274677287637,83.2557591686414,940.669975945346,134.928303175165,368.028543909815,977.193825358018,171.475367940667,12.6197161204882,86.3981253482863,41.7857461288552,106.528958003867,246.926359008154,15.3944972040996,257.81801131099,20.1687949640057,216.711481954553,3.61652696220468,99.428156327614,42.298382251927,104.045365985515,0.861586898217799,2732.35190165396,10.2874642429687,19.8044550183542,1835.07144215867,NA,"0.002","8.3"
2020-01-21 06:00:00,4719.81736494863,581.844186903993,95.4711430880428,1109.04994930216,164.745335287211,386.297225908568,997.546825293631,199.759679571124,10.5230308090636,89.3569963835992,40.1781335351444,105.189750521636,249.176442722049,14.6152335390286,264.951704813097,18.8940093162547,229.071371647001,3.36949873212918,106.511257296354,45.8604235832039,113.706195994519,0.861154732639954,3075.91241638956,10.1410029359426,22.1950339067159,2144.26142878506,NA,"0.002","8.5"
2020-01-21 07:00:00,6082.09290154828,1373.70939621018,101.087032172138,1184.53981193846,178.940237202826,1883.33254911646,1077.57931223704,214.334670809524,13.9557985380725,147.089001462846,44.752623027254,128.84126460437,395.542474777321,16.0948498649194,460.614714138144,21.2145832901806,424.341797435669,4.05491912086711,210.897216239863,83.7323119792856,140.712090541971,0.865930308476265,4708.62912170722,12.1521066728927,33.361152264454,2139.98721941402,NA,"0.002","9"
2020-01-21 08:00:00,10719.667497295,1488.98279471049,117.673360785186,1185.8262316965,146.331839609542,1885.08208603359,1144.13829037554,213.676512682973,16.9037642642482,182.214320803582,52.5849921277933,141.975418403434,477.678131512834,19.1981264635292,589.9138663379,23.6627682380211,577.383211530204,4.78073180664599,288.074270176329,117.047252961806,178.836382861995,0.863679061884095,5566.5073972735,12.2346363207571,45.888637928253,2322.00903102543,NA,"0.003","12.2"
2020-01-21 09:00:00,11808.8084172446,1625.68074244625,123.041949351247,1482.53047420745,284.122097731082,1817.58067171175,1273.13066046619,289.663858115372,18.6406038811184,219.815891049206,65.0275303437247,159.488196095926,610.538570830506,22.8998086839657,812.460912060235,24.7551563336548,841.402836823042,5.96502101370392,432.712297084747,166.325891711643,187.899433262657,0.86643338370082,7278.88523185486,13.68436208009,58.5662696210493,2935.24202739976,NA,"0.004","12.6"
2020-01-21 10:00:00,10777.0711033672,1449.95375584956,129.749891111741,1611.19208130509,249.404704187475,1464.94535684696,1355.71109561946,279.705334229292,18.6067990222855,205.511701778777,66.8328311556788,167.989420032767,581.463570289184,23.6559718807395,769.836208224151,23.9175172083106,785.042938559262,6.12668605467371,405.313989551461,160.671268189382,174.929963946596,0.874700659277105,6405.4442390004,13.9491288192517,68.7178729925221,3078.11343163625,NA,"0.007","9.2"
2020-01-21 11:00:00,9149.69906046501,1352.34123204449,155.122100175651,1475.71498151923,299.260664041849,1207.76445834891,1363.37975624955,336.487941605324,25.3317814123664,206.179959800787,74.6605597928272,169.454069318278,562.407165239395,30.3343789489401,760.72956034869,25.9467774313209,759.473688456865,7.60057085734403,390.691998713996,151.987183855142,187.611178496574,0.888114028445,7758.45997294083,14.2158010964675,60.6016075109549,2959.9811513606,NA,"0.008","10.4"
2020-01-21 12:00:00,10324.2539093613,1549.586277798,138.849387823437,1547.41956611727,357.09625175372,1329.94770781081,1744.60312664475,403.123497816817,26.1145296329135,285.974459479107,92.2632044863092,184.37248416428,590.876315300952,33.7819302188373,845.426579085753,28.7669340111872,859.847545375721,8.98717637080274,422.341566307091,169.797803824766,226.791539228948,0.900369622719457,6930.85126085328,17.0465085275396,58.3030542980578,3318.83812074494,NA,"0.008","12.6"
2020-01-21 13:00:00,8088.94911915621,1110.66887632095,111.07359891123,1273.63272238605,290.307244100417,935.543408470181,1506.55426484841,303.836811438516,22.7371227534548,175.757684091937,67.3233112835141,168.184157797952,447.158000381152,25.5001223219148,605.598421631208,24.1162162703515,586.25282045186,7.65726013903932,284.299928109272,116.880288336339,196.291940627049,0.900388182802496,5136.87417015849,14.8895639521454,40.7579199198995,2671.05356004183,NA,"0.009","13.8"
2020-01-21 14:00:00,6427.56902289436,1020.69778557974,101.150234641703,1300.34375892749,342.210293591646,815.20541430171,1463.94351167999,328.853918132378,23.2990990833433,156.526200309453,63.6128681213961,170.281395002934,408.773591139282,27.2507717223881,527.848022087542,24.8127609020463,503.321680117202,7.46322018874324,245.399509316993,99.4053560924563,184.596316883034,0.914581229736653,4599.84614312016,15.1012239574542,32.9507581165908,2586.67692194206,NA,"0.014","10.9"
2020-01-21 15:00:00,7270.10821023059,1210.61133213329,213.035786764748,1256.88765788195,245.697581769915,936.969358737797,1805.76448073037,327.367539775736,22.3418940263441,173.798244031316,67.9981784818685,183.058503365066,449.380425475167,25.5885901741032,632.986690547165,23.8501696054814,584.529880912834,8.55949553971242,281.33993172795,112.027822289409,246.342586507351,0.917089702083759,5485.8071086064,16.6389112608584,38.4772633511453,2695.85492328709,NA,"0.014","8.8"
2020-01-21 16:00:00,9070.30798226143,1512.07359036041,130.326184256998,1920.3755236272,399.729517868833,1223.66274821695,1803.79111229588,473.446472711385,29.6475311087524,223.361951438108,81.478705824606,193.109439409872,577.62696535634,36.3656136950407,917.91546196301,33.2079466957973,836.045788776958,12.0943481778075,420.017259417671,165.455197420987,307.627278521026,0.91691340849719,6751.65040960572,14.7717953296664,38.0095610519447,3790.4780127464,NA,"0.008","10.7"
2020-01-21 17:00:00,9289.29951457477,1890.74323005312,152.077766682815,2582.02177944937,434.745852630844,1658.75019824671,1921.64158727496,567.908686942506,28.1040046099095,300.102676391697,90.1624712280007,197.867234857392,775.63944139561,38.0346390924043,1221.84310818464,31.4918137712553,1212.75175189031,11.148135585144,633.232346062595,244.561010498679,354.820874217727,0.918984335135148,7668.07727669212,12.3687768202821,40.7835706863776,3887.28601378029,NA,"0.003","10.2"
2020-01-21 18:00:00,15707.6129153675,2572.29866500525,162.214381495606,2689.69826915877,607.50567675693,2186.1085822041,2150.41080150354,737.410925148841,49.3414322265217,450.096538817598,162.803808331174,230.813529817972,979.843714416922,78.2949090671517,1522.79740189804,57.1797274700203,1599.05316475467,23.1384422150222,879.649814949814,361.769664871376,511.089424749647,0.940312476732106,9724.88118258954,15.8160904367131,51.8594423004104,5472.60357278194,NA,"0.002","9.2"
2020-01-21 19:00:00,13401.7076717248,1859.64203654298,157.495231921671,1861.4093507929,571.968459585819,1516.64045920468,2051.48746116864,730.566212457,39.8908328612023,300.923270775931,102.310296304288,216.925385542879,674.028001909808,53.2508093614646,1005.27564285416,45.9623193250677,965.801396882093,15.6481098151509,496.569086724274,209.867413529023,660.108546981478,0.993672055986105,7705.1979012014,13.0307414483684,43.7086657951044,3864.72359380538,NA,"0.003","10.6"
2020-01-21 20:00:00,6062.94495233441,825.908842780616,104.910633755108,890.734315085919,268.323211918576,687.168863595748,1224.06593502669,266.05667190143,29.9116679715606,141.0333745686,53.0298561721299,126.346422595863,346.865937612104,33.770202143972,438.624735290996,29.5823891551833,394.610173321322,7.96092373554642,193.165301738821,87.7264668201907,366.026710559889,1.07015128908606,2800.46243406815,8.29889406265241,24.1813155767817,1887.37403828614,NA,"0.008","11.6"
2020-01-21 21:00:00,8397.90692581062,1097.95787129812,133.271033380584,1239.51200526048,236.015179981848,1019.21515462234,1363.5802323782,285.265650347428,34.6017837173972,185.239757016941,51.1508774043174,119.582774092636,450.209131309422,39.4783487482213,607.696782126079,28.2842936915077,581.720619208649,9.33832019194566,300.783649214148,125.689116837612,268.946452992708,1.08739915291033,4254.71540677416,6.71343984502279,36.5755348166772,2297.32905060359,NA,"0.005","11.4"
2020-01-21 22:00:00,12583.3643335267,1493.58662458314,144.956348130428,1045.63091249839,241.121553683468,1310.4749656229,1500.47082296375,316.018565985526,28.3555934762624,236.886662807426,52.2327710734107,132.648872420201,550.245726353129,32.1528949291057,844.268144380773,23.5457309016015,808.774465236217,7.96808140104565,416.266771051159,167.550246333827,357.762717410447,1.07111020993935,6191.9080630668,6.36328147840353,43.545804556811,2183.34015636318,NA,"0.004","10.2"
2020-01-21 23:00:00,4851.78178145949,527.757119129206,101.821894280294,1173.72196005163,199.941673801942,418.046452429424,916.831774554425,188.365800594245,16.8937659671603,86.630560165781,22.5110742255041,76.2686077299783,224.85626187242,15.6337831871028,270.589311631721,11.9702065422417,238.845529317561,3.34132615240084,116.092018180194,49.7972383242444,135.515412249476,1.00653957970501,2183.66625286353,4.39875434856772,22.60870921427,2116.4276351144,NA,"0.017","8"
2020-01-22 00:00:00,4219.86940455862,582.599174979924,99.9792668996448,870.818166561045,214.820027317158,573.502725770699,744.424362238824,172.946458770632,11.1447490268014,84.1894371595147,21.9378463328387,74.0139990001928,215.413093055441,9.68998856227035,238.105799183853,9.65634239951383,210.443942223889,2.69462665539907,103.464670603207,45.249943784946,138.601747553798,0.962895562077938,2364.70986898348,4.90862364825108,24.6640251486505,1569.52610553259,NA,"0.04","5.1"
2020-01-22 01:00:00,2889.27648338019,425.431683529235,70.922989772125,424.609951880485,154.217184881244,352.111351772356,646.517924585421,124.677887584202,9.90513019146596,67.8436570457233,21.0886071428173,65.1422820634058,181.27182149891,9.35028274131827,197.371144712566,7.78160618966686,160.781422466173,2.45817943630959,75.8237691996209,37.3202056815586,166.505721160499,1.01517404346622,1710.4000796885,4.81277044542412,15.0485967494844,961.926084428587,NA,"0.038","2.4"
2020-01-22 02:00:00,2176.00067381136,309.166210365834,71.3565514497945,362.191628283173,84.5609873474901,230.028624339746,542.172359582489,115.375619532577,6.22590015374729,49.172992060953,14.5027448197889,52.1073084239066,142.313601667476,5.40592376596648,134.361117865322,4.60500732880751,98.8848971159926,2.57574462289519,43.134371847582,22.2385322919432,130.679589444901,1.00681161322267,1385.63678482195,4.99644181414798,11.8987581671688,750.712635574805,NA,"0.035","4.9"
2020-01-22 03:00:00,1875.7289535814,280.053614322651,80.35937825168,410.382514161885,84.0287517109347,216.702516364263,524.862744745792,116.112388731787,5.26952592949889,50.7001764052154,15.5446701671454,51.1571760248924,135.561894676111,5.64605984720532,110.911040564208,4.83825954856187,78.7568246424807,2.11842165640359,36.0045548755494,19.5695720310172,119.949922691368,0.981492432089828,1553.04068135109,4.62138888416755,14.7782598842625,864.82255960824,NA,"0.035","5.8"
2020-01-22 04:00:00,1850.86122746277,230.492290297777,84.943349686131,489.361418322315,39.9519477178879,173.378532475525,516.457206469087,92.6005542438314,5.3565758328682,37.5897618519563,12.6715796114656,52.6972481503749,124.730984105161,4.60835552362681,93.910820821689,5.59401385881211,71.1829515119901,2.00925590785963,28.1414940644071,13.3384519490632,63.5412858798136,0.952042665457393,1358.703139185,4.37211856453918,11.9494360686714,913.576354521404,NA,"0.038","4.1"
2020-01-22 05:00:00,2142.41908226831,264.353354169004,58.8200642118597,429.452477706647,58.0283231633028,203.296846323312,477.120074614624,81.957155829323,6.54169347413817,40.4455865166801,13.5200793649192,50.1164917923459,133.607847280671,5.21936192086565,112.290533134393,5.95496169646964,81.3865081355971,2.14654829107625,35.6679284095586,16.3990449850053,86.7033136122709,0.962397963440575,1233.63361107074,4.45114271324691,11.2700414702797,829.226820840134,NA,"0.04","3.2"
2020-01-22 06:00:00,4442.94279360293,327.073754644336,55.4109252122726,358.63840395787,54.7684385669081,246.42080610631,463.460528232655,81.0545969898174,7.95366235684577,51.0145927531641,19.2629829520314,52.7242896461765,150.244286514956,7.16072754087496,130.34758647266,7.06512534831388,96.7082205174514,2.97004343804052,44.1920169753696,20.3267581511888,90.6427452448385,0.953561257483216,1269.83444289773,5.12418306522622,12.5103192865543,869.106611581756,NA,"0.039","1.2"
2020-01-22 07:00:00,14992.8872188161,654.093900780093,86.6009873956486,762.702778074076,91.8266859466743,572.973930082988,570.281167712047,141.192093101665,11.0452262819118,111.599038960106,37.6655488370715,65.5983431286628,302.320880489915,12.6550133096089,345.84484031264,10.4730180122024,337.186863769999,3.57284107891532,176.86416799006,67.7979386503277,131.128275810637,0.962495005270003,2211.81275250827,5.98385758988818,28.2933320162216,1740.60982435043,NA,"0.035","0.5"
2020-01-22 08:00:00,24955.2591739145,929.62725201729,102.264878737928,826.288405127284,155.213609360354,841.923867001824,799.360825659865,172.3853857905,14.8331290093259,149.062795433272,39.8939607852109,87.7255450807458,404.437913568907,15.52141059138,588.30209778201,13.015902611301,498.116209357522,4.26579487254355,261.456897520456,99.0193596663036,161.538974499844,0.943358116416956,3203.61876109866,6.74855399186903,72.2070929673121,2141.20790418756,NA,"0.037","-1.4"
2020-01-22 09:00:00,11361.3902234714,603.823811651967,156.697073584595,490.962726951348,88.7887020016942,401.395371099511,782.757218356654,135.725118601757,8.07509558154582,95.1667917433313,25.566432767516,75.9175522502404,224.534302400035,10.2211195145273,324.218526355517,8.5992306487466,228.332332568501,2.74407689299664,112.971931781965,45.7360269939772,93.462851607221,0.906982289533615,2355.57598624124,5.70766110364168,115.238238812887,1310.80021177205,NA,"0.038","-2.9"
2020-01-22 10:00:00,13120.8373268801,641.127693348958,384.996816241074,781.742958609206,228.021430447579,515.438255210588,869.089872574554,197.948995313549,8.35720198534434,113.365654388228,27.3299919929162,93.8191731992491,267.689281550062,9.32096834024635,397.3285671294,8.79930581883289,300.815907623332,2.76755669139275,147.403506016727,55.5099760568424,134.161133757476,0.907263307865589,2927.46248053153,6.08774884581946,163.883045540054,1727.40546924762,NA,"0.039","-0.2"
2020-01-22 11:00:00,4111.49626823037,295.555051855919,253.215926458013,417.540864083099,142.345409877497,211.502573173369,954.845208029966,218.267042917168,3.82052505159115,46.6939531013157,14.0140926291605,51.259497253703,147.794947496141,3.83777349527761,113.493505897932,4.45693111145411,113.562663388934,1.77653980668235,58.8753470830188,21.7052088014867,44.7208793702493,0.868989717192885,1357.54913319955,4.62871287670788,49.077681904536,960.706952113607,NA,"0.041","0.2"
2020-01-22 12:00:00,4911.22146691546,290.617895339903,312.249492344043,360.412807257026,70.8901057626762,216.396846894788,856.872687989935,120.84558339456,7.04122913932741,48.2062644703089,14.2768795391811,52.082747348594,146.298262341219,6.32721855526538,133.71393092577,8.43486868073298,94.9842541652156,2.45941836104229,43.3949357022736,15.9347772574417,34.1008706639989,0.865588168801667,1186.45897805287,5.02032910665553,29.5654795754944,879.288027574856,NA,"0.041","4.7"
2020-01-22 13:00:00,4431.04916382409,340.650192255839,312.929279401821,418.161672689526,98.1906531290034,217.08411664709,673.417596813503,146.591805148981,5.54865727991434,47.6861984383347,12.4527065864481,53.7625651328661,141.142709782234,6.28689539852849,105.107985684563,7.46976686686004,97.9017292027022,2.17769993041711,49.2830332739159,17.4732402257933,32.9694395445975,0.871221186356799,3575.34484234676,5.92653493477973,28.2390386016245,912.632302949566,NA,"0.041","4.1"
2020-01-22 14:00:00,4072.19929616048,293.840903237397,236.412489674572,485.389398659615,124.920618205952,201.204404380233,617.407591825733,140.425415977011,4.25310441311093,41.303475702341,9.82124297570805,48.846979489986,133.784952323179,5.14092039084168,106.743550535899,4.96287857515489,96.1401298736627,2.54707037329936,49.8042645610434,18.3154203777546,39.2860272483154,0.912226256891446,2075.55156427436,4.91697242712633,13.7872389700301,980.704673246286,NA,"0.041","0.3"
2020-01-22 15:00:00,4012.62640112036,430.317154463945,309.909965350912,612.851222626862,63.8300653638548,264.271284526816,1152.92750816348,137.67781207091,3.04941882531477,45.2585520694081,8.99609768686995,47.6242925606204,168.185637251719,4.1114774719107,151.285739567756,3.21731400547455,142.935648803918,1.79877647196017,72.2354390780797,23.4996798421522,39.7077110234693,0.86979817197394,5677.8271991419,3.34609018824775,12.8621166878928,1024.4111212869,NA,"0.04","2.7"
2020-01-22 16:00:00,4168.41999744033,370.965628999762,120.315270285132,468.635681461732,48.2876594995721,316.876826995656,729.532650431807,141.919629200282,3.46420037140228,55.6547294587855,10.6538327716176,46.4632164896442,200.400334543291,4.61786021837415,203.955616311749,3.96325421322744,214.285108926058,1.86482704196186,111.311202696318,36.8326208991658,46.4216597885688,0.90301069751592,1329.15145118549,3.75452096339472,9.20000561285528,1018.33751633104,NA,"0.039","-2.6"
2020-01-22 17:00:00,5940.58976506075,557.503378475759,140.433555761968,977.367684922557,126.439027883637,454.787929247008,606.990297029355,144.176719293831,9.34091162359705,79.0328867336376,19.7575293847497,60.1562627067661,290.145442398274,10.2815034326529,308.291052482653,11.3359282290362,314.562797988965,3.1862221725841,171.11613573808,59.8440171854321,69.9208876473712,0.874855699573672,2212.92493135615,4.69310972679097,13.1034059151415,1829.08811701862,NA,"0.017","-1.9"
2020-01-22 18:00:00,7749.830086575,704.566624682754,112.473081644127,864.155471202612,222.221054325121,540.066671530255,640.446990514375,250.824481619188,28.7893610540815,101.476965237632,44.3387939555347,77.3434765052459,301.508295579064,32.0576992209553,336.713527730779,32.8993980948311,328.290801560693,10.0634411059648,178.268436463118,62.3012830075843,89.1819050830449,0.867573103095206,2798.14110401835,10.6739005633847,21.0373913846757,2087.55460891397,NA,"0.02","1.9"
2020-01-22 19:00:00,7773.46947793057,788.351265241605,121.650094168369,1017.48200624795,219.630397492129,606.783210067224,712.680223775098,274.249824081931,17.7605673729958,107.324376668235,34.9927643573681,79.1126941615592,342.804301189082,18.1280749734283,414.517194163155,20.8707090664786,420.349529819365,6.40113377798568,218.257074071419,74.2211522653868,95.5384736253715,0.859849004435904,4009.51885451421,7.89740642970572,19.7070392096617,2224.44423084873,NA,"0.023","-0.2"
2020-01-22 20:00:00,5063.09105402066,623.785950876462,76.2780233603163,602.529719808413,115.612786095306,522.309736804503,625.343562231111,101.789349416447,26.9941702612672,92.2950295160045,37.1769107007923,79.2764537293229,262.714919524455,28.8994797412195,296.291864111933,31.9489840398069,274.758241084461,8.21670492317516,144.778684752372,53.1198046072265,129.091808412527,0.874526033770615,3508.57529831761,5.663017227295,21.5813789553788,1439.74199847659,NA,"0.015","2.5"
2020-01-22 21:00:00,4740.1884366961,711.582747786445,102.101500255411,950.797849621537,268.871218324552,553.145318023729,796.786874505792,309.260919602081,49.2760047195718,122.438239431338,53.6447996140555,85.9546272880025,311.110109540475,56.5802409397025,357.556234601445,55.0924819394584,322.433979457494,16.3880700751063,171.281563383569,62.6611164566622,173.994802445075,0.903548954467291,4716.94482352441,11.6614592763874,29.4101031091878,2130.49986546983,NA,"0.016","5.6"
2020-01-22 22:00:00,6743.77952607445,630.586797953869,82.0669319515391,679.757298680736,79.1178640751892,480.566631623764,689.62759079836,116.257210431072,20.0319836190448,96.3796247726612,29.5207890215429,70.348939079718,258.754521050914,19.9558471915937,303.639056130836,23.6492276704038,275.270304127956,6.66519272743357,149.867606906902,56.9868947026613,179.126534221573,0.919081385510749,4488.17242930225,4.30459483994407,34.9380290593165,1538.2542145185,NA,"0.016","5.6"
2020-01-22 23:00:00,1215.85297703331,158.010660134229,43.2765857898319,124.86280588893,NA,132.543840852616,326.930025860607,NA,5.86043466354943,21.477980223087,10.154275025025,49.43684171161,113.820387643332,4.12488414366392,69.5841644936562,6.37727073406428,46.1555120323426,1.64470049059301,19.9552423254537,9.34220652787998,46.4529921969971,0.999994320221023,569.92024241355,2.25572473100261,5.61629596087065,255.289601028383,NA,"0.029","4.6"
2020-01-23 00:00:00,1053.0355378298,239.706787240972,48.4227221973169,260.705631051914,27.5951335738459,315.389272090065,322.699559590434,44.0221606234887,5.92223689539564,25.9802430124842,8.92522701327883,45.4671790298427,121.501275773474,5.25450553620037,84.4402248515117,5.37601564355096,77.7357008904337,2.41537842107394,40.7997097951471,13.4059741009455,79.6778489698451,1.01784938337022,684.424164435045,4.43015306938929,4.14176278821688,515.912667444874,NA,"0.031","1.7"
2020-01-23 01:00:00,1672.90392311683,317.239383756872,68.1126647642933,473.725036630731,59.7188703110701,355.74935463072,479.763267736245,82.7785510215863,9.3019742140481,39.0816201243541,13.6907993961753,52.3395172220604,131.679657213433,7.69029725513192,103.364232658682,12.0464186212937,77.3697281747408,3.19708896540249,40.7980023784449,16.5274537563787,145.945589231387,1.00044082692273,1672.22649023458,4.42536247412039,12.1524133692752,891.927870763901,NA,"0.022","2.4"
2020-01-23 02:00:00,1124.64575608473,224.044646671378,51.7689900766742,349.437229612509,64.2283517554085,262.835731137602,375.474090212153,49.9223282242692,8.23069824948327,26.0651793008311,11.2389781630336,48.6894176722181,114.476523801115,5.88878768227312,72.4918484061966,9.21391006637487,47.6933675952213,3.0869887846339,21.2922951103043,8.88716042465158,98.2415669723562,1.00201570448564,871.026705117108,4.65472529253102,5.96927718831717,650.334892569533,NA,"0.017","4.7"
2020-01-23 03:00:00,1398.24486141273,299.55184282985,47.8825529899309,304.603236787084,47.7965451546434,328.954177593618,434.910197499662,43.4993513402697,19.0010453779683,34.7500555571489,17.324457725693,53.1964194361386,136.492993116592,11.8390467701804,100.298976806659,16.9855838983807,65.2307959699727,4.7482051316124,28.7136539583147,11.7209719450144,149.895629043106,1.00377102094412,1238.5601494051,5.65677392305169,8.83158477312998,579.093437603857,NA,"0.016","3.4"
2020-01-23 04:00:00,1005.2966628821,226.408629339192,44.7455248852667,281.97124088125,58.590433464554,252.205377530344,364.207926838171,30.2134477620945,15.6201350491763,24.1723529779975,13.8797848894785,46.453587341599,120.217204053098,9.21566751584254,73.761205011527,12.7317473401553,43.8516047111018,3.98676161820292,18.8938975485144,8.79600625162101,117.058393625685,1.002715519862,668.551432172769,5.38211980383924,5.17574418311844,544.814860888672,NA,"0.018","3.2"
2020-01-23 05:00:00,1843.46431468535,484.234591286594,54.1595261778908,548.183924027244,73.0106522072345,479.791704490191,575.414618357593,80.2850485512919,12.5894079475008,53.0304684827443,19.4122247684687,62.8201159551083,161.062158738556,13.2084889177547,155.540199774086,21.5462647383047,110.319932065356,4.06882719874245,53.5343878869011,21.1686153948764,139.048039392471,0.999372840252936,2301.59568825965,5.84220356663199,18.6182487369204,996.54768997973,NA,"0.014","3.9"
2020-01-23 06:00:00,2298.0771258336,531.079475758717,56.5090373757348,603.333157024684,67.8838418424474,535.832021993131,598.664787180447,88.0702272159078,9.02034527692027,60.0487719533292,21.1447037590119,65.1562134157612,179.734196023271,13.6385726394541,186.847481889034,20.4507016266107,143.908484237965,4.19517194340549,71.0874043465973,29.1905135129513,123.487262707046,1.01350213186405,2438.72524372074,6.19295908057331,18.231055968023,1132.66397620512,NA,"0.008","6.3"
2020-01-23 07:00:00,3945.72245911236,846.479247814593,77.0805242265035,786.239416675574,76.1556314370595,986.654216423329,716.018879890044,124.953944046669,8.24347729975881,103.217621232749,28.6578143647151,74.5544327987143,289.031896135923,17.0438192723567,340.167671679498,23.4211444326785,296.730284831701,4.59241581817928,160.810799650118,59.6210643355769,182.510453938889,1.02113906211892,3568.74440448934,5.76372492034175,36.9012671823428,1471.29346625664,NA,"0.005","9.2"
2020-01-23 08:00:00,7615.08728731351,1310.42904168242,81.5788761596194,977.799589820653,75.7396522207983,1682.37451033104,749.705527550096,130.341679923476,13.7266074775,153.032336724916,42.4386439673166,83.761619135384,464.964375832313,21.274684843245,617.189876524318,30.7669150064775,614.303823342919,8.42945129141422,351.349082660084,125.924345154917,196.516043995773,1.02557637927256,4450.4847220157,14.8857015994966,44.4142470629931,1932.4788160069,NA,"0.004","9.2"
2020-01-23 09:00:00,8349.45854501783,1454.62845950245,85.7109222394235,1029.75931628937,169.895607378726,1866.41749672646,861.476427529225,175.232117375649,19.3342086590798,175.54799126885,50.6376157573666,93.0276327295592,511.616479462006,29.8395624261079,671.760137683022,33.5025065728759,661.135508542212,8.91307633784078,373.350271152747,135.96889370341,216.624094380463,1.02417197032429,5034.19514150257,11.7750485097291,66.5840983297833,2183.80046537388,NA,"0.005","8.6"
2020-01-23 10:00:00,7233.37697431064,1143.94135561146,96.845473515624,925.483202193409,185.028280740748,1492.51452644876,909.283352113126,195.588418489019,21.4923933382446,145.087833379666,45.8069663638539,91.9450776317624,398.896687166231,28.4748882927441,493.747652143668,28.5128466766016,488.271403201318,8.86174311013898,258.458795264254,97.8878561415167,215.458504671428,1.04707098515498,4509.5503217044,11.1127079141344,63.2338230504106,1992.30254522705,NA,"0.009","10.6"
2020-01-23 11:00:00,7307.47017501791,1124.41716505295,104.038946989502,1115.59134714339,132.00532427927,1634.08011455123,956.090087145171,290.388040695295,30.5248214412492,139.655327470767,46.3573811951071,109.638081616234,370.240237002981,36.0182631722533,481.455048354275,36.3884440440921,433.928438103874,11.2162821288404,242.820306371158,93.168923151784,1038.4724783647,1.05165617963087,4489.49076685458,10.2195273659916,48.8193647479845,2188.23028139261,NA,"0.01","9.7"
2020-01-23 12:00:00,9618.82705043362,1385.89814110023,123.990530811006,1133.43514147175,204.177897076827,1882.07863157811,1314.22477522692,277.206321372002,33.3373437896675,174.342585874603,56.8848903001825,123.35549070435,434.58018826837,41.6399617495109,592.155685421961,41.1985443763863,526.359946727611,12.545678327478,294.04937271645,117.005064291122,1357.4775713666,1.06131541418234,5793.23074939675,10.5048558234502,58.8552015299968,2368.90039054035,NA,"0.008","9.9"
2020-01-23 13:00:00,11203.7739746865,1860.49404638863,140.701534621208,1546.70855467983,301.536423320319,2741.3531063412,1482.50248710501,374.277254013233,43.8396895927479,219.115722418895,75.2854716060852,152.415928436307,566.775644779182,56.1440805398373,832.027330592962,59.7088118637544,774.569483315873,18.4051296105672,439.329681953209,170.512659913496,2161.73207882754,1.0790685896719,7315.20083962047,11.6427561839275,57.6388731898894,3171.67952707723,NA,"0.009","11.6"
2020-01-23 14:00:00,14898.3440386851,2108.7981825,137.955014341216,1804.27993907274,333.251005323862,2795.84803584389,1624.70434978341,410.931789652016,51.3749790667661,254.730474906326,86.5146053095011,188.034791006954,627.237276508105,63.5303231175078,905.858695201785,66.1348154200552,804.495659517227,21.871546759763,447.717968173623,179.31301078628,2809.06580089256,1.08401860539983,8139.72991560152,12.6660239228767,53.4269883755579,3683.41986866166,NA,"0.006","18.6"
2020-01-23 15:00:00,21004.9938150666,2837.67055353117,124.848462455851,1818.08852945057,405.11514825122,3889.01932795667,2415.83195892183,822.976052236797,82.7792758667102,366.207780556438,131.905545666526,322.985106171996,767.549095589866,117.172249396644,1307.53339222276,126.748126381335,1147.1484705879,39.7448305669165,565.001419663039,231.590394996448,2086.98400492445,1.10174936528474,10565.2619406236,17.0714952358565,53.3669193781353,4559.89812920564,NA,"0.007","13.6"
2020-01-23 16:00:00,18334.5703785931,2674.29915259998,168.682925160089,1880.54597876908,352.474409785467,3605.34267012141,2053.72234571526,731.744742861533,73.4717876298751,333.3765335617,113.789968508407,283.496772400424,743.828249040876,96.0960509216442,1201.34813152521,102.932959190089,1080.56492333823,32.1478772537547,552.38284980888,229.176656822691,2285.37915355033,1.09968626261908,10577.9316888949,14.4831925051678,49.6099149695439,4209.16616122837,NA,"0.005","19.4"
2020-01-23 17:00:00,18160.177747961,2748.21383510145,119.103704245515,1507.5087664637,451.353606334816,3875.16489483222,2167.55330817333,872.449316080357,60.2397168339627,349.209974199619,107.650027961436,262.976164370644,724.015833306301,93.1150787099817,1130.95764335242,92.1021581174986,1103.82248681645,30.1966076730754,562.832856638611,249.693995814264,3032.93075704877,1.0860120324239,8582.88529525526,13.5455460373213,33.7750054792223,3853.30936838038,NA,"0.003","8"
2020-01-23 18:00:00,19145.8437564215,2727.8361372511,134.276432863677,1710.1570015505,385.547875534515,3777.41442667976,2152.4978587503,784.535951741405,87.0062370896012,361.535465105359,114.100418196661,269.856994035947,742.143079124108,125.638207804453,1113.40796166251,119.315749316554,1101.87352495515,38.9987384804383,581.559658790606,252.410525743334,3142.74647240498,1.08607709652871,8958.61248526356,11.2012203781931,39.8051359732832,3968.84050190351,NA,"0.002","10.9"
2020-01-23 19:00:00,18942.0008973705,3020.17500490868,140.557211790087,1569.03069018471,380.512831519212,3889.57501022992,2017.15016993433,850.160243939844,86.560447361909,364.996135686891,113.925991140028,271.36966314841,749.798652090609,122.237163642478,1119.8073992062,107.29195769398,1078.95771142477,39.3188066445097,569.865366611734,245.971498710276,2676.27498401335,1.08514744888727,9356.89817101957,11.1895418287655,44.7818807245118,3775.53205588646,NA,"0.002","14.1"
2020-01-23 20:00:00,17371.9596161051,3161.98805060487,163.193355082649,1838.30688212488,313.061380179836,4233.38301255319,2101.15974246126,858.524186425953,126.939625119162,411.231674543029,125.864048735364,274.115779545686,857.350560287822,160.6764587006,1245.697705054,133.443114339223,1196.03220007481,52.0488123883089,641.227508522382,270.383560157446,2887.97677560018,1.08649210655474,10294.966472457,9.12884153800967,57.819848425585,3894.99118892833,NA,"0.002","17.6"
2020-01-23 21:00:00,14400.7766588209,2599.02902742849,139.354639308942,1501.40283363435,253.17565712956,3429.9451421746,1824.65550277198,737.719108769328,104.570410233488,340.489064158553,105.699670881462,244.885269371351,712.759722400044,134.909907827572,1035.01034727584,112.709398585566,964.892133938809,43.0631409492946,509.331535275807,217.819656246447,2325.11080927067,1.09115023110566,8478.7973558681,8.63902251198604,52.6498135185303,3328.03574585787,NA,"0.002","19.3"
2020-01-23 22:00:00,15158.1563963954,2917.34535436592,151.485957585096,1541.91419882247,361.622765997948,3713.84646987709,1889.55038569946,764.465563222141,133.941450321643,370.048798921604,124.525924342505,246.357700389459,806.137982799643,174.359064992978,1191.13853093095,144.688224639952,1073.43734812504,57.0097247486499,572.917449592508,241.329356582162,1995.55760538697,1.07613535677283,9464.71118834409,10.4730625860853,61.5585636000657,3535.27856034848,NA,"0.002","17.4"
2020-01-23 23:00:00,9584.77772815358,2299.40320874767,139.048969847758,1444.76726943432,328.049281605123,2938.90292225304,1683.11971977171,601.442361855732,161.281685626693,313.90775606311,118.287939181034,195.067305502059,656.45261746413,227.755623405635,955.599020402118,160.228053330953,827.264575717895,67.7294646112821,438.125548971611,188.401701228603,1730.61336782949,1.07166781764275,7627.62186910371,9.52894301555389,60.2519516418164,3076.94500474736,NA,"0.003","18.4"
2020-01-24 00:00:00,9324.23138270493,2439.97553316617,140.26545351333,1440.18481448232,330.868580627078,2791.50011883376,1717.01556139709,605.11307611864,150.872224031974,307.828502702986,110.970691133665,191.411801452203,649.183644509172,202.775487014926,1016.46533266291,142.782625806579,821.284097303387,63.2794255357851,440.229553197481,184.239064615461,1277.91457623183,1.05573726727117,7707.89707820324,9.77731731636905,60.121086712033,2910.89200415485,NA,"0.002","15.3"
2020-01-24 01:00:00,5884.38665895165,1491.99281369036,115.385484994704,1148.13564494708,228.756380940098,1772.60769816406,1419.23413474309,393.385760996095,98.1967619514956,230.255688904591,64.1333512127675,162.881400496863,445.414829029989,129.486179724932,736.767105019064,74.4039826043549,537.718751460413,34.9295105573517,269.869623005787,132.407939855331,1033.26600273533,1.04482363343515,4432.41632469683,7.07495036881104,40.7669331086095,1970.15369995318,NA,"0.003","17.6"
2020-01-24 02:00:00,8530.83597317584,1036.29880547823,194.592905788585,1587.45779967463,277.314523475896,1293.1514755595,1966.29923308484,340.84485847111,34.2399723142231,288.637624038707,36.4761295418689,245.360520557144,391.04202483164,40.3082013156856,852.843653598919,33.7513238703025,455.284907746135,12.0623169925531,188.052657181104,173.267905377731,766.613820368738,1.06893645425007,3873.39650396032,7.80446850529739,33.7869800686439,1746.61257071457,NA,"0.002","9.4"
2020-01-24 03:00:00,6947.52699899576,811.644891789322,178.101525811719,1471.65319933072,200.564094713206,1053.99945414013,1696.72480161099,259.776595589033,21.2654765305032,248.591662031426,26.8144004120796,191.983631202965,310.535440474888,30.357088013264,659.430421690397,23.0131647498481,350.400308315953,7.54173409234603,144.059111333188,141.589483248974,854.566548744804,1.05060402011724,3157.58103329787,5.93452095969346,30.2740540448222,1510.43320306956,NA,"0.002","9"
2020-01-24 04:00:00,7547.63594625063,860.527716331492,168.124956794602,1272.00844864356,115.248048251843,1060.56427682622,1744.59726652247,190.357338927324,24.6576731849467,243.706817714921,27.2469603697049,194.781609203658,321.906301329518,33.7944278944041,657.87956985565,24.2301896648533,353.073489089664,8.21135149081839,139.548575821538,138.433115976728,886.758659572015,1.0465693727747,3356.18750733588,4.54762350529385,28.537445021399,1420.36952347453,NA,"0.002","9.9"
2020-01-24 05:00:00,10496.7417748034,778.513701411592,180.413527393921,1196.04113597467,128.675599837041,992.869290603315,1604.89912169833,188.062609316121,24.4559233119926,223.801771605637,23.965593852975,169.658545075565,313.778512623934,25.9679249805867,640.054127876481,20.8339190361804,347.973260688802,6.15273809808737,143.563614285552,136.50418064514,675.225262396613,1.04589663955436,2825.17557699353,5.08528425064235,30.2036769464652,1303.16709117876,NA,"0.002","9.9"
2020-01-24 06:00:00,9685.40799362713,654.351083513099,231.140754049421,1100.65759735655,126.704009611844,833.627370237129,1424.03978998089,145.537492592811,20.3034999247721,192.832910780105,22.8057667415919,149.996015702663,312.589049135768,20.8042251962465,529.042530862794,20.0857108464641,280.375740060058,5.90869338562304,113.838153662176,109.913653484063,524.812422317685,1.04423685375295,2245.31739283581,5.13591345333038,23.5441073536067,1257.26048985217,NA,"0.002","8.5"
2020-01-24 07:00:00,16150.7203930445,783.819122932587,198.064647193961,1524.39639996518,129.844723558151,1044.26419248203,1338.81624932634,152.811407632019,29.5566344024389,220.78019100184,27.7962970662583,150.546482111484,345.573671462892,33.3474778945659,680.07419615582,30.8959842963267,398.690127229484,9.05713642673648,177.63792903101,156.318628004433,555.267709131222,1.05766541574971,2502.99962060909,7.16256147025536,27.6181738063539,1502.14187081162,NA,"0.002","8"
2020-01-24 08:00:00,25872.9761231268,839.765275333711,163.43358520792,1228.02669165677,111.525605316826,1152.60414020126,1271.54137300291,114.197416595089,31.6505282161216,229.30033800409,27.3867672501613,137.528346512013,392.900671265062,33.8121627602254,736.542737414697,28.9444531398337,436.157476460637,8.21342334619074,194.240416384354,165.810032050987,512.125278025153,1.07456197977634,3048.3970156419,6.88515104153629,37.4557549969892,1490.39535004831,NA,"0.002","9"
2020-01-24 09:00:00,28623.4683315443,1588.80628875244,203.557484252499,1681.0213644586,93.6580138254406,2258.90286478193,1858.93369325046,166.921476215957,52.2998470889777,432.641681867379,45.8995363771235,218.346993269885,670.760766187866,58.9246495754781,1497.48225319803,39.8011585090748,901.119937776482,13.0473782997675,401.432288322362,331.689000700796,910.1787169065,1.07643860495672,4653.11757501978,6.9938805289702,63.9035108216107,2006.1820250577,NA,"0.003","9.4"
2020-01-24 10:00:00,13904.5910393269,1168.14672351797,8276.69726761423,1780.5073568814,172.256101017774,1491.36390231201,2212.21309896685,204.509602510983,47.859571577304,343.633705426587,40.9001094143438,215.380177696184,446.568731172928,55.4680753857379,949.363423962533,39.7160074454204,540.593986784186,13.8898598133223,232.380935100451,206.159833039649,795.457820453635,1.0957891397085,3583.29920001206,8.01776456136794,52.3763060262121,1982.14466136588,NA,"0.003","11.1"
2020-01-24 11:00:00,17374.4335173683,1560.19009289058,2465.09290811901,1947.26912689335,157.556371368527,2354.8540113345,2397.42260198431,225.195882885504,45.2278724279474,481.776219841438,49.6435078302282,270.160053483576,622.573452629895,52.5642735611748,1419.06494051577,40.1864058917244,824.3851085314,14.6388726011186,367.12062278137,310.646179974592,798.926568457058,1.12898852602205,4338.50255625922,7.80711547831428,59.3437885749452,2009.58460048991,NA,"0.004","11.6"
2020-01-24 12:00:00,13402.8347237205,1388.14080692978,314.258315584488,1890.09650639956,82.1406704925892,2041.30777375581,2447.92164718568,137.564774911041,41.3616148699228,411.926764507935,47.8553643052855,240.302364367179,602.834124324018,40.7288159903102,1452.6589309131,29.2381968661201,790.914960709278,12.5908572853593,347.366590188164,292.63115399798,743.961569005663,1.17000738605569,4094.3364604286,10.9526339967492,51.2988058893784,1992.54353589491,NA,"0.005","7.8"
2020-01-24 13:00:00,9049.55349070453,1121.26034827261,194.517331040426,1892.6394392,210.055887439686,1479.69840207983,2166.13204805064,156.267431412077,32.5230440348978,316.967373092457,38.358532776712,215.339367854471,464.56811098552,34.3789987133366,1038.32699116194,23.1903157524907,579.080950953485,8.83887379580497,252.509442517647,217.571890594418,570.624082785183,1.19536969134043,3444.76979863575,8.10942310572504,44.3856545761565,1915.38676269835,NA,"0.008","6.4"
2020-01-24 14:00:00,10586.353492752,870.067869909908,283.609730520703,1326.27688211022,182.545932927795,1254.16500782366,1838.62177812323,212.543459525597,31.5063277792564,249.556490109316,34.1705163869207,185.557466719623,389.741582734216,35.3346961344263,823.953804292365,24.8007725914271,469.341482001788,10.5916132791345,205.862101969969,170.760244791385,427.618906725261,1.24037090689377,2936.70480764672,7.78546543491287,31.1408447370281,1449.09213620262,NA,"0.009","7.3"
2020-01-24 15:00:00,16993.8669340103,798.730946038554,235.908654803337,1028.19022756567,117.092978736881,1115.25071013497,1873.78918067697,145.259240269514,27.2147584467324,234.368871386413,32.989196246137,185.437525862643,338.980539429953,29.6155788187317,715.651952723655,18.4401009746669,378.755841649018,7.31985166344972,166.075114588019,150.645424229948,674.774675091478,1.28382298024989,3148.4717891182,7.25131778847549,24.7051413817214,1342.58179393973,NA,"0.015","7.4"
2020-01-24 16:00:00,27134.306758104,1297.41396577764,403.987498407861,1637.45683221349,209.013304309462,1631.85594786615,2376.48467385081,247.982998508942,31.4252052357279,324.88344074707,44.5493622655162,245.330642844285,463.02798708006,37.2650248837243,1028.44462673906,26.7354002188066,592.650389677919,10.1086383290195,255.893881779448,217.377006893343,683.704963207073,1.30365095125845,5084.80746551687,8.55195613960715,28.8412703021895,2067.30135086741,NA,"0.009","8.1"
2020-01-24 17:00:00,43842.0209409684,2581.31046432016,437.191785605776,2597.62246960678,146.522109658885,4009.8689405011,3079.11189349042,361.243287218432,50.1057466965129,623.02817934143,64.0341981826937,420.700059621736,941.648919313596,61.7001484597234,2154.01940819299,48.4621778707949,1344.09993647827,16.2159360574182,598.713004570765,471.128766152017,728.373724495029,1.28579937548017,7228.17621824891,5.5297825349143,48.1234391912386,2873.63186805595,NA,"0.003","9.4"
2020-01-24 18:00:00,43922.0295457499,2512.2774438638,356.744298199525,2393.64440039809,255.384995180673,3923.55370211203,3382.73943260705,514.155406222004,82.7533384990594,690.754988083806,73.7405931856031,486.379575068407,963.253274302034,107.314398715536,2203.32621275972,71.3935199355982,1405.4746221628,27.1452683444969,585.515826393735,497.9626349741,1589.83163166143,1.23266889166648,8972.86330608112,8.33760695782159,56.4730489689494,2903.63162006182,NA,"0.002","16.3"
2020-01-24 19:00:00,44576.2237439585,2909.33761127538,429.43366921019,2327.90821457593,152.372164836247,4176.58058070714,3200.79328852178,405.902875248453,84.4700535339602,752.528546077894,63.6812484946501,440.206148986526,1086.49105540865,107.016375227905,2456.62340814214,57.8037187755244,1579.47353657696,21.3459210128633,685.807370463102,572.56855376297,1630.61385455666,1.18273738105235,8772.66056728391,5.5726475556112,73.2545230565976,2631.28435248468,NA,"0.002","11.9"
2020-01-24 20:00:00,23612.226183194,1460.3853605757,176.693829088481,1959.53320385978,272.782491328539,2219.02329736681,2205.88533908261,372.174768870778,52.0854597870558,401.718384779392,49.3882650291059,251.497011853823,493.994988479229,56.7375700949166,1128.4522185638,43.1637710981891,650.778181511851,15.5139775777526,269.370123910792,272.462735014904,2268.29322313921,1.2109081187301,4239.09090135757,7.26961570941442,23.7466344103583,2595.29953718815,NA,"0.002","11.9"
2020-01-24 21:00:00,14874.4522501294,1287.54308319975,253.198603754075,1525.93543684107,165.042250672462,1901.73746336115,1973.06382650758,258.127641002432,50.7834580476389,354.228320934651,39.6400237475798,212.032282613388,504.436626908315,51.0157138888722,1050.84329031873,34.3821406042886,616.812919463888,11.6882112778734,268.756634694214,246.350659630116,969.454835007522,1.20941861854331,4432.37019730775,5.28071590656043,36.8186903310877,1760.32251143424,NA,"0.003","8.8"
2020-01-24 22:00:00,12254.9735231032,1224.25568790094,225.449577132949,1496.27056285747,73.6717157200339,1916.95339170726,1816.02848857754,132.331378907523,56.0842207240393,353.260184988516,33.3996471226717,207.836912801763,530.276888126542,58.7829404666505,1123.32768190665,32.2417729631801,680.832328349025,12.6334694595354,320.132565517965,279.509043997001,828.56305597516,1.2116800130007,5132.48590600208,4.44675229732135,44.1409222931141,1397.62876412228,NA,"0.002","8.5"
2020-01-24 23:00:00,13651.3794851377,1472.76947028038,254.000531079265,1567.39436633149,79.6429934711494,2104.63533854434,2082.11985165256,189.898855302997,80.2216185120408,409.24004467627,39.6319478225604,210.971526082719,580.34661194595,82.77330618032,1230.19569781069,43.4973449910068,702.049862320764,15.1432337538297,308.686846108263,273.134611491139,1036.36070827178,1.19303110706375,6843.95479270006,4.43542587285523,41.9451531263284,1596.21587450293,NA,"0.002","12.1"
2020-01-25 00:00:00,5572.7184056134,934.499106815417,118.877073005862,703.5450625376,133.954500177931,833.781611747159,948.247016524229,190.0149608158,33.5818095640896,169.976468072938,29.5188548993963,88.7170896315865,385.067292098981,34.5352664282856,519.053738978375,17.3095767736631,469.412276100829,5.54094168703878,239.767944376395,107.445885303007,432.897972295882,1.15956134958083,6555.7051180992,3.71361993881242,44.0079764237262,1314.2384608756,NA,"0.002","12.3"
2020-01-25 01:00:00,4617.96764080697,524.733525185118,81.7779507313543,546.097715684335,82.1669672757058,448.438553303235,695.992808521493,132.762607817129,19.296101243828,97.6601428650755,19.6184061439017,58.307017655585,232.087777858365,16.3245267326569,280.531671457421,10.7333668633291,239.304362115681,2.76133423143836,119.495325243783,55.2377137615177,257.763741292506,1.14186345297808,2855.14088599676,3.43164142272779,24.5152476221758,1159.4063114683,NA,"0.011","8.8"
2020-01-25 02:00:00,2744.00416281608,453.064414722616,93.8119421545792,496.038942977392,84.5865869429301,348.992577098196,609.646112873772,146.74693600293,10.8409818723155,75.1504773281645,15.0701844762058,58.347935172131,188.04935856262,9.06382637738652,207.055860776859,6.65391161020753,179.58473558026,2.23055154502418,91.5011288462523,44.3343031494019,186.906577601161,1.14797014413118,3566.77566395407,3.68301295376043,17.6001170594825,1053.12221491136,NA,"0.03","3.2"
2020-01-25 03:00:00,2711.74150473514,377.619045748191,56.2154434204108,325.563569736378,44.5184973989131,317.809283394993,585.894731273561,65.9766238929254,12.1067381280663,69.7321284878978,16.6290933186602,62.3974387249124,171.032808950538,8.90159575946885,187.497962590153,7.58583647764683,134.424093937991,1.72800930729109,62.6205775799912,37.112352404297,451.703920083426,1.13626023244222,2585.30390658932,4.28447194092516,13.4043971130182,877.301782034005,NA,"0.021","0.7"
2020-01-25 04:00:00,2724.40332251525,430.285611734675,63.4822416910205,299.579669088625,122.175640818186,359.952390431345,640.732997531931,120.866099935915,10.4363406623706,78.2347599064263,18.6281192222688,66.3695645662504,183.49997968995,7.97306325903158,221.333546238334,7.5869062476647,151.665839772539,1.87783760507993,70.2159707166389,45.497689818476,649.426560378695,1.15027517258567,2091.30070412176,4.68764120307185,15.0548150037754,935.728620181053,NA,"0.011","2.9"
2020-01-25 05:00:00,2992.77301182657,510.620179339641,88.9690057579576,521.063668266349,89.5296984271833,416.433482979016,771.296630376763,136.595294834082,13.379054881901,94.2295760504888,19.1228527304956,74.5899240681595,207.815620519281,8.0453573476417,268.509169144761,9.70492738532636,200.990575463813,1.84041441436427,93.5098164637854,52.0866357511102,457.689190522715,1.14691652407919,3032.27903580924,3.05522822958941,25.7325386442073,1145.07619243222,NA,"0.007","3.4"
2020-01-25 06:00:00,3266.62572663393,620.024154509082,78.9773886860925,543.799168760794,57.935239688458,509.139467446408,768.453270836828,104.744383965986,16.9989401452194,104.601171335049,20.3448114644448,74.4621808214006,280.404095937684,8.71183850437256,366.751723775666,9.34709308612867,312.944742789772,2.03130405173545,151.215438907001,67.0751726637979,239.178900460325,1.13120964304315,2868.56657171857,3.51978950434484,35.2718806610405,1029.29067248868,NA,"0.005","6.6"
2020-01-25 07:00:00,7357.85789124996,709.621456462753,79.6032303805926,506.793639892602,66.6337285275531,633.105808924638,727.525297004165,88.8173878895905,14.6063779483989,133.507197882542,39.6587353598063,75.9167610692901,291.593114322254,14.2123304619141,366.923998835251,10.3450302176661,319.20224119975,3.36068054679292,163.530700644043,76.9228908339716,314.001266488513,1.08352780885044,2943.46492947161,4.23255724067978,32.9583885640395,1314.53851043214,NA,"0.002","7.8"
2020-01-25 08:00:00,12279.4437023492,909.479479930063,87.1425998264131,656.829365468367,45.3775414592928,891.513841398197,812.4130880372,130.376943224664,20.4001509237375,161.311500189735,31.558025009816,83.1262256154869,368.924051572921,19.0932638111607,498.284171645542,17.8724046383728,434.171255401753,4.19569005536885,222.918570089479,97.3964830509388,438.246407306472,1.076561922368,3934.64151190752,4.16165131875306,36.7054768094628,1564.5260521262,NA,"0.003","4.7"
2020-01-25 09:00:00,19478.7349168145,1903.67332572016,119.939255506783,943.922662482951,89.371699930769,2212.65235394528,1081.05569641975,150.320185546993,31.2596789874593,242.404462031914,40.4488302693866,115.98953491527,584.342713936889,29.7546212961171,855.788957103738,22.9516386416694,781.008428020928,5.51688511398711,401.715810882637,157.903980825865,347.795912135067,1.06564998716194,6155.06941809327,5.47008590307963,51.1075201900147,2079.70557812992,NA,"0.006","2.9"
2020-01-25 10:00:00,13176.2763027151,1367.09596497471,105.33981925606,1109.9582076047,251.357173168601,1453.6773380204,1034.53710820625,209.716510266854,32.6271681872982,187.530301963191,44.1952188895042,124.144029960604,469.558569494263,33.1803248531895,648.185918526269,23.8700575543825,572.269696744406,6.93686158474389,290.633596460216,118.042859670878,294.593152290149,1.1092431049226,4389.47585176676,8.45285865933129,46.1640759673775,2250.27590091283,NA,"0.009","5.6"
2020-01-25 11:00:00,11062.5504081855,988.599370362889,111.674324632616,1103.99627320157,325.469620731602,971.058779553706,944.818611779767,267.578863128395,26.1516794855862,150.752820375813,43.108805415542,120.555660751369,408.856496531194,25.9921098322052,531.655099413803,22.2936217920232,490.046031911518,7.40524748680574,254.91521192792,107.993292472484,311.771440060686,1.15301822367089,3724.48057896564,11.300007172273,41.3989054460447,2370.4467355424,NA,"0.008","10.9"
2020-01-25 12:00:00,14508.3372569372,1353.77014938204,129.66937953787,1251.73146354043,424.165606280319,1233.69904604596,1146.25212657508,377.744252182157,31.0619846901921,203.617868654754,60.2841914503826,154.013898892471,548.477086875528,33.5028087270947,749.129455724505,29.4181172341167,704.258606901513,10.9107384555033,374.167647980724,153.117797126047,364.698374862201,1.1929984746208,5369.47803463391,13.433002255314,49.5103370228478,2726.35724371972,NA,"0.011","11.1"
2020-01-25 13:00:00,14038.8932309977,1053.11966039295,86.2520052113285,949.841852044982,300.456100664078,970.877314988153,1185.18586593012,267.686189972521,26.0142485764536,193.401915589615,54.7399038492281,183.184771774678,429.721684773156,26.7642666672791,596.147285951542,19.6908005850885,529.440918004475,6.54265789882334,277.471926494467,133.376360465506,773.825412551281,1.18322213686302,4590.26535246105,9.58747589420212,30.5745235934317,2399.98516502254,NA,"0.012","11.4"
2020-01-25 14:00:00,10129.920278818,842.004224090981,79.8492185626652,805.888487459699,242.656628274216,780.398440358261,979.090666972875,232.325015549086,18.8638157749696,152.956423956971,47.2568785928856,112.579267595506,362.182915145909,20.4252217090954,486.714426705024,15.6879984373739,444.089453389881,5.08301522800489,231.780232821702,113.811248198004,699.349024576494,1.2126740867917,3580.53841361412,6.97123148971548,21.6080148119114,2106.55405071427,NA,"0.017","11.9"
2020-01-25 15:00:00,9148.36529999684,901.162375204626,89.9235942415314,850.491542477507,205.461936705954,758.375336593895,983.489433438192,232.326886857024,18.6992302291711,143.421790518017,43.7240396580202,137.683112887565,361.993531416055,19.3905605112907,466.451876796259,14.2855682499352,428.653244885024,4.31712999636701,227.355404645675,105.968628666216,494.296293087574,1.20817069838278,3458.64455876474,6.54388162819556,22.933256292787,2015.85376152879,NA,"0.013","8.3"
2020-01-25 16:00:00,9904.49375997204,3255.95982571576,109.540160010255,900.325046646676,128.987185012888,1247.52052348837,1151.87253477506,179.023722255364,21.619017983267,202.293322901771,55.9985930501304,127.889860406913,525.80075393538,26.4709249215599,618.202921603267,19.6591193573757,550.656134231603,6.47800068668614,298.274193056838,139.701033751817,866.894796888753,1.215073180334,3976.59544735969,6.38955801748778,25.6134344045452,2153.12479929253,NA,"0.013","7.3"
2020-01-25 17:00:00,7831.93900472122,1436.08304691612,104.391580006257,1045.79309318843,204.318069728916,1227.32522700665,1086.17216585681,223.184332466806,29.4413093321302,212.541036128246,51.5883424935607,128.284900822332,556.140321432357,36.651045386327,734.645784891729,25.4008598627531,711.013919282381,8.54019468512544,373.024895003705,153.27072699455,530.422478519185,1.22160691271413,4061.96449033224,5.7178633428756,31.7553137359767,2192.87159647802,NA,"0.008","7.6"
2020-01-25 18:00:00,12531.3759439095,1402.52222561708,98.203344144428,932.756083700504,184.337308761757,1089.83850284629,1100.8659734559,253.57308985442,30.7055542279132,200.160390771024,51.9119431910973,137.05632408453,478.936912318922,34.0029997591586,639.377047049994,25.840646484824,594.668302772318,8.93204684492075,320.882158016313,141.952276927706,480.657324399295,1.21168264384273,4892.49126548218,7.18701273774311,33.9069657464981,2171.38096757746,NA,"0.012","6.3"
2020-01-25 19:00:00,13057.6574464072,876.181119119232,87.846265668643,777.147857953659,199.388952895757,809.396496689587,880.552389698638,263.90483522854,28.8713228668845,159.192836645897,47.5236592805643,116.008174714683,408.316454887007,29.9060693926285,523.693051092779,24.8884736254369,472.55029693424,8.43788443760155,254.801752775597,110.838112894371,349.02801478723,1.20328931867034,4148.01227471763,6.95040760681538,26.4555385660449,1968.91112326184,NA,"0.013","9"
2020-01-25 20:00:00,12421.601161697,1043.3746430638,84.4048978119212,796.899176987877,212.31831286936,811.560961709419,924.316085763098,276.210979876363,25.9447927848943,166.190386755516,47.5530874918476,117.828097456046,391.61041032958,27.0029419138789,526.41325533935,23.3530839072632,459.786348163392,7.40328204564898,240.454409323982,114.742128356655,793.953853172277,1.19664077394016,4141.31314867572,5.87198751365746,23.4703484823514,2117.02871127696,NA,"0.008","9.9"
2020-01-25 21:00:00,10453.2138355607,953.378017099127,83.8315271286894,818.519488691125,183.93730666805,799.064165431933,937.709092459097,269.242969836376,35.9511629333436,177.369152426992,50.3103785081441,111.576547980498,396.299296802419,43.2432110773245,534.659632775437,34.5419979328759,450.32914952835,11.6452471266796,236.455247821231,123.987689994568,1346.94497372927,1.19574185961491,4124.17622447389,5.17255911441212,25.1420257048104,2172.6047966051,NA,"0.005","11.1"
2020-01-25 22:00:00,9858.16309189894,1006.44718448666,86.9456225332461,840.388219257796,258.549023023619,843.10588369216,968.424278005471,354.160805192476,46.0460070727028,189.878208638977,56.2468738645589,108.825218095238,427.826109018651,52.4519518280464,554.132953401108,42.7358845930641,490.221300053258,14.9093638563601,264.006284025445,130.214353872915,946.485418009229,1.19133491352906,4482.86433184626,5.54981191949356,31.7308919037793,2069.07398680484,NA,"0.008","9.7"
2020-01-25 23:00:00,NA,NA,NA,NA,NA,NA,NA,NA,NA,NA,NA,NA,NA,NA,NA,NA,NA,NA,NA,NA,NA,NA,NA,NA,NA,NA,NA,"0.006","9.4"
2020-01-26 00:00:00,NA,NA,NA,NA,NA,NA,NA,NA,NA,NA,NA,NA,NA,NA,NA,NA,NA,NA,NA,NA,NA,NA,NA,NA,NA,NA,NA,"0.005","13.3"
2020-01-26 01:00:00,NA,NA,NA,NA,NA,NA,NA,NA,NA,NA,NA,NA,NA,NA,NA,NA,NA,NA,NA,NA,NA,NA,NA,NA,NA,NA,NA,"0.004","13.3"
2020-01-26 02:00:00,NA,NA,NA,NA,NA,NA,NA,NA,NA,NA,NA,NA,NA,NA,NA,NA,NA,NA,NA,NA,NA,NA,NA,NA,NA,NA,NA,"0.006","10.4"
2020-01-26 03:00:00,NA,NA,NA,NA,NA,NA,NA,NA,NA,NA,NA,NA,NA,NA,NA,NA,NA,NA,NA,NA,NA,NA,NA,NA,NA,NA,NA,"0.01","7.1"
2020-01-26 04:00:00,NA,NA,NA,NA,NA,NA,NA,NA,NA,NA,NA,NA,NA,NA,NA,NA,NA,NA,NA,NA,NA,NA,NA,NA,NA,NA,NA,"0.01","6.6"
2020-01-26 05:00:00,NA,NA,NA,NA,NA,NA,NA,NA,NA,NA,NA,NA,NA,NA,NA,NA,NA,NA,NA,NA,NA,NA,NA,NA,NA,NA,NA,"0.012","5.4"
2020-01-26 06:00:00,NA,NA,NA,NA,NA,NA,NA,NA,NA,NA,NA,NA,NA,NA,NA,NA,NA,NA,NA,NA,NA,NA,NA,NA,NA,NA,NA,"0.016","4.2"
2020-01-26 07:00:00,NA,NA,NA,NA,NA,NA,NA,NA,NA,NA,NA,NA,NA,NA,NA,NA,NA,NA,NA,NA,NA,NA,NA,NA,NA,NA,NA,"0.018","4.1"
2020-01-26 08:00:00,NA,NA,NA,NA,NA,NA,NA,NA,NA,NA,NA,NA,NA,NA,NA,NA,NA,NA,NA,NA,NA,NA,NA,NA,NA,NA,NA,"0.016","5.4"
2020-01-26 09:00:00,NA,NA,NA,NA,NA,NA,NA,NA,NA,NA,NA,NA,NA,NA,NA,NA,NA,NA,NA,NA,NA,NA,NA,NA,NA,NA,NA,"0.016","5.1"
2020-01-26 10:00:00,NA,NA,NA,NA,NA,NA,NA,NA,NA,NA,NA,NA,NA,NA,NA,NA,NA,NA,NA,NA,NA,NA,NA,NA,NA,NA,NA,"0.016","3.4"
2020-01-26 11:00:00,5069.09582269075,447.587662089557,66.6238340925649,635.629858401999,46.2932860904369,382.896364826829,645.948342842166,99.8062688615613,15.1476247126547,82.1646860451813,25.6900742365821,59.9457317558505,261.207619136205,15.0968352314806,275.217265953547,12.4551058092038,257.161109955976,4.63167092774036,137.543899379283,58.2519605153789,195.785089041545,1.14989213010967,2278.51159586728,7.79844814663299,17.3459678908423,1318.29958871866,NA,"0.015","4.7"
2020-01-26 12:00:00,5307.85975615729,514.351111042363,78.0545767919239,803.317500897996,198.486518151828,394.146999614445,707.620567194506,160.975706205867,12.5750886922853,91.0339689358617,28.9142556150701,64.4926718815166,260.395983400879,12.3461390423767,288.642700662158,10.3464426382817,276.291700765217,4.29668074165325,147.975717827562,62.3684991016469,181.336900935047,1.16462131910246,2612.18466667657,9.71010602485667,19.1777266544987,1669.70318255141,NA,"0.017","5.6"
2020-01-26 13:00:00,5527.147920163,582.930560494303,74.2448122428933,999.277136188296,135.032404224717,490.63577735642,756.289898149719,161.430191905338,16.4080161894411,105.179500832329,36.0280605188876,78.0482284151672,306.273511443262,16.2593510676094,351.540769791551,15.2795119024106,337.010724265905,5.78847138684879,175.142832856471,70.5968164346787,190.880878538825,1.19469396608383,2931.96543566621,13.6947764850182,18.3649818123179,1995.18339356125,NA,"0.019","6.3"
2020-01-26 14:00:00,4509.86365873857,523.866955439499,72.5219580241855,726.471297249648,127.954747981507,444.732132196153,745.086805538793,137.941012023254,15.0110406556085,92.6261399284706,34.4749265822776,76.7082035367599,284.39925184228,14.6677394602146,313.022776860496,12.1795735891638,298.153867383942,2.87947683916622,156.22376046097,62.8475881360105,145.736701108603,1.19501719223959,2388.41158710169,8.65521046557049,15.9780513055804,1539.54396350385,NA,"0.02","3.7"
2020-01-26 15:00:00,3320.31438536694,448.826881401902,66.9478563346605,530.069035822846,86.6310203124767,387.215955078161,747.13008851113,109.86955250362,18.367603130743,86.6909336896407,33.3133477687123,78.6845309382576,255.244100833529,17.5542037893677,271.511749602357,13.7872648867134,257.316361065984,2.57863722182509,133.107616724558,54.8416463147647,139.557458926776,1.19395570270795,1960.99999635809,6.92158372112098,14.3292581950908,1255.00057155251,NA,"0.018","1.7"
2020-01-26 16:00:00,3409.57758708105,520.187850181857,74.210205502145,534.354836791537,48.6010215755656,432.453566750902,764.817238263014,63.913719516396,10.5595170754878,94.2096378339733,32.7507388019704,81.8291301003224,262.181341840043,10.4538296330638,293.270723100738,8.06829896674567,271.887187731699,2.79746357936775,146.547079784774,64.5585062822132,234.510532923417,1.19035421765215,2588.68090466021,6.24917269602652,17.5938789959521,1326.73541475523,NA,"0.014","3.7"
2020-01-26 17:00:00,4434.55338876263,590.683556296806,77.3057000505058,574.229021448931,67.1476743638738,570.090342294539,878.583500273196,125.512351429725,20.9264479956581,109.526293073336,35.3418433703123,88.1966243834302,302.424737487627,19.4002886784729,339.154089822237,14.4087305352691,316.868389321161,4.27416385622344,162.114822411563,71.5126767747692,231.479860699096,1.18633200988424,2438.83347497169,6.81533268866557,20.9191250162216,1395.85073255915,NA,"0.012","4.9"
2020-01-26 18:00:00,6473.89900416284,811.653494689035,74.7396996829332,664.213761177859,93.77519005501,833.74830583792,997.756126602359,148.27849928031,23.4204520206391,153.315109175281,44.9185113788531,95.2613046034272,346.299192758662,22.5845656701256,444.819090607391,17.1648865664373,404.65479498823,4.56606311157483,202.256125120643,107.014897414286,1358.18406078555,1.17967207242537,3674.86193019174,6.28050565168437,17.6027019617217,1668.91599705254,NA,"0.01","7.1"
2020-01-26 19:00:00,6096.81607596157,908.428252709982,92.1435750786654,742.170578694083,177.192634527665,841.201465460191,1022.70084515983,287.620792453243,39.1316750319892,180.329752957514,54.3146117905128,113.427742503385,427.476711400975,41.3475960974036,539.625526637049,33.9055336951349,555.558790399118,11.0027335560865,284.95815876526,124.237405481605,657.132364436059,1.18666932808616,4520.71649768957,8.19594103696551,25.4014164986972,1838.56571353173,NA,"0.01","7.8"
2020-01-26 20:00:00,6084.82223479799,711.637412224835,92.6757386095354,801.419248349141,158.020074767577,639.131131391489,867.057740952292,238.402882501081,34.4569630486983,135.224847527941,45.9590502911374,104.279929469473,346.792310509192,31.6119379598948,398.64328846775,25.1969771699926,377.665537873458,8.05525474875061,193.216401018151,86.587430520867,344.001734643433,1.17851822137216,3333.67750075167,8.22617188863593,21.6313817642577,1817.96746151874,NA,"0.009","9.9"
2020-01-26 21:00:00,5521.68647945997,635.097602183048,83.8416998771551,773.000338389979,130.589043041976,557.858573756921,870.024219041643,183.662578335518,27.088715993177,123.133239652478,43.5597097756989,98.8884823560462,313.81551661439,26.0728488866372,366.520816064193,21.113251242981,326.603356009467,7.71086877278428,161.687143273847,84.6896062120754,868.11326886134,1.17368623214707,2876.12121269959,5.73853110888023,18.0594853031302,1907.31212166771,NA,"0.007","10.9"
2020-01-26 22:00:00,4664.89837294209,570.769355486327,89.98808615448,838.354129390606,151.941135257927,467.993872983319,829.608599760666,196.010907833301,23.5967393598936,107.854581395959,36.82847603146,83.6546349089681,280.94863563976,22.1151473447861,305.88072664341,17.2964661269534,267.860547213114,5.75913245100338,131.814687215536,70.2572776010018,601.705157426296,1.16416430233995,2703.89919480501,4.98727825590052,18.0748713614239,1910.58250523728,NA,"0.006","7.8"
2020-01-26 23:00:00,4577.03769218945,548.552688123139,78.5434576336205,717.953690894223,102.78523596068,458.014488256023,791.389355931694,138.407193585307,20.1001655400003,105.12425413277,33.0155788771796,74.5251318246731,278.029885717189,17.2309132351172,311.392996155207,14.3334528573853,279.27952498536,4.50054003922064,138.766996990684,72.4016771168707,522.257702342038,1.16407124396175,2625.38045070017,4.70369818533858,21.8911481784621,1699.32755291598,NA,"0.005","8.1"
2020-01-27 00:00:00,4284.53764524764,657.369169692608,89.2917017612697,685.13152954284,92.1278609737647,562.383590212229,886.797956350242,178.368327322188,26.1130374011986,120.606768360398,33.1191191883801,76.0309927681086,314.780152656929,22.3100759853639,372.947604174888,18.4077203786948,345.125372998399,4.66945513057008,170.664438477607,80.9286879907405,518.747787386427,1.15242678016269,3366.45491300125,4.81648902625921,27.5305867111081,1581.13456450254,NA,"0.005","10.4"
2020-01-27 01:00:00,6429.51715489069,753.842886345268,143.429206675581,922.680287807538,112.694885604077,602.058313443783,1303.98654617207,214.017281742509,32.0433677471263,174.298194692685,35.9404144666539,113.096655649577,370.153837521439,28.9507396506856,563.785390995514,22.2016345931847,408.950916021654,6.43508822068689,181.962507397564,114.782872927804,475.398102146956,1.14859833165898,3716.69013662677,4.64938812809759,29.4998406318228,1566.52002186643,NA,"0.011","9.7"
2020-01-27 02:00:00,6751.30509747008,517.3456167602,160.345042525921,1278.89280577609,102.139927816697,402.673839595974,1525.9802677447,137.569981904279,23.7186171493263,183.005559900563,27.4672818870342,133.448900956434,325.394644666106,19.1619068219851,556.885100401816,16.1395400197053,307.904655451173,3.68001732588701,117.858578921864,110.463102473386,335.079293854461,1.14089097362895,2410.89767722916,3.77568906042032,21.1272514060632,1483.27335778315,NA,"0.012","5.1"
2020-01-27 03:00:00,5271.89482251373,387.735367337721,135.832960202474,1214.87483923208,126.775265198969,291.441471970377,1373.41842027309,117.117832960838,17.1045282061501,141.509330472419,25.3149526643858,123.270172540945,247.33791512576,11.9425701594194,384.596951571782,13.2568787945293,203.067516000868,2.44409702478899,73.5105540573777,72.7495914625517,197.968030117552,1.14029813995043,1796.51748981577,4.57114829955175,13.8971453358114,1404.8094687296,NA,"0.01","1.9"
2020-01-27 04:00:00,5004.10163426186,410.339367354808,125.979013046737,967.924285376322,77.3528331171744,293.339138459323,1323.39751594949,75.0386982312669,17.621856517792,153.85308679106,25.6421459254116,121.348639193599,252.439683835268,10.317237332768,382.380056587095,11.8473293198964,203.308539128069,2.37993262550595,74.0938225856905,74.5928001843667,181.342930966899,1.1385727823533,1814.81088894988,4.53182428773068,12.7479624706483,1169.51500195601,NA,"0.009","4.6"
2020-01-27 05:00:00,7622.39692142066,534.487226258338,135.179101917508,1016.04864313074,67.5650164657253,460.673129458281,1452.37420491587,94.1965488181619,18.2661475866631,186.729755869094,28.8606511874918,129.940766892056,285.135770434995,11.2448963487814,502.726845740377,14.2068039347122,249.041093822772,2.56948400151741,92.9415598915046,103.39471535577,604.197767488815,1.13769650469741,2514.00030267662,4.09078317715875,18.4520063172757,1392.86783342212,NA,"0.008","5.6"
2020-01-27 06:00:00,11956.1817315954,790.498770602826,155.252372578548,1070.15820372222,156.242034234068,893.498937683835,1585.16088392218,185.523170317158,20.4908853597006,248.276034247514,32.3876662178575,137.652471851504,359.668372380601,14.1182850063043,685.344575758834,15.2763263137566,309.77117547274,3.65583255251476,118.882201181235,154.9705996322,1600.37314210973,1.13183274227259,2889.69440374854,4.01068668089678,20.1043444713678,1743.15693813333,NA,"0.005","4.6"
2020-01-27 07:00:00,18251.7078745647,874.690725146675,168.293073107272,1216.5564380344,121.229917116101,871.073514774201,1614.38140932218,175.69800503738,26.3717760405648,306.571216614228,37.1663044194859,164.845546400922,422.888466804256,17.6642285907103,843.690278311027,16.6124198478208,479.312750078012,4.32021587040013,194.004017064016,199.899789294247,1075.3974957335,1.13181363851785,4116.10743633925,4.54900320924438,31.2594878694378,1830.9259303461,NA,"0.003","5.1"
2020-01-27 08:00:00,19857.637960984,1133.28272650041,204.46049128987,1260.45195316908,99.1323103440057,1178.50804079085,1629.22643368636,177.379259279611,26.392088104391,339.768977000302,36.7632888748647,162.761077535515,519.16219126394,19.7160058932562,1019.08227597858,16.8396272899472,622.348606255092,4.57758590951999,257.072734964541,228.649822448367,641.228236154124,1.12900683910303,4760.90689047976,5.15016476062247,46.6960963625243,1715.92305387446,NA,"0.004","5.8"
2020-01-27 09:00:00,17321.7583034674,1487.1462916988,232.812098135539,1387.09490984265,62.9924157469582,1954.07716425168,1934.62973734281,239.527075701252,22.598685531232,373.32083112824,33.3786797765663,166.082020235403,560.51167249364,20.5833844401983,1082.33965886212,15.4394108238094,610.000262581156,4.14067286762684,244.772687731734,235.046696614822,1136.24021410501,1.13084441043354,5176.56445647342,4.25215160536094,70.8035547421036,1837.54304761541,NA,"0.006","8.5"
2020-01-27 10:00:00,NA,NA,NA,NA,NA,NA,NA,NA,NA,NA,NA,NA,NA,NA,NA,NA,NA,NA,NA,NA,NA,NA,NA,NA,NA,NA,NA,"0.007","8.3"
2020-01-27 11:00:00,NA,NA,NA,NA,NA,NA,NA,NA,NA,NA,NA,NA,NA,NA,NA,NA,NA,NA,NA,NA,NA,NA,NA,NA,NA,NA,NA,"0.008","9"
2020-01-27 12:00:00,NA,NA,NA,NA,NA,NA,NA,NA,NA,NA,NA,NA,NA,NA,NA,NA,NA,NA,NA,NA,NA,NA,NA,NA,NA,NA,NA,"0.013","9.3"
2020-01-27 13:00:00,NA,NA,NA,NA,NA,NA,NA,NA,NA,NA,NA,NA,NA,NA,NA,NA,NA,NA,NA,NA,NA,NA,NA,NA,NA,NA,NA,"0.022","8.6"
2020-01-27 14:00:00,NA,NA,NA,NA,NA,NA,NA,NA,NA,NA,NA,NA,NA,NA,NA,NA,NA,NA,NA,NA,NA,NA,NA,NA,NA,NA,NA,"0.03","7.6"
2020-01-27 15:00:00,NA,NA,NA,NA,NA,NA,NA,NA,NA,NA,NA,NA,NA,NA,NA,NA,NA,NA,NA,NA,NA,NA,NA,NA,NA,NA,NA,"0.04","5"
2020-01-27 16:00:00,11556.5295616172,492.292721514475,254.791214491233,397.432584438618,NA,311.968986565567,3170.70053002962,483.894644339971,2.7992042741137,85.64706480556,5.21663256611955,113.431835580871,251.165030364748,2.21436119353707,377.632302304876,NA,221.971415484384,NA,93.9468118520527,52.7786739246947,32.0534938847272,0.88963466205065,1363.22268801487,NA,NA,569.642546813292,NA,"0.039","0"
2020-01-27 17:00:00,11987.8913228594,477.67442783594,199.156668971955,1230.82701960667,44.6537849615225,376.495513971058,1304.25190861423,76.6964797594076,10.2793258817964,143.307281558899,15.238550485585,124.919832319119,317.286835543854,13.5259632653781,514.1663909058,12.4733555251304,350.010654983943,3.6852240937407,156.985486996748,115.895657219428,124.528114468937,0.891738742636468,2033.76640289388,3.76298934689438,9.56805252078521,1410.85575364615,NA,"0.035","-2.9"
2020-01-27 18:00:00,13140.7854179806,588.626989478549,229.251567215222,1362.54444851107,78.1077620114807,488.37169505437,1326.17974487047,526.618252901249,9.88279188991676,168.752767653316,19.8045832749217,135.361028775406,356.238080411743,13.0217127392542,630.74765599382,14.0305094451694,429.454329954487,4.0369844054073,200.198789425804,149.769776521512,122.571557758317,0.862573508597446,2862.33877449717,9.65727048068438,13.7455330273967,1645.59944640895,NA,"0.021","1.7"
2020-01-27 19:00:00,6660.24434959941,425.826568655067,237.451475228039,1044.11253279449,46.4601610629919,371.583083762277,1357.91643281296,919.028822259217,6.128486664312,109.971765059258,10.8223452438449,130.366920399162,222.832508620984,5.4214510872975,311.827018944119,6.48942193021403,186.749961189368,1.95587592952448,83.573416081494,65.7519914265593,77.924828703146,0.834079368419956,2210.40562363911,4.51321473309727,10.6741327779267,1155.15743117454,NA,"0.022","6.8"
2020-01-27 20:00:00,8689.58507037794,557.422090258608,136.233267130461,1051.11887136109,96.6606701981548,385.341048002296,1201.57719183936,139.498126817242,12.1734943802097,160.617092398843,24.2572839131834,147.937131642935,295.857949717777,14.0057739607382,468.377612774034,14.3186404670107,275.173787305553,2.74404331733766,114.884422331389,97.3147577896237,354.76177084811,0.868506006973953,2488.7413282237,4.37721000638251,19.6407478321275,1414.16505603245,NA,"0.014","7.5"
2020-01-27 21:00:00,10698.69694814,745.102263910902,264.912709159737,1858.59216552639,237.387521649265,507.99334533532,1550.22688697257,354.624260286534,67.908405129755,224.005947800862,53.8251486890589,199.738028393341,377.309405741302,73.8541432410322,591.924720388782,69.6573915438722,342.294576308646,18.4613150215833,143.904720131135,123.221313156632,427.356990269714,0.876542768458453,4361.86729423705,11.8459749776015,30.230900315751,2227.31084496922,NA,"0.01","6.1"
2020-01-27 22:00:00,11239.0574620149,636.000298368249,206.385030228061,1651.82025838731,199.977851879312,439.464084040278,1439.59503518887,254.864569438967,29.2233507008809,193.813559051893,32.0485180466252,162.457774812357,326.361130981011,31.7071752141237,536.060191829561,27.8267307970488,319.356208572856,7.21678735591037,134.911556509006,111.413918603921,441.467899316379,0.864959969685687,4399.98588507884,7.36534278019832,35.4258068298235,1869.57082826299,NA,"0.007","7.3"
2020-01-27 23:00:00,9922.81339724764,709.64970445932,222.528136812358,1671.16002425467,179.847805094493,476.083284363764,1534.58445672314,217.614708910559,28.2379786503394,212.168390403515,32.2539118433365,171.865548070818,323.62215445201,27.8634173594778,572.457153099948,28.1007416694529,328.01259219762,6.96260910476046,140.552161346546,119.668192035986,411.060685950812,0.877039113101214,5202.01347336725,6.60048507685304,33.831169241221,1859.80454284467,NA,"0.004","11.4"
2020-01-28 00:00:00,7216.88612579672,696.373189554159,228.241294613854,1793.80208961338,154.386837680285,613.704758612022,1473.76730024324,198.55594554566,23.3418363066735,167.894582178944,28.8806110824904,174.082582441515,288.797317639329,20.3346178137599,489.34758151443,26.3747852708954,258.052517958561,6.26148288252823,112.78457366794,97.7069658969615,331.635200466696,0.867696058793396,4030.87496939263,6.77915989855541,23.5057851010385,1863.1115821429,NA,"0.006","10.2"
2020-01-28 01:00:00,2881.35042818282,337.784414666005,129.213143702355,850.997506478438,152.119375658476,408.511393519227,991.189921211456,138.556371601505,22.227548846795,69.630089198085,19.6911850200109,132.133263126136,181.243923582669,17.2710738024294,184.721444602462,23.4115047586261,81.8297785423593,6.54273152130196,33.112011062629,33.8412252938102,292.865092271576,0.830442769066439,1013.01642253583,6.8914050191912,8.61103528882663,1029.92491884995,NA,"0.017","5.4"
2020-01-28 02:00:00,2183.61409357166,233.342586167477,110.173687668269,639.931974652191,34.6708319528977,272.575973838935,896.714632674621,51.5213304998294,23.0077183018299,52.4347961933925,17.2528797740877,122.605775299056,153.530467573229,14.0208764989923,121.829742737382,20.3784092738694,49.1892956508748,4.98011297185705,17.7539424946511,23.4838845576065,282.384916448248,0.811171460240833,594.57241215156,6.33392286034571,4.3897409429714,749.786746569526,NA,"0.016","4.4"
2020-01-28 03:00:00,2036.53886102204,218.88736716213,111.076495894223,655.930551138844,55.456658690345,241.099377857798,900.307539950346,58.9855889994966,21.9692069826479,48.140173283546,16.3661561991186,120.365418503152,148.641742565602,13.8480630307939,111.644763792069,18.2400996889183,41.7749822737158,4.64139107028816,13.6500875339573,19.6779827430333,297.142272660616,0.815384244383734,597.571941818134,6.51455655043729,5.0106546642501,748.487084846863,NA,"0.01","6.3"
2020-01-28 04:00:00,1729.97495368203,186.94727349938,105.133083479475,446.299152621917,62.9917687365379,214.280696804426,852.290657083761,54.9993000550133,19.7659322075744,40.3869675067913,14.3175391592658,115.215813609055,140.53117780153,11.3887685489368,95.9590288265201,16.5492045761066,34.5870136691261,4.21167502341271,10.5553428646178,17.3060284315346,295.829971042297,0.82172889232169,291.638179162559,6.03759584208345,2.86439455514406,551.278556797133,NA,"0.012","3.9"
2020-01-28 05:00:00,1652.78925130452,164.465462174816,105.124671143484,396.743892808971,55.1726255671532,200.577343431311,845.622739917737,49.3316463529664,16.1829055405308,39.1180448662315,12.2927233672428,114.129207384495,134.621498332048,10.0925449411571,91.704563561556,11.9245291862995,31.6929879617046,3.67476716970969,9.46709111550451,16.4740108659359,305.616413594545,0.853041046419767,267.399059581156,5.54630000659166,2.10793856261136,513.393848740126,NA,"0.011","3.9"
2020-01-28 06:00:00,1595.62767975062,167.048275372029,106.014161234522,390.696453889509,58.4493832713285,222.605858401089,845.092064912515,47.9558576610512,11.5583568880531,38.5851118232131,10.4155684907213,113.375625252564,132.82307904573,8.88275401497297,98.7790556435957,7.54196475708468,35.71795186934,2.97935880191418,12.6315509504498,17.9755912585987,315.212314036665,0.941409388361564,352.777673660029,3.78823499668976,3.80626227062619,482.542038373654,NA,"0.01","5.1"
2020-01-28 07:00:00,5976.74447164448,282.651182903493,117.369561684297,596.936587657633,21.1258307138968,410.341963220578,938.41004430268,49.835844001635,12.6890389763676,64.1273351362043,13.3503689735283,126.202198830223,178.822673068003,10.1589569849652,206.710081383481,9.06725714448072,103.850020843872,3.24746611901322,43.8796817410883,39.1303747977333,274.900335251394,0.970408637259082,934.483926645221,3.57708264336957,11.9649141356828,746.606184264619,NA,"0.01","2.4"
2020-01-28 08:00:00,4539.90727511352,288.04566296962,110.645191000251,533.961103731644,36.6554686680772,426.508636378182,897.994744212628,47.623810776543,14.0885645047136,63.1564073816139,13.3691064684137,119.485550709378,196.016013268528,11.8789350809554,229.158395421981,10.6367162011223,122.592245898636,3.64999286711684,51.3671422735797,42.3876527991808,270.395896831255,0.969216449015087,746.636265034282,3.73374506628707,9.74488008005463,690.891794012862,NA,"0.012","1.7"
2020-01-28 09:00:00,7043.13866493567,529.75240002613,128.281749711014,795.474348234466,60.9307641560538,768.239354687187,1079.47448521013,80.4595737188411,14.685915508914,121.628763474009,20.6327501452372,141.068907320124,297.174250055809,15.8846058744775,497.711959983413,14.5927404741334,312.579600629251,4.09983791969009,143.728817979433,110.286769638216,274.798804643046,0.984749678498381,1559.13849612621,5.32498670172337,30.1769284913514,1002.32484661736,NA,"0.015","3.9"
2020-01-28 10:00:00,9631.09995726516,790.630166542115,162.430960834149,1609.10360023514,220.45636121961,1017.45794116853,1615.43538520809,159.857930287291,24.1425979868026,173.908252285926,31.2017701569825,183.611484282136,383.108562128559,23.8358398044319,684.856586263411,21.2364019101054,398.516110687749,6.59463412812698,174.698851519641,132.110870317263,272.564831759883,1.02887414808027,3290.60043620829,9.68949237769377,47.8974504675561,1820.05215488015,NA,"0.017","4.7"
2020-01-28 11:00:00,11244.3182363714,598.062404692694,153.043469211904,1158.77904608514,244.098419420126,795.355790267733,1404.42882516668,196.208678585339,21.579524001936,137.595053988337,26.2002465339975,173.723265445974,300.900995724209,19.7828298786255,498.100184486464,16.8492514867049,287.408856216595,5.88458756990126,118.321581595602,91.7262021436516,262.369215242682,1.02317131669173,2495.77305728749,9.85540852851785,26.2850366868638,1547.6772783736,NA,"0.02","3.7"
2020-01-28 12:00:00,7821.89658064371,594.774537484324,155.450511629842,1213.82664293188,129.599409363534,734.598046864969,1606.94460360665,147.998980450583,18.6961760109117,139.612563860235,24.9618389975158,182.854723387809,274.624637050542,17.9352688401132,468.013917798025,17.4783498153718,256.969608924927,5.06525355529866,106.882474154774,82.0767118122918,223.654963211855,1.05717625286252,3291.77943633145,9.63494004325041,32.130985571908,1482.82156713085,NA,"0.022","5.4"
2020-01-28 13:00:00,8816.85188168472,648.410151117705,143.655143391336,1328.78907808121,192.65760758283,802.372563678876,1653.44703789473,183.079467646814,18.9195730412012,146.132515059653,27.4046006361287,199.830710975865,285.751645517177,19.3597849041406,485.702774843892,18.2430897842489,284.583617361151,5.59673178322554,107.938154145624,85.7782891650992,267.640796470699,1.0691418702326,3320.465328564,10.3344721393389,22.5776704192294,1666.95059684585,NA,"0.022","5.6"
2020-01-28 14:00:00,6060.46033641975,468.322544692794,129.942523367031,1024.18976345225,154.001648420534,600.46519861747,1331.23466639581,178.550115351635,14.1120431444441,109.577783706067,20.2852782798943,169.337749211774,219.520641065406,16.8596453272809,319.205130359206,13.9897877777206,187.509997064523,5.45166520589812,69.6522151016253,59.2133014598928,297.469397203668,1.0672973424385,1667.72081520649,7.97477575764026,15.0030957101569,1336.14233773729,NA,"0.026","1"
2020-01-28 15:00:00,5527.21072093727,431.690704503967,114.356065124718,607.713508693361,12.1168592595258,552.429766015808,1206.32079910535,31.4131405880779,11.9973874304694,114.320491544709,18.1405685810552,155.063183603004,207.474760338804,14.1317954153717,290.873041192389,16.9976764575426,179.409185532625,4.1908391637865,63.6976596086653,61.761604943767,464.891526850931,1.0667953542555,1270.32072423478,4.9346008557342,16.0799592572438,854.239239150479,NA,"0.02","0"
2020-01-28 16:00:00,11845.0650541006,1087.16008564458,183.231556537768,1967.55618110312,112.433823122214,1509.65490520475,1840.02060254075,155.438120499839,18.6642602718368,291.333985585092,38.7350181878064,215.579761166993,508.829268718629,29.7361196108785,1031.23292429125,27.3879545356141,702.454027094408,8.68832677478196,293.344448609319,225.256805016007,772.391409216301,1.10485261854096,4165.7698835567,6.50850553916977,18.1248503582906,2084.61893089118,NA,"0.015","4.7"
2020-01-28 17:00:00,16522.0327931219,1359.26853242689,234.138516747262,2678.26880320697,260.797269889757,1876.21523834164,2263.60342152099,292.61302225113,24.8801553968705,371.493597437375,49.3548066181298,253.56807819995,607.909150846878,38.9478223191301,1328.82303755469,35.1296734442575,885.937517066244,14.3609322393892,366.720778716471,291.402741908914,995.006953832166,1.16891895690288,5529.55380677934,5.92246522600693,19.7884867569869,2506.31649687164,NA,"0.013","2.7"
2020-01-28 18:00:00,4371.12193286258,679.126235332538,174.645600398073,1694.09346691055,144.409122304367,877.095413029774,1421.2610524696,130.9720241228,25.7929770611981,217.069947680234,63.6118666078407,175.219960490261,277.907116067892,44.381248313742,422.1700211368,30.1819399420876,250.854806910081,12.6552935385307,112.496041434999,104.053135810668,227.924696394132,1.20115335931463,4585.48412590567,8.00825627037652,11.6818250640953,1974.62351970591,NA,"0.025","-0.6"
2020-01-28 19:00:00,4966.70151041323,966.97408452385,248.3314363469,1233.3385020739,92.7615805456569,1024.26062004591,1344.57681767139,130.346608085046,29.6486501099182,191.147736675263,28.3730046234429,150.073244408222,368.513028248713,36.566549357241,611.355420385389,31.6681549357184,387.095581594935,10.4481431821749,169.432466799151,133.575870974801,358.369561838242,1.22804737721698,6120.79762321114,5.62914056540569,22.1986517860975,1277.18034474817,NA,"0.023","0"
2020-01-28 20:00:00,5445.09745062872,636.238603730104,151.236545947815,753.839548873594,27.1576540683102,921.770893161839,1192.55891451497,37.0337346327191,26.5021927113804,149.823313202186,23.7022590857739,133.390537143974,277.864375320246,23.9850165195738,418.944844903754,24.289673485151,245.51313392422,6.82402121843849,102.53797248229,85.5394464320893,237.368603144907,1.20227742912287,2457.86852307343,4.60772449241924,12.4250437775716,894.297550298202,NA,"0.012","2.9"
2020-01-28 21:00:00,7110.83624217864,893.257965524437,196.032311600831,1156.96276486292,83.0170953887943,1153.8537504471,1418.50073026594,167.606081301043,65.9824791035337,225.517510058184,32.794306238897,146.358758942107,400.733192433889,65.8261192716987,681.423054642172,47.9466695969417,419.927701440925,15.5271098928831,184.434519536881,150.296977426495,344.20143255158,1.19684377270267,3818.45263420275,6.35862987506381,30.0447494540713,1252.3922264718,NA,"0.007","6.1"
2020-01-28 22:00:00,7188.44784447525,661.056605068492,140.085690130384,1033.85182314797,55.5511077546524,861.37033245895,1211.97118113336,82.4495496563127,35.1918569480742,186.036843463041,21.8853788314548,111.124146205408,333.677694392985,28.9739792074272,545.917695466662,22.2706393685373,354.799852879215,6.45184714402999,153.398008386685,127.048196173673,359.580087862742,1.18481422271764,3181.83799934493,3.72531424014964,18.833949629119,1133.60578963022,NA,"0.003","7.3"
2020-01-28 23:00:00,7626.91842729515,751.638899794271,147.548754564485,1001.3955691752,69.3328476055631,895.641228560492,1403.73112408763,114.181851994202,51.3258802480582,201.249205665318,27.3974228395195,124.899289867398,338.46330007315,49.7080573221024,565.715019978876,33.059639739879,366.357081093966,9.64962680322024,132.275139156917,122.084224771978,656.535353696709,1.17354711928613,3119.94972440828,4.70805149084772,23.4018154092065,1302.05741170134,NA,"0.003","7.8"
2020-01-29 00:00:00,5298.7053107157,641.749534363419,169.445866276799,743.414954068101,56.5373318198576,782.920481299786,1272.64635193432,111.553761053901,38.5121551771526,182.458080698495,19.2996955011288,102.001102877972,300.756891867365,39.5234740062744,497.533957176206,23.5790042837218,288.491059400874,7.40716765630792,119.086904506788,102.610259779243,625.182222801057,1.17459736444026,2827.03365499086,3.00064649343592,28.459868294028,978.545984002711,NA,"0.003","9.9"
2020-01-29 01:00:00,5960.42998728525,1152.6141303646,124.673780058877,758.217935354255,102.470118919094,993.228018436694,1308.26043845992,186.188115949753,42.7073482988476,214.073760332261,34.3902302709954,111.872818229458,467.023081251241,41.8540461193936,742.577507838489,27.3202611045325,609.580411973481,7.0776612013431,301.828758816919,126.634911663405,393.148354872777,1.17743503336642,4342.31046318724,6.66225134678916,46.0833801684533,1581.14940496374,NA,"0.002","10.9"
2020-01-29 02:00:00,4479.78398941389,942.747083465652,110.92139013394,753.360695472415,133.602311345175,839.828835616126,1133.62664188836,187.755547147324,33.1293165096513,197.631621582751,28.9850786070658,89.9564494841166,396.679263068597,33.226602766742,581.265240576825,19.7519732138514,479.327967701064,4.71897226059929,235.467095480114,104.805680678033,442.96407276893,1.18354493365845,4061.50131085407,5.54675301738781,51.0320602201157,1573.32549950462,NA,"0.002","8.8"
2020-01-29 03:00:00,4782.52554846909,988.476057331139,99.2088233266804,726.17061701887,118.090208863651,847.966230641945,1183.31438176538,156.103483299868,34.4324852577744,204.649348717699,32.4298445833822,100.0597599576,386.230050367126,34.0183334908871,577.016169781958,21.307876806976,471.364830698352,5.7010834973152,226.782331289502,105.966764690904,451.193680856914,1.17936019398606,3884.25003668215,4.92945098323085,45.8047525232118,1579.11715205641,NA,"0.003","9.7"
2020-01-29 04:00:00,4532.88000115441,926.143136947564,93.2311455398029,694.11920087354,77.6825495485923,816.236894737952,1183.52774467293,143.354802617366,34.4547644911478,193.515446026924,27.6935570013755,98.4818659878538,370.132040803821,32.8904929859188,549.013487455908,20.8284744668248,441.980052328132,5.2850027668391,212.318498691577,95.6907120131288,424.249939746043,1.18324116494406,3911.44934353223,4.27655558440569,50.252476450688,1438.4073307503,NA,"0.006","10.2"
2020-01-29 05:00:00,4310.35075551967,903.188026083517,104.704675734548,625.768435648974,93.4232552962566,799.571552461776,1220.64158188034,230.810047724965,34.9861871333785,182.358135084246,28.4711390224104,117.467314884337,361.905922372722,28.578751429173,555.274466780037,19.5667471996218,442.403530787123,5.03916052238073,204.066750762351,95.8737149325348,363.061226307248,1.18143368187589,3447.52526937764,4.88228999727206,44.143957466001,1340.0932041765,NA,"0.012","9.7"
2020-01-29 06:00:00,4304.21701954896,717.71859949055,97.5211426984781,588.563122593709,61.3123979048114,667.526322087394,1019.04006754433,198.017746450721,27.8099968181045,152.360447473288,26.8604474824714,104.801298473122,328.294458386918,20.6086064831755,451.863469484027,17.8207032332824,376.737745128943,4.15130288886628,179.581779212382,81.6095159436389,280.15470974749,1.1876207673539,2871.67743860822,3.6576329181139,31.4734977312135,1302.22207543886,NA,"0.012","10.4"
2020-01-29 07:00:00,6482.09975120215,1004.19861107835,110.999818592869,702.547809073554,113.32286087437,1368.16861029432,860.654085879718,262.251654365178,26.206519100528,159.528038194589,28.4101624959655,96.237205385202,400.24675457234,17.1036699461026,486.023273337017,17.4851461324367,423.612750112941,5.02989022971769,213.117158917345,93.4733303930836,214.946647655606,1.19517790867066,2900.12516677266,5.47876522083636,23.680314839585,1546.10376355837,NA,"0.012","9.4"
2020-01-29 08:00:00,6552.56244344269,578.90686690361,81.8953962950194,556.180978672099,70.2278227849885,592.373555726123,755.460995734682,128.092319684358,20.4878883605729,122.858270504479,28.532368034751,87.8336507677235,318.308339127446,13.4464970172195,375.359739329932,13.8815147265561,337.794548555405,4.46760716040448,175.005326094076,78.8943952292996,204.002077541218,1.20189494348688,2307.25943677929,5.20736086804256,40.6232319377142,1318.46895439457,NA,"0.011","7.3"
2020-01-29 09:00:00,6227.16193604686,567.565998526219,79.6116017661418,700.733613243387,86.4199443819626,549.160041982532,980.454355173336,78.3247023596047,18.6367421332209,114.856110113089,26.5885489736697,79.7281094764502,315.701449807263,12.1224854747664,371.953864688093,11.9291217826763,333.879286074666,3.90361345353992,173.429152235286,76.2794806149445,175.305027063737,1.19836341594868,2386.18814407135,4.8197656813288,47.3610755311964,1503.96932981318,NA,"0.014","5.6"
2020-01-29 10:00:00,7783.90610312441,833.785551592056,87.5594407532609,803.609969249189,208.154267009226,762.916985774292,922.696903318214,835.430329906235,23.4091398215154,144.770839600909,35.4825236047579,120.56524848842,353.581907931458,18.6861762106846,473.031346455818,17.1686314506253,391.046769923464,4.60759915263478,206.779022239558,88.0081050304721,192.300504688568,1.19405259019377,4204.2750137347,7.08344553305165,69.3647711756106,1866.28178240532,NA,"0.015","3.7"
2020-01-29 11:00:00,6038.53412953341,744.183014909154,102.465328570396,820.43154626455,181.299325077108,700.953794729849,1036.86137328463,234.780601215045,19.7412545103281,130.74918200334,35.3504660470422,119.938865083326,342.977561875641,14.2549342054199,442.344898271933,16.9211143281275,370.856253548699,5.45396486758422,191.112127970428,79.2425572004537,177.086064206365,1.20333010835744,3349.80398940444,14.3025344550744,44.5630661359294,1809.88438066904,NA,"0.017","6.1"
2020-01-29 12:00:00,8124.90028853675,875.457253400692,113.906201329489,910.296880568291,282.128340159371,742.594746112148,2438.54486353209,891.680677473498,21.4127439663902,138.528915782518,42.569866601402,141.635549186927,365.752402550256,19.2080364226277,485.05994541371,19.8279226543964,462.296548773372,5.88225215120197,190.982282457745,81.8472015484674,158.439655469364,1.19908250893299,3684.37297218445,12.8590995055652,35.756773142491,2050.59889099854,NA,"0.019","8.3"
2020-01-29 13:00:00,5836.59858933489,849.64979455933,94.1383027753594,886.578337709339,377.982814676239,874.361792827254,1369.0526362516,290.093733290055,18.0169265181191,143.737332637468,40.5959258453953,179.547093052133,316.12260234062,17.5552508730706,402.482922770642,14.3600719995963,350.59049058096,4.49587469816813,154.301045893871,66.5921774004441,182.203319456028,1.17654481440885,3405.78048226416,14.4622475884323,37.3143736798086,2049.86898110785,NA,"0.021","8"
2020-01-29 14:00:00,6231.89610619836,604.24040209637,93.1104276719798,643.878392771273,236.3754322004,515.252517121706,1234.7259898727,297.816707715772,11.8081865653332,109.339340652061,33.7853277249389,155.55736256079,246.720620308626,13.2802781083852,338.276351427194,12.0800692324477,256.990305409506,3.50112237412011,104.654046791118,51.3929518511257,325.625886897859,1.09571670123008,3076.90094669308,12.6343369042015,23.5581189525893,1770.24594955689,NA,"0.023","10"
2020-01-29 15:00:00,6628.86243361329,630.920132272706,72.311287997537,594.012051146408,344.197561138709,555.859489819173,1243.28157541543,288.301283513342,13.6157021357116,125.31877638066,38.9884404005123,176.503378186467,265.28812478166,16.2103931178477,420.84577394767,15.2059301024466,311.831029260034,3.73193289989595,115.289971213269,60.4372043398497,445.407396830728,1.10045795274865,2971.96556212682,11.6035216388637,18.5838567999832,2024.64672945979,NA,"0.023","9.6"
2020-01-29 16:00:00,7108.28576720036,981.459064700817,94.5763228237365,845.380988633412,291.261730257809,980.391872723724,1450.78205154236,545.229269179534,22.5072300056667,169.446170689941,51.9987638765968,281.084280715257,366.743147887916,25.7715283775594,595.594109465008,31.0953542716929,545.38283002255,6.7264344832762,197.019253996679,89.2445901873893,341.056153186535,1.22930791826766,3957.96906158567,10.2090554495102,22.9062037316806,2254.70385409713,NA,"0.021","3.8"
2020-01-29 17:00:00,8466.99513008035,1220.85438810868,117.09697752849,969.856240395599,244.916382445211,1139.23402414497,1445.88242894976,479.777562279889,19.0578378584395,233.935135360515,57.7250880609395,239.229932976156,508.124479192273,24.7779805963993,879.906515416819,27.7574153654811,757.293358048723,6.27825093509908,349.420199964567,152.31485175617,471.514978412658,1.23290847826195,5161.79957835859,6.65029651074771,25.2017646716606,2546.07361869715,NA,"0.011","3.2"
2020-01-29 18:00:00,10431.038831127,1630.29553964009,127.442505452972,1052.61938155454,267.873502425966,1358.27860649655,1670.11944830794,446.227495000102,28.8566765427932,289.643900563216,65.5097976468693,212.043846949411,581.761421197183,40.590509867784,980.652955355727,41.130601739763,853.25669360879,9.65174199512579,430.166547989889,190.094926048391,703.469121771783,1.25161130402187,5994.94949520439,7.14326347625369,30.8600356697428,2698.53165477464,NA,"0.004","7.6"
2020-01-29 19:00:00,7188.25541073601,1035.70901894239,139.787100047484,1011.70874713516,263.396387595205,904.886181672021,1177.67351017289,398.053968369355,53.9860910969594,202.45892951816,64.9905617805878,155.688718958884,444.540986557191,59.6939232926348,652.629634839327,73.0555366234858,515.825179622993,19.5684583560534,260.128431843617,117.963624164152,489.538545964637,1.13972224515586,3876.1817476537,9.94476471821933,25.229702893727,2690.64431079395,NA,"0.014","7.1"
2020-01-29 20:00:00,5563.35490548956,969.164675461424,121.390608252029,1017.6632837691,315.451734569642,911.757622707091,981.157113831822,402.065937746557,53.2857493221897,180.707138097736,59.4528235485111,142.089829856424,420.178279857682,58.9083106978695,586.324585459818,75.5069761898609,508.429395145056,20.1559095023422,267.372026156377,116.534577206184,360.236238744339,1.08636054722428,3973.78727311881,10.3819562867023,26.034255647913,2470.50165732028,NA,"0.031","2.7"
2020-01-29 21:00:00,4322.04834293978,702.521050819802,143.181244440036,602.580950536195,130.739150847862,529.079851092962,862.29237405069,207.578124214396,21.4545023574246,108.957807263085,33.5255070262895,107.015604381138,267.206343556842,21.4524295256231,308.788884741566,27.729156193335,235.654543803521,7.28991461659624,118.558911462509,56.2771170154917,222.449195743599,1.08279811144495,2623.48327450356,7.12566518178368,12.9639300888565,1523.21565103696,NA,"0.019","-0.4"
2020-01-29 22:00:00,5585.01757727467,771.881795865827,93.9425629355169,763.578673556774,168.799870744711,643.316499826166,1010.20940249933,226.570209743267,34.3549094378533,140.96280561726,45.8749535664139,125.258076410816,321.240748847957,32.245350015094,411.822589421284,40.0526713456519,315.536476860508,10.5862579703105,155.130965450632,73.3972142825392,294.901766924167,1.12907774130781,3588.89441276181,9.14736002271348,18.9295054576144,1860.79193764471,NA,"0.019","0.2"
2020-01-29 23:00:00,3338.0634861453,519.866127000252,73.0502134784527,615.06387059036,49.3939029758568,422.17711280388,818.498162026178,111.152195973414,26.5457849138747,105.103179075326,30.7501737070571,105.972959980342,254.619372367666,19.8379217457441,274.644749150434,25.5223608422359,216.624182209906,6.16563144974697,107.33811840858,52.4105333389999,250.005972093163,1.14148158032434,2431.76360707003,6.6001786881389,15.179374486871,1542.60445835473,NA,"0.021","4.4"
2020-01-30 00:00:00,1796.56866576502,336.138915735287,84.8635865765134,304.558308685393,27.0747197267696,215.123561723191,690.315544555585,39.7198289164984,15.4469757501978,53.9566723438135,14.1433364846438,63.6410560014476,173.465650210559,8.6005126082406,122.462525645353,10.6770853208516,79.7654732002338,2.88674662369917,36.1014910120255,20.5903146501843,193.489602277404,1.15684195014475,2236.1781472023,3.89894804607952,6.71592548953869,774.328639154922,NA,"0.029","3.7"
2020-01-30 01:00:00,1483.38991945536,177.607000994789,78.6634487102975,178.268262876626,NA,142.553931237592,499.114159295992,NA,5.37274625511003,27.971675363493,3.5798215708972,61.0074123442455,132.583853179672,3.48313869554076,74.1687362225209,4.21777129111342,37.0373704920802,1.51034032697462,15.1612556426589,9.29359163767565,121.120850698553,1.10375950449563,1058.59861533713,0.925129725766428,6.03343887945857,429.654283248382,NA,"0.028","-1.4"
2020-01-30 02:00:00,1935.34293077049,210.31336754865,66.6295423567958,457.316993196058,NA,190.811660321243,545.48444959545,NA,5.47382781092449,34.9219547478684,9.45613476929374,76.8629628838042,139.674794783439,4.78969593769874,93.4074007019218,3.58389098111879,55.477340703188,0.673343686034869,23.9800041137711,14.9704542972998,225.655029690687,0.995262264392881,1257.53486656456,NA,3.96603195491491,624.87478902128,NA,"0.025","-2.1"
2020-01-30 03:00:00,1557.28551536792,199.44845731095,104.66531966435,362.0425720247,NA,175.896050042719,575.033109411605,67.9046124882491,5.59161053826562,32.0554669084671,7.76065002898442,71.5732961711385,131.04853736992,4.03000501431228,79.7044882360262,2.68148933590093,43.8468570111092,0.292662675812477,16.3217506230754,11.2785995973275,200.973146668903,0.935887176046473,1313.38917698857,NA,4.64918579681937,490.161113072431,NA,"0.028","-0.2"
2020-01-30 04:00:00,1557.13484520215,195.6781992077,54.1501715277666,284.649479615219,NA,184.018279005616,484.575239684105,NA,4.08097760234363,32.3755935272076,8.26545631055125,76.9068430125373,137.156439153036,3.63715318295165,83.83319750859,2.44550073229209,61.0925999501505,NA,17.1990174012251,14.2360994279486,284.846925025685,0.934780499125577,1356.59165422472,0.000522167782092718,4.24395756663782,389.096748485469,NA,"0.022","1.9"
2020-01-30 05:00:00,2428.43886385311,259.320992075571,90.6897651180165,359.839747370858,NA,279.576574894329,564.376538941,126.348023404592,2.6305682283798,35.0645266398189,7.06838794636143,70.4756062729383,143.125862619968,2.71797546741307,103.780625656941,1.51247514051568,75.3349120679253,NA,27.9916283512992,14.7295114048781,144.30374476976,0.898712417054542,1452.54699104671,NA,3.82416753413233,480.994270526793,NA,"0.022","0"
2020-01-30 06:00:00,3304.21680238793,297.812631286469,148.743088162464,399.287836844078,NA,295.957426241166,545.33477726739,159.64941972019,2.80269962750714,44.4583806218568,8.46524307212454,66.434911724149,170.758653274913,2.47276121222231,144.107479945037,1.88449178793814,117.675141285931,0.601218527325442,52.4525352698318,23.0713980580991,155.845701288633,0.868494580243776,1507.68412977308,NA,6.08571966854916,539.638059260318,NA,"0.016","-2.1"
2020-01-30 07:00:00,14223.3733417049,555.270798248123,116.486599034621,577.150679753201,NA,547.733374321074,618.310031762552,46.3813063595991,3.62236415531761,91.5919298691957,15.388987766014,71.8091601568333,305.833507797066,5.02261283199386,363.202286300202,2.94534621990258,349.049876779164,0.362661774746141,187.457851861761,75.1236265973658,267.203941046327,0.843538295716394,4629.86757852822,NA,22.3169025146374,1073.18242131207,NA,"0.005","1.9"
2020-01-30 08:00:00,34786.607309251,1111.28705177031,103.579568854195,745.587781037001,NA,1189.58758123595,703.706003932279,13.3487029958515,5.20295576763932,189.179343631116,27.9944548978265,83.7773564561101,623.268806710382,11.319039714877,833.871987133052,4.84181710808889,815.751639515456,1.3323196057128,432.771345052071,162.333586782783,398.147670701517,0.831687495133761,4406.32696285332,NA,46.203823753832,1730.53944507619,NA,"0.004","7.8"
2020-01-30 09:00:00,42623.0254428734,1280.51230548079,123.456579091226,945.538243394806,92.582145695222,1210.25689779652,895.280456559174,75.6888613214528,14.2919066768623,240.023646943505,47.4098452944384,118.730375103705,596.37043661865,20.9241482564798,781.098874064041,12.8350027965671,764.301005971831,2.01802828801287,408.095487401582,167.029082407511,439.102173626889,0.835850601489219,5207.66999632398,3.49281680508635,113.855182064627,2439.96815242814,NA,"0.01","9"
2020-01-30 10:00:00,19564.2770688087,778.045146139467,169.668710832974,791.864000329603,130.561687598758,621.94232424755,967.51066356265,169.614255664839,6.60112941675535,120.453126003134,27.7101481427826,94.034977285488,333.265404056185,10.5358002618042,400.903247844746,6.74732782237005,372.440003242265,1.19852181084921,193.320377342984,79.9197669845891,210.586222530351,0.834835288136378,3301.6504620556,2.28255372526439,49.1556518951677,1929.94212297055,NA,"0.028","9"
2020-01-30 11:00:00,6908.8015805081,498.279684251897,77.1984503983209,492.950177834228,168.145518994726,411.88525498246,1045.28083876816,269.450497136447,6.33965161884319,83.3611046645549,26.8582653766147,112.500890215019,220.75192121945,11.0289954925672,293.237073899155,7.47243468551251,210.397270213004,0.931562656046877,92.0725339097584,43.6724065966079,420.181388813725,0.798002737050195,2025.35405055752,3.87096125676629,26.7016488412053,1246.24132154429,NA,"0.03","6.3"
2020-01-30 12:00:00,4871.90836007871,477.462737376609,106.567312781303,556.089111482265,244.444516256318,469.803160713886,2004.37673897732,358.247957849221,6.86936999653326,78.6774715298248,25.416058455045,117.074788978711,217.938334583088,10.0405202450751,241.054749381512,7.54588035101937,199.231020690116,1.28285265588284,91.1846355825958,38.9112213858614,193.503389431296,0.793892513786946,2099.74692811524,3.88290363679796,19.9064747639786,1196.48914425746,NA,"0.033","4"
2020-01-30 13:00:00,2982.30987753462,399.572183969912,137.221998718324,476.629616016288,41.4409488975813,278.893517348281,1358.28453495622,178.534591374902,4.42164903058114,57.6957353769893,17.022604347109,97.6543547269228,172.192931964406,7.49427585180554,149.515502997896,4.77783349807811,110.385613449338,0.353301026093309,51.4900480653372,20.0691632171451,58.3312887998331,0.795716028793151,3128.07631177926,3.02881406517024,19.5307747534513,938.529796487192,NA,"0.037","4.8"
2020-01-30 14:00:00,1917.00757985312,277.963778018635,66.4463682320238,387.890959686624,NA,212.895704346416,687.993754056281,79.7306519890792,4.21772415434783,41.8723033677931,13.3334774141962,92.6190178090909,142.889771365854,5.26930695940795,99.0065198766726,7.40083510793392,75.6086929055646,5.28328606142757,31.6950997656655,12.2708938311663,36.7338825421055,0.750677459073039,4318.45530988596,NA,14.0217398867094,314.901556538864,NA,"0.041","1.1"
2020-01-30 15:00:00,NA,NA,NA,NA,NA,NA,NA,NA,NA,NA,NA,NA,NA,NA,NA,NA,NA,NA,NA,NA,NA,NA,NA,NA,NA,NA,NA,"0.038","1.8"
2020-01-30 16:00:00,NA,NA,NA,NA,NA,NA,NA,NA,NA,NA,NA,NA,NA,NA,NA,NA,NA,NA,NA,NA,NA,NA,NA,NA,NA,NA,NA,"0.035","5"
2020-01-30 17:00:00,NA,NA,NA,NA,NA,NA,NA,NA,NA,NA,NA,NA,NA,NA,NA,NA,NA,NA,NA,NA,NA,NA,NA,NA,NA,NA,NA,"0.013","3.4"
2020-01-30 18:00:00,NA,NA,NA,NA,NA,NA,NA,NA,NA,NA,NA,NA,NA,NA,NA,NA,NA,NA,NA,NA,NA,NA,NA,NA,NA,NA,NA,"0.011","6.1"
2020-01-30 19:00:00,4890.16174916283,859.27049525085,85.1330900104677,752.526635982869,664.339177701882,773.048644398506,960.301821914962,371.834155068634,22.0712926798134,144.011362598951,43.6208974099726,117.635960708261,337.545761505656,32.2303289066366,454.725660618195,23.551321074586,411.926233675789,5.581072508167,211.852192979738,92.685315776529,398.121806199658,0.77192553462012,3571.96651745461,11.5307060391167,22.4481953866986,1804.58923456238,NA,"0.008","10.4"
2020-01-30 20:00:00,5952.3999521186,949.949117408828,90.8641912213216,704.732356185936,155.094984658894,915.572996698188,938.002911490863,248.41059885929,25.2884268024548,149.972802339885,46.5026814568385,113.854030097516,400.71704206562,33.9836729817716,542.463367089048,30.0185317463484,505.88614775858,6.25882115079439,256.640332563304,105.006991314385,389.611040169668,0.79414987577129,3596.43293076824,5.89782169763922,23.4266008510742,1666.82740459999,NA,"0.003","10.9"
2020-01-30 21:00:00,5542.64532852999,936.157949794218,95.0843848054514,721.445235137234,81.9280620315008,718.778728793929,886.414208820097,227.149149903974,26.3351619678263,122.033816324967,41.4078486435919,110.233569144025,341.943789436342,33.8625020700497,432.392486518829,29.96579026217,392.471843760709,5.98104453814154,204.077276653738,85.822357327903,375.251726532968,0.778718271761464,3625.43713850142,4.05786121562759,18.6793354987438,1675.49898753341,NA,"0.002","9.7"
2020-01-30 22:00:00,4284.78653042329,559.615517017198,80.3684898730194,544.757910274175,31.3314966828854,470.952657537421,807.745131168323,125.926784250869,22.104913567308,95.1476995585474,33.8226600155643,99.3288434239701,270.266480547129,24.214302400066,312.887590255299,22.7758764043184,272.149887955354,3.85412717628074,139.803322382358,61.7470180983439,435.407536616647,0.76635115319272,2966.17486868894,2.06642988260993,16.3061088236868,1152.89627739992,NA,"0.003","9.7"
2020-01-30 23:00:00,2913.25593572088,633.665751562429,83.2708834764565,555.696466071328,29.919401087192,365.094994688386,853.477342731519,134.37915592431,13.7062536851911,81.0140261116491,27.8612247795374,93.8601106604443,216.978858799947,17.0158608037595,236.482133810121,15.9616144536622,196.246795184257,2.28883005821546,99.3400695499891,48.9015769300291,454.096182124766,0.769020404561884,2860.46658923321,1.40363039463195,16.3067287034527,1155.84641988892,NA,"0.003","11.6"
2020-01-31 00:00:00,3931.75237578377,772.69729165912,111.084342101303,626.787044291679,24.7941513849314,671.334413704452,924.683711806497,226.055839850219,20.0107778636216,115.343808772774,37.9829820272097,110.228221175042,270.832719643965,22.0177378536341,319.857439558439,24.8064203788861,262.851180258038,3.53545138878505,130.790153673692,62.1552562730661,457.410972799889,0.771532230722476,3678.0148238198,2.82323835102463,25.8317280054386,1334.20301185353,NA,"0.006","9.9"
2020-01-31 01:00:00,4125.16344771323,606.380791081627,74.5064363294262,540.731380591586,50.6871394756862,512.057697621747,879.526811623908,164.800838300335,17.0326650215344,103.925405280162,35.831475203466,108.702904831966,250.36769812404,18.5160821608646,308.331944887282,22.7845209369755,234.43656237419,2.91269207583208,119.416816870795,60.097540646854,590.561895173515,0.759619267937443,3430.52290923925,2.65308312938696,16.7435766993904,1387.47594390628,NA,"0.006","6.8"
2020-01-31 02:00:00,3154.17672900049,510.353920197649,113.185900469046,509.025468963086,NA,386.141799900929,1135.11033720666,73.8898061103797,9.81602504002324,85.3462610184759,29.866677961527,95.8259149129973,214.644480523536,10.5911122899185,313.875596361645,17.1563511452895,180.927505211481,1.82153183727554,91.0385954890808,43.2908516810618,311.838749606841,0.785098859868955,3224.79010828322,1.46149872373112,18.4707048633031,1137.72082875534,NA,"0.007","4.1"
2020-01-31 03:00:00,3391.60726355332,623.538436714358,94.7149634062146,616.173050216436,NA,489.477915555092,1099.86363094684,91.9151635357562,10.3555421225468,104.856420149326,29.5484265633825,104.15868631625,237.979022951495,9.98705597845572,328.483369414568,19.87440788823,225.045789957998,1.35098501495484,112.659072152054,52.870106313597,306.545389619955,0.80304022062822,4080.85665060691,1.48225205344569,22.9151053066501,1245.18502127109,NA,"0.006","4.2"
2020-01-31 04:00:00,5041.89556343917,849.707352115191,123.897343294895,743.591371216407,48.1098469736711,707.378334684544,1231.56237852631,203.286771929406,18.3725950719255,140.615846873007,39.6558452665547,125.995132301196,289.549042464881,18.6733498073871,439.275372888178,27.8849647965627,291.623884567245,3.6596079211957,145.441008132069,73.37418972845,692.487884031846,0.80379063287777,5116.58205835209,2.5351638737745,30.0542105862515,1701.2851098504,NA,"0.006","8.3"
2020-01-31 05:00:00,5274.59408440127,1099.33662910352,111.187388586479,779.883489799388,35.669545528445,859.653204026865,1311.79780420979,278.198863983857,27.9667933974182,177.498525358711,49.0937376031542,183.604193471328,363.565203811087,30.3413346935207,564.630573496899,36.9088482068994,400.695504869312,4.98877951911206,211.076831998213,101.302679867865,686.735042367616,0.799852442418733,5302.14815570329,4.44993526184527,27.8907186697815,1828.28167318699,NA,"0.002","10.4"
2020-01-31 06:00:00,4709.16687480529,923.619081583651,110.597615723483,747.891428398919,NA,737.390631780355,1229.55813729807,134.586833623602,17.0512810184309,151.378602824106,39.9322276856741,131.716051540235,337.59558775181,17.0200918587321,522.016221887116,24.1407476457886,378.895905375325,2.53842422564363,194.581627867065,88.4966998523217,447.474135112696,0.804905506919271,4737.13451513584,2.30562878879932,32.0479043465808,1650.36530176636,NA,"0.002","10.4"
2020-01-31 07:00:00,4120.94423648858,884.834100534181,97.2011822271013,868.29297262681,205.158762287107,734.753313848667,1102.72282067827,217.954220454477,37.9415639543584,146.790881758335,61.2509640940897,128.010381796887,383.784994312805,53.1879747821313,532.760228061903,65.8170201117284,394.933802190599,13.9264255102835,207.09820602946,91.8875789432965,363.901791029884,0.789719912990276,4927.34241515217,7.77774360755056,32.0687964492509,1888.5459420805,NA,"0.002","9"
2020-01-31 08:00:00,4532.28529473075,1439.28479755845,142.5604290339,939.800697017797,84.634063233863,1465.04762644175,1124.78996980932,260.376598904539,24.2602107610107,230.32261264818,55.3768325462907,129.296928009498,598.410386698501,33.5146598519067,863.243216253843,38.236117681536,799.888845986093,7.95675588422802,437.663265930373,180.455068653034,405.738048616245,0.806105606768226,6064.32976705577,8.35824887458906,68.8604318905515,2013.9311529956,NA,"0.003","10.6"
2020-01-31 09:00:00,7362.51894198833,2048.34344404086,140.28657648156,1166.22238647491,150.771309515641,2317.99859653981,1290.78098007289,290.424953344098,20.4005491136084,293.007995528775,69.1918671808436,166.569748139035,725.000267773396,27.0322366691173,1030.18528693306,27.9678730131953,955.911072493264,5.9084085886326,531.958102063126,227.165279850584,447.42371050488,0.814545909698209,7121.90169354487,8.7229786901895,114.046113141291,2683.67303848821,NA,"0.004",NA
2020-01-31 10:00:00,6410.3286970482,1639.72857639928,170.607905199663,1185.48395896823,222.616406757106,1582.73777894768,1885.19993395311,390.969454749337,22.0787604123888,269.88253534037,71.7118519995114,197.126516735861,566.37840523575,30.2002498001524,794.256025827757,28.1954482794691,706.082993642725,6.26407981987983,383.261190130508,168.247187365348,521.749920306914,0.849066843104025,7472.85266923721,10.4735416699466,120.888103543381,2771.63053102306,NA,"0.014","11.1"
2020-01-31 11:00:00,5155.7514273346,1170.81303920599,135.522141496088,1133.1259575981,357.236275444518,1084.8505871662,1380.24295198778,378.494461417256,21.6608849859456,217.107584995218,63.1938068281267,174.522543580173,453.756760575012,26.6546434741749,612.273689276125,27.3022985663583,542.1147875721,6.77786905353509,296.739585066742,128.01308785406,326.548181353029,0.891988165440492,5257.06891237805,11.6893002472318,71.4114071827197,2573.25944874704,NA,"0.019","8.5"
2020-01-31 12:00:00,3746.13639781768,832.192433831111,147.850689083494,842.476950947553,283.55863509954,719.515172065991,1126.91029415869,307.129500971149,16.7761430981354,154.216438415741,48.8123273200436,147.50318729934,338.962413768344,20.697252794756,446.098133648446,20.370640963422,374.887929760022,5.65083829410501,198.84280647963,88.3106005818002,293.948311217556,0.932179898790788,3926.33763877747,10.5874685206242,55.8022960686553,1986.55392209404,NA,"0.015","16.3"
2020-01-31 13:00:00,3811.52176203147,701.361464139204,128.861812193524,674.413302750402,163.710659192583,610.80689543806,1320.46123538569,244.932596818868,18.1171425229294,147.336903285342,50.4144823485553,139.843471027841,288.175452944945,22.8177764644423,362.350205861802,23.8489764435027,298.524951044677,5.41690207179071,160.588602599966,74.972519681255,272.289432967078,0.975756658182879,3961.58169706798,9.78028449491898,47.7434331389629,1736.43154486228,NA,"0.016","9.9"
2020-01-31 14:00:00,6009.77418230173,1245.46554881204,227.98970074001,1037.24671381901,393.858483375456,1010.09758155037,1580.29993234246,503.050170810703,17.2581446255661,215.709145331403,63.4553052525751,179.215095816694,417.685142808245,23.3283397845809,622.590707549873,26.0320828570034,568.05622178123,6.68980911028729,288.932086534881,123.422202169902,262.37642641089,1.00517082492438,6335.30969191689,11.2974743564345,47.894180451266,2906.08278641812,NA,"0.018","9.8"
2020-01-31 15:00:00,5068.68028595731,1252.41985905377,393.779375517874,1031.90645973573,323.45529815846,993.008274055406,1702.43005247993,551.796210775674,14.2177017615497,199.562554059101,52.2882077720367,154.075477177859,425.287285000973,20.2537186244905,637.824377891467,22.045848578217,624.847646389514,5.636199535644,319.220555728158,132.811144865753,193.005255281423,1.0979273321397,9565.79437351283,8.61947643385155,44.6425171596956,2767.81957984054,NA,"0.033","5.9"
2020-01-31 16:00:00,NA,NA,NA,NA,NA,NA,NA,NA,NA,NA,NA,NA,NA,NA,NA,NA,NA,NA,NA,NA,NA,NA,NA,NA,NA,NA,NA,"0.034","1.8"
2020-01-31 17:00:00,NA,NA,NA,NA,NA,NA,NA,NA,NA,NA,NA,NA,NA,NA,NA,NA,NA,NA,NA,NA,NA,NA,NA,NA,NA,NA,NA,"0.034","1.1"
2020-01-31 18:00:00,NA,NA,NA,NA,NA,NA,NA,NA,NA,NA,NA,NA,NA,NA,NA,NA,NA,NA,NA,NA,NA,NA,NA,NA,NA,NA,NA,"0.032","-0.3"
2020-01-31 19:00:00,NA,NA,NA,NA,NA,NA,NA,NA,NA,NA,NA,NA,NA,NA,NA,NA,NA,NA,NA,NA,NA,NA,NA,NA,NA,NA,NA,"0.026","0"
2020-01-31 20:00:00,NA,NA,NA,NA,NA,NA,NA,NA,NA,NA,NA,NA,NA,NA,NA,NA,NA,NA,NA,NA,NA,NA,NA,NA,NA,NA,NA,"0.024","2.6"
2020-01-31 21:00:00,NA,NA,NA,NA,NA,NA,NA,NA,NA,NA,NA,NA,NA,NA,NA,NA,NA,NA,NA,NA,NA,NA,NA,NA,NA,NA,NA,"0.033","4"
2020-01-31 22:00:00,NA,NA,NA,NA,NA,NA,NA,NA,NA,NA,NA,NA,NA,NA,NA,NA,NA,NA,NA,NA,NA,NA,NA,NA,NA,NA,NA,"0.036","0.9"
2020-01-31 23:00:00,NA,NA,NA,NA,NA,NA,NA,NA,NA,NA,NA,NA,NA,NA,NA,NA,NA,NA,NA,NA,NA,NA,NA,NA,NA,NA,NA,"0.038","-1.8"
2020-02-01 00:00:00,NA,NA,NA,NA,NA,NA,NA,NA,NA,NA,NA,NA,NA,NA,NA,NA,NA,NA,NA,NA,NA,NA,NA,NA,NA,NA,NA,"0.037","-0.5"
2020-02-01 01:00:00,NA,NA,NA,NA,NA,NA,NA,NA,NA,NA,NA,NA,NA,NA,NA,NA,NA,NA,NA,NA,NA,NA,NA,NA,NA,NA,NA,"0.032","0.3"
2020-02-01 02:00:00,NA,NA,NA,NA,NA,NA,NA,NA,NA,NA,NA,NA,NA,NA,NA,NA,NA,NA,NA,NA,NA,NA,NA,NA,NA,NA,NA,"0.025","0.6"
2020-02-01 03:00:00,NA,NA,NA,NA,NA,NA,NA,NA,NA,NA,NA,NA,NA,NA,NA,NA,NA,NA,NA,NA,NA,NA,NA,NA,NA,NA,NA,"0.023","0.7"
2020-02-01 04:00:00,NA,NA,NA,NA,NA,NA,NA,NA,NA,NA,NA,NA,NA,NA,NA,NA,NA,NA,NA,NA,NA,NA,NA,NA,NA,NA,NA,"0.027","-1.1"
2020-02-01 05:00:00,NA,NA,NA,NA,NA,NA,NA,NA,NA,NA,NA,NA,NA,NA,NA,NA,NA,NA,NA,NA,NA,NA,NA,NA,NA,NA,NA,"0.035","-0.4"
2020-02-01 06:00:00,NA,NA,NA,NA,NA,NA,NA,NA,NA,NA,NA,NA,NA,NA,NA,NA,NA,NA,NA,NA,NA,NA,NA,NA,NA,NA,NA,"0.043","1.4"
2020-02-01 07:00:00,NA,NA,NA,NA,NA,NA,NA,NA,NA,NA,NA,NA,NA,NA,NA,NA,NA,NA,NA,NA,NA,NA,NA,NA,NA,NA,NA,"0.049","1.8"
2020-02-01 08:00:00,NA,NA,NA,NA,NA,NA,NA,NA,NA,NA,NA,NA,NA,NA,NA,NA,NA,NA,NA,NA,NA,NA,NA,NA,NA,NA,NA,"0.049","2.8"
2020-02-01 09:00:00,NA,NA,NA,NA,NA,NA,NA,NA,NA,NA,NA,NA,NA,NA,NA,NA,NA,NA,NA,NA,NA,NA,NA,NA,NA,NA,NA,"0.048","2.1"
2020-02-01 10:00:00,NA,NA,NA,NA,NA,NA,NA,NA,NA,NA,NA,NA,NA,NA,NA,NA,NA,NA,NA,NA,NA,NA,NA,NA,NA,NA,NA,"0.048","2.5"
2020-02-01 11:00:00,2026.37492237135,198.397651140131,213.776316377383,276.025606010923,1946.58820062822,139.351696737001,1091.93085286357,85.0650684552805,2.46983407448073,25.3567990163467,9.793687785563,72.234025900315,83.5160597852245,2.08748449213071,55.5816941635948,1.66711886454641,44.4804171476931,0.853833749942692,21.6789280986798,9.77123583270998,87.2295644106188,0.708352048884791,1010.72416685724,1.57604078205473,4.31333487731632,883.564874403758,NA,"0.048","3.1"
2020-02-01 12:00:00,2269.5984040805,187.963154505533,221.007647642445,399.308792619707,68.5815686845141,147.700368438593,1244.32685600796,205.118545610525,3.52615549188193,31.86629115657,12.19412061891,78.7886049373154,89.0512793673318,2.40342084990431,64.8762503151081,1.92939501695669,50.1217421803677,1.57722390741674,23.1358627804931,10.7825330849374,99.5293483270792,0.717595066614061,2928.83246516156,4.36965480455018,4.64283596993766,1105.84499379428,NA,"0.048","1.6"
2020-02-01 13:00:00,2386.18172664196,170.071279401789,221.656416930069,317.584607901431,135.490624315585,138.365789497129,1542.98734031364,254.002754718926,2.87885668521628,32.8984994206668,13.833712923929,77.6713143967363,88.8304330795185,3.00359252538808,154.826192143714,2.95353527502789,47.791003310308,1.7500011369099,23.0961233686694,11.250422028251,106.036990194842,0.733144878078099,1758.37094742119,13.4324367570872,4.00913574351322,1160.09141017363,NA,"0.048","1.3"
2020-02-01 14:00:00,2121.4972738417,183.352078665605,226.289672587888,321.344087770547,233.163837350245,140.558131645288,1181.78410230775,281.751809611632,3.38559326247465,33.6969997004564,13.7226915709053,78.4525652318512,85.6284664389523,3.87349701512584,60.0375936661684,2.62369094245087,45.476630589757,1.46221164003238,22.5554803954819,11.6244874740579,109.101286008862,0.757764733407856,1770.42528772852,9.65621232081632,4.41782236041814,1255.92351424919,NA,"0.047","3.8"
2020-02-01 15:00:00,2095.65116543543,188.048212480034,220.276109242886,290.669675680829,200.456710506284,137.58803847608,1093.1988009794,242.032660579185,3.09982038477344,32.273696607375,12.6603722584014,82.2619751834117,85.4760697770811,3.87438616047647,65.8786723038589,4.5609298084469,49.1916034253865,1.15658307217564,24.858902256502,12.5826157871512,109.167140898114,0.813759984141954,1128.94149900904,5.62332746064053,4.14534837663453,1208.91829536328,NA,"0.045","3.3"
2020-02-01 16:00:00,2166.64649349698,188.425923612279,223.319180579397,305.622408199678,76.5288714571075,147.728366821196,1100.57949536911,233.721228093814,2.68206859843859,30.2495837633476,13.7438216497278,80.3564149680889,91.1720307655878,4.08559075898248,72.3761715545917,4.44777889829402,56.4266267047076,0.981014294367267,28.432512621057,13.8585681738073,118.449732310278,0.856257522336211,1221.77933907938,4.26665903057424,3.72198602023028,1250.01626247828,NA,"0.044","2.5"
2020-02-01 17:00:00,2738.74931987574,179.957052287748,226.364261918499,342.097990343891,183.72340603898,140.920479164372,1105.3054804341,273.089480120969,4.12698886379637,31.7574732080919,16.7672582686341,79.3254236650103,89.0016399987523,6.32608198349261,68.5155719002933,4.90726225574888,51.6330849420208,1.24049043190309,25.3531765437217,13.4109401050535,112.708807842779,1.02066945223961,1125.45277107432,4.44584710921765,4.02340269572242,1341.32064093045,NA,"0.041","4.5"
2020-02-01 18:00:00,3088.1193673293,211.941981951662,195.956403770852,409.571490222737,124.366380244271,175.16617946243,1018.30702504595,226.988717875068,4.89461842717261,44.4750826107809,18.1401631811933,81.6702789955545,102.2073701737,7.47843749517199,92.4760640350583,4.51583033843561,73.1495064626492,1.34546967865231,38.8110539232076,17.9459637322088,138.976819106368,1.21644081282187,1262.97237131712,3.84059275906952,4.89816317745312,1252.31996718401,NA,"0.039","2.1"
2020-02-01 19:00:00,2269.22287610954,224.392252127928,157.505289059009,394.961668527382,47.2471036147285,198.102116392721,781.156574354132,153.845782692434,4.89436643522849,44.4429206095169,14.7170925579042,78.3515099142933,117.206263417111,6.56294168811,103.189425852751,4.69075262047358,76.6092478883961,1.91222547414723,38.4832281222199,18.5014495415928,123.369426657199,1.21824569490564,1494.0475612058,3.31562135238028,6.16567102804749,973.181527928944,NA,"0.039","0.3"
2020-02-01 20:00:00,1985.95602268893,311.878122332294,144.715308288332,402.901015569999,48.272010237326,175.939155053006,629.331977702738,153.322140334362,4.49867168523637,31.8020919323141,11.4108979513224,62.6249042683042,128.561895593122,6.90170025219125,95.6269031425575,6.170861321715,71.0052374089447,1.9157175077017,35.7359966550105,15.6219481670322,96.3226134699466,1.16461183917625,1478.76508226054,3.17975539898495,4.83834461562432,934.465766753865,NA,"0.041","0.7"
2020-02-01 21:00:00,1350.99843937182,157.186310246606,115.089635667435,274.307849221745,28.0755663871967,143.240248722674,477.159779661914,96.6820008757587,2.53889387151453,20.5418016533166,5.19466428199282,60.8728331567992,119.438973279346,3.09825742737208,64.7846287807019,2.44568113995057,44.6072136374531,1.18883807318628,20.4972364638146,8.58432863530185,59.1753358932121,1.11083052872497,1120.38321602687,1.91433407809194,5.25071971143399,569.71137302591,NA,"0.042","0.7"
2020-02-01 22:00:00,1138.93704219135,157.98677380642,67.0903171482025,250.03643061148,14.9705568344921,157.503482241217,395.308928828007,38.8739244911201,3.16416583561714,26.0896290967982,6.6627185824645,58.8198820805545,124.933420234926,2.55508308589957,70.4946615562749,2.75769322875021,49.3629401320895,1.16456821666775,23.7938681030473,10.7754038999705,44.5955215403814,1.10249675882421,1422.09194679313,2.6691233736103,4.78679743898976,483.828943580779,NA,"0.046","-1.4"
2020-02-01 23:00:00,974.705471767314,142.511896616015,74.5797222029993,247.680680575263,25.8225068378693,137.68725081584,407.161506083278,58.2376642378815,3.59032896479696,23.5558777461862,5.36244165399768,60.3172476016468,114.015633957081,2.6202158163855,58.1902071384248,3.17122915063816,37.101089053578,1.33493317477459,17.1026943361984,8.0363408163316,47.1382602994394,1.06869252427871,1183.25811380765,2.61897201168675,5.62480517679785,459.470157377141,NA,"0.044","-1.4"
2020-02-02 00:00:00,732.158326140885,113.311377613708,66.3950263657897,209.046949892965,41.9535911071268,110.936453177611,358.221721980441,39.7566061914898,2.43708601832661,18.1908963381671,4.43036145585304,55.4270199568298,109.727286502076,2.3841715341934,46.3105003126662,2.44364789444985,24.6791503897567,1.4563358069722,10.4533392428675,5.05455808377237,38.8976588703628,1.05081336394862,755.44659001073,2.77786232016815,3.37446077962818,416.345285006458,NA,"0.041","0.7"
2020-02-02 01:00:00,874.09566818287,134.789739626425,69.1893830766538,189.128642823172,35.3819320007455,137.304659043139,375.006098105096,49.7126626399539,2.34244068292799,20.0410323880603,4.79703751770679,57.1285261224108,114.591915431396,2.39187797181205,55.5800511097913,2.56578701042293,28.8917351808856,1.5691656621765,12.1830744239054,7.18559842076494,103.98114030393,1.05315726278864,862.238545018144,2.65048937044787,4.31924510865875,398.76989282312,NA,"0.04","1.2"
2020-02-02 02:00:00,1277.2992179947,178.81657930413,67.3288743280557,180.226480502239,70.5210811165903,176.529767815987,455.493776779617,66.4289316259472,2.83125567090028,24.3644090069561,5.45839459145632,72.0472642896283,120.750278127426,2.75855095731857,74.2750784799724,2.24576513816124,31.0557940378396,1.23268203396504,13.1808743703436,12.2397684208791,351.342713347973,1.03295691581997,997.554602624774,3.57264584961402,3.78650982233659,480.474536087948,NA,"0.043","2.2"
2020-02-02 03:00:00,942.756050666548,132.444120647275,72.8394329327017,164.461154589649,76.5802446614788,146.323577849448,482.580656034925,70.1080379143628,2.34201679758035,17.0372589150187,4.10450560290671,80.8293273479789,116.91803118807,1.66720077721636,56.5751112058648,1.36046004670634,24.7334822473783,1.28392908643113,9.89487670882785,7.29760678718535,175.747756610538,0.979957937619431,684.593936762438,3.46976524742404,3.3999478029473,394.543144104527,NA,"0.045","-0.7"
2020-02-02 04:00:00,772.170500244256,118.547703178404,78.1591168915954,156.695850666196,35.1238206332775,124.840515027314,466.030134077857,67.1744742214262,2.59014628973592,14.1859971184198,3.31107812287553,75.80884283854,114.069689294898,1.37709612584954,45.21540958614,1.57197571760893,22.3926054958548,1.1360095049237,8.07984945169654,3.84853735346127,23.0288461217455,1.00202568244334,640.852602441421,2.67992170123867,2.54688044165634,278.111479748783,NA,"0.044","-1.6"
2020-02-02 05:00:00,618.95010721012,104.625042351437,67.5227445446232,219.033471825585,27.7450230492644,108.053541860144,423.967006776915,53.4238247836622,2.47504637410361,12.2571234436045,2.65326076610081,71.0163945412968,109.902257042084,1.43878008319729,38.5257547252984,1.4068565540814,14.4339455089751,1.22888169443464,4.70373313582398,2.48861087843737,29.1141656285604,0.975978367381956,593.839278400442,1.76038225235356,2.3752088134535,389.500330521508,NA,"0.042","-0.6"
2020-02-02 06:00:00,830.760864129463,152.516482195119,71.4006343718157,266.63476760218,25.3272578653675,191.686419781753,454.91133327258,68.6228728129172,2.98171512027772,17.2699815868544,4.85289593700408,73.4826743268546,122.05658537404,2.26475445104151,50.3761354307676,1.72256619822318,20.5293684183466,1.4943241369001,7.11420747073956,3.74645342189577,26.584307832398,0.907230536955419,666.659995294323,2.3389120074288,2.88636887608714,558.884113752782,NA,"0.042","-0.4"
2020-02-02 07:00:00,1144.5564082296,146.947783273793,76.6441722338134,298.556316796973,30.2398184231103,154.551470722594,461.561845577692,70.5654605785971,3.30582733597306,20.7085617763364,5.89152463313883,71.0565073500105,130.668642196035,2.70414592214501,65.9826819967573,2.44693872092833,38.4409031810886,1.24335337458826,15.9128974463263,7.03563505795249,32.5507904887586,0.83056998528034,721.818898055213,2.20625475036345,3.37355389451045,639.116906698314,NA,"0.04","1"
2020-02-02 08:00:00,1794.83139690254,207.936558414024,69.761161205141,289.432211935223,40.0962282753864,211.727517578006,475.491732139576,75.3888602122696,4.75350040751032,31.1298647835243,9.14293516198092,74.2638172550015,148.599997319192,4.27968985030462,101.18883135382,3.77049822165606,71.1146134547885,1.69796328433466,31.5363135701197,12.7570088439373,88.5069102913113,0.824346254348391,1029.71815991007,3.75835285482635,4.34464139073348,693.510679496994,NA,"0.038","1.9"
2020-02-02 09:00:00,1829.35523465567,201.541970875183,68.1565995287797,412.64914532076,52.6634855689168,181.727464589164,471.463719667849,75.7219878201943,4.6352834944132,31.9778530703083,8.39470793293287,72.2866720477559,145.843882902413,3.82142297384264,90.4453048736548,3.464789496247,61.6256115040658,1.5182317909692,28.7569496343589,11.3935137301964,50.1249436805695,0.79860666286077,858.437491566928,3.79144539789204,5.07734111730616,853.0158992146,NA,"0.036","0.7"
2020-02-02 10:00:00,3024.34173739008,192.241622511318,60.8198167373106,389.782386353712,76.7375232315181,181.186310708954,500.295481920777,70.6335317683543,4.12738995670511,30.9692485879566,8.66137151600443,71.9243445376477,144.294185519584,3.08816740247729,87.845390666468,3.53418408662838,55.5372444537959,1.56833070632702,25.350949329994,10.4944073740062,76.4933285947944,0.782690679552834,895.954706355277,4.27035804028473,5.53563610488595,839.742140717464,NA,"0.034","1.9"
2020-02-02 11:00:00,2393.3952721382,187.923058351508,59.959393450413,242.504024952028,54.055527085699,187.664096736292,460.573898935443,64.5430533809268,4.08515859819582,30.3788805396609,6.73705763129607,72.2875281338394,151.751626125336,3.28609037029647,97.2438649700285,3.33940994149812,64.6593436281144,1.21413367286943,29.0204896197003,10.8391435049844,66.692949521833,0.748907779490945,1031.2493759363,4.06955904659401,8.22943467002585,603.299635035481,NA,"0.039","3.4"
2020-02-02 12:00:00,1655.50413412893,157.974119601994,61.6049437588337,192.079534992781,136.617985008939,166.474473074943,422.143131405037,80.5473087394305,4.17059085837725,25.0556005581417,7.55366113098635,70.8284022855942,139.99367432466,2.60390719331012,75.6913563577055,3.5137637628309,48.8563490964501,1.35720104466817,22.155145408946,8.22007769908937,34.3584614496694,0.706913650309593,704.219481348348,10.5230397459812,4.92517926957739,479.670928956321,NA,"0.039","2.4"
2020-02-02 13:00:00,1689.84271238215,177.069821548754,58.5485526953665,229.73196037285,89.8141502840162,185.800311773183,443.627313981432,72.9736958266863,4.12882011296045,27.5884394603887,7.90160417787073,73.9618654298408,147.054555704584,2.86339560937136,86.235430316177,2.4746794453055,60.529792548012,1.3691752559354,27.5649458058164,10.6572783345766,45.8464316404845,0.718288742823991,727.167753829773,5.25520621489507,4.79771728784953,544.172638625671,NA,"0.039","2.2"
2020-02-02 14:00:00,1473.80027595641,156.529259684682,58.9294971145591,207.975179535154,66.1497564712677,151.887527378466,446.451036599571,57.500672250862,2.77155252701979,24.9568882026403,7.06920852817727,76.5675315056243,134.073772114967,2.53576308942755,68.8285954449628,2.02035049614483,43.5827562693382,1.18940966370103,19.0288332722127,8.41816126615236,74.5268871135667,0.648601468944363,666.510347111784,4.4014195215045,3.65318722426778,529.835494375033,NA,"0.039","3.2"
2020-02-02 15:00:00,1156.88346109661,137.131703746608,57.9020437184324,179.888125666658,42.7578103685294,134.633901421122,438.506546792746,43.2001305372893,2.61346332247986,20.5894870452802,4.97289782466479,76.0460934076487,130.823474340118,1.82202353476685,60.8904881140647,1.42398276246063,32.7728967015715,1.50874317317261,13.2079474035715,5.61033058812623,26.6397735715111,0.602317969606364,578.243829636883,2.71923885280748,3.38243493095151,416.278072990903,NA,"0.039","3.4"
2020-02-02 16:00:00,1439.35724916016,160.987327095876,59.2684327873931,197.259985562567,64.1883448085622,151.185478691692,447.030557538337,52.168624278529,2.93501169065533,21.9072568547738,5.95859271253877,76.9972710996045,139.096854803262,2.05531298180375,73.5515543799028,1.59831864694,46.3673551890776,1.2803300178411,19.410246669299,7.92966662299546,60.2246370938966,0.5725497942298,750.938164003804,3.15096803487549,4.82151016392473,468.796702235962,NA,"0.041","1.9"
2020-02-02 17:00:00,2573.45569434843,314.013230346084,69.5732330302031,400.485365978213,62.8589432049701,290.059703696892,538.67315212585,73.3253137657617,4.74830548931755,51.314897451521,11.7026281305041,87.7197943388514,187.645446755237,3.40678879621275,160.781061402458,2.91671474881863,125.921279229103,1.69466639592021,61.0912442214263,22.002874484681,61.8492356713068,0.619778979357072,1793.55092939218,3.44148198928565,8.7700175791849,837.079248982166,NA,"0.036","3.9"
2020-02-02 18:00:00,3716.53341638043,510.028295920722,86.5270617334097,671.241940646395,147.124716622863,459.237232574085,1805.96240872042,156.897699385877,22.8047290340022,86.544753632448,29.656191098139,116.638782745275,269.997463839559,22.7099503925648,283.248085848595,26.7064151346307,226.619281592672,5.83142088960357,100.232306176886,37.3762370527909,185.361228666426,0.641780492925585,2802.79051480819,6.77075923372388,10.8115831208251,1625.45983886522,NA,"0.023","6.8"
2020-02-02 19:00:00,4070.23373754907,473.781198032504,79.0703960988475,650.703824524112,195.260395620211,405.553606049931,986.171904668436,179.225209780344,31.9704922482331,80.9400890639424,33.4995427033209,108.107786428571,243.780223187236,29.7024551689864,235.242119570655,33.335635442088,190.562669049136,6.9191415327694,92.4297101438535,36.6837374372108,172.865006352975,0.639972753490699,2975.59657285803,7.88580391393009,11.0917190396661,1573.40178153081,NA,"0.031","3.9"
2020-02-02 20:00:00,3584.14192701056,568.178093935028,85.5586514728722,770.416941247493,140.954101138338,468.14880730138,906.500220635567,215.483647301204,47.2252107210425,106.295700363968,47.6798485215306,120.362924172455,303.470864184307,46.7546429736324,296.926425994335,48.6735727727093,255.214894870212,9.64298981796111,133.331319830177,54.7840433182372,345.19726757812,0.661923908760277,4692.64660336217,9.30505184542755,17.3364883059515,1720.81169184288,NA,"0.033","-0.1"
2020-02-02 21:00:00,3234.0686218228,434.285680542841,85.4518887718439,630.249116328645,201.578863535534,358.594858254951,805.621918507369,241.67079693258,35.982969243032,76.0050305367003,38.1152344028528,106.097632052696,260.336760530109,37.0900383675613,224.919771575984,35.9951042822815,169.039306408478,7.42006348308251,84.062864400721,35.2498442939713,340.12527206453,0.66491054065583,2746.3421679023,9.53347041774818,11.0310447199123,1453.9926631352,NA,"0.024","-0.3"
2020-02-02 22:00:00,3367.72185971525,466.827801401534,87.0370031248706,601.555572817443,125.277712596755,342.966584443227,764.892633870262,211.500250555183,50.1696409582423,89.1071389713902,42.7962979117145,109.849463934383,253.020919067639,57.5454667813869,223.018879262431,47.9556348875604,159.022000225594,9.24118606847722,80.120960413995,39.8258579416826,596.946606647948,0.646615361115651,3082.19502119447,8.98357003609292,15.094193325025,1374.09659493971,NA,"0.02","4"
2020-02-02 23:00:00,4393.85735627056,408.311684440987,81.2711304979084,551.572394327919,82.4621787704091,314.394818004704,708.275682850346,145.905576194505,35.7543655123766,76.4386575367525,31.6102298167834,104.705739851137,222.491934389052,40.926652638708,187.805770242392,29.2548732782544,134.432513915532,5.50433137508457,66.020244556567,31.2858819399317,505.104297331271,0.642443633393767,2880.1304584905,6.01135628216494,13.4560039970453,1206.24077403912,NA,"0.017","5.2"
2020-02-03 00:00:00,9697.50121343789,305.685554040955,67.5379131515646,438.70406903519,99.2188782569933,237.058632040893,620.142134832942,118.594494903971,18.8161394536104,55.1469882718747,19.9941628692246,89.6321334541499,180.994091843901,19.1097322655195,130.048094617998,16.8716602755251,82.4229911098939,3.05879982305019,38.9157720561955,20.8748919765353,428.887316019819,0.629740512342514,2442.26523095997,5.37769617479654,10.9121777248516,1031.85773467559,NA,"0.015","1"
2020-02-03 01:00:00,3740.99269915077,406.054115653792,70.0464916286006,488.710873299356,67.8810432789403,281.240479316007,703.589976258642,111.624687722734,22.8971897776985,69.6235327595515,20.7595207423594,94.0138508174185,187.088915839287,23.0684301986079,151.436493755977,17.5584742002552,98.7012152736935,2.90843741275672,45.6127252617122,22.6309523040083,421.186208486095,0.634153204697976,4281.00284064266,4.4111204022455,18.3108606668862,995.830985999477,NA,"0.013","1.1"
2020-02-03 02:00:00,2584.79734359168,392.007737973754,64.2436500787993,487.028027215229,79.5960876493991,290.183388116595,689.811525737203,123.101807281275,19.9058076806416,70.5099728044233,18.9531731120421,94.448841568432,182.934969118458,18.0766833360559,153.869686519478,13.5235203965951,102.352443820474,2.70259759721,47.0886660620714,23.1971979784407,433.623169921043,0.633759524861771,4000.20126802167,4.14977813210037,21.8378237058396,936.524459050232,NA,"0.011","-0.1"
2020-02-03 03:00:00,2286.22000905328,389.601947320754,72.8351176914787,473.883104839066,58.1775291055938,305.078338893857,662.499888670489,115.450529585304,11.5567921925886,65.9334044553182,16.3755986963659,85.5548120314451,201.051252316132,8.84439787589465,186.108964674031,9.24353505626734,128.992933419222,1.74486927066068,57.6628571443838,24.703212577205,435.562888347639,0.622107103819987,3050.43959542362,3.31818096050641,16.6396334331056,924.301379793024,NA,"0.007","-0.6"
2020-02-03 04:00:00,2612.77256682914,352.899969174069,69.4471025337333,452.855074032341,64.5556097275641,275.00473516172,661.225016132821,116.234850868408,10.8524689870214,66.9049203395612,16.3612328366096,82.3974242552234,178.057177071585,7.23338946762217,152.405639855688,9.04130074496619,100.723277595977,1.83765551294596,47.1369394948731,22.3213059205076,468.392928712628,0.618000772874998,3265.6136001525,3.19810668996241,19.8009728497729,880.013251543848,NA,"0.015","2.5"
2020-02-03 05:00:00,4338.73369324377,406.097737363346,68.8099271464554,468.987244090218,56.0551754126157,326.250792695407,655.259767544372,114.397305383563,8.95697231633527,74.9832217882837,16.851968941764,82.4921786206483,207.235218048995,6.24379404415854,186.76046223182,7.64950583924508,136.682907067845,1.74580563199673,65.2665479422947,28.5251823173032,427.44877323561,0.609231247753198,3610.28561843066,2.93733658541439,23.2355227657011,932.98776121119,NA,"0.006","5.9"
2020-02-03 06:00:00,7216.47219559594,438.271916792027,72.4820891496078,481.048832945575,42.1401456846041,376.798941324578,619.906623654564,88.2085273315131,9.25453393535737,80.1796366246936,18.1622658518015,81.7025008030348,240.022887187593,7.36387483504112,237.665309343773,7.84056761911254,186.111573399964,1.59763348745389,89.1327423744232,35.4662468770707,420.555141997857,0.601008300066447,3224.89784793967,2.22795400278311,20.3191425429547,994.577463688912,NA,"0.004","6.6"
2020-02-03 07:00:00,15614.9970575002,762.127101341853,87.9297527120335,638.116203561164,88.2357836291592,678.115377056422,663.203242249679,134.136670688489,21.3966026900313,125.003214394629,35.0266235071271,91.3214011240109,391.463310227163,27.4944736779536,468.655082254837,23.8369415542509,428.037073379958,6.10637644397372,217.177573889509,78.4061634818119,470.86845822156,0.598538015703843,3431.0374088082,5.69991118191759,26.2440902087724,1399.10371167036,NA,"0.002","5.9"
2020-02-03 08:00:00,30148.2911758798,1422.81929926884,97.7305327074499,789.775093592617,98.9752249844607,1348.01187343718,712.743973910384,136.148678171043,24.6506389155249,222.055254918358,49.1106427912164,105.338824458085,790.587399907577,29.5739444402476,1139.63673667807,27.2824537410893,1144.7351059494,6.92384180674226,607.343505144615,223.119981602807,575.105342284516,0.584355712573026,5102.37079829713,7.5501759214364,54.4981118614971,2040.2928617409,NA,"0.005","8.6"
2020-02-03 09:00:00,45061.0932223476,1604.9866681858,113.304413803401,1110.04914510213,304.699903465038,1544.98509906617,837.120076833218,310.074168288182,46.2447900806784,243.019129759556,67.8372199872745,130.223961138877,810.800099011101,55.890420339727,1173.32387932762,53.3525570061885,1179.13126032173,14.1328277228055,625.703274154043,230.012381162732,512.625705556516,0.590196199658907,6176.78603972058,13.2026646850058,60.7853586749374,2819.21713213719,NA,"0.015","8.5"
2020-02-03 10:00:00,23670.3215927077,642.297187279663,103.202469455332,677.381201131767,207.515245960317,544.256362214294,757.683564297648,198.406327637343,16.2247892228677,94.9097052770652,32.6936534594316,104.505994071715,335.927019073853,14.7137128779136,384.795656316913,13.744270487939,337.672028141657,3.1099966921237,169.424776749487,67.2840582363271,274.521071446283,0.601558043970564,3627.67737726178,10.0043238858273,33.9216493220472,1910.38582965212,NA,"0.023","5.1"
2020-02-03 11:00:00,13110.401845106,545.271209824622,66.9187138522514,663.480842786208,129.389935224591,485.831672400425,752.904017213542,122.654476086811,11.7502104133346,78.7435731734398,28.6954172294488,113.885059436074,298.611530557623,11.3342124885385,327.181038406694,9.57004847412685,279.159456997963,2.83035365229872,134.723708252984,52.0757845879031,157.93276145697,0.619517660847747,2657.15266579985,9.86363789535654,19.6931255813652,1691.74363844373,NA,"0.026","3.2"
2020-02-03 12:00:00,5629.00783916562,459.158231713551,83.4036420925822,558.587034620987,155.205253847873,372.411443780848,3118.29789160193,304.038151497757,10.9809561424632,63.9478888511244,22.955932495507,111.94400725887,233.592459905441,9.90929132370166,219.543898220617,8.61999339784058,173.171682184576,2.39008149511408,80.9137070571146,32.3611920815203,111.198852908665,0.623782827275528,2123.23281843979,9.54820343936686,22.5330295617548,1317.07604415847,NA,"0.032","2.4"
2020-02-03 13:00:00,4192.38127326989,387.394306671273,94.6627673479278,524.83473135586,139.846656444179,315.161031399428,1600.62411939184,176.589410679174,7.94827616425935,55.0101114741165,18.0095732569955,105.242127053355,214.046184453348,7.1078115508576,194.680823516807,6.78016145083207,149.31417925888,2.34739457701252,69.883093679748,28.4012228908071,74.5391644099679,0.62298496688064,2317.40286993603,8.52717992232301,15.9325147092406,1196.79211388908,NA,"0.034","3.2"
2020-02-03 14:00:00,2942.37033274788,298.341001550389,55.7084884650804,377.626060723255,99.1220678101727,265.908140773189,655.105083670822,111.431806120332,5.83267203404766,45.2442867933756,15.2430431002516,111.061912857131,179.744165225783,6.06750067731143,151.592396718143,5.76939953782401,111.415663712231,1.92636317213981,44.8266117794958,19.887706329037,113.005818650281,0.596080056723073,1271.05773297924,8.22758164603594,13.8417839994817,971.665601964233,NA,"0.036","5.6"
2020-02-03 15:00:00,2834.03550616104,380.384371483738,67.0909508104305,441.741803107411,166.20429216212,312.660854002342,809.070381947664,213.978725277068,4.34421181682037,54.5047582893957,16.3343772312843,118.31725505731,185.112806778706,6.36384129459071,175.368205789974,6.45246359574739,142.837425105389,1.98054320369347,54.7113626379214,24.1801699744118,121.342320105148,0.607990917556618,1694.45104880364,8.85890964427692,9.44378612065018,1154.19605732063,NA,"0.037","2.7"
2020-02-03 16:00:00,1889.90951307838,311.451086793974,62.6581865017969,357.034753564134,33.9807266589263,273.00988567389,720.543563018302,115.151546399037,3.19722782792941,37.8377255950745,10.9042738566704,107.444221047143,168.419889251553,5.18810481564866,129.358668387182,4.93484796046046,107.326064828513,1.62737150165104,43.560335493305,16.9170174371919,46.5045253403281,0.621364487114998,1711.64317572517,5.53256819664703,6.84377590700725,802.555134555748,NA,"0.035","-1.4"
2020-02-03 17:00:00,2597.41238692795,589.505937857997,82.2084895255981,611.754538021557,60.597983217903,685.143821512907,840.506667885571,165.823336149522,5.20998252523007,70.5413553048037,17.0480884252386,117.063774403662,276.149585252683,7.70111217401571,307.003890989803,7.65045030958451,277.900284923838,2.07652976086957,132.651067109979,46.2332146477536,100.830870902246,0.63881589327683,2392.40491402985,6.03449488381065,6.16761988572982,1236.53787061653,NA,"0.031","0.7"
2020-02-03 18:00:00,1850.67583483613,564.1210083284,92.610868073552,517.623560354013,67.1912210461839,615.590456772032,798.105654900482,142.466467945456,4.931663624862,77.0455409692342,12.1159589805926,99.9106169286672,328.786911100381,6.68729278750952,496.400807972197,6.62917787032293,417.81082709447,2.35172562885127,165.162506181368,47.8569109670041,74.0123497278053,0.6201233364615,3090.18592927095,4.62528510155531,5.36772867276813,934.568965271237,NA,"0.036","3.2"
2020-02-03 19:00:00,1516.34099913261,252.715782595784,94.7909810462802,338.61398252289,30.3961559913857,187.808681099653,890.563563458653,153.223314761339,5.10083758221412,27.2777442312205,7.83196444125061,78.6561151802956,157.166866246651,4.84074797818558,97.9578273635207,3.84342271412777,73.22336650915,1.29646083632411,36.8186436851275,13.9131600656586,55.6826782107257,0.610911592810004,1614.24315594034,3.59441755929849,6.62782836403728,679.346189318267,NA,"0.039","3.7"
2020-02-03 20:00:00,1658.81594951782,308.763592870757,79.7677369930857,342.635308690413,59.1080077936832,252.017843932594,619.417359059295,90.1105523409764,7.57433916657297,39.5213560464871,11.2998525422517,90.5370528222135,171.820432284308,6.52695219186818,131.493440053218,7.26039897139278,101.757417859465,1.70844337211558,48.1346789220074,18.3793462929838,89.8582137727287,0.620813455633525,1985.79269208123,4.20477642969178,9.36404354244156,644.786316280489,NA,"0.038","1.9"
2020-02-03 21:00:00,1633.88986562299,283.768369364383,56.2621475973449,334.948428702866,35.9037610450721,253.86626319533,541.00347078653,61.0720058953486,7.21506050337801,40.7053820087835,11.2087871355594,90.3760573622764,176.115599068207,5.55711023515261,138.123099968213,6.81668115711694,104.897599235937,1.8789005106453,50.1028980001161,19.7215356306271,76.3554801497436,0.624937392974812,1635.84901361237,3.98265253799408,9.28011942322525,687.74233171978,NA,"0.037","2"
2020-02-03 22:00:00,1219.34059099207,222.484011809907,53.8022803590221,270.68825888663,34.0756591057094,195.354151062538,470.784706639812,15.7337994860225,6.04815274888698,31.0747231996749,9.05480230764186,79.8733370719322,156.436079239953,5.47497818504402,101.983824371452,4.88372638741973,80.9681252558025,2.06033557492542,40.8986680192972,15.478440943825,76.0238252114935,0.639018047652024,1141.9637496066,2.43444053565471,4.42412183289401,540.072329629535,NA,"0.03","4.2"
2020-02-03 23:00:00,2619.59626835134,454.226605194269,78.9914772530377,637.133309238715,153.854131919008,369.062512440045,739.811546569591,186.194419442934,35.3112052773443,66.3193272981855,32.8345153915007,113.613607488724,210.244913181475,39.1389007220006,198.308611407515,38.1674043736893,192.871565259482,10.7008031308227,118.595295494011,48.4571675921693,142.800619197881,0.653893101093901,2795.84570797633,9.70686271415689,13.0626308896856,1356.98756845752,NA,"0.025","16.9"
2020-02-04 00:00:00,2104.39766338102,417.020496725668,65.5168512386053,548.801247005529,196.590383735415,389.512821260968,646.54574333297,171.041937637073,15.0608105332102,53.9189898934494,20.6841442379684,106.787317513025,201.826331079857,10.1083039760673,158.97754742323,15.890584651466,117.36225657276,3.90528710325531,57.9793218382358,23.2655453733623,107.838153680207,0.646813544052047,2318.84892452173,8.18396760037826,10.786320656631,1139.67694361276,NA,"0.03","7.5"
2020-02-04 01:00:00,1490.30303703198,256.295059264553,57.811048959755,391.90748648221,135.832735170172,229.911430615357,539.550194342284,114.608285192893,7.84559874530696,32.9384666514702,12.3204190439473,86.6465496122962,161.134110459581,5.25638893466107,105.495383962026,7.42109683370649,74.5076373449041,2.62099044319279,37.4204667240774,15.8222410655301,93.2721344568471,0.635110691778741,1610.63843544527,5.64454519220971,6.57767148585935,879.0528118648,NA,"0.033","5.6"
2020-02-04 02:00:00,1799.84789237385,343.955981629517,57.7182514859912,492.853097901298,57.3932726796003,273.760325253149,591.027703270135,87.2924606968307,12.5082019331812,41.08201388293,15.9911413778922,115.822736925112,166.080948793902,10.0662924507605,123.01171090381,14.1970088696098,75.3881288805742,3.26965741321046,32.0872910585793,12.8746739543525,107.699739511026,0.627728341452398,2048.86635219721,5.8268031097538,8.92468553627144,876.54035092872,NA,"0.031","2.3"
2020-02-04 03:00:00,2301.29144682197,414.160992485908,61.0020743169044,503.825100138656,114.123233338417,358.652634473963,640.700154325636,158.957278866119,13.9948061655869,55.1614482310966,21.6250839763782,124.091846894162,178.087764459042,11.8552983097417,141.724720998066,18.6981766551049,88.8459953893641,3.26962203078641,40.3769353950581,17.8651188209253,153.865129314643,0.639911814686779,2228.25824990825,7.78167126890604,8.81819437133799,1054.92906919528,NA,"0.025","3.8"
2020-02-04 04:00:00,2270.91203754799,344.42921618695,57.1214351056999,464.403147151081,83.1863797550827,304.946865871662,621.41765183975,128.07906672931,17.2853213607239,60.5723898078442,22.0319793106684,172.628292458839,177.522805986596,12.3023415266585,146.605681389947,18.1504263568278,92.6453204773859,3.06689862040274,42.7502202806886,17.77558835146,154.42965135468,0.640674064510447,2030.7619316044,7.09805899553204,7.64883813185384,1058.38458508186,NA,"0.021","5.4"
2020-02-04 05:00:00,2148.243685096,365.142398859771,66.9322182235956,457.824720188305,118.424607670383,276.14220133912,620.189316766963,141.932027055315,22.8013354163882,56.0858952615698,26.8790552744941,132.703748100644,202.422617058411,13.9008629390803,159.690949753372,24.3901732483221,125.734401406923,4.36188422377306,53.8426093170907,21.7175016413494,154.805637548679,0.642164035737442,1926.14645825544,12.7102358474462,7.51902249213557,1075.20482199365,NA,"0.017","2.7"
2020-02-04 06:00:00,3807.66991481776,565.382014896466,68.8352698913844,564.371599999629,123.148483711727,508.932290801959,691.712944720363,162.268918727145,19.5797044404963,96.4803914595622,30.2348544204916,154.288898831429,287.352816689839,12.3512668147446,318.063385956605,22.2738969259699,297.806349368461,3.11571894650853,154.980645192627,61.3789644169169,197.053237757404,0.643125503697651,3124.53130371802,7.71069941143262,16.0540296107232,1291.15957914861,NA,"0.006","1.8"
2020-02-04 07:00:00,7822.62162336468,925.83143552643,91.1792938695795,679.353826657736,115.710699798347,896.71086232848,768.152291288714,154.739300854234,16.5127075872537,146.110018567975,36.2177488062026,139.605691628003,460.556912256125,12.6449202100368,579.764888666478,17.905343879764,567.271697047952,2.58284065032255,294.451743351922,111.199917070114,303.419347568213,0.641026873632785,3991.80876582129,6.55559930910646,25.1328104922425,1584.50321055522,NA,"0.003","5.4"
2020-02-04 08:00:00,9203.62307412248,919.985423132681,84.5430950905981,710.341508964647,84.4650208305302,887.237891922209,696.164519443068,128.53411817461,13.1165509813822,149.693331968747,37.8956203014617,114.690135569253,485.69908165265,12.7697261963822,611.89097590635,15.5129191949283,611.518827433412,2.68317500933326,329.799365703213,127.631088129799,392.849979181399,0.637118519872792,4108.67521196617,7.61042810517459,29.2176503649734,1691.64401778238,NA,"0.006","8.4"
2020-02-04 09:00:00,11832.4112151652,828.175130631356,84.5039717501545,731.446194910897,112.616683647336,802.385392723522,1232.02037763565,141.679981960798,12.6611898584733,139.602611055809,34.3762988731251,117.128770056324,432.183922868414,14.173330165946,557.018724780916,15.6960228074435,551.650075349831,3.62134540749104,298.298160214939,115.261724744789,404.503744615544,0.636293780694084,3821.00209051968,7.7461819019532,52.1651166744082,1640.14519724485,NA,"0.018","8.8"
2020-02-04 10:00:00,8435.1020853121,590.756395234934,74.8416085190008,703.454811590931,184.539451448635,505.849432495383,1026.46252918992,313.545028501338,15.2695187663352,96.472133392652,33.8299988271478,176.029209011183,286.163186913166,13.8536545520191,309.52544960523,14.7586457179046,261.03745533774,3.79752875256877,128.485951253157,53.1561054118189,266.884010810796,0.638545573441843,2587.91939612054,10.6203282588717,28.630841324252,1769.94186621104,NA,"0.025","7.5"
2020-02-04 11:00:00,2317.7317451811,346.227941397729,80.0139533614605,420.047666163379,209.862744958106,259.984456274218,857.304044803395,390.507589925416,7.25936363081068,50.9469972069961,16.6821488299831,117.952114408607,167.876542184548,8.70025916728164,128.366720072951,7.70621831485504,100.26478293897,2.64072958535304,39.9428436733526,18.7717234428133,111.754070658302,0.60196118446633,1573.49961571598,8.48634509364206,19.8243366182705,982.202232043515,NA,"0.035","4.9"
2020-02-04 12:00:00,1696.4752863684,288.088116790925,93.7178063754,362.516430895898,147.710222184881,220.412550320792,734.637946423619,227.983909982469,4.13951279994819,40.9911869177012,11.4858449141082,99.6705192541455,149.822188828573,4.34573913950146,96.078038580683,4.13158627138927,68.2682978516463,1.81544096442214,29.1050771315348,12.4218085555601,51.06031088313,0.591268742287325,1709.96496473847,6.95596316142079,18.1841854635588,788.032012665339,NA,"0.038","3.7"
2020-02-04 13:00:00,NA,NA,NA,NA,NA,NA,NA,NA,NA,NA,NA,NA,NA,NA,NA,NA,NA,NA,NA,NA,NA,NA,NA,NA,NA,NA,NA,NA,"2.9"
2020-02-04 14:00:00,NA,NA,NA,NA,NA,NA,NA,NA,NA,NA,NA,NA,NA,NA,NA,NA,NA,NA,NA,NA,NA,NA,NA,NA,NA,NA,NA,NA,"2.2"
2020-02-04 15:00:00,NA,NA,NA,NA,NA,NA,NA,NA,NA,NA,NA,NA,NA,NA,NA,NA,NA,NA,NA,NA,NA,NA,NA,NA,NA,NA,NA,"0.04","1.9"
2020-02-04 16:00:00,NA,NA,NA,NA,NA,NA,NA,NA,NA,NA,NA,NA,NA,NA,NA,NA,NA,NA,NA,NA,NA,NA,NA,NA,NA,NA,NA,"0.037","1.2"
2020-02-04 17:00:00,NA,NA,NA,NA,NA,NA,NA,NA,NA,NA,NA,NA,NA,NA,NA,NA,NA,NA,NA,NA,NA,NA,NA,NA,NA,NA,NA,"0.035","1.3"
2020-02-04 18:00:00,NA,NA,NA,NA,NA,NA,NA,NA,NA,NA,NA,NA,NA,NA,NA,NA,NA,NA,NA,NA,NA,NA,NA,NA,NA,NA,NA,"0.032","4"
2020-02-04 19:00:00,NA,NA,NA,NA,NA,NA,NA,NA,NA,NA,NA,NA,NA,NA,NA,NA,NA,NA,NA,NA,NA,NA,NA,NA,NA,NA,NA,"0.034","5.2"
2020-02-04 20:00:00,NA,NA,NA,NA,NA,NA,NA,NA,NA,NA,NA,NA,NA,NA,NA,NA,NA,NA,NA,NA,NA,NA,NA,NA,NA,NA,NA,"0.035","4.7"
2020-02-04 21:00:00,NA,NA,NA,NA,NA,NA,NA,NA,NA,NA,NA,NA,NA,NA,NA,NA,NA,NA,NA,NA,NA,NA,NA,NA,NA,NA,NA,"0.032","2.9"
2020-02-04 22:00:00,NA,NA,NA,NA,NA,NA,NA,NA,NA,NA,NA,NA,NA,NA,NA,NA,NA,NA,NA,NA,NA,NA,NA,NA,NA,NA,NA,"0.03","0"
2020-02-04 23:00:00,NA,NA,NA,NA,NA,NA,NA,NA,NA,NA,NA,NA,NA,NA,NA,NA,NA,NA,NA,NA,NA,NA,NA,NA,NA,NA,NA,"0.026","2.2"
2020-02-05 00:00:00,NA,NA,NA,NA,NA,NA,NA,NA,NA,NA,NA,NA,NA,NA,NA,NA,NA,NA,NA,NA,NA,NA,NA,NA,NA,NA,NA,"0.025","4.4"
2020-02-05 01:00:00,NA,NA,NA,NA,NA,NA,NA,NA,NA,NA,NA,NA,NA,NA,NA,NA,NA,NA,NA,NA,NA,NA,NA,NA,NA,NA,NA,"0.022","7.1"
2020-02-05 02:00:00,NA,NA,NA,NA,NA,NA,NA,NA,NA,NA,NA,NA,NA,NA,NA,NA,NA,NA,NA,NA,NA,NA,NA,NA,NA,NA,NA,"0.022","6.1"
2020-02-05 03:00:00,NA,NA,NA,NA,NA,NA,NA,NA,NA,NA,NA,NA,NA,NA,NA,NA,NA,NA,NA,NA,NA,NA,NA,NA,NA,NA,NA,"0.028","1"
2020-02-05 04:00:00,NA,NA,NA,NA,NA,NA,NA,NA,NA,NA,NA,NA,NA,NA,NA,NA,NA,NA,NA,NA,NA,NA,NA,NA,NA,NA,NA,"0.026","3.4"
2020-02-05 05:00:00,NA,NA,NA,NA,NA,NA,NA,NA,NA,NA,NA,NA,NA,NA,NA,NA,NA,NA,NA,NA,NA,NA,NA,NA,NA,NA,NA,"0.021","3.4"
2020-02-05 06:00:00,NA,NA,NA,NA,NA,NA,NA,NA,NA,NA,NA,NA,NA,NA,NA,NA,NA,NA,NA,NA,NA,NA,NA,NA,NA,NA,NA,"0.016","2.7"
2020-02-05 07:00:00,8196.67688924171,1761.84693184226,116.554749546322,1257.61044670238,201.976193619496,2486.34884931457,1085.27262206473,141.944023100825,19.5698988283584,172.903471740493,42.2828448083449,191.896773225554,441.404799688817,18.1729455874069,543.059373037711,25.6824761189789,407.39657511427,5.07511457936461,190.49261542695,81.2175272629756,203.217910732953,0.83081773577425,5063.21837214882,7.77726317193744,27.9956702494317,2171.07013950223,NA,"0.014","5.4"
2020-02-05 08:00:00,10544.2021165797,963.216754302845,95.1367858342764,807.884413209313,165.643677399847,901.699231752797,1226.3908778866,191.832147434693,19.2251680890801,167.820715670526,54.3582486520339,152.840671201011,378.055403975024,22.482291752387,477.682036722688,26.6380196831233,426.811885402761,6.48490583917158,201.26239300999,92.1791126774763,325.423815847873,0.835691014777235,4137.28672287072,10.4409950067553,32.7547436713105,2199.13114459357,NA,"0.015","4.7"
2020-02-05 09:00:00,13477.1129145684,996.898641879877,130.052898278093,907.51511421871,317.168090551867,855.839281560756,3003.84711383539,216.830990688596,15.4480190082462,169.518533857995,49.9621855585118,179.033723001166,389.737325650976,18.9472566122368,496.163441070025,22.6308756720161,441.761108246286,7.08366211012014,206.890470155189,93.7241982720359,373.55958333128,0.842602546999929,4729.82761786422,18.2433679625383,86.0160686217837,2682.99623969118,NA,"0.016","6.1"
2020-02-05 10:00:00,14933.4961406251,979.159372960969,91.0221575983524,818.549452925309,438.196265451513,793.298679250606,1817.8378019674,225.962986952999,11.899476499273,156.337279415625,47.8607641639303,180.4137448802,359.526740945762,14.2963041637856,500.332541423923,16.7986539717493,422.577058900143,4.29703503620481,191.313613067527,84.1462053987916,320.185760256167,0.844387536400121,4704.80096452815,14.1283790962296,52.2594576304504,2527.14315464338,NA,"0.017","8.3"
2020-02-05 11:00:00,18486.4536730093,1103.83045192731,139.471513409818,894.397070266174,500.780286864121,865.115719979281,2124.82562034494,316.547509229593,12.2702130083695,169.139990412256,52.4707587606914,198.877861276909,379.634998457585,17.336978052117,538.455064989966,18.7749660300933,486.154932110469,4.74949411089068,208.412939550887,93.0444739076747,444.533592889185,0.867134256329914,6703.34634341164,12.571596533278,39.1057145953982,2675.6255578175,NA,"0.02","8.8"
2020-02-05 12:00:00,NA,NA,NA,NA,NA,NA,NA,NA,NA,NA,NA,NA,NA,NA,NA,NA,NA,NA,NA,NA,NA,NA,NA,NA,NA,NA,NA,"0.024","7.1"
2020-02-05 13:00:00,NA,NA,NA,NA,NA,NA,NA,NA,NA,NA,NA,NA,NA,NA,NA,NA,NA,NA,NA,NA,NA,NA,NA,NA,NA,NA,NA,"0.023","6.4"
2020-02-05 14:00:00,NA,NA,NA,NA,NA,NA,NA,NA,NA,NA,NA,NA,NA,NA,NA,NA,NA,NA,NA,NA,NA,NA,NA,NA,NA,NA,NA,"0.024","6.6"
2020-02-05 15:00:00,10731.050072102,938.550988386464,148.280154760567,778.65241470706,256.631187223809,549.008384485114,4473.9145376276,209.696987892851,16.8265067438086,116.778272062375,40.2089031812341,212.958330426464,327.283587750998,17.025893235913,487.683105669912,18.0787703706574,371.407590733325,4.32447612231909,163.907498476106,67.3124924194975,392.345475936451,0.649632040444934,4987.86813326415,8.89090984954134,17.144066121697,1507.91824268176,NA,"0.025","3.4"
2020-02-05 16:00:00,9039.06101701077,870.354190617117,129.597943578239,714.37422062741,320.57251111262,506.735453857484,6975.33831596166,471.418215062355,15.1395504785277,104.842597322889,39.8240250644574,167.510382395683,344.274339137083,17.1935468316322,463.825361090511,15.497732464218,374.10213162505,3.53879382380254,178.864563368923,70.5128439796052,213.349927546572,0.646088352058071,3035.82422263605,8.77996910791463,12.1929466562103,1506.35786858247,NA,"0.021","4.4"
2020-02-05 17:00:00,8614.08308159476,1009.5757957742,163.379188510147,754.71774671567,284.487607758299,611.201129270317,2925.68247657404,136.683290845368,15.7635438283511,118.663479502668,35.2195277770054,148.124663168273,458.622193122422,18.4959717138151,655.743321757961,17.1738117217714,554.237759315811,3.91082749336225,273.2068781123,102.943331632882,144.159559185175,0.643053055358302,3102.35424816316,8.39615615696339,14.1852172541683,1311.20414770463,NA,"0.018","7.1"
2020-02-05 18:00:00,9540.63008651066,909.372915169342,130.124064308719,843.585454594419,171.342804765493,561.782905892149,2096.82401297075,110.966336960132,16.8994802071479,102.254835996251,35.2923009817746,129.568302211254,429.705249160116,17.4547007070247,589.337831988724,18.3612051569801,492.255208908175,4.05370627205841,232.15563386395,85.4703499997444,119.929793201342,0.632200165215434,3077.11411023623,7.55351530830228,14.4377468348873,1372.05082243995,NA,"0.02","6.6"
2020-02-05 19:00:00,8835.90215622766,962.175395679778,118.061544386972,879.852261656908,264.632000155146,589.316129686202,1927.55866961003,201.087822915981,39.0246691015784,110.244394852072,45.6838728197755,129.337202089447,442.62829497482,39.3012603342105,619.924864758131,38.0694979798471,498.776679880779,9.46394247940102,236.69809469313,92.9511108292512,159.677197033529,0.622085236749204,3548.07789333642,11.1242664669432,17.4017087555079,1501.36169563092,NA,"0.025","5.2"
2020-02-05 20:00:00,9250.91401310264,998.09077257009,109.111016120095,929.302613815585,217.879679658416,569.855474570527,1470.77780653604,179.441868211899,35.4057381606493,104.929142064862,45.9714873223531,133.308310860288,469.783158925319,34.7514152129374,632.883627771157,37.1231602379789,526.072549244322,8.29519639738799,243.913649797436,93.6264200135315,138.796975105498,0.600910039813399,3716.5708370067,10.8219072812392,20.8375381430311,1457.25463872977,NA,"0.025","3.7"
2020-02-05 21:00:00,6919.25234827421,787.391634073639,84.9351656684404,774.841421602443,198.788105564409,447.950948176799,1147.15934746795,166.523733519883,25.6169350073672,82.7309835521993,35.5415759680109,105.701299644147,361.386229236756,26.7924987241571,486.851675193168,27.6332996301204,391.244483433939,6.64367932091237,180.019384355702,68.1989965236435,90.4106705296256,0.599097289167851,4536.2332921713,9.91176177330858,17.3479559759061,1227.12619517296,NA,"0.027","4.4"
2020-02-05 22:00:00,7702.69783137652,736.43173264242,79.3858865144656,767.286969376513,232.599149015215,423.526785840591,1011.23149192042,185.578732289271,21.1014245927488,73.6558534202185,33.2933970442981,100.552987990266,362.612543793102,19.9819628287385,463.981608789949,21.6198441557545,375.593511205967,4.99634865389115,174.890280440499,66.240556303871,73.1212785837831,0.60411532085047,3343.35424508748,8.51207102900964,18.3225222149563,1205.92805055103,NA,"0.022","3.9"
2020-02-05 23:00:00,6472.08836997248,719.012189461375,75.7196351538058,629.476085930032,113.951231187169,388.524841320187,936.796493702131,115.235303546491,29.0377252507968,78.2373298110239,32.173836731833,95.9381157779772,327.961444166636,24.2153074873729,414.844021859315,29.9088688969487,326.889022734382,6.8437090444582,151.113096819399,57.6684698457116,83.5468796485045,0.606707413731902,3337.3820130327,7.59802776814849,25.0055988121687,998.657847195492,NA,"0.018","4.4"
2020-02-06 00:00:00,5047.71145247602,646.373805718086,70.4119134712984,574.354858911342,147.263124069178,303.601989136204,782.533611290714,140.672016287709,25.7536167172763,58.2920910263191,27.7530025148284,95.7386363558181,262.909053948291,19.8199307459674,324.522299654287,27.1079102338852,232.199164998708,5.8581713640859,110.197486473422,41.9050711916647,68.7685192143811,0.607488739592024,2896.07126043067,8.45321239542654,19.7142862737231,904.326041652296,NA,"0.026","4.6"
2020-02-06 01:00:00,4486.96295072011,505.681752202241,56.8164603344385,560.71733984506,87.2483709694626,264.23545035496,739.165453559461,76.2856090183316,19.1015201488017,52.2400149668453,21.8928167276439,78.9308422392086,236.90126133127,12.06071371237,288.559805984868,18.3971123098697,209.755436136581,3.34221586728054,91.8439775457079,36.2095506769992,58.5307811288734,0.607229752340786,2692.86638378667,6.60721397880734,17.8380743874072,795.808732905514,NA,"0.025","4.7"
2020-02-06 02:00:00,3979.89577919844,543.204660759631,74.9220899598013,494.458761398327,94.9365481956924,245.8376260317,785.679633182389,82.1751220186688,22.6907363640943,50.7205203194535,22.4079543403811,86.9526162421602,227.087936154503,13.9869732779424,280.431784801622,21.8352997903421,192.662371011876,2.53151849462802,84.0988662235449,33.0231494159768,61.1905151832157,0.60424181422068,2788.43448543344,7.14139790135374,17.8097994362245,777.314291562078,NA,"0.022","5.6"
2020-02-06 03:00:00,4406.56613118751,638.411251127916,90.3318897893232,630.391620938392,139.364785205684,301.339150501674,873.461600044092,126.347050311083,26.3088680949421,62.7456129686346,25.3240828117253,93.8941283334298,254.216484768866,15.4119417246154,341.055002157565,25.0185729611268,232.923628771095,3.6523578279108,102.44114213031,40.7845480695433,79.3339922835159,0.621721372556113,3459.44121958898,7.87359141581804,21.6855000021705,900.990787500567,NA,"0.015","6.6"
2020-02-06 04:00:00,4602.56466145738,690.444422138793,90.0468085330373,585.315102530253,89.7626014530306,362.988515364576,938.684582346722,96.1374227761243,26.302840708579,81.4387504425451,25.1161405316176,87.9126748418727,289.727866637224,15.5319009711708,426.698418253238,23.2967923121599,310.948198657213,3.50175492240865,138.734113173777,55.1316597897127,85.8966165380349,0.618801371981832,3402.95497038243,7.13494771880976,23.0951095598386,929.339675581814,NA,"0.013","6.8"
2020-02-06 05:00:00,4899.55327948777,679.404400487661,66.4243659792583,607.43469296513,174.590373087784,354.831996925332,873.938638904973,120.199236543928,27.2937612521112,85.5846526265662,28.8661641872551,89.058131910163,287.066102078059,19.1529201350061,364.868850043996,25.7919270735992,273.353266183452,4.48446478870314,117.287143178353,48.0077559139045,104.109273235952,0.619800364417082,3044.76936497896,9.15447617107722,22.0615893367954,996.875362847192,NA,"0.012","7.1"
2020-02-06 06:00:00,5756.27564194802,742.951533744882,70.3972718846852,563.868454915788,147.826756693224,385.365421283727,884.029857077437,102.842211173867,27.4452506487882,87.819603727277,30.634770075348,89.0567289826212,318.119773132709,20.4571286252105,416.241339843222,25.7422585227685,319.223392982362,4.54803807608319,142.56954106103,61.393494560689,129.062638584149,0.618292496834087,3068.74087240399,8.43598664807885,24.5089210377361,972.221187523433,NA,"0.007","9.9"
2020-02-06 07:00:00,7024.55870945992,872.005024962121,88.7033965695288,614.107972935149,106.270616077241,483.001150370056,824.007025105768,87.2247491595483,17.9997630467155,91.7403938145929,28.0696920519579,80.6500654945274,373.513647325696,13.7226923054706,505.580552607399,16.4248182300559,393.763951018648,3.4584662605591,185.953619965906,77.8287169318712,200.06192111347,0.631523710495802,3467.85522292892,6.70980643214139,33.8810860044842,1023.50887381448,NA,"0.003","12.6"
2020-02-06 08:00:00,14710.8583127894,1709.47843013285,94.9626427645189,693.750115179416,198.581591736709,1301.29756884648,871.131370144682,138.296849260445,19.6238512164945,163.981340384887,38.3664660751894,98.6800987533061,593.705271930282,20.0604060728956,866.605482161791,19.2189169930422,704.745895468327,4.88098578045084,354.550715142793,151.458784733853,412.490697497107,0.641255540927482,4962.84616055662,9.02895716568812,44.025122496014,1459.22201803532,NA,"0.003","13.3"
2020-02-06 09:00:00,25525.2653015863,2017.57358536923,147.582868087549,1076.33794830381,191.49133580499,1844.46616529511,1575.14522646762,271.27552017959,16.3364522203725,290.44924101413,50.4760832980166,125.836522793613,805.847128466872,21.5338045350067,1182.61142067228,16.8372455720199,1076.50008496324,4.63701538590879,553.243694500672,234.032905861424,514.665916935468,0.853250344387463,6273.95381486598,8.86265624086667,113.970946317497,2487.90518219965,NA,"0.006","10.7"
2020-02-06 10:00:00,21858.7345219237,2084.29377005811,168.534913234259,1287.25972571161,414.189172062458,2439.91161404211,1733.54737207758,363.932682458408,13.3224870559772,389.754805114056,62.2241676935,145.762252998046,925.533709601739,21.3691952965772,1334.71138640865,14.2998532045391,1312.62180234476,4.83265803382441,687.479072468321,293.664880479714,458.60578936605,1.10310239128662,7384.53248821719,10.8316015517596,98.6981278235057,3335.53129103037,NA,"0.008","9"
2020-02-06 11:00:00,14485.7418569979,1256.58505210159,127.199350540705,1063.73753386364,366.864334356895,1472.86356820985,1594.78905864643,852.913073317779,18.0576685888838,271.631882401731,50.7344476014665,128.001910269762,569.393000010595,24.8260530664249,795.777675866627,14.4288516985421,727.02063163261,5.33313412495194,396.950074121413,168.562568555427,538.888099581758,1.14001376050003,4967.14042934831,13.3121077716812,81.1843196303192,2688.70511956428,NA,"0.008","11.1"
2020-02-06 12:00:00,14012.3539197822,1386.26210730447,144.654995326714,1328.80037400716,376.83674749176,1489.35944713911,1678.59899405495,607.066484530448,17.5992771105562,301.335159714449,56.3612331273821,149.900635553935,598.906589779906,26.9252807757774,842.620258126464,17.3104195838849,791.175394828585,6.90218888711627,435.562554214063,181.905741270052,403.787135758559,1.17495080360447,5355.07796405869,14.2106895039482,70.5558125841156,2835.33175615875,NA,"0.008","18.4"
2020-02-06 13:00:00,NA,NA,NA,NA,NA,NA,NA,NA,NA,NA,NA,NA,NA,NA,NA,NA,NA,NA,NA,NA,NA,NA,NA,NA,NA,NA,NA,"0.011","10.7"
2020-02-06 14:00:00,9312.8736457503,677.529241885323,323.145589187371,872.024187841142,613.53102110392,733.633877163215,2450.98625292728,761.787286968967,18.7926431507276,136.050972724489,39.1266276386224,154.577468226436,243.613887010745,20.4391938917583,304.695672641234,17.5168390402,241.991277628119,4.25117370094757,101.786215893848,49.0864559717919,197.320911397598,0.977814967101017,2270.2029365866,15.1203971392085,14.9603790477649,2288.18746688633,NA,"0.016","9.2"
2020-02-06 15:00:00,11818.9528448243,926.802268806547,336.106713060837,894.015920252115,520.256707013729,1144.81723833632,2117.59332340369,681.479423096737,12.894787843556,189.454035263713,38.9033133339515,135.716763772611,402.395015524497,16.6083889251022,530.038738421015,11.67121448969,534.06852827589,3.65620395411444,255.951509498086,106.553621441688,210.309893752605,1.06743400311765,2700.66582663619,11.7752401119476,19.9922299347608,2150.30003444907,NA,"0.021","5.4"
2020-02-06 16:00:00,12923.7928879634,952.069202158987,270.152864832128,875.143768765872,332.979853559283,993.256968703961,1709.93830818131,484.345798418543,18.8557766417415,198.123004122449,43.3114448284649,127.059402759221,454.22975323212,25.4725800274097,614.059975278419,24.0421554340864,601.091964197005,9.97930794120988,300.657065548567,124.084342060226,187.713306767746,1.0579035102178,3143.39837059971,12.2046493009209,33.9024431667687,2138.62823448951,NA,"0.031","2.7"
2020-02-06 17:00:00,18626.5409477104,1127.47748790432,227.981051279519,838.454559012342,226.67997514167,1245.81826098543,1504.04598910855,263.124112572799,22.489756517075,243.542914065473,52.6000265383699,130.138737084095,556.519691568002,29.8813027488795,787.516124013139,25.7338811138803,787.248395550901,10.7810062109335,416.467919143681,181.120780040289,261.56996137913,1.08401614667025,4335.52293981748,10.9555944953522,34.7134558471001,2108.97016474279,NA,"0.03","2.2"
2020-02-06 18:00:00,17634.9630512288,1067.65485080276,139.280305394327,679.436531608786,178.778655194695,1023.36219945487,2024.99528773357,311.16375565115,20.8624863127597,217.076670190121,45.0825341412043,149.070843106747,433.339261512921,24.4886277019324,926.348586970939,23.1321550439964,568.490241253839,7.6717935236038,273.893463433804,125.376298007469,397.913152156142,1.08145135012662,5153.88141336449,8.53245986667489,34.6846946832922,1932.50211050676,NA,"0.021","3.7"
2020-02-06 19:00:00,12479.3429951141,688.461558585179,112.023839547365,494.312548871931,80.2749257538416,713.926028799746,1353.61412985037,211.003836204816,21.0799629241895,154.433561816502,34.6860079728465,118.43238290144,321.571705559468,20.0483166503792,527.502586348441,19.3145439589941,376.50746281408,7.40611016380509,174.912347160066,87.2283982528724,365.091342057184,1.0803586488614,3842.27088885872,8.40845292036497,24.5184887217086,1519.49906194172,NA,"0.017","4.7"
2020-02-06 20:00:00,8987.702771334,612.541773510079,125.069600204385,574.758645522606,105.134896741822,625.042010056694,1047.86939933464,132.697484791171,14.1371185794254,124.682206837308,30.1383334256781,100.726186399768,266.221244946806,13.3736259998894,322.231387506332,16.6557437618112,295.188725937045,5.29664700860135,140.911687084984,67.0085571606121,214.666982335515,1.08648190525249,3246.92264534447,7.60229412529109,23.5666487251735,1459.48306470686,NA,"0.032","2.4"
2020-02-06 21:00:00,5129.69322780062,477.90630906858,123.5143168595,374.694202469482,35.8882034437001,529.083603933454,927.2065032626,50.6260431718852,9.27720407551916,102.178538504787,19.8108365998676,84.6999376912131,233.853987709851,11.7428148827863,274.530861314747,11.420503356305,252.669713116862,3.37161493257782,125.560137631514,62.2170004806758,216.463058121809,1.12512580212844,2197.3857434384,4.7519519237214,19.6339709401426,860.663541776792,NA,"0.025","3.4"
2020-02-06 22:00:00,5486.28266862573,586.052792031097,128.185460160078,731.119816913502,64.4108141141768,593.788420700085,1047.52629875867,117.442615127164,34.5657491225334,121.402915582568,35.5449285291408,98.9740731235571,273.147562353068,33.8127857334527,308.829233706793,31.4155803328536,276.71872861283,7.79051405413972,134.099793877818,62.4772539868265,188.507733471241,1.12551931384832,13823.8176767797,6.49813412471095,26.4004002238693,1319.77833412867,NA,"0.022","4.7"
2020-02-06 23:00:00,2881.66507337098,406.298538422922,106.386965013565,517.971371554163,98.9785225910983,383.562550157888,864.704295023208,105.823741703844,14.6633534448663,75.0329550811809,21.5212996297119,81.6274042914361,196.873641873722,11.6146492566037,202.178249308548,14.4771144867985,169.536478091376,3.15052161382665,79.6025515718627,37.1978185075477,101.563531932867,1.12680259143734,2478.73760159275,4.590011901064,17.5189718814358,1082.50880321685,NA,"0.027","3.9"
2020-02-07 00:00:00,2350.18256496476,361.569734989821,95.6331689465775,469.776401674687,102.236921743984,347.275584586443,822.027466049235,84.7964689982074,12.2124411091035,65.1326463052753,17.5981112274052,85.6199766571241,187.214799321032,9.51011283789032,198.207812777027,9.42098099256046,155.399461753578,1.43522842617192,72.6242794919631,33.3343747240116,74.713072480581,1.11988140391988,2297.10634929213,3.73360821230174,13.9662766063206,1020.88588531874,NA,"0.026","3.4"
2020-02-07 01:00:00,NA,NA,NA,NA,NA,NA,NA,NA,NA,NA,NA,NA,NA,NA,NA,NA,NA,NA,NA,NA,NA,NA,NA,NA,NA,NA,NA,"0.025","4.2"
2020-02-07 02:00:00,NA,NA,NA,NA,NA,NA,NA,NA,NA,NA,NA,NA,NA,NA,NA,NA,NA,NA,NA,NA,NA,NA,NA,NA,NA,NA,NA,"0.016","4.9"
2020-02-07 03:00:00,NA,NA,NA,NA,NA,NA,NA,NA,NA,NA,NA,NA,NA,NA,NA,NA,NA,NA,NA,NA,NA,NA,NA,NA,NA,NA,NA,"0.028","3.9"
2020-02-07 04:00:00,NA,NA,NA,NA,NA,NA,NA,NA,NA,NA,NA,NA,NA,NA,NA,NA,NA,NA,NA,NA,NA,NA,NA,NA,NA,NA,NA,"0.03","3.9"
2020-02-07 05:00:00,NA,NA,NA,NA,NA,NA,NA,NA,NA,NA,NA,NA,NA,NA,NA,NA,NA,NA,NA,NA,NA,NA,NA,NA,NA,NA,NA,"0.025","2.7"
2020-02-07 06:00:00,NA,NA,NA,NA,NA,NA,NA,NA,NA,NA,NA,NA,NA,NA,NA,NA,NA,NA,NA,NA,NA,NA,NA,NA,NA,NA,NA,"0.016","3.2"
2020-02-07 07:00:00,NA,NA,NA,NA,NA,NA,NA,NA,NA,NA,NA,NA,NA,NA,NA,NA,NA,NA,NA,NA,NA,NA,NA,NA,NA,NA,NA,"0.005","6.6"
2020-02-07 08:00:00,NA,NA,NA,NA,NA,NA,NA,NA,NA,NA,NA,NA,NA,NA,NA,NA,NA,NA,NA,NA,NA,NA,NA,NA,NA,NA,NA,"0.005","7.1"
2020-02-07 09:00:00,NA,NA,NA,NA,NA,NA,NA,NA,NA,NA,NA,NA,NA,NA,NA,NA,NA,NA,NA,NA,NA,NA,NA,NA,NA,NA,NA,"0.013","6.1"
2020-02-07 10:00:00,NA,NA,NA,NA,NA,NA,NA,NA,NA,NA,NA,NA,NA,NA,NA,NA,NA,NA,NA,NA,NA,NA,NA,NA,NA,NA,NA,"0.025","5.6"
2020-02-07 11:00:00,NA,NA,NA,NA,NA,NA,NA,NA,NA,NA,NA,NA,NA,NA,NA,NA,NA,NA,NA,NA,NA,NA,NA,NA,NA,NA,NA,"0.031","3.4"
2020-02-07 12:00:00,7706.76860294012,462.308181208971,77.9150650862495,548.504016712085,582.153165230935,286.383104867362,767.218738899011,69.4207923649141,12.1851303742939,54.3392936905817,19.8112201910198,84.1955154027603,248.501280781486,8.30984077561977,314.084277638352,5.15179055488479,247.050025716827,1.19568206900804,108.471198373261,37.6266707716798,67.1713188231248,0.736283399866859,1686.84276022775,4.78125019389019,22.6688089992188,910.734193732737,NA,"0.027","4.2"
2020-02-07 13:00:00,9953.1671457029,593.19558611341,110.492935099384,664.87767838354,104.884984364958,382.582895879607,983.086475433436,146.651078337467,14.8156059093189,76.0738138662903,27.853769593974,106.804701220378,297.613012031716,11.8918244519617,393.789824363545,8.23946272723123,313.172621523279,1.58002806455279,138.944201489069,48.9937651441876,74.146486556528,0.774775144104041,2363.25325194844,8.60068769314146,31.2667865059066,1212.84440581217,NA,"0.031","5.6"
2020-02-07 14:00:00,24252.8943556688,1029.48473376208,2723.91018234474,2407.7302628558,1141.8864467975,761.9375188918,1846.12103488745,762.283828483977,23.7560774971459,192.986297998528,59.471299870276,190.40982686806,341.504918795756,26.3979318330339,482.86844952883,26.386558877446,425.308062309755,7.70644851476663,189.545077386445,82.3448729554205,388.198477545859,1.07342426314153,3852.11372821665,20.1484335078526,41.8868459171943,4758.80314317049,NA,"0.027","3.9"
2020-02-07 15:00:00,13802.9763916345,882.797450757801,516.353521259518,938.711367039741,582.843601210912,841.910464382156,1417.35825113026,541.176987196269,20.5765159980556,155.886098636143,48.7224851571974,182.386724300802,361.294282594917,21.1807939370211,508.366517166464,20.1311981558004,464.589870852166,4.29602755832639,232.771830665826,82.2113654422644,380.190090954392,1.0603010032607,2516.50324445097,12.6846006030666,18.2690248632189,2278.0963138802,NA,"0.028","4.2"
2020-02-07 16:00:00,11746.8457362379,1013.15511524334,440.289264249895,958.271884082635,352.38170841239,954.330575849429,1364.03318523465,331.243653279004,16.642853005787,168.92133737002,44.022550779143,156.543969665888,446.783451648178,16.8318197412215,624.893215614667,13.4688909152716,583.724443424679,2.31922427443784,295.246907123778,103.966726777604,182.069193712659,1.03372208059542,3319.82232553147,8.14341566275343,18.2648354965252,2019.70156151153,NA,"0.025","4.9"
2020-02-07 17:00:00,11306.0062170258,1346.83266837753,151.6582080619,911.321680589549,127.131122867689,1126.35805651095,1507.33941441415,102.320853963069,19.4369087511313,213.028214828084,52.2014293058329,151.451265670564,560.832259021725,20.3171035094089,820.912896902429,16.39397714842,758.346240221403,3.05640388617054,383.987061151326,148.801032467853,182.638934673553,1.04345319100889,4242.11350237293,6.14336614491378,27.3090872662006,1967.02049141717,381.982315609052,"0.013","5.1"
2020-02-07 18:00:00,9713.14751473733,1370.3690265162,233.448286886163,895.081966849968,208.679867984569,1196.10493789413,2160.44559537051,182.507884853734,33.3931886725501,241.415315041409,61.9595970611239,149.192001661131,534.273766055679,35.6931991184295,810.509695660211,33.6589755088881,740.046225652456,6.56284605671568,367.501427261995,146.3368056581,207.408735929746,1.17195353641358,4205.17309671574,6.75773493063968,27.4022335246028,2129.89689687425,385.379525100858,"0.007","8.1"
2020-02-07 19:00:00,9517.27203942886,1552.61315440893,190.456937358833,916.282280609201,112.460518337582,1035.08112247506,1675.72003195581,185.22021180363,28.650492032626,206.184378910146,48.8917936568205,129.412062692852,468.223952277549,28.2462730359942,660.271538879904,25.002353280141,614.615703345142,6.35354831994206,309.874783458425,129.730760564538,177.543129593735,1.15774108158611,11768.7094277486,6.23380275589628,37.2904960085151,1970.53809996844,376.341578242567,"0.004","9.4"
2020-02-07 20:00:00,5530.06813583875,870.652613731286,211.301668916224,700.600187391747,116.04752015217,739.31215304849,1341.82840495348,201.114461757595,26.9153265576431,154.174256882073,36.931627935022,107.209897594981,357.520521374339,27.4613343830008,464.593126192303,24.496660291164,421.594781647305,8.31847078778308,210.692957937565,90.5194461853887,183.549942743414,1.17042499888152,2970.59343096904,6.87599616638996,31.6553105093518,1654.12421096527,279.182425107534,"0.003","9.4"
2020-02-07 21:00:00,6431.94619840327,804.423025455682,197.331551209017,812.897672469151,76.5125733415954,763.986512885395,1318.18579580161,151.027688045225,32.0938490472527,158.836663968505,36.3800691859638,105.021737998507,369.972927805621,30.7167934468566,484.618606933082,27.9996401435884,428.157320069449,8.89243123963942,215.45598029723,93.1852878447776,181.470990763469,1.17297360321365,5434.4715429529,6.50533588950926,41.8139407514013,1715.73952495018,263.802092506462,"0.003","10.7"
2020-02-07 22:00:00,9618.20851562634,1434.76450064751,195.211734720705,1019.76190189764,116.420694256187,1425.51207048259,1709.4687893217,270.559293303173,55.1221843026524,288.978631207025,59.859063029302,144.498222855232,629.670049767652,61.81532571685,934.070867884721,44.1533627526901,840.282349318882,14.0392746344723,438.861390818483,184.645673892325,312.924084027889,1.17178801577839,7725.93419142675,8.58211541424796,53.6162546006029,2141.76196351221,447.178111021742,"0.002","11.1"
2020-02-07 23:00:00,6654.03830698225,935.832100215101,149.560684192956,877.349192718431,74.6956862073102,926.933333980235,1341.75415777422,198.731505867763,33.8783143656042,199.753664831476,42.3623368313475,110.369708014032,434.477368541363,34.0247687338135,599.139567276948,25.9434202671931,530.568634002355,9.18099758947254,269.143245055789,118.358911069539,265.91774972274,1.15598054741581,5540.2048483643,6.2393962763629,39.7390157523847,1928.53808887184,285.452327285559,"0.004","10.7"
2020-02-08 00:00:00,9202.04628108039,1358.62943807115,180.680788671481,883.299030681225,104.803965992415,1361.27226300473,1579.23326913675,266.511923963169,46.3453428024773,284.42883057868,51.3779469857546,130.332343501722,598.670918686224,48.2675758188757,893.092942982775,33.1217884472555,797.701667303273,10.7998879457082,405.29357603404,169.90901221535,307.339858636461,1.15081710810758,5881.09398701969,7.01875947389457,51.4897355421186,1844.3156931815,403.489170277634,"0.013","9.4"
2020-02-08 01:00:00,2469.39787676596,456.139736918648,138.26643020166,530.924460123604,73.6163594829384,451.062348235131,974.220618113115,136.399219223626,16.7197532002808,98.6851632148262,18.7548326966558,71.0741554396725,234.855370455676,11.9448527585972,275.841799119244,10.2379195031117,235.828581818676,4.18386341025801,113.721359121055,52.7554943022967,184.29046825589,1.19060896606825,2505.11461292956,4.39064837975481,25.8433915818948,1225.07154913236,203.997122883094,"0.01","7.3"
2020-02-08 02:00:00,1545.79018374092,299.991884972974,168.037585014974,446.942016590099,55.3583129757569,318.523491403234,920.803539648654,180.531767959881,8.37337129137229,58.3795224623227,12.4109344143433,65.0307188308951,139.676331515898,4.95261362810786,144.216587160962,5.185227748796,124.083187467518,1.73270966313038,51.4339250052349,20.5334762853532,99.7919947152929,1.181854891539,1264.63314860846,4.34594280563011,10.3485997090355,1196.438873796,138.444672635669,"0.022","5.1"
2020-02-08 03:00:00,1692.39875731277,218.517852048737,136.236085577879,407.336499570073,84.1013767780148,252.020678084753,892.637360083411,121.874621258496,5.93919926174987,57.3151545655337,10.1469047121639,61.1293937576072,111.426837254387,3.75518191933788,112.634682093716,4.58773911918465,81.5056173430994,1.60929878176051,35.1841245559175,17.7551581706209,111.076923820519,1.20595297917166,1307.71078750791,4.25507668309605,9.6776763929753,1095.02767710972,150.955253679054,"0.024","4.2"
2020-02-08 04:00:00,NA,NA,NA,NA,NA,NA,NA,NA,NA,NA,NA,NA,NA,NA,NA,NA,NA,NA,NA,NA,NA,NA,NA,NA,NA,NA,151.422325791366,"0.031","4.2"
2020-02-08 05:00:00,NA,NA,NA,NA,NA,NA,NA,NA,NA,NA,NA,NA,NA,NA,NA,NA,NA,NA,NA,NA,NA,NA,NA,NA,NA,NA,127.804174839692,"0.032","3.4"
2020-02-08 06:00:00,NA,NA,NA,NA,NA,NA,NA,NA,NA,NA,NA,NA,NA,NA,NA,NA,NA,NA,NA,NA,NA,NA,NA,NA,NA,NA,125.817565355062,"0.026","2.7"
2020-02-08 07:00:00,NA,NA,NA,NA,NA,NA,NA,NA,NA,NA,NA,NA,NA,NA,NA,NA,NA,NA,NA,NA,NA,NA,NA,NA,NA,NA,166.776576771334,"0.037","4.4"
2020-02-08 08:00:00,NA,NA,NA,NA,NA,NA,NA,NA,NA,NA,NA,NA,NA,NA,NA,NA,NA,NA,NA,NA,NA,NA,NA,NA,NA,NA,180.152061191985,"0.029","3.2"
2020-02-08 09:00:00,NA,NA,NA,NA,NA,NA,NA,NA,NA,NA,NA,NA,NA,NA,NA,NA,NA,NA,NA,NA,NA,NA,NA,NA,NA,NA,158.689452761414,"0.037","2.7"
2020-02-08 10:00:00,2647.32852724397,287.737313735314,136.648228175046,338.50895407953,NA,291.2208797915,624.509926265451,NA,5.87897751464273,50.7092742280345,7.39081197064429,70.7704448482127,184.807943867723,2.83722068446665,178.183891071099,1.89324691079063,177.095927322842,0.124519835403764,87.0640239023447,30.0868972287696,60.8904698258208,0.94981457349401,1426.19121037484,2.05458163969001,15.3906574367233,655.055240375262,138.295465600173,"0.037","3.9"
2020-02-08 11:00:00,3960.28628804119,370.223702760976,110.02307513647,433.544189173739,31.1188470828287,322.570262637695,704.917862407784,74.9962210302845,6.01481485933804,59.1031796699521,12.5187522636097,77.709742781322,179.592578507168,4.59336757256214,177.165785406523,4.53769757247099,164.893344816341,1.30788040997859,76.016300947266,28.3672010155863,65.1103718617231,0.959885547903481,1623.56672674083,6.71437179988525,14.729349858071,932.620801533867,154.938846164851,"0.036","1.9"
2020-02-08 12:00:00,2802.29867102451,210.628614841776,80.3577663679213,322.444253240782,64.0155561819132,222.899678164324,614.430042717057,73.3890470164147,3.87263408569463,44.4234307862218,10.9411655369158,68.2290537510877,134.15017334136,3.04055267612434,98.4030466426441,5.29797014493093,81.3710548262547,1.50786708202763,34.8777254880055,18.1514691951976,213.565054450736,0.977886992037785,1161.23630134769,7.23147436093074,8.81776425786565,913.531258665605,130.30519057323,"0.038","1.5"
2020-02-08 13:00:00,1636.49231871591,158.306202950094,78.7951971436705,282.156890630922,55.0627989788091,177.05035519851,535.290758860495,63.787494180068,3.25088258034808,35.1545229431458,7.55480613340984,62.4413536268201,117.972255742746,3.38037826585885,60.9541010478271,5.36499138224234,49.7656933899878,0.935753054599425,20.6573496664765,10.0816533293504,79.050574653772,1.00324687542783,748.515963419574,5.24161351851252,3.81929766174449,718.28251574049,123.017313567593,"0.037","1.7"
2020-02-08 14:00:00,1904.08708726096,222.392580217878,100.153953833708,356.532858082707,87.9630784137015,236.95504266603,617.098991996654,113.572835742535,4.1769837814657,46.0395665915821,10.0456588439232,66.1648755863878,135.53562345703,5.64875786098878,92.8712680903588,4.55535546704694,77.7503570768714,0.616114489015556,34.926526916556,14.3162630162318,75.7021825192682,1.10881943033099,1030.59341376427,4.7721286939548,6.02309028925042,815.331929053508,144.7240447495,"0.034","0.7"
2020-02-08 15:00:00,2146.90831221634,213.680476365194,90.1026142751795,275.324196823304,85.4615370443388,223.656261853995,601.896275034979,66.9453777889639,3.41313967961385,40.3640325643576,8.20968930246449,64.833240539037,134.048044776696,3.5336102824703,90.3940321738742,3.10285906929464,78.9971131374998,1.03483999109854,33.4668286977625,15.4936967366314,87.283779667931,1.0958906892592,1292.74599139939,4.25776538289587,9.97175074739656,733.169670749965,130.965776614921,"0.035","1.9"
2020-02-08 16:00:00,2052.34771784401,239.499186758648,96.6131210349806,361.135743835253,30.7636493706969,258.943496722516,610.899768323597,68.4915140368616,5.24233135068852,47.2177370835231,10.1055956408135,65.8718977678909,153.950929936183,6.17588225111743,124.342338961948,6.40264480173615,114.911381000304,1.97196739720364,55.9485506669088,23.8448912553272,89.1215744843296,1.08592877612303,1040.19190623432,4.13137964247818,8.667288980586,855.596571750773,151.884688368853,"0.034","2.2"
2020-02-08 17:00:00,2240.5744208426,342.573452030207,99.7758953978289,488.826624619234,52.5125121918194,353.790848509894,714.172766573532,120.924465580084,17.6996683754758,76.061792331712,18.0118883981815,72.4777036435549,195.140354658592,20.4820121866112,191.326580368415,18.6691519008658,167.413037885893,3.78608952763405,78.8394380980732,31.9849843337962,108.315896822652,1.0973453024325,1844.26151943113,5.16414095178387,15.7649589965035,1128.28114189062,197.4079370277,"0.029","0.7"
2020-02-08 18:00:00,1771.30892531619,162.740156977635,87.8010851675386,295.449854693774,24.9549041108367,175.440046906985,589.342538437621,58.1501750077308,5.07605089970102,27.3147887215382,8.7197674672742,73.0067466199717,114.733695831944,5.02752235291246,69.1695261994772,5.00718118549533,48.7782518942495,1.52904711733669,19.283097351458,8.79760541001582,71.043818278925,1.01724967620152,761.301704733359,3.6174438223064,5.15825102315808,779.900119602054,128.661234585171,"0.034","-1.4"
2020-02-08 19:00:00,1555.57074153708,138.486677245397,87.3768325928099,217.646666961063,39.6389557329934,147.983266117151,593.887443636258,52.2050367838457,3.66179353077734,20.5934256506789,6.26785709438697,81.3472325735874,103.370558860088,2.71782865198088,46.2236578489519,2.83348373056928,29.9226771559174,1.45462011803748,9.19193099208042,4.59640723063326,50.8875994106298,0.919847886518004,594.023683342209,3.7289860384863,4.23959628812461,619.968666373485,114.599832777515,"0.04","-2.9"
2020-02-08 20:00:00,1317.43529248296,136.851013142706,81.4248255043492,220.515175680685,31.2966494677526,148.325464074673,572.360918349319,54.6765016664715,4.2051947521513,19.7029589759214,6.1362562404128,79.6164553585413,105.558903899706,2.92599011091448,46.0222517812574,3.52262117860702,28.4439230115873,1.83919893575306,7.29320029469531,3.44418700250951,40.9523835082788,0.871498480415231,618.359123993786,4.12358767739304,3.8695070213852,552.231675159324,114.603673172236,"0.038","-0.9"
2020-02-08 21:00:00,1035.2307036187,127.555986738354,80.901531533678,272.516767280477,37.7804548325091,142.712372674978,538.553894407632,61.2886601903053,3.74028443233361,18.9948193341347,4.9644177335249,78.9300266169246,105.687789568824,2.2593457007511,42.5805923464895,2.49655284164723,27.787649941004,1.53917992309588,6.7389592965386,3.42499435763592,24.6146144053783,0.774134162242922,1872.99341941931,3.92389880942683,3.62900155185737,538.836178582909,115.180288729014,"0.04","0.7"
2020-02-08 22:00:00,924.93566179402,126.060135672819,85.9485973537169,264.222438993109,68.5053987791946,137.888102202863,533.570608132302,81.2811028459528,4.01082491540774,16.4859249763339,4.4522433850994,78.2740930254508,107.791571562117,1.91749913543848,39.469940439202,2.65610836235789,24.4728210511069,1.30357248075615,6.46385674731136,3.34323688658279,23.5328120630681,0.744307604277436,1391.10168960641,3.83179258279915,3.35603464625775,511.419957252494,116.524032668788,"0.041","1.9"
2020-02-08 23:00:00,869.494280675888,120.181576791139,83.7959458775772,211.019485452728,42.9478502403978,129.542674105523,484.219688892185,59.4806508022725,3.39173440821064,16.6334368357812,3.86378981467174,72.1619985197129,112.230135065347,2.46243734935607,38.4644367335006,2.69005389701626,23.6498157720699,1.16573242149402,5.29354369952685,3.02205685659797,21.9198656473123,0.706189833881115,764.704834197843,3.8203638011443,3.95529466215987,500.228438329461,117.572180487248,"0.042","2.5"
2020-02-09 00:00:00,766.990326909225,117.354985153865,78.7214040685644,200.589461462858,49.5904641120692,125.858116816189,466.292256694771,67.7601951432391,3.69533225854975,15.4165537886603,4.31875816822633,68.184517425596,115.662726495242,2.05752166852914,39.5156224727362,2.48781336450377,23.4740582985013,1.44860454010518,5.26992152098736,3.10880011167136,22.0314333585083,0.695337169142684,622.57761467799,3.78899526558002,4.04413922186204,480.465712826418,117.859425021698,"0.042","-0.9"
2020-02-09 01:00:00,674.890943916626,121.787294461777,70.9674747205951,190.871535761933,24.4959709197892,123.534236733449,468.833883046414,67.6519490150504,2.62098311984688,16.0653778418622,5.38984697039424,71.0789345148512,120.37330206161,2.1162947061347,39.4405414904033,2.51297602964041,21.1752414770243,1.32643093672039,5.01699990734027,3.74763720258865,21.5935719682334,0.693836000464983,404.011449430844,2.83000195941721,2.21253798108112,516.046590827961,117.602118575366,"0.038","-0.2"
2020-02-09 02:00:00,652.429115314185,134.313850581899,61.9185135327465,212.550524258879,37.3624365379275,146.247237217883,434.734867377152,42.716549491143,2.19048165454837,17.3624410029628,4.91674664839976,68.9717188429189,127.65095347527,2.1595025762104,54.6767520323624,2.17510246210427,36.1670720962812,1.29798394768349,12.541126158718,6.22075143087302,28.7260649894666,0.682133100380505,536.912133936534,2.86947218357025,2.86432093854932,516.479498143634,118.743609144463,"0.034","4.1"
2020-02-09 03:00:00,767.459842437884,220.271850001328,63.6818342246889,275.372447036757,48.2629819126559,235.186341659369,443.445553443943,49.8132564916469,2.89097166349783,34.7733114530259,10.4807622615102,71.0457218456839,158.685178369674,3.09182040256584,115.20146717815,3.83137483612271,96.5362485657441,1.98550503340995,43.1130405956826,18.2540510378695,71.7195035559806,0.691901787011834,1130.73219614544,3.84765908383025,3.43841338198485,619.51089092528,126.526458348567,"0.03","4.9"
2020-02-09 04:00:00,862.904165594444,229.731968210299,64.4052627653576,284.537623633848,37.4680209863493,225.463569563161,451.647819937667,50.667595199208,2.85489652461327,32.9581198219537,7.06152016374153,70.7462462829502,158.669612102673,2.97686320582393,116.931065268021,3.70214258103415,99.2217496731763,1.58069539670416,44.9073071142808,18.6588084626672,90.9322903946824,0.695212703620036,1319.97970858136,3.7804458117795,4.57969486166782,617.466066912833,130.820232649078,"0.028","4.6"
2020-02-09 05:00:00,707.514223788814,240.008766551586,62.4921731252057,256.314816272192,49.9054031152107,254.54125045591,438.654182906191,47.1634214862638,4.63324665629685,35.4966974317427,8.7260813973527,67.6265629146933,170.477613541133,2.8311561894023,134.720146283042,4.3653407087247,115.384022729978,1.47892129927266,53.9754325398287,23.1898534955313,116.347574179232,0.693924943295549,1172.40479394667,3.49957170846003,4.11704236586486,535.136146868524,128.271266026813,"0.031","4.2"
2020-02-09 06:00:00,1366.49273189528,244.590609163203,107.629624112533,308.268253829942,34.784144912776,203.044903532675,512.269577097316,75.5048386020971,3.29230714464962,34.4660651765838,7.73395764814572,67.6427694790936,149.043063430323,2.99455554769794,91.7999472546919,4.39120761085192,69.735559314461,1.22422947420839,30.1840444588507,14.476695161881,104.718454977235,0.67694192267455,1943.0136528884,2.69861549573955,9.86743747734442,700.782031632917,141.971292943486,"0.02","6.1"
2020-02-09 07:00:00,1419.91379332086,251.716970160231,63.9647155936372,352.85665343045,67.0087928016291,212.618874094572,500.178287959153,68.1246462309489,11.6116205361957,38.3669743739777,16.7818235593857,68.7433179088798,165.251790080325,11.748071064402,102.071728758601,12.5394044105444,74.8860163249819,3.93671813734499,32.5711923493959,16.603436839836,128.686320973783,0.668469761524035,1710.42950175514,3.74746669781538,8.56006223966004,879.989491402671,164.273640840436,"0.009","6.1"
2020-02-09 08:00:00,1754.56247930376,238.096593642792,69.3951479818583,306.691085676048,58.6491238229171,217.916599679629,482.844953491695,82.6438179070676,6.0657995917621,37.4090154620548,10.7143848858681,65.9619374408074,168.624529927705,7.30399933540011,113.095044845922,7.15242242966896,88.2825043035196,3.0829943241595,39.030603081293,19.680195577729,106.196497201478,0.668776857599979,1294.07136467995,3.86519509156726,6.88965128474688,769.551390682754,167.773839536355,"0.016","9.4"
2020-02-09 09:00:00,3110.45613065487,334.927607434675,91.90467745362,476.139234559302,218.402988875366,307.904185257963,584.972382604457,184.255686464902,12.096148736088,52.8436591661262,20.5170596190873,82.3731595082592,209.812919318552,14.5196581508857,181.2387322172,15.0015093614498,154.239802246952,5.6529522710606,71.2370951886645,31.1428038513416,102.613148432697,0.670609077869746,1942.48894558824,14.3377541967815,12.9349832016663,1140.03556618703,192.214966730355,"0.029","8"
2020-02-09 10:00:00,1944.48543877764,236.805395640517,66.338257973354,366.442463683617,174.196501920989,223.349454128614,516.265113089925,113.674003791338,6.03142183007916,37.2699485727073,13.6655141015062,76.6966324010249,167.873593599632,5.14409414067421,113.547188112119,6.94292774666558,89.0765881137281,2.6702516904759,38.6031282243026,18.3515892443657,81.97624856676,0.681514869185448,1036.3024821889,8.89012865753398,7.35612457273915,905.53572109847,161.271647522977,"0.032","3.2"
2020-02-09 11:00:00,1488.02707591798,205.69479153837,58.8236804884521,326.684829442391,88.2361052790476,198.815987897682,506.086204186353,78.5059153940503,6.20508913599753,32.9169059735025,13.6450162314322,77.9856886333591,158.310656338337,4.44950445772895,92.3816783356621,5.96250328696027,68.6765414021619,2.65750921723919,28.1026832800625,14.1100379198412,56.5996755683244,0.686097864042375,897.537552853168,8.45868915430025,4.82255798466931,915.34470799408,149.681705033524,"0.032","3.9"
2020-02-09 12:00:00,3717.36510405719,393.060526697091,81.1451688767451,544.396086628004,149.350252338588,353.290667070563,707.781875451227,252.165607347889,9.39609855556353,62.475615311831,25.4390318286217,103.850708637565,226.371856429005,7.61072969213497,206.536911680472,9.62203193526592,182.405190181059,3.17193549592024,84.6587980016978,37.0803791951792,97.5391563320249,0.708288446192917,2019.25853816395,11.5243758792342,9.82682381672323,1393.17702594554,194.268497000486,"0.033","3.9"
2020-02-09 13:00:00,3306.21190083886,357.612768523396,196.928122207138,552.063505559248,237.034641130966,328.097973335799,1154.12552898067,219.103852084917,10.9555641393106,56.6329633831751,24.3939436654077,117.16507435962,218.489297530302,9.77487697751243,188.216184674628,12.3924506684486,159.71658772785,3.59065895504973,71.2753582977372,29.4914602817879,56.1378849340606,0.731281576225993,1612.88777507791,13.0263359509266,10.7702777979591,1433.31713959372,193.614191692638,"0.033","4.4"
2020-02-09 14:00:00,3638.2975305148,385.478059377427,159.984713057697,588.932226358094,129.687612312683,363.219184828037,1184.77934653092,151.000984954047,9.01011119737886,68.0696356613613,22.6493469357357,120.5991367392,222.829614571923,8.63732099183833,189.520437151148,9.62077598375169,158.74586780154,2.88070602515094,71.1012471877228,30.6303213757231,67.4210535876251,0.752223720969851,1811.72070227187,9.87932183653718,10.1598764018823,1531.64175857903,189.578173332782,"0.033","4.9"
2020-02-09 15:00:00,3865.85716460114,465.18631305477,146.326557003895,628.555951071786,177.844413327233,430.613896107538,1164.33659217019,368.395070317557,10.4412568333287,79.1329284078226,26.596151853578,124.764809557347,257.986072266146,11.4647616690154,246.790395983618,13.7002172276017,213.84962817781,2.89955413962549,100.154623502989,41.664143025492,65.1176903806197,0.758915113007564,2217.90772869329,10.1596962886324,13.0906272082032,1628.52487812813,205.930904686362,"0.03","5.6"
2020-02-09 16:00:00,3073.29094010799,418.306878928437,111.275269942998,574.980556737636,219.786013707046,401.463938436564,924.027895966658,196.073276208559,10.7885926249271,63.9356258810992,22.84060619244,119.955531031629,226.974466105109,11.3866550637888,202.597048685464,12.5013266961915,169.895557527659,3.09819687092373,81.6919160903169,34.5856877391778,58.7498544059608,0.794225429829098,2055.15489573706,8.66854275563164,12.8603530019005,1419.46180195557,185.044034194773,"0.027","5.6"
2020-02-09 17:00:00,3844.73523545666,508.48795500322,194.219919536472,617.697626541669,148.380506042446,490.018667468836,1009.33716624343,208.9430746432,20.3532776474279,82.7658844683194,30.867251496027,126.073206492028,276.957413491617,21.9155040679532,295.266767609092,24.3782303751186,269.00278856249,6.25526231758932,132.214051142955,55.7120864300647,84.0096540383065,0.816450663007424,2247.47664550532,8.77996242191195,10.951013641875,1562.26979736492,220.167130290478,"0.027","5.1"
2020-02-09 18:00:00,3876.65963596191,441.52379544543,175.463016055431,537.075469196756,165.542409842654,409.233287374681,904.950588931833,224.691227015504,18.8999512974854,80.6974967970863,30.6607237489742,112.04777059892,240.186784067868,20.3079595947486,224.53689484062,24.8021645352241,196.336185705182,6.16059222324795,100.935919775886,46.233772216614,104.209021214725,0.858786171957742,2006.55408174568,7.85879626690341,10.1999428703915,1524.51445557268,201.193698319192,"0.03","4.4"
2020-02-09 19:00:00,3399.46996323743,462.791726751879,177.207324601073,595.785437668372,122.480079571519,408.401665999224,880.178973689333,196.226883973859,20.1235635333378,77.2402547532125,31.5019353677085,100.046291374626,239.463461361877,21.5293713206107,206.603052633408,25.0637768282517,182.979240675287,6.65063071629496,93.6724658506816,46.7713882300752,107.849212700971,0.886096330023108,1880.2262428958,6.93970396712155,7.95204730985664,1545.94396476969,190.466639749993,"0.034","1.2"
2020-02-09 20:00:00,2415.64268682607,301.62557728492,137.321008221049,493.09617513762,147.789160027025,279.934909323661,780.226258433682,178.718316372282,11.1854423553705,52.9102135218375,19.6784230934157,88.3987124300661,183.774319017676,12.0592661753484,129.147890708194,14.609834915028,105.368437812685,3.85157635785795,49.0082282713854,24.0865962199471,89.0334348935498,0.879987852517302,1505.04153034666,5.87091021962985,6.5408685659509,1208.36722872811,164.699595260829,"0.032","1.2"
2020-02-09 21:00:00,1557.00841763014,194.554599552797,151.648870332939,331.532116185266,75.5820689171336,187.944115410582,779.975873053362,139.657326571673,5.01681292159147,31.2545550141469,9.43878282221325,80.4752987408455,138.03770818477,6.02780928787917,75.1714271361348,5.85063496221334,56.7404259895265,2.03853267927559,23.868597914584,12.8477883762756,73.9119955847049,0.825742206630453,1113.98681578607,4.30478670628945,4.71667885457411,854.390471160328,136.727920114703,"0.036","3.9"
2020-02-09 22:00:00,2228.447571688,195.511138027619,83.6387513680357,303.980110347172,56.929112689668,207.465009589948,650.74154568929,76.7305257111071,4.23487096785538,34.939973137506,9.71768663534665,81.0556741410845,141.237878727266,3.65514497758077,86.2120373527793,3.47693278937908,61.0379950140508,1.9257504451073,25.5947677407374,18.0992050970402,217.009600165522,0.851318528291192,875.264156448338,4.15280492416675,4.16077725741715,923.805054066121,140.090643488655,"0.038","4.4"
2020-02-09 23:00:00,2178.94039125402,228.416155771578,80.2630261202037,255.728673056343,71.4369642594237,207.431192183243,628.087511416142,84.4127362291503,4.04975637506837,36.9297508166709,10.2989406487544,80.0538099926272,142.051576098941,4.14443946457516,81.8286581562196,4.53759753041928,65.4987137977748,1.55441403470624,28.7631739498667,18.3815900667254,136.790634018963,0.878494581122593,848.914158592,4.06374634943487,4.74987722040378,783.051170566995,135.308630396979,"0.037","2.4"
2020-02-10 00:00:00,2073.41532315122,186.265091455434,81.9712607056466,223.281312490677,47.2797012082805,193.14185159961,601.937528839673,60.0696015524384,2.77910427771908,35.1010604397167,8.01455807310181,78.4711513345975,133.738816159364,2.73481054435422,76.2276762143829,3.03088820332714,58.6953456794456,1.58950760205064,29.2998340056739,19.4707266296527,173.112677461891,0.874679193572976,633.618004897493,3.41077913780771,3.52256626693815,761.958366332277,132.015002336664,"0.034","1.4"
2020-02-10 01:00:00,1049.78788899886,139.075911063376,80.0051054493144,196.971560370342,67.8739313878984,154.904610837905,576.516617367938,78.8710166907503,2.31885728090454,27.2803354787358,6.85762491130041,74.8186419987605,119.223264454473,2.26116143026063,46.6071127562273,2.46294747828745,32.0226977411221,1.68007510440408,11.2952453567872,8.233260790507,60.3011444209896,0.888257145870385,530.342401267875,3.74961210778732,3.25393354652406,652.499521690513,122.259296584656,"0.034","3.4"
2020-02-10 02:00:00,734.114243366292,117.851327126782,77.5888464953306,186.136081801781,41.4569260411505,133.259205831013,553.330462996343,55.7452942031237,2.62494618937343,19.7659240611451,4.50016171943607,70.7725508740169,112.926419843993,2.09980366154479,40.996827080978,2.28976845051035,28.5983207046955,1.50051654139529,9.85173073180104,6.97881116822066,44.6624238402551,0.921479796113263,478.746965573086,3.4043535654158,3.04567098815859,536.917701633249,121.932793092376,"0.035","3.2"
2020-02-10 03:00:00,1372.21744635668,135.113453221568,84.9510602130891,250.672488250108,58.4274218633453,155.888208505412,590.542424667961,67.63930140478,3.45903404439115,22.158560567484,6.1308800834484,73.4037632937607,114.627878147481,2.30818818562136,48.2583682090249,2.30925527955775,28.7376697433471,1.76067230620399,8.9329324107397,7.55504892611517,113.333838687784,0.952365916549827,665.353178745779,3.17166327813399,4.13046599535293,753.621696565906,123.079368510812,"0.034","2.9"
2020-02-10 04:00:00,860.13371677501,130.588050426424,82.9523451665057,249.131023914693,55.7788369108636,136.003384977614,570.76994845624,62.6796255973788,3.63895744132201,19.5954874885066,4.5161955482039,73.009666454815,109.65492759726,1.83982054073844,38.9126399226604,2.18604458454975,25.895313597527,1.73975656425671,6.76258497927731,5.23124020415448,47.5500684280547,0.952681909204483,588.461685474602,2.96098062120454,4.08132380386366,659.917692780047,118.488706123967,"0.032","1.9"
2020-02-10 05:00:00,998.61052565311,183.640930928467,89.5510348033801,292.829166878443,41.8577970887749,185.021515657428,587.706378805745,85.5902576743935,4.48576856191832,30.2869006136126,5.66028275891433,70.7758408775557,130.941925942445,2.5596137357181,74.8375055645185,5.87637581033185,56.1389705466615,1.76995068685667,22.7197993860329,11.8952340003514,65.2291239321549,0.944982538812093,831.419526325622,2.92021280345329,8.03622411413162,821.412926188897,135.400634555287,"0.03","0"
2020-02-10 06:00:00,1379.00239091892,210.999172412804,91.7107454752014,353.508872849072,41.1113081331621,217.069629380563,587.086190702748,65.9559805216163,3.32481725923281,34.4484434830702,7.75235915825908,73.2474048445429,137.25797360957,2.27797447141768,87.1868680421777,4.30841828852408,70.0406986388254,2.0113257928161,30.7152191165136,13.9720491607903,58.0622736841201,0.928112322422791,1103.98001086911,2.76894512046984,7.76434213721182,896.087423134388,143.469866571716,"0.024","2.2"
2020-02-10 07:00:00,5139.38364987571,476.103682008739,102.404354418383,443.060242981737,46.6768553687189,496.806197470666,654.477502233042,88.7191294007378,8.4543653551665,87.2235497386041,21.1191315065967,75.9278319660429,277.046687652147,9.14794050934058,276.656411622511,10.8542945841746,251.425717407297,3.74668924290663,124.756703608967,54.3773574523691,137.098661648741,0.925309312602866,1756.6998701854,4.5022807514679,23.0653664183449,1234.74155811552,223.838188401881,"0.009","3.4"
2020-02-10 08:00:00,7819.20993589716,567.544060388906,92.363851912411,563.221423052488,69.7080677303124,597.825386787705,736.539747240993,106.971233229721,8.33123453055454,99.4821153726686,26.7434923334837,90.8188646663336,281.699437049216,10.6514690244355,280.94666822373,11.5075667999774,246.275129491221,3.28480003071696,124.427328839061,58.8532941715814,126.712613667904,0.910676343338997,2290.54937391829,6.64876127914184,35.6039827661581,1593.44268781792,263.488941379935,"0.007","5.1"
2020-02-10 09:00:00,6877.0546406474,1054.49520186363,125.2227390841,831.208341688676,212.925262198079,1164.37210378133,964.741931261084,219.00619677368,16.7283556034171,179.261749723906,41.6684929436815,114.732636472807,506.774932677691,23.6327031864362,673.483541991364,22.8133491109948,653.856967364059,7.23989164721049,334.59266931717,138.249395637344,165.097764718598,0.917503545488667,3598.51012396343,10.5870010087673,65.0096992275445,2211.59501482439,394.403495776519,"0.013","6.8"
2020-02-10 10:00:00,4647.87318118228,529.615547346083,93.9653235119655,665.083961205292,206.417386510088,558.758774916208,800.858835488576,192.493611069067,9.56871726904396,97.5084409506774,30.0654941530215,100.164612060221,282.994401848365,13.1542889587925,315.174742348351,12.5187701686181,275.067501223634,4.00459244072829,133.977926545109,60.506607634164,147.819171093729,0.92317314479973,1932.85595359823,10.1664356875816,44.3432329518887,1877.38059235649,285.713451872669,"0.02","7"
2020-02-10 11:00:00,4448.03465782798,357.869095493948,78.3413790498549,443.381698290759,142.781607453098,340.656618446408,781.115945975631,105.803622866809,7.72556046874103,73.2368889546391,21.9086809253035,92.7151753032989,205.47768776726,9.05716549894574,196.94246865584,8.84151889234602,161.809644137805,2.68398907241922,69.5490687899988,31.1673628331834,95.4379778461849,0.914913319011694,1503.05658353362,9.78009202353814,35.3026063591973,1204.09624569589,188.206500694641,"0.031","5.9"
2020-02-10 12:00:00,5504.71213115794,359.485226974117,91.5926980055278,531.23544545818,145.94233309682,345.026446179377,832.744631569403,123.396078561196,4.57926083773743,64.0531017864267,19.5266613118415,104.978821444394,207.368847285753,6.93206185095095,229.017866858823,6.42469859727729,167.049974900738,2.15815454879034,76.4796339993509,34.0833918323312,52.421045237802,0.899201885720492,1640.15434916914,10.2912201685218,19.4413734012502,1368.81819787173,185.772106907942,"0.032","3.9"
2020-02-10 13:00:00,12897.9313298765,564.524895351329,120.692310432272,690.195368736252,167.303368606678,403.410954622909,1183.75463289369,278.121506238128,4.72998266759735,78.2605600204159,24.2522841749293,130.461212851958,230.522911424343,7.80885083146279,260.470231656179,6.85894281564496,187.084817775239,2.24624364488772,80.6314841786115,35.9019612482974,49.8777611872803,0.88369191240949,2201.92527615579,10.989486989858,17.4031504920842,1865.0693733273,214.247384366923,"0.036","3.4"
2020-02-10 14:00:00,5449.74233360298,315.786272003028,109.187105456535,500.129990492297,192.607574121704,256.31268013256,1075.85139335305,329.872398347542,4.46545463403984,51.0363731415068,14.6482330272883,131.070958501174,159.307450834308,6.38142811596134,113.741869500392,5.57083393252008,85.0376986909639,1.86131851430478,34.8065762175111,16.3419514508257,34.6091025085264,0.843910360843491,1910.26369958348,8.90326738598314,14.2030133409555,1325.94125394487,164.266808879959,"0.039","1"
2020-02-10 15:00:00,6780.91041551916,410.096652884566,85.7807622913687,496.279915638897,160.044317649893,306.431191607111,928.752858590089,134.41773340532,4.05594774889561,61.7308012423725,17.1928070665324,120.727257192773,186.483674124048,5.33208182316224,154.672780756127,4.83271500372278,129.464312536659,1.82863139234173,53.6138087286652,24.5809228007781,62.494989628559,0.839837104080941,1728.79576475176,8.79388294130297,14.9958847124493,1364.0486838607,172.95598805917,"0.041","0.5"
2020-02-10 16:00:00,7812.88522101409,575.838059787466,94.8019161636318,580.922603840008,194.602626538059,475.405609657707,952.703550998541,191.964754783182,5.30646897242833,94.451745639159,19.9503004841429,124.295163502502,269.767066785959,6.3706511745123,281.834221450653,5.79605250538911,270.863214361634,2.33198625453447,124.776381626995,52.2204329577213,87.1760598096434,0.861344031182194,2166.58250808618,7.74762828641032,13.5431795203037,1559.91867853088,213.709824479973,"0.037","1.9"
2020-02-10 17:00:00,9357.57020202898,848.195869485841,101.976412033139,644.597452215056,165.78188009782,830.410097733901,996.528973944837,182.280546946122,3.55852597133804,164.875278814601,24.6904377456624,136.91532304029,376.113140694194,5.74567927202401,467.084151303243,6.94066432051908,454.851690749865,2.31610533231658,215.716546603443,87.4380027779804,80.7757297185265,0.849966332510045,2286.92940566029,7.33235997442055,14.4687158111243,1699.91258538625,264.020873491986,"0.033","3.2"
2020-02-10 18:00:00,8840.87583886513,1540.29365203778,110.89048342937,558.073824391917,70.93416647431,741.396465476054,1172.05465343013,126.303238227337,3.03040896051928,140.808769513798,22.4973932141722,125.827189389587,316.951414517083,4.91705394038244,395.534693251364,6.45765973613866,365.819395104945,2.17674316985692,177.022437339736,74.7052789678989,113.856901509851,0.868860608974554,2851.63796724183,4.73381581529313,19.546930241665,1462.89986140819,237.963439950914,"0.017","5.1"
2020-02-10 19:00:00,9207.84454335997,1281.95547411133,120.152708405009,652.675060520615,107.651280455877,754.492295890058,1108.52230557182,159.093955380482,18.0784182621283,147.247581128444,35.451544549432,123.389206803903,347.607817918453,23.1437042273727,417.659935616244,22.5625642970307,394.166475807781,6.23498790964523,198.025101087141,88.6447836241816,177.608260875233,0.858236624492126,3645.4668156073,5.47808575600969,24.5667072815315,1728.10947144324,258.28221496673,"0.021","4.2"
2020-02-10 20:00:00,7323.21210574937,966.443680614187,110.826620175216,652.095350977019,189.891377956392,637.516174123909,1072.6965207801,202.445300085587,16.4870447790242,142.199242835097,34.6429978525687,118.479153148522,311.26785760847,18.5521652866166,345.635616060447,21.9606584095962,319.777858431173,6.13559788400807,157.329718937345,73.3637184428165,185.659112301265,0.863199518799284,3019.99405221833,6.47613574419254,23.2793311425426,1732.27416689661,245.606543930873,"0.022","2.7"
2020-02-10 21:00:00,8028.12499118374,918.189935558595,129.553237485778,813.099617337007,193.417182910957,698.564819056406,1151.93627791955,320.646509614086,43.4142608119265,152.181723103268,51.7772288758688,131.281896992773,351.148559746519,44.4127322100029,402.169512739641,58.777008827169,382.480732089074,14.4526487745653,196.922766803036,91.5972427293971,223.677272916245,0.856111534441436,4506.98295452167,9.25405341267299,31.8404048491385,2120.64784303505,283.16646267219,"0.016","4.9"
2020-02-10 22:00:00,7816.49347887189,1029.63031287413,142.438453273921,906.521163867906,250.707755570845,792.966207391128,1181.06535013401,362.32436911873,62.7528216001615,168.023803892169,53.8952902250041,139.615869670346,387.715067910041,60.5113323739925,468.859547552087,64.8023528456726,443.270876078957,16.9165794677716,229.870299302001,108.114983575426,256.301229626179,0.855891633038214,5331.65927011192,8.92161413267948,39.4347806723691,2282.39921320741,317.045960750403,"0.007","8.3"
2020-02-10 23:00:00,6253.02465371748,787.835463061834,98.9544159789355,677.087938613888,95.2655413818625,690.499106596329,1106.42479815418,197.144806578156,26.4206199733006,153.046062445434,40.4270777058058,128.990702858211,322.0507042921,24.6886078656977,383.189250464899,33.0102819040613,332.852087652101,8.45461102825495,165.381657071035,81.2620061641506,278.403859450699,0.861783537759015,4567.80689515202,5.4161869607042,30.3878477379941,1833.45071337696,290.691951384672,"0.006","9.9"
2020-02-11 00:00:00,5993.07343455202,921.944678811346,119.968479370145,758.710548732935,111.585241187993,777.030636406908,1209.01163265141,254.127737472769,24.5355883226214,148.10182416404,41.7449463626563,136.294781165846,342.965514364849,25.3564446897191,428.62534493768,32.8675455681567,396.15932950447,8.01715412016159,191.905049057311,89.5755990626465,238.314707571322,0.845118863306146,5410.09560236079,5.81177196508456,37.7950523547681,1942.16877237053,277.153158346695,"0.025","7.5"
2020-02-11 01:00:00,3791.78179667793,618.978983981318,112.204222721024,639.671205793258,110.783494246815,486.589771360293,1081.06250730845,210.258014769458,14.7593766296396,103.446388600281,33.2029202795503,124.349341207283,261.666698208659,16.0041799110141,291.364689609931,23.672451977601,253.076155862788,5.7812105547732,116.524914686977,55.9780499101337,166.302276086698,0.829434594750515,3601.11251445705,6.04452090857412,23.8500369117398,1693.9803715528,199.034646209995,"0.034","4.6"
2020-02-11 02:00:00,1696.9073094908,226.94641501555,113.868850213675,317.748473535336,52.8480874616809,197.235418645804,770.367412869495,101.303907996255,6.19422889397141,35.9929827126576,16.0298741689197,93.5762507674056,147.891132894183,7.06158705286637,84.6748946690108,12.1022429276046,60.0527246629693,2.70976259104144,21.4665104215345,11.7486171589954,71.1565338106006,0.787538054514103,1240.31571868009,8.7256719668142,7.28516429311769,829.601931495919,140.105954201386,"0.035","5.1"
2020-02-11 03:00:00,2266.10081620923,309.580242214608,132.04592842373,414.982328952566,76.620835218187,241.251629854019,885.557328461718,196.052028901089,13.9752652368692,47.0273402993619,25.4996986802702,105.643325553844,172.363934888188,11.2564070850641,120.522985015691,18.4526604231957,90.3810022226168,3.81660479468115,32.046934036549,17.4503330879883,82.9743418573752,0.790122053655341,1596.0973227977,8.93166788434562,9.28939306664777,1058.47869125197,149.868609541855,"0.036","5.9"
2020-02-11 04:00:00,1990.05196938177,307.629416075763,97.059661176843,412.615045340559,96.0964163413696,246.464992402678,803.19510510691,129.552259355557,12.3493992290361,53.441063699419,23.8671154638724,102.473592168119,165.199012008972,8.64060308523308,112.3201295644,14.1774958149818,80.670722768078,2.82844027720123,28.4266379918365,16.7358080635554,109.851749612006,0.777779235767557,1584.67984354811,6.25317922260187,9.43256169464915,1061.17043239394,151.022050478301,"0.038","4.6"
2020-02-11 05:00:00,2417.01081864643,695.521385971242,103.683492427591,547.022212322245,98.8331209840318,938.038521918725,813.791610716904,126.685668612972,8.75427338468545,72.6938318882854,19.0133801012072,110.916511488658,215.491778051337,7.93606182088236,168.638717773405,10.4720003432101,117.993459519921,2.14358046517897,49.1512467907391,26.8681929467071,122.661876644502,0.760871833778859,2369.17082962638,5.38917561706034,9.25169244367455,1138.55010583344,162.632526998802,"0.04","3.2"
2020-02-11 06:00:00,2766.73160902963,380.310862759983,109.360358682136,447.997609730541,115.655790633175,369.379183467696,794.136227124151,193.896108529242,10.5849485127829,64.9883390815646,21.9207852970983,102.863494951395,204.067301124857,10.1589067009604,162.777530518346,11.3262245606641,135.52753695813,1.85133300482592,63.1096207597092,32.8398183099474,149.221043354069,0.757078739867285,1800.36362737228,6.31829338103742,10.9838688946346,1199.74849024252,179.387666864833,"0.037","2.7"
2020-02-11 07:00:00,6530.33870485222,512.150823155261,121.910005997458,564.763277841554,140.196634068794,473.290945015316,810.789301415235,207.560331693819,19.262057043227,81.3368874969792,31.7723866598895,101.967719971815,275.299636003449,23.5933941041836,261.174138664299,24.631938841962,244.88435296223,5.87759350202765,129.132451169109,58.7647681383486,102.480093961382,0.756666571099615,2859.18717025594,7.54436694194174,23.2276398499322,1565.29721338073,232.290160154209,"0.036","4.9"
2020-02-11 08:00:00,3477.34411518432,539.696106303556,130.708184043949,504.689992647158,181.629400623528,520.417772541458,876.233662316258,169.276834739968,5.42921372252488,78.3865090706997,20.7434421844877,100.292537217283,244.040452314309,9.07095620386363,228.614879244134,7.80078322483147,219.26435088226,1.51026215947561,111.653418998538,49.4526193999966,80.2634148168285,0.769672213745013,3807.6973538212,6.14148180481101,39.6452185168842,1380.8873499522,195.038451634234,"0.038","4.2"
2020-02-11 09:00:00,3253.89885371506,402.21367367468,63.7924834058816,351.396152805834,178.744463746787,303.933031452184,657.2504293188,75.6171782587427,5.57130959333965,52.8706103467721,17.6983029542084,88.0012887134415,208.845967227492,7.51167206903958,212.86008492156,5.89242744332211,170.767690181951,1.53765883910988,79.2291991165694,35.7561973954375,91.6334875664002,0.598091794443564,1391.8732966247,5.63905960075568,27.9229256964563,810.514359483929,188.66696656504,"0.04","3.7"
2020-02-11 10:00:00,2156.93642089122,337.760039844162,85.7991178412794,363.006647214472,46.3801627885509,190.86684802854,839.541261395654,65.7228901237785,5.14684007054154,42.372429712304,14.4215314329369,90.8034042989318,170.38507264932,7.295028531476,145.80272010346,5.62194688104133,118.527264854309,1.57566097073754,51.7341521126365,22.4489560282109,46.588779938212,0.562506782136172,1842.30768721677,5.77381644985133,41.7767911809937,748.309241719582,172.489869687269,"0.038","6.8"
2020-02-11 11:00:00,3950.15266526553,383.358649916482,64.1612154119224,364.188281559975,81.163512364861,232.458066312334,850.883879195373,91.8921672694326,6.04714947172543,48.2572329346129,17.3941938574353,110.421737219713,185.746433312551,6.87266656435334,189.473018867671,6.31767506532119,168.649572496144,1.37644922113664,65.8246277590822,25.7531578879717,61.874464990135,0.553857803071045,1507.00841783104,6.63849272633624,20.3275513917558,799.048659199836,175.87353402151,"0.039","5.8"
2020-02-11 12:00:00,2482.64997397786,324.795691940617,63.1728877096794,316.139495512541,50.8722007474035,212.054098685475,1079.7009669865,73.7204813278898,4.86071762595954,49.1252610784594,14.9632943218898,90.0091580107997,177.070762042548,6.18473686908273,162.038054164097,4.77387924938255,164.999712344573,1.39879924022712,57.504193773993,24.8217906761712,135.722307384516,0.55671291545666,1378.74238828299,5.80230121787408,22.6458981481636,721.033318159243,178.540745379922,"0.033","4.4"
2020-02-11 13:00:00,1870.51349474261,245.895205434738,64.3477616249724,248.227683140812,72.4783205767712,150.951344759182,688.472902205582,40.2430536409303,4.59997618218829,35.2592623193923,11.0619733193313,79.7233756866812,146.545577593146,4.61480885784858,113.706835934862,3.36740830248162,89.3489411303131,1.24782926827308,38.5022025429844,17.1878997366923,83.2613852361176,0.574433572217353,968.142647533031,4.7062318355275,16.8855898349764,581.873335697428,158.627335471831,"0.032","3.9"
2020-02-11 14:00:00,3038.13434325468,443.510237889325,113.208610040963,382.10168217085,76.1264168075349,258.292447256279,966.790226352222,93.7259472502216,4.71926474675999,57.2983744871439,16.0777669379936,98.8217886070749,212.440895328859,7.37527071837609,233.212402482264,5.21391611882702,182.460146577038,1.61262125904617,88.2089125731772,40.2879701484391,271.248624173006,0.603960638881848,2074.76798941175,4.49082828968381,20.6887615570014,761.314023714108,198.998841028782,"0.025",NA
2020-02-11 15:00:00,3135.15562021668,383.415341658431,73.900685889418,322.196736207118,177.853954547463,237.069616237811,751.60519698181,92.6098405026696,5.35997458554314,54.1283169635798,16.9485118476024,104.464957837094,184.504016085833,6.81489290579156,188.723639712812,4.78929507621221,150.033670013514,1.45330280248847,68.4509882539729,35.6650140047234,370.398023211979,0.661318242453798,1434.8382815245,5.75927901891193,12.632520914656,769.656256499229,189.076124380466,"0.025","3.9"
2020-02-11 16:00:00,1628.33063764629,312.039553523758,74.1318530126877,247.229769204478,102.33682214911,218.925984398642,645.218738947206,51.7732268418324,1.76049401103825,42.5020101232359,9.93745173978117,83.1499142781012,200.588100503252,3.41019389371822,206.846599819034,1.84564333613263,186.739567679663,1.25620399050182,89.4889537120625,32.6883540253692,64.1740904917541,0.70028472429156,955.301511561529,3.47916288377452,9.86796760499568,480.904325022489,180.65068939536,"0.03","5.1"
2020-02-11 17:00:00,5651.0814020614,863.224967830778,106.634263213365,590.468702263745,76.2515612378676,528.991007862193,1127.33395568872,143.731321535266,8.32826488135979,100.989331907707,28.8512657015943,143.440968857002,373.814550597941,11.9899622573757,521.059003608245,11.2716888862385,457.898858533803,2.61641612514061,221.484595486155,93.6693214369864,128.261737685999,0.701973616494874,3739.63222607399,5.48671458154525,17.6871601244123,1046.70318644344,291.746540306659,"0.023","3.9"
2020-02-11 18:00:00,6341.89814736819,938.170345640283,95.1184801097722,817.550049725852,183.360236841139,570.790644446634,1054.87287294396,187.510991466487,21.8650609261439,153.90180678117,82.3811447544617,150.574184996914,373.266093296791,35.605753701509,476.628643974569,27.290067331529,408.788073927566,9.8904110646576,210.284106137934,106.695468553272,143.058362948474,0.683841298328399,3863.02344441785,10.7598434481898,14.5342930782424,1710.5571745315,310.076903268468,"0.024","3.2"
2020-02-11 19:00:00,3749.72802040573,488.581826194708,100.774418159256,476.787670516471,243.763993876207,300.935227976209,812.151140387147,252.549582498502,12.963318402162,67.5095444034891,27.8669793268842,97.8269792571962,228.131900662652,15.8125856553926,247.911426010968,13.7180149895895,213.680173855191,5.48709601629178,105.826033740474,50.5797918906646,138.596809519056,0.689096063030908,1520.91425832714,5.32246129560796,9.7743118562946,1041.43779237008,255.59367161446,"0.017","5.1"
2020-02-11 20:00:00,3662.96069952503,398.722900435352,93.7974181318809,373.437281224059,51.1247179902525,250.17877014551,772.104372146322,50.2445165241011,15.2417070058019,49.8409505790832,18.7628712090388,81.5748042299253,200.570343556162,14.4841687970327,198.514615147911,17.3257052441462,161.596764613892,4.57489095702978,80.3407815864593,37.1612875579717,145.118697087998,0.703409887857999,1716.41112356679,3.21378719711762,12.776363757293,793.753719789963,194.873994996042,"0.013","5.1"
2020-02-11 21:00:00,8762.95352741236,997.308218840495,100.41884156946,586.899485521009,123.544546454332,566.172684778963,1059.86907700935,107.857008293037,16.5419016598597,122.18569339572,36.9385339922877,118.932866195329,385.729745668288,18.3407608396583,506.482860168544,19.045658733698,446.39212089383,4.19157915590226,221.248243634436,100.011992543708,243.542461720403,0.692988850141143,4655.81231331091,5.6024088663077,22.3004865157034,1196.74880639601,356.509932323287,"0.013","6.1"
2020-02-11 22:00:00,11478.9183534416,1475.40727192378,138.928219426713,738.727228601526,60.9160377328662,786.56079418159,1369.45715295821,134.515187979012,29.758803344733,154.129053498588,43.916927898309,148.740665298547,536.60691657361,29.1144428558534,816.333873055432,32.4746227037162,619.914648996571,8.206731627015,291.216721788154,129.31619996617,227.520025960222,0.667061141441532,4937.79115409838,5.08350543781922,33.5947176953789,1354.90011568979,419.598243210163,"0.013","6.6"
2020-02-11 23:00:00,9527.26214721474,1234.48057460234,125.627859152463,781.772184552397,161.108957970781,678.899513106691,1270.08743407454,203.478719983152,25.6224562577051,147.163952383272,46.6643012812004,142.738786371068,462.419090306623,27.3720651377917,684.442025846874,28.1592387214373,563.536297282869,6.79527444719167,270.138204629436,120.767682994554,325.773281656405,0.673320636663086,4387.48843116622,6.50233320876494,32.3324538097766,1484.66749377206,387.983443066466,"0.01","7.8"
2020-02-12 00:00:00,5623.72186408553,757.529050312506,87.4669132103487,533.159045392092,215.107246354162,432.737099865327,982.510327126134,172.791538115695,28.0943022890404,102.628056762663,35.6701013251608,111.830252686037,311.820658170155,28.8485279729657,419.750694377109,24.8336984829596,329.596876453177,5.99730382194191,159.31456029092,82.9978337274097,424.440220551787,0.67404913112951,2686.98917050344,6.03723204526992,17.978330194711,1102.73265788508,297.592819606359,"0.005","10.9"
2020-02-12 01:00:00,4970.7012223031,688.535400516969,120.745846280478,445.058144163134,134.999833200998,388.674972058817,985.204710125726,105.316105389994,20.3179354205097,90.7054083610921,26.8219160927987,98.7359388170064,296.142594295215,20.6108005554034,405.831345352805,16.3528152117947,307.861926739975,4.10186447046045,148.310627717749,72.1475536004113,411.570676194921,0.67063482357252,2461.66297111648,4.51710165982708,22.0519551955839,928.134662450798,277.997517095797,"0.015","7.8"
2020-02-12 02:00:00,5213.03207341614,855.698697943452,136.11178664568,543.598507492378,200.376459833334,482.841449348392,1136.56803964322,178.052650331618,22.0226286022795,111.636148599097,27.6276647234447,110.780194201378,334.141286529731,20.7476847208529,498.810308583154,17.728260370911,377.120332013643,4.72092554629094,176.474254253937,77.7050807439332,331.286160308403,0.687035416070682,3056.31196994599,5.44790657256236,32.7652743107552,1027.88221240457,318.582868914739,"0.012","4.6"
2020-02-12 03:00:00,3458.74673677553,594.312232015768,118.136157747187,407.690520931467,109.401628069615,355.037522585833,903.834569512634,85.1091902669061,13.0723800892551,82.2153272805535,21.926989950207,87.3098913504834,249.00355022404,11.5644336231027,342.685864887695,10.7890476733833,251.076070824091,2.63287822079375,114.903951672476,52.0792087820316,263.742954219273,0.696344657080855,2482.92807189249,4.18403879048171,24.539751394288,795.961524402246,250.154060867713,"0.012","4.9"
2020-02-12 04:00:00,2605.04459425477,497.685514045042,104.353201646665,314.368187571404,106.054383225535,301.99199462842,787.152329226249,66.135887062147,10.6996017780332,70.660383872063,17.5793989676611,72.9614202985463,225.181066455639,9.0572774145924,289.282922583316,8.13836228952506,200.710743603133,2.12628526244008,90.2839589664391,43.6155401757635,279.08110991674,0.698925493424416,1891.27299313615,3.6812690865334,23.0543401084568,611.219190542051,236.688645084581,"0.01","5.4"
2020-02-12 05:00:00,2776.94460850327,576.536820907125,88.1034215457283,401.916632272417,126.251765458941,355.343828530098,886.441265125941,86.6340615915271,16.4249003221589,77.1679750605184,18.4026390028526,75.8104382810727,255.660629644027,12.5815334733739,349.416085515267,12.1069935863442,249.24631530803,2.76937861175143,112.201264654241,49.7256651902877,232.906588515554,0.685109694015301,2116.77583455592,3.89012286392133,27.5539915801897,707.375697844155,271.820229469943,"0.013","3.9"
2020-02-12 06:00:00,3455.71448397778,568.674644743833,81.7458114718077,430.770413987354,80.4648234870621,307.889227403672,860.16576489314,67.0519002215129,14.8329906259668,69.9110596985111,18.7234858249595,83.0715859787347,240.45793576919,10.5607235856045,315.581429818191,11.2528414104523,229.890105468227,2.16845760387887,102.301695666468,43.9153575210181,167.671164015787,0.684042253178209,2232.4977205306,4.809573579348,24.6937940645711,776.624661086217,263.240647780487,"0.007","4.9"
2020-02-12 07:00:00,2502.29931190842,292.286166615314,62.8054847928104,251.031001489288,107.419876089491,184.297826658866,585.310719424089,62.746239276011,9.40239031310908,41.3903937797307,15.709873943744,68.2373163666536,163.834244333136,7.24724152322158,162.001921780895,6.9170675303545,111.358697484846,1.6573328226938,51.1085612997217,24.4528555511681,142.468838967989,0.704469191443101,707.857689555806,5.16967761297498,8.33348821459716,608.739731659932,186.883805805736,"0.01","6.6"
2020-02-12 08:00:00,1742.32492482774,161.640732356572,50.8027276286962,199.103830240075,52.7396817759315,113.838525978699,471.102427389081,14.5971997195313,4.41735500717149,21.5160261111261,10.6018703289531,69.7037593447144,132.001305669072,3.09991942249828,70.810406372512,3.24204583862434,43.6143405225751,0.571203201524265,18.6679149044919,8.27167391057735,60.2946621092658,0.685886059197539,196.815485722395,4.1654540639997,3.8212962247589,484.103260386413,138.830774659753,"0.023",NA
2020-02-12 09:00:00,2250.89055078931,188.872086652073,51.2032262742726,213.685567801556,38.3349449383094,137.952395690793,492.363430370081,11.1412231855941,3.37339466667636,26.4453689400099,8.98292204800735,84.7167092796203,141.395082943863,2.97897452865434,76.4490579317455,2.4943894890864,47.7399087221962,1.06085065334318,18.3250123446452,6.98335320740088,32.2242743102701,0.673566238413396,287.831055246503,5.26160100451023,8.05274400949461,479.74824888679,145.799965665345,"0.034",NA
2020-02-12 10:00:00,2669.34099098585,207.959808578501,56.1506209560106,255.510556686042,59.7652318366267,146.495436857121,550.289689653019,24.1620464064687,4.51761881609007,29.7690542247797,10.3474527598299,103.168830843548,139.969146827273,4.47769864205852,73.6731086010322,3.32431440783178,45.1859885560567,1.3905126575263,18.1987814598574,7.53975944310511,30.4110407400563,0.646293096335148,368.52404518268,6.95182839514165,6.20739220433091,590.188446135931,151.936194766508,"0.035","1.4"
2020-02-12 11:00:00,3258.12935686337,284.786691986117,70.5362213204694,328.996056415959,225.866987301428,280.814185678003,659.868624857714,46.9397688641119,3.89781934770143,47.207012009575,13.0532688490862,126.530976382314,171.057650270597,3.01127690002873,125.377190474247,3.06081233354525,77.9840456333649,2.71451989744374,30.6874643862738,11.1309799008184,27.3363028437936,0.923157065959904,386.034672403314,12.2731142721287,5.8200069606855,1007.06129119702,157.981702666835,"0.037","1.4"
2020-02-12 12:00:00,3115.39039916481,264.693168642761,65.8995163777126,317.02626794526,69.2209615061775,299.523122675953,678.560352112262,12.508841550193,3.23051775075843,52.2049011034325,12.2649985075846,132.487794897877,174.925416633955,3.30093935501369,133.295617615023,2.8612092851174,93.4609451495192,1.61904098883607,42.106332458185,15.3466675341112,30.8368061848157,1.08223075335918,404.183587431361,9.97277182421013,6.72809214397379,907.777835483611,176.559534066018,"0.037","5.1"
2020-02-12 13:00:00,3394.58605397991,245.705072475639,64.341914194066,303.110729791332,24.0706354891364,261.89931900418,696.228799047118,NA,3.25222196477384,50.0000813706759,11.2547914435131,138.275620089793,160.706141711798,3.36688392338866,89.7603271662736,5.27047149103487,61.5657162285284,0.718175831089697,28.4349800981486,12.6896136999828,28.2779780495924,1.10953216800322,457.995788718765,8.3035246982021,8.70356282307905,969.097472570115,155.683911353008,"0.037","3.9"
2020-02-12 14:00:00,3410.21954144618,272.336673869825,65.0043527406182,310.503921016003,44.351537923658,288.489592321022,729.92723071388,1.98307728259923,3.17649265336789,65.977847724815,12.6382560775139,145.974353986293,159.814183672624,3.17794384690372,92.5205830272755,3.39999609816691,65.1442483648717,0.913423868435943,37.2148904374891,19.4842106337011,33.6304221820671,1.14305333677148,497.538482398779,8.48036616628193,9.09578429044385,956.635628493112,157.453150681447,"0.037","6.9"
2020-02-12 15:00:00,3676.75491432571,340.797953792613,65.6647187617081,343.409647879479,62.4411743512924,345.280750750953,780.897972111697,13.6391678939355,3.69060521852549,80.6718300326363,15.4893281131793,154.995062331011,175.069066363423,3.11758240046878,118.57658729195,2.13756660871728,90.7206547511723,0.764421784445929,48.959946591228,23.0108520863959,37.0915649273196,1.15075038575012,629.766532444643,9.80086719452113,10.5642809554259,1080.63967859377,166.621180667046,"0.034","7.8"
2020-02-12 16:00:00,4269.32507741747,411.92784909435,68.2666331571525,432.878899795315,64.5595803935582,418.795817384678,869.645924780244,24.6268564240116,6.46752509445202,91.1797963970527,21.3146043177435,162.897020822324,223.225982775136,7.04518471340346,195.468696702383,5.18598837871911,165.244775540272,1.31697200468581,85.7102994442416,33.9272473212852,51.9114322887346,1.17200349122855,1430.16543251225,9.44819970785771,13.6441534462146,1278.17447059403,185.020756570476,"0.03","1.2"
2020-02-12 17:00:00,4602.70250706613,2752.63838210489,100.61341542995,464.571387610936,93.7317953880537,452.257905802766,1086.81548475188,33.344418820853,6.7934098691388,95.2292592820654,22.4979750540204,160.671498820964,242.612597260565,7.62264152024165,224.26676675182,6.63962361053626,204.786438795372,1.4771520835343,103.699478987629,40.3744140768844,77.7641313624477,1.17616982946338,1563.35574727572,9.25517419864265,21.5571246614617,1314.71457031859,194.124437690549,"0.031","-0.9"
2020-02-12 18:00:00,4163.05966934762,2412.71388796271,97.5714063584855,488.142507141865,114.907645815731,450.10833064461,1072.89520941442,34.6671065101412,5.61258389153904,85.1121223592316,21.586146205519,161.781453105972,228.323742897035,5.68717849397767,210.568234911176,6.6217547857705,180.407075894279,1.52850934470312,92.5000914474521,38.0418891718789,61.7065028255573,1.16216705339923,3752.27908140134,7.33403334818507,10.5308822110635,1266.92315990535,192.015952368084,"0.019","1.5"
2020-02-12 19:00:00,5187.98262398363,1729.20307617061,96.4686821571287,579.670409966822,76.9518055341968,567.764337539882,1047.70409565771,29.2158125763828,5.95563955768575,119.027108237994,27.6916616953991,166.019425610075,295.637911026561,6.58110155587746,316.154455076233,10.8336566536024,295.086236911509,1.07681574015134,153.04794012664,59.5446075941205,73.4517046861314,1.18009647349117,5085.054405979,8.80308159505782,12.3669505182383,1426.37972118178,213.790196184403,"0.015","4.7"
2020-02-12 20:00:00,6451.88054052415,1189.9386700761,86.2906903299532,520.11382513131,121.019470919441,592.059975851163,1267.17420438279,64.1567377933589,10.8322543490562,126.234625348859,30.6014912146205,150.384963790915,288.697968837959,11.5299111209105,344.482799148391,15.1066147422193,282.453952633876,1.80148857914557,146.643044009194,60.7042145875597,123.953231233995,1.21680239322713,2492.53024231277,8.68739865196243,14.3519684109467,1476.40983820202,222.804292467676,"0.005","9.4"
2020-02-12 21:00:00,10357.240491092,899.932563068295,83.6742656076712,662.926522706811,122.434643863979,803.344339768015,1122.35935456715,51.1154542936043,17.9433030927266,187.010148329709,45.236626979151,154.111877226308,369.558393537678,19.8527580014833,489.204503508234,21.04604986503,431.317817043132,2.54044192025669,220.847771118147,91.4209866567022,220.340176208724,1.23262338536205,3612.97277827861,7.61738699572398,23.6261935950602,1924.67472376051,275.511290696898,"0.002","8.6"
2020-02-12 22:00:00,8855.63165938879,1370.0588726865,107.442381692694,800.628145620555,190.861050439216,1029.13164175098,1310.40974610457,143.013425363812,28.9416728363435,262.935448338931,57.1502983961511,169.767757806475,438.43234376739,36.7983457668701,574.574277500924,37.7701144451473,534.016732539204,6.7172571336815,276.758112172897,117.661490375546,295.833124260942,1.22692875746309,5889.68970449488,8.49645970322293,36.600422671218,2161.06018890202,326.762954179132,"0.004","7.6"
2020-02-12 23:00:00,11020.2599596278,1438.08915386467,111.193194573371,965.64937899019,206.420804267597,1225.23115288492,1536.49739411822,198.217583423892,39.1853054907367,321.564168356151,67.2851312690935,191.320760215229,486.017384099281,47.9564927402597,685.66290587455,54.0488757639267,626.533854862701,11.6708107941198,317.041513612375,135.889888192718,368.967807942256,1.21081165296474,6981.97663620588,9.3859042487076,47.1826527174726,2551.15454406272,383.704295964724,"0.008","9.7"
2020-02-13 00:00:00,9066.07089494515,1274.24930735521,91.2278967438725,720.072181501331,190.141345876326,977.006485629632,1364.03648027887,157.114864264802,23.7867555685347,243.11628435793,60.6945641859831,178.992720642075,404.376200210729,31.0705848925689,593.138549932356,30.7776668215114,484.365062248321,5.78396942130184,250.02249044447,114.990190367431,418.278502787602,1.22585000013475,7056.94761100264,8.18307282279755,30.9274787813799,2276.19198007258,352.739062981838,"0.003","8.3"
2020-02-13 01:00:00,6212.76737378261,1307.20616336837,98.06781213776,765.327772214629,170.204608982072,1176.62920740567,1356.39397154308,154.859761549752,17.6426370517248,322.704726412213,48.3401590323521,159.570847878592,417.260992746078,20.025750615331,596.165348539015,28.8671153815324,568.956030975641,4.4315339101783,285.339609513984,122.546316304625,418.906299200865,1.2143280042496,6006.63900536377,6.45457119077471,43.8284824011419,1963.31623342131,351.167822635368,"0.003","20.3"
2020-02-13 02:00:00,3156.56873409548,653.386411852151,75.6234494281182,452.215583987793,57.2550915769987,564.645390693928,945.883085384291,20.1438795160164,7.48108399981507,153.052616580426,26.5757889462599,101.434999561394,243.074845888422,5.6028390640347,308.044373271359,12.3744806822,270.070366581245,1.23957967417004,132.264425655025,60.3788303621468,295.46231270723,1.18646469058382,3282.13777784392,5.66111107017562,27.1359874623537,1197.5396208724,234.618904406599,"0.003","11.1"
2020-02-13 03:00:00,4594.97596576984,734.331079607043,68.498767261595,488.624502949216,128.723450662351,589.745072624134,1069.15951967588,48.6969500776472,8.20707500418534,149.119170525244,38.184382380709,127.546456599815,273.36049683466,10.753994593396,359.125253959928,17.0032439786746,281.251727447194,2.13015528854091,138.073210903016,70.0816608652524,312.015097650013,1.20396524048619,3242.9481660286,8.00729248324754,20.6510104672993,1467.64547628474,245.37976989423,"0.006","10.7"
2020-02-13 04:00:00,3658.13075972651,708.655822133915,68.195179850497,465.026920208949,155.279966031886,537.326681153913,1009.36860834745,73.1849078072078,4.1252836883168,153.987123222628,31.5401977046656,116.693160646623,233.350098411247,8.24099700135119,284.456222346551,14.5870213800588,225.084140403481,1.56338905657389,105.503233701155,53.2290433064246,280.058593885176,1.17315208521106,2966.51280976241,6.89970412510984,23.2362105466742,1337.39645763352,214.849108729586,"0.019","7.1"
2020-02-13 05:00:00,4395.19808125187,796.585559765199,73.0224575579618,490.007431308256,54.5107671082485,613.33358053608,1071.73772345146,29.1251809729922,12.6817957440047,159.917281253791,35.9352098452235,121.121069386461,271.099975995046,10.7802795587325,367.128821017224,16.9291650401276,275.893415497461,2.10585446671826,132.767236303951,64.1002798973522,291.685656176076,1.14273048698485,3185.28949774675,6.37482188273041,26.2711174982786,1425.22914107443,242.416199598793,"0.016","3.7"
2020-02-13 06:00:00,4995.43625594146,791.103976017814,72.2959958269813,446.243594183387,94.9213992627292,669.617390722456,967.670688107802,62.1508810089711,11.8942303568881,172.145267717951,35.5783927250259,104.51308016695,300.299395971453,8.15016451144542,378.555714986195,16.0371491201665,310.000278307198,1.69057534200986,150.406044181684,70.4023346667964,355.47594125671,1.1028538473488,2746.15185533112,7.29528570838515,26.5823577187515,1494.63232833138,261.730294928326,"0.003","3.7"
2020-02-13 07:00:00,9118.4383856352,1471.53713356406,80.4824430953322,524.850290105623,39.3468194246785,1918.69544862238,863.248499058053,16.4815229321805,10.6239892579014,180.842080614372,33.9131197727439,104.574987152773,366.656967785915,11.3787699128974,498.391651968802,16.2639528719582,350.254935815128,1.91568597144548,174.10559475736,85.200565170104,672.100819521379,1.06409667827729,4160.61036170969,8.32088694957434,23.6858265728848,1648.75392162712,270.600398663492,"0.003","6.1"
2020-02-13 08:00:00,24329.0255381591,1002.66604017012,88.9944290350782,535.149726303713,51.719760813859,983.313484562787,837.065545154191,32.8648151005728,8.54920382992793,174.52265653143,40.1752827814132,103.587567427322,415.039052980408,8.93278006778765,561.829301194116,11.7939983577933,491.536416445362,2.16369009078154,255.436850552439,112.509783893359,539.292310198499,0.920028545014223,3395.91380420798,7.2727570034146,29.9374066384243,1843.44017826669,316.767052790238,"0.007","8.1"
2020-02-13 09:00:00,23405.2587300144,765.910683938899,68.1885136687882,533.701292203428,66.6447260927479,657.869022589776,753.430595986526,49.1018010270973,8.04421314610159,118.533044089593,37.3691044306904,112.958730903345,299.977671030628,9.09533966420272,371.856545230426,11.7940527904033,310.5339892487,1.99882371879518,162.015348950074,76.8625603847261,330.687012032911,0.577407189182892,2057.90729075375,7.99003319580277,25.2700142356593,1838.44614832579,260.913082457217,"0.017","9.9"
2020-02-13 10:00:00,12122.4797913041,719.807188310784,64.6651422572399,515.224081676253,241.948002285212,608.033512305495,998.224909328457,142.28518964043,17.5457046393204,120.569456338289,46.725766632716,127.925027994441,299.868223858049,16.7685896714304,358.688100955907,20.7523920901638,302.187136077237,5.3781354937156,157.30393261161,77.7603440299064,305.221537572063,0.586816672138489,1935.92629806124,13.7177858422807,24.8150023645694,1649.60272091301,224.429488381852,"0.033","8.3"
2020-02-13 11:00:00,3747.72620065721,345.920697963413,53.6994231498474,229.079062042637,68.9490046618844,289.458408885847,809.549789625555,308.42168466933,11.589794254402,61.7108919531678,25.4229327235262,97.4882900859619,181.235804989674,9.75531905297287,154.165760368669,13.6499772092211,114.398275765325,4.01587300866699,55.3569525749639,27.8562258872965,120.607246437162,0.599832577141707,1066.88495209551,12.3391219264515,18.1092539417945,807.890375322283,175.218190372944,"0.029","5.4"
2020-02-13 12:00:00,3900.16068175861,353.569158876742,56.5214493303738,333.716087100609,96.462342940051,310.707014950659,847.651153113225,41.2712645395225,8.18313205692702,69.9336443632159,27.4117311419376,106.193729976144,189.73285135153,8.56477458924737,170.719903195986,11.2449096948263,135.666735918085,3.4498541030188,70.9738478350828,33.1604008444231,112.075847295187,0.611367222883575,1112.29279658692,12.4358431951351,22.7371274526264,1011.46147780401,182.846021789789,"0.034","8"
2020-02-13 13:00:00,NA,NA,NA,NA,NA,NA,NA,NA,NA,NA,NA,NA,NA,NA,NA,NA,NA,NA,NA,NA,NA,NA,NA,NA,NA,NA,232.149317598736,"0.037","5.9"
2020-02-13 14:00:00,NA,NA,NA,NA,NA,NA,NA,NA,NA,NA,NA,NA,NA,NA,NA,NA,NA,NA,NA,NA,NA,NA,NA,NA,NA,NA,219.774033463572,"0.043","3.3"
2020-02-13 15:00:00,NA,NA,NA,NA,NA,NA,NA,NA,NA,NA,NA,NA,NA,NA,NA,NA,NA,NA,NA,NA,NA,NA,NA,NA,NA,NA,201.780377956728,"0.044","5.2"
2020-02-13 16:00:00,NA,NA,NA,NA,NA,NA,NA,NA,NA,NA,NA,NA,NA,NA,NA,NA,NA,NA,NA,NA,NA,NA,NA,NA,NA,NA,232.044561931134,"0.041","7.7"
2020-02-13 17:00:00,6756.9374515184,861.751446142178,99.8859107997121,813.603756241494,1030.45401623389,702.688265850157,1364.87540249836,400.246417846847,19.0495684555461,162.047764486952,37.0764748890172,202.798962471913,278.586231567575,11.7613986488874,489.339993283143,12.796763604365,358.278981931611,5.89098112957969,165.829481593228,65.0582253222453,105.343628888775,0.506095603976455,6282.55743044834,18.9239877996119,31.6447539929046,1607.18125895879,324.936105750737,"0.031","7.7"
2020-02-13 18:00:00,NA,NA,NA,NA,NA,NA,NA,NA,NA,NA,NA,NA,NA,NA,NA,NA,NA,NA,NA,NA,NA,NA,NA,NA,NA,NA,325.027658471917,"0.033","7.9"
2020-02-13 19:00:00,NA,NA,NA,NA,NA,NA,NA,NA,NA,NA,NA,NA,NA,NA,NA,NA,NA,NA,NA,NA,NA,NA,NA,NA,NA,NA,317.809029378384,"0.021","8"
2020-02-13 20:00:00,NA,NA,NA,NA,NA,NA,NA,NA,NA,NA,NA,NA,NA,NA,NA,NA,NA,NA,NA,NA,NA,NA,NA,NA,NA,NA,315.548642350525,"0.016","10.4"
2020-02-13 21:00:00,NA,NA,NA,NA,NA,NA,NA,NA,NA,NA,NA,NA,NA,NA,NA,NA,NA,NA,NA,NA,NA,NA,NA,NA,NA,NA,396.784683564827,"0.01","13.1"
2020-02-13 22:00:00,NA,NA,NA,NA,NA,NA,NA,NA,NA,NA,NA,NA,NA,NA,NA,NA,NA,NA,NA,NA,NA,NA,NA,NA,NA,NA,262.864685606538,"0.018","9.9"
2020-02-13 23:00:00,NA,NA,NA,NA,NA,NA,NA,NA,NA,NA,NA,NA,NA,NA,NA,NA,NA,NA,NA,NA,NA,NA,NA,NA,NA,NA,236.760528499353,"0.027","8"
2020-02-14 00:00:00,NA,NA,NA,NA,NA,NA,NA,NA,NA,NA,NA,NA,NA,NA,NA,NA,NA,NA,NA,NA,NA,NA,NA,NA,NA,NA,211.411399105392,"0.028","9.4"
2020-02-14 01:00:00,NA,NA,NA,NA,NA,NA,NA,NA,NA,NA,NA,NA,NA,NA,NA,NA,NA,NA,NA,NA,NA,NA,NA,NA,NA,NA,142.700601810199,"0.031","7.6"
2020-02-14 02:00:00,NA,NA,NA,NA,NA,NA,NA,NA,NA,NA,NA,NA,NA,NA,NA,NA,NA,NA,NA,NA,NA,NA,NA,NA,NA,NA,135.827668645148,"0.03","4.6"
2020-02-14 03:00:00,NA,NA,NA,NA,NA,NA,NA,NA,NA,NA,NA,NA,NA,NA,NA,NA,NA,NA,NA,NA,NA,NA,NA,NA,NA,NA,161.983001166743,"0.025","3.4"
2020-02-14 04:00:00,NA,NA,NA,NA,NA,NA,NA,NA,NA,NA,NA,NA,NA,NA,NA,NA,NA,NA,NA,NA,NA,NA,NA,NA,NA,NA,138.787980327515,"0.035","1.9"
2020-02-14 05:00:00,NA,NA,NA,NA,NA,NA,NA,NA,NA,NA,NA,NA,NA,NA,NA,NA,NA,NA,NA,NA,NA,NA,NA,NA,NA,NA,136.395722615552,"0.043","2.5"
2020-02-14 06:00:00,NA,NA,NA,NA,NA,NA,NA,NA,NA,NA,NA,NA,NA,NA,NA,NA,NA,NA,NA,NA,NA,NA,NA,NA,NA,NA,137.968860375583,"0.034","3.4"
2020-02-14 07:00:00,NA,NA,NA,NA,NA,NA,NA,NA,NA,NA,NA,NA,NA,NA,NA,NA,NA,NA,NA,NA,NA,NA,NA,NA,NA,NA,217.984457210436,"0.029","2.7"
2020-02-14 08:00:00,NA,NA,NA,NA,NA,NA,NA,NA,NA,NA,NA,NA,NA,NA,NA,NA,NA,NA,NA,NA,NA,NA,NA,NA,NA,NA,270.244825163487,"0.019","1.9"
2020-02-14 09:00:00,NA,NA,NA,NA,NA,NA,NA,NA,NA,NA,NA,NA,NA,NA,NA,NA,NA,NA,NA,NA,NA,NA,NA,NA,NA,NA,223.957529939501,"0.027","2.4"
2020-02-14 10:00:00,NA,NA,NA,NA,NA,NA,NA,NA,NA,NA,NA,NA,NA,NA,NA,NA,NA,NA,NA,NA,NA,NA,NA,NA,NA,NA,208.924311160988,"0.033","2.2"
2020-02-14 11:00:00,NA,NA,NA,NA,NA,NA,NA,NA,NA,NA,NA,NA,NA,NA,NA,NA,NA,NA,NA,NA,NA,NA,NA,NA,NA,NA,178.306274658163,"0.038","2.7"
2020-02-14 12:00:00,NA,NA,NA,NA,NA,NA,NA,NA,NA,NA,NA,NA,NA,NA,NA,NA,NA,NA,NA,NA,NA,NA,NA,NA,NA,NA,169.943657785224,"0.038","2.2"
2020-02-14 13:00:00,NA,NA,NA,NA,NA,NA,NA,NA,NA,NA,NA,NA,NA,NA,NA,NA,NA,NA,NA,NA,NA,NA,NA,NA,NA,NA,175.657508639299,"0.038","0.1"
2020-02-14 14:00:00,NA,NA,NA,NA,NA,NA,NA,NA,NA,NA,NA,NA,NA,NA,NA,NA,NA,NA,NA,NA,NA,NA,NA,NA,NA,NA,146.897348919571,"0.038","2.2"
2020-02-14 15:00:00,NA,NA,NA,NA,NA,NA,NA,NA,NA,NA,NA,NA,NA,NA,NA,NA,NA,NA,NA,NA,NA,NA,NA,NA,NA,NA,158.670034430029,"0.036","4.7"
2020-02-14 16:00:00,NA,NA,NA,NA,NA,NA,NA,NA,NA,NA,NA,NA,NA,NA,NA,NA,NA,NA,NA,NA,NA,NA,NA,NA,NA,NA,152.690905449355,"0.036","1.9"
2020-02-14 17:00:00,NA,NA,NA,NA,NA,NA,NA,NA,NA,NA,NA,NA,NA,NA,NA,NA,NA,NA,NA,NA,NA,NA,NA,NA,NA,NA,173.296425698853,"0.035","0.7"
2020-02-14 18:00:00,NA,NA,NA,NA,NA,NA,NA,NA,NA,NA,NA,NA,NA,NA,NA,NA,NA,NA,NA,NA,NA,NA,NA,NA,NA,NA,166.598774125658,"0.036","2.2"
2020-02-14 19:00:00,NA,NA,NA,NA,NA,NA,NA,NA,NA,NA,NA,NA,NA,NA,NA,NA,NA,NA,NA,NA,NA,NA,NA,NA,NA,NA,176.129024122214,"0.032","2.9"
2020-02-14 20:00:00,NA,NA,NA,NA,NA,NA,NA,NA,NA,NA,NA,NA,NA,NA,NA,NA,NA,NA,NA,NA,NA,NA,NA,NA,NA,NA,186.361696513443,"0.034","2.7"
2020-02-14 21:00:00,NA,NA,NA,NA,NA,NA,NA,NA,NA,NA,NA,NA,NA,NA,NA,NA,NA,NA,NA,NA,NA,NA,NA,NA,NA,NA,177.403028443718,"0.028","3.7"
2020-02-14 22:00:00,NA,NA,NA,NA,NA,NA,NA,NA,NA,NA,NA,NA,NA,NA,NA,NA,NA,NA,NA,NA,NA,NA,NA,NA,NA,NA,210.990189190306,"0.014","4.6"
2020-02-14 23:00:00,NA,NA,NA,NA,NA,NA,NA,NA,NA,NA,NA,NA,NA,NA,NA,NA,NA,NA,NA,NA,NA,NA,NA,NA,NA,NA,245.137284573885,"0.01","3.9"
2020-02-15 00:00:00,NA,NA,NA,NA,NA,NA,NA,NA,NA,NA,NA,NA,NA,NA,NA,NA,NA,NA,NA,NA,NA,NA,NA,NA,NA,NA,232.628772440717,"0.018","4.2"
2020-02-15 01:00:00,2452.40829124024,335.207748469699,78.8806218458959,367.656430621804,65.6043323733161,281.747481517016,641.292425887591,199.251622379988,8.28077213942908,56.4366593263491,16.3395962077259,57.4741810632358,164.583949583908,7.03120606974213,127.731576533019,10.2151210255287,94.3155065751552,2.07190071241938,46.5821864604104,23.3831614914514,141.462661086783,0.689746221189409,2968.83302207433,3.78672299584255,13.3752890253974,980.536292001611,179.018734640805,"0.017","1.9"
2020-02-15 02:00:00,1590.82447177859,255.601861617387,93.8872971944891,348.325516779268,71.9534536140961,199.289628412425,637.187293370319,166.726978172223,5.80992019989478,40.9542134199342,11.1245884490441,56.9806430927026,131.202683397774,4.799115810128,81.7038271641479,7.51244298535625,54.3861780174421,1.23495231515465,24.937512345266,12.2359107961332,75.1813431978567,0.685620777186184,2438.4290508192,3.78240036228765,13.4882078975577,867.465554274786,146.979405742012,"0.032","-0.7"
2020-02-15 03:00:00,1701.52322808017,293.681119231438,74.6690300336764,319.251656027879,66.6726199441446,224.151954767926,626.77871032659,130.837003736987,5.17650259911069,44.5326789651918,11.8713011883451,61.5004992191946,138.696693021343,4.85181479910214,104.889843927943,7.6127760476152,73.7794554299635,1.46004567861801,34.4518092685014,15.8206975586934,58.9910859642558,0.651729311497657,2812.67559379756,3.8508846533813,11.0753463486084,858.514166031137,155.291278679769,"0.041","-0.4"
2020-02-15 04:00:00,1089.58125439603,182.463823857123,91.0137078532413,260.746733646114,57.210801992165,156.449191052727,584.498162241178,130.164864407101,3.50702268115332,27.2527006223617,6.46551038910157,56.2222515046233,113.172418168232,2.85471698370859,60.6049556285808,4.34548883608007,33.6483604192413,0.930416226584367,13.7709791188454,6.11981176969484,58.4464974856168,0.611634467578309,1408.0697734304,3.16466384035102,6.17202074553132,752.90179955437,135.323257595748,"0.039","-0.9"
2020-02-15 05:00:00,1694.45467355927,312.332409033648,103.250456987932,351.240088826402,61.6825369641997,295.418928665178,654.844746371865,149.634262018484,4.76202428590619,41.2025243868945,8.97111316663698,65.8851180327781,136.710183324417,4.17210368429758,104.096219063367,5.71447737044105,66.9880439284041,1.40397074190224,28.5802321554734,13.3858905405168,95.9549109803462,0.604252864880272,1859.36031623211,3.49831854303639,8.54814720481223,829.788007017947,141.09942743784,"0.037","-1.9"
2020-02-15 06:00:00,1383.41460048443,389.730291743989,104.083207244699,336.538187604151,65.0533556011703,450.32650738045,639.502924777359,123.962765527446,3.69750796412672,35.8475813458628,8.84795976028464,65.5140441071103,147.570678510108,3.60410012938232,103.766240181577,6.10461769450167,64.6940739029137,1.00761560058245,26.2909912383247,10.6784919251027,40.6946066380274,0.637811198937345,1576.82847684719,3.69934714051957,5.59298865022404,742.017190223511,139.484585965392,"0.028","1.2"
2020-02-15 07:00:00,3414.93589689092,459.391975148588,82.7928753057019,430.854103929852,123.061406997194,413.911142510746,691.112798323577,142.14705203542,9.40731676407922,81.7480237422027,25.5798457356928,79.1756773137293,182.576364817663,10.2942361559217,172.374288037064,13.2663112403865,135.100408321452,2.49832247989302,61.1411952879834,31.5477501487164,137.342420729783,0.672402950442858,2222.56236583022,6.2432548302649,10.6634400389888,1173.33238324624,173.475808374477,"0.019","3.4"
2020-02-15 08:00:00,3412.0766948824,626.719744150657,94.7163716538896,595.353465356549,138.878376719305,567.460093107069,752.288121991566,182.123968107758,12.0133563823003,109.182346003057,29.9345087914582,85.8018037308899,262.059955180248,12.8042324064442,293.657366712083,17.0988671673486,273.693347246876,3.15017722373926,138.033520677202,61.984045213952,137.665890131256,0.682035991668732,3317.57923938893,5.96295553590421,19.4630047868761,1396.94049168644,224.583774968129,"0.018","2.9"
2020-02-15 09:00:00,1696.91427209036,323.578656033364,71.4075129837752,513.547128996734,123.720066240554,289.604555349477,579.821018778413,117.989230655264,7.41585840483971,57.3000916041711,17.6475901346851,68.7262869368767,174.900325239183,7.56559081623057,142.211627365487,10.0105493615772,114.655131960648,1.84098604572585,59.2710937740715,26.0616525509536,62.5241487031825,0.687212502805446,1646.50250150043,6.50302193366592,11.7555292496505,1057.70675755368,169.888072204507,"0.024","1.9"
2020-02-15 10:00:00,2574.06644894092,401.87075899786,81.5010012858388,444.503904511829,213.306180579466,367.92783989217,684.198210942135,179.211029051472,10.6280427547249,72.3435623076107,22.5711123879339,83.6903102090721,228.123153403828,10.5511774276593,196.892162214481,11.6522762146149,186.658074458009,2.69768874365838,83.6790180420614,35.3528109736683,97.7617602705787,0.703960768856584,1737.39457773142,8.69035823750016,9.63849435250646,1188.11353636142,190.253666337096,"0.034","3.7"
2020-02-15 11:00:00,2085.41489225616,285.824744133572,72.133129687091,398.869522859513,184.788418364055,273.795657889108,686.811669784436,129.513291079453,5.88928727696817,51.6327504507268,15.9269244710417,80.9693541512851,162.692807918485,6.11336981502723,130.370295140275,6.59554137100578,106.453621441573,1.8222081758878,49.5190456941608,20.7461209949184,48.5877165914736,0.689355300051608,1193.0767746558,7.95513806335458,7.34158557832818,1067.36781512973,163.489233860328,"0.036","3.9"
2020-02-15 12:00:00,2017.09254127861,259.080820241661,78.2870295657365,393.638938653751,194.820487778311,241.750313402598,661.998670423521,137.620675993328,5.63266029185142,46.1506603177062,13.9351399912437,74.1179121809332,145.051010929067,5.56341202843877,108.400783124918,5.78377048136072,80.9369402679092,1.76336023366938,37.2468028556061,16.9233434486491,60.1003490331331,0.662697803116738,1061.69025797555,7.54430030458076,5.90944753024158,1065.28721816101,158.677499038312,"0.037","1.5"
2020-02-15 13:00:00,2043.14216766726,257.626792743353,86.3912388965516,382.101648226077,192.33650418974,238.444219457143,671.541151178286,134.469895718731,5.27839498240721,46.3855950160794,13.1787328075033,77.3324044729076,145.557027443581,4.63177927783184,105.28923376179,5.37400365733596,76.5576256402167,1.76193028424373,35.9713711418874,15.9525304636929,62.4985939773418,0.648230157529326,1127.22986456602,7.71133258581157,6.75579550087414,1002.76693767499,158.819469656749,"0.038","0.2"
2020-02-15 14:00:00,1518.93321261369,231.919701853849,147.82517197868,307.960941922608,155.462102460763,213.846575106921,1115.49862185364,301.917565875232,3.99758040982047,38.7274374224301,8.52901842534266,72.5790656165492,131.798752029755,4.14515552268477,91.2885136656353,4.42290269554701,77.6757345524989,1.0953926312557,41.0086395115269,17.4685162501662,46.0590238146361,0.61134328028216,913.020202681558,4.97651954262641,5.83146204850414,794.209627432371,144.820172245518,"0.042","-0.8"
2020-02-15 15:00:00,1429.71460476257,309.387139055364,179.417562739575,255.191104014797,116.088079846881,255.359921642298,1460.13470115779,291.299693764278,3.77956036057227,35.3295493341193,7.78369696806049,71.5764673749104,121.910240951713,4.24360726365763,76.0477192879843,4.64568472987764,58.6199367086204,1.27561873677845,26.9489271318487,10.7855096453544,46.4098201699404,0.614088673009329,934.146468550154,3.9920698506861,4.5526047751179,705.346643400581,136.243566226145,"0.042","-0.7"
2020-02-15 16:00:00,1663.38261615125,240.975883493965,109.863709899685,300.872694470002,105.897914707211,230.286370956662,737.819125351531,154.270117584824,6.20857310608328,39.347873051466,10.4112865406717,77.5320743075312,133.864184360875,6.7269054143976,95.4273288874911,6.94410820191427,72.6014392440798,1.91478555338225,34.4299946705721,14.4990994245048,71.8570486421747,0.655536213399847,1918.03160251502,3.92768115673076,9.85692541549952,781.613041683292,144.343872164874,"0.04","1.7"
2020-02-15 17:00:00,1611.31378014105,194.848094273176,76.3530870258686,229.894957177775,85.766327860256,189.268687739777,627.00405573563,83.1091398818801,4.34556605577852,30.5933706473457,8.65419649147136,72.8566437313435,123.817566450544,4.44810367243474,75.9874152068706,4.0411485505657,55.2856822821838,0.733091684869333,24.5329564671372,10.7721960779761,68.3098502167401,0.694387980936554,773.287301952152,3.43912789604587,5.96147003457115,671.757449790556,133.466534838548,"0.039","3.4"
2020-02-15 18:00:00,2435.25186923475,236.610561954277,79.8694799109068,269.285548657075,56.6886245451742,219.01089121736,656.977873915297,92.0228107018804,8.45181126308752,41.6129297469608,13.7191485649187,74.7733516444628,136.057584454238,9.14338479390561,89.8991279841501,10.8599290733417,68.0416559791907,2.34906457370468,32.1754758044038,14.6303011069381,83.6752611709646,0.728028889924627,1258.04270534626,3.0472826886658,6.63870813627705,746.614221937656,142.373414803959,"0.042","2.2"
2020-02-15 19:00:00,2547.59249706334,197.864940960356,78.1124789737958,229.387871087749,37.9664255801046,199.581082546069,628.084525645883,72.960630150804,6.79087311015021,35.5565513918375,12.060050627153,73.4799769418782,128.808776063399,6.32654377503229,77.2861762373567,9.22872734233488,54.6382053705646,1.66045241855692,25.7765186512988,13.6177112800919,76.6141442751928,0.731148209864151,983.918348413811,3.56327162885056,6.47603152195502,685.999663198278,138.302704489892,"0.036","1.2"
2020-02-15 20:00:00,2423.18140851435,240.108040406976,82.246068011631,259.023348820933,42.2458738113428,233.038780475901,647.432964701801,82.5273001813959,8.59205531293104,39.9202202127415,14.3149216215432,74.0211228115486,141.484814001641,7.55195957442449,97.0942310556689,12.7711710799454,73.3868508211113,2.77989543167507,33.8261452852395,16.1197714382728,88.2386645449418,0.739139771917647,1403.8016333179,3.54715018685859,8.17573558652359,707.209817992121,143.567202138922,"0.028","2.2"
2020-02-15 21:00:00,2847.48472048028,352.558128600358,98.2375767868521,371.827986712223,65.3792607883472,304.239652022385,750.628676583174,193.444596846727,14.5051302254727,60.7789710621576,23.1207941896116,81.3364014134515,174.745360699874,15.6962838398613,147.160225285168,22.4275178432619,120.177948064674,6.58185493151605,58.8526345751845,26.7907588057802,108.022238281939,0.741069773121448,2352.59723055288,5.44586171400434,12.1547648444631,928.146096339659,184.830558478593,"0.029","4.4"
2020-02-15 22:00:00,1239.21717449586,167.60037549968,77.7285103942005,204.745438848971,40.9186552741458,160.605193726649,598.684913881863,78.5199942865488,4.39138645864535,26.1032101809944,10.3124356073048,70.1183882829382,113.883635328374,3.70855244612342,54.3328255584406,5.16052469214301,34.5952750106632,1.03068310494494,14.1725722997399,8.11739460809338,49.6330606094571,0.749032803875083,764.102345083057,3.56180844932622,3.94700122012165,574.095617911588,126.367956229673,"0.034","2.9"
2020-02-15 23:00:00,949.324161513575,152.250834646693,78.929947575518,184.474936874978,48.5301817719733,162.755279824502,606.928135037962,62.6855944015273,4.77143452379246,25.0028029563323,9.27685865417213,71.0823502720155,110.6394184094,3.13690976785001,59.3986117874219,3.93958507434124,38.9262919928751,0.745706782358305,15.7707778636076,7.68626054051991,57.2055263395913,0.773774559755055,634.951413995411,2.98465373697112,4.0598583374245,517.288160618816,122.201147561657,"0.033","1.9"
2020-02-16 00:00:00,1361.0967443402,219.269992248228,86.7834536954307,283.85797118344,63.7543340007662,200.449403767551,685.254807564659,100.756823624229,8.24465160726154,36.9021182246748,15.1458973285546,76.696974920963,129.294696191296,6.04604284754024,80.4209208919501,7.81749602929709,58.2176571177889,1.49972672856659,27.7694523101115,14.4929628509524,79.2437373249207,0.791881577564898,1299.89628852243,2.81823198104579,7.14205473759391,706.070914569362,142.746686546856,"0.039","1.4"
2020-02-16 01:00:00,1245.70034322403,198.424067225757,78.8861251092053,236.704541436089,79.4699570737286,199.001824464223,636.307545583377,69.8838773926537,8.14409368314713,36.2524529799282,14.4668527194009,72.6427853330815,133.291612935673,6.74340702396926,84.1523314074542,8.67838682008312,54.6375546768528,1.39352931400708,24.2395562651508,12.5238888195969,95.749721829604,0.81512808975469,719.812783021651,3.64513684666352,5.10082695991461,633.695179707081,129.805169908854,"0.042","1.4"
2020-02-16 02:00:00,1365.38475364138,208.932790559979,80.8863251848891,243.11853185919,67.262625755872,210.110020662751,678.501031807215,85.4770544556273,11.6165072425803,41.0910804161842,17.3033402127375,74.1957101933811,137.575411959393,9.25895598484784,90.783677529079,12.9846392045832,56.012567575298,2.02696876947135,24.3828012461871,14.1777721547967,102.779302184474,0.818238865683722,889.097410286081,4.24197973074186,6.24652344290188,693.8232528818,136.377852876004,"0.043","3.7"
2020-02-16 03:00:00,1255.36448043179,223.676120314893,85.5944157823645,250.428036030274,92.8460801395261,203.915494062051,694.947773330919,92.7407571778973,9.23562915499596,40.5129128503946,14.8606582473081,75.5747484488287,126.548979357062,7.28418455721971,86.0691355806682,10.267429386801,53.5945373918114,1.71299921663376,23.8216711684753,12.4396665656475,85.7314225342631,0.827869282646808,1214.15603404875,4.26763711240328,7.83191435205096,684.410156907645,133.538481836014,"0.041","2.5"
2020-02-16 04:00:00,1298.10758439945,221.171240465295,88.7654206000301,268.759702585397,112.924996800095,208.564870723598,707.081694729918,89.6966427495807,7.40797790546873,41.729812921954,13.8419957222873,77.0265848880525,117.433998068491,5.86432162166086,78.4507557502654,7.70393367206718,49.51991264773,1.73698441011468,21.3824616495319,11.6118817479226,79.1592372740786,0.833282967693261,1240.02446181066,3.94787749894078,8.08366573100276,717.922833861362,129.575754011273,"0.04","1.2"
2020-02-16 05:00:00,1846.52447975387,215.699642283091,82.1620964526018,262.90325374026,91.3633869202772,212.041492565877,715.856320797655,86.5205460827229,7.20349808195606,46.1466248420542,16.6828979210879,82.2288234616556,125.174507474519,5.07545587888628,87.5227849676967,9.02219367426584,55.862243883065,1.71302316449525,28.073257140019,15.5566160580862,111.766243883681,0.835789807156526,1253.77037758095,4.4008552053315,8.0464970064627,804.323847137904,141.508664731633,"0.033","1.4"
2020-02-16 06:00:00,1997.63705415253,210.013964691337,82.8613401983733,264.307466114835,99.5768589737744,203.491269275032,714.655058745684,88.2145030211137,5.94343004740226,45.4299002275027,16.6085412252505,78.0948358016328,122.723250254708,5.27972338250202,86.7973381726618,8.16765833801654,51.0999804874097,1.5763398026143,24.2295584846282,16.5271275246249,157.690651398713,0.836659381024233,1251.5922346395,3.56035585946241,6.91945239455419,858.577022545098,141.009322812517,"0.027","3.9"
2020-02-16 07:00:00,2751.73429924031,448.871800616303,99.1401392436155,444.995603630656,83.5954663797691,380.440872288717,884.885803948324,168.074744401749,18.1692106991584,85.4289528960443,28.6198264114265,92.5815728715496,190.026951282124,18.2680478391143,202.023251008121,27.7936041088541,156.309882036898,5.9295552366328,79.3031320507622,38.2114554318307,146.794777742312,0.837744202604197,2640.81033768832,3.31919614737406,16.9554761043446,1239.41804268799,188.43759835448,"0.028","4.4"
2020-02-16 08:00:00,3295.50159210137,572.15302744607,117.151986663162,519.408999012826,152.114589682055,512.161910830047,976.378399733645,196.566839566163,19.5079625703586,107.36176560628,31.1077196590303,96.592880715035,240.365344473304,19.4167968373552,292.829048296032,26.2167864616501,244.630896474938,6.07870938832345,123.106969086435,55.7063310967124,130.296744022535,0.856421493285598,2848.39354225532,5.20258338289637,21.8753242385314,1344.68953563229,228.237077612216,"0.02","2.7"
2020-02-16 09:00:00,5433.00136697911,716.56575957233,111.774534786963,660.226578971245,253.743439265918,669.017092387386,1009.14132454343,224.059635019082,18.392843376117,143.859830306822,35.9610974525655,106.733960409301,301.970164030632,18.6152558735107,381.045608908167,23.3969342432339,347.171552790842,5.11946495945155,189.422314809156,83.4277691239133,146.367393518541,0.864782291245229,3897.53405092622,7.57603374341674,27.6183050462996,1732.57180915336,299.649109365413,"0.02","5.1"
2020-02-16 10:00:00,7225.62837980044,705.316648521372,129.26096338209,639.674181306372,332.17938344826,639.793535121119,1053.70436385619,250.878136934574,15.6677643510338,140.074631591313,35.6466433405885,111.475722224282,310.95447405468,16.5947274559463,431.83186719715,18.8712283170795,361.235549195179,4.72750960215083,186.260171852335,78.1062146705689,136.983024193979,0.855514005661555,3242.50484413434,8.96320670766283,21.021469018168,1732.6982888023,270.651274356146,"0.023","5.6"
2020-02-16 11:00:00,8427.9688834764,599.751862838073,114.148513424919,688.762010471478,442.397919262915,528.260964978814,1153.9608036279,354.074650523934,19.7707826120397,128.916029722974,44.0167893509276,132.234138159918,259.735030381602,19.899622831047,305.228246120085,19.5106561446654,244.994135481629,5.73993696863619,123.156171655213,57.6675858405064,245.634408772542,0.861642730774329,2611.30751875078,11.6770900693392,16.2968352678381,1962.23204048154,234.918709525641,"0.026","3.2"
2020-02-16 12:00:00,3041.62060891213,291.764412544503,102.974762505891,416.33182389442,276.916423580335,270.084900646828,801.290336337765,183.471774354588,8.90979372944741,60.4582823483002,21.2552203607072,86.8503752133219,149.547550678791,8.7773476389149,123.312569839151,8.8246080130911,91.2015103947289,2.91397127829976,45.1514749264948,23.2454134662647,123.749164388668,0.771818618591508,1100.53421442069,8.3874672215237,5.95609449608236,1167.17745283723,169.695620106119,"0.036","2.7"
2020-02-16 13:00:00,1987.01368685044,279.318352418181,111.405464510265,349.966298537791,238.389128002483,272.400157972912,727.488424206691,338.93039299115,5.65623007777389,48.5791942654669,13.2392376811133,78.8298281174434,133.1204323462,6.03246278832581,94.6190042761606,6.12926661166803,64.7846364353218,1.97212128478133,31.646968417389,14.2235212921949,49.0893570506486,0.708008364503394,1042.48776563077,6.44801218862672,8.51112288212814,944.589981286955,146.799053606923,"0.039","3.3"
2020-02-16 14:00:00,2133.1479084703,265.870327117761,112.950736719712,280.316714063178,147.85790817648,271.783185419803,746.20558595422,188.576456217453,4.25052037633323,41.2991838722981,9.57805919057765,70.8406135921289,131.185758371671,4.37961459535564,103.855527733039,4.9400920814967,63.7395080612953,1.66884013827404,30.212511785221,16.5473964608426,214.547373613776,0.662621941241678,982.066896771136,5.36421483436061,5.53499322774051,847.160863266888,144.671147127175,"0.042","2.7"
2020-02-16 15:00:00,2111.4186289097,215.469452641256,85.396185312681,269.430246781688,222.119542548896,220.604181779202,647.156600399302,160.33654117468,4.33998733448181,43.6175052552567,11.2422578435659,72.2315995983174,124.597471352206,5.83760920928213,93.6622266069329,4.60369272584309,60.7553705320813,1.51956303636896,30.4208471943863,18.4037044909886,278.726899127594,0.695431734848242,825.563923853962,5.58305088313042,5.06907309356049,907.880249127831,145.260221712854,"0.04","1.1"
2020-02-16 16:00:00,1338.72788756381,187.74601401102,75.7480131529169,259.845512519913,161.041514851786,193.923834553235,635.656278627743,107.259616638761,3.72876925409986,34.062993504085,8.59267307214309,71.930908726068,119.579580065444,3.51537856044414,70.9851791600748,3.08250663571883,52.7180893960306,1.77727557328637,25.8443303961625,11.4154357307289,30.8595884626915,0.693719774019334,790.100979596212,4.75327893545991,5.63196174839569,745.157160857955,138.760366363483,"0.04","0.8"
2020-02-16 17:00:00,2001.78261472664,235.064076493045,86.1829039165236,282.014947096961,89.1495702942613,230.499758582028,642.529147672114,144.819704713303,6.46050019012146,43.327416210151,11.6573804739576,74.5490911304508,138.102509648093,6.79525740834395,106.705766417917,9.60703127805419,87.5403349532562,2.52064587880084,42.7406835127727,20.7071823601858,196.897101184092,0.683622012668662,984.980317840976,3.48625013930727,4.48396948605749,910.033400658219,138.15538338775,"0.04","2.2"
2020-02-16 18:00:00,1878.82696650699,232.641189865938,96.6353037056457,314.716371107634,89.0038675260953,224.399679699012,683.401152400308,192.555368932157,6.61090451251609,41.1713497195309,12.2659880205284,77.8496567512722,137.272309461684,7.22317103520718,95.8839620110044,9.2220037559699,74.0650458525961,2.19086216216528,37.0264902712201,16.9150043219855,130.37630289632,0.691941975457037,1119.98513675663,4.23662238108624,6.07974554923091,917.269695883213,149.089855063249,"0.039","1.5"
2020-02-16 19:00:00,2465.36589564389,219.600817652516,84.1312746180472,261.796247401534,110.704143300998,217.907841907227,608.682476536826,133.191770737755,5.78676054340619,44.4095601182728,12.23163652745,74.0597210934429,129.516740622098,6.40523976884143,88.6629742241803,7.66632736419923,54.9591745536313,2.33478065382306,30.5122661331707,17.8467302607539,395.471086703364,0.760752563536371,1132.78971565537,3.64225544147531,5.51480595108976,873.145335120594,142.548394378018,"0.039","0.5"
2020-02-16 20:00:00,1017.2193750077,156.616687908654,84.2448563082347,224.729100107833,71.0186703788153,154.058728328418,582.323985809649,111.751289008381,7.09911675414869,25.7230388823551,10.8168955705666,69.0576718246368,114.135556176114,8.40554955971163,47.3551260872486,9.35667214649295,27.1935218037901,2.34386973815291,13.0671339076407,5.05451828856935,41.4637221789626,0.76856758102941,670.672902269944,4.23481241637461,4.53180454149964,676.509306866395,128.197571564971,"0.039","0.2"
2020-02-16 21:00:00,986.982230342921,144.826366436066,75.3924995673503,229.273145383751,80.9961843326213,146.397746571656,569.769324139262,99.5435210317533,4.92256861645675,23.8220864194939,7.24993897588144,68.6792031880666,106.614135111607,5.68000788608565,41.0669814658159,5.80438100966547,22.5235543901572,1.72301430016316,9.93810339648867,4.04847303276638,35.1773876812391,0.764525378045209,645.966285239955,3.77914200897221,4.5457129362579,636.326435287746,128.119624480609,"0.038","-0.9"
2020-02-16 22:00:00,1085.4223270083,161.701279208173,73.6254496590132,266.766127825377,83.9722665206376,158.72704917058,587.683895250409,105.080980483063,4.0356369693989,25.7939571081647,6.49182136928658,66.661337698947,111.864261130894,5.2611803315835,54.2739388339249,5.47632601901464,32.2298051900775,1.17965476969737,14.6972503029439,6.37558577354095,37.9663551409441,0.749376360717484,863.08123234316,3.57685663579342,4.75134660335853,702.54828122967,137.830183340698,"0.037","-0.7"
2020-02-16 23:00:00,1684.50110435075,230.714491166867,74.5135541096612,321.066466974459,85.4603871700227,213.088823125261,594.608749563566,85.8807894157433,3.5743457331648,40.2217780442689,7.8851788542842,67.1705697412439,127.802249524,4.24687841710559,83.2076568498413,4.27630433123868,61.9333629965071,0.944052454579058,28.2567871767221,11.6666304926446,42.6301660891074,0.707137083062807,1399.14801827559,2.9070358876529,9.13772164411408,802.38610574291,142.622865608439,"0.03","-0.2"
2020-02-17 00:00:00,2147.18695848512,293.160749957115,77.0447951817428,314.466321202627,90.7498054741326,253.108162887203,689.066913099173,114.753131764727,13.2245284306724,53.0005256333786,15.9404814110285,74.7938014518649,153.077711958317,13.5287871011464,115.216680009507,19.6630750090001,85.8152277889818,4.22045470320459,40.6370932723067,17.7992104738845,79.3064386768206,0.720997265829711,1940.25678105057,3.64852258986558,12.5082429068832,872.281202820826,162.240196343359,"0.034","-2.1"
2020-02-17 01:00:00,1309.50418277557,209.276111219253,71.9981607729943,268.297772574744,63.2136647349215,182.273963524805,563.609342282792,92.8945340489771,6.64069838175067,30.4626157406696,10.3796879152285,65.8007759120744,127.704926027017,4.64509414700131,74.1731334357862,8.45646448535187,47.155819215557,2.03298869338453,21.7960633857513,9.25875034531732,39.2991151617708,0.698616057400431,1170.13106227541,3.12373726767282,7.38421575523592,672.672038543834,143.525860671243,"0.039","-1.9"
2020-02-17 02:00:00,1175.08034477319,183.846993614804,75.4173254401637,231.501377593171,55.0863298618128,158.956914750446,551.07522702174,79.522362085837,7.77219482448576,27.6219649663709,10.5102863326789,66.1013491865554,118.75079139595,3.70887787511491,57.9511322283206,8.29694139682286,31.5148249340839,1.75083305133867,12.8050197814962,6.81077935660413,52.7703549133568,0.710231353619531,866.056977300911,3.43180061422527,6.32842178759293,621.151954116827,129.325848590531,"0.034","1.2"
2020-02-17 03:00:00,1286.9051125071,216.257990720892,66.2060291529329,240.031603507936,58.004188595394,186.150686232844,558.928521081874,81.0849791810463,8.28467027756984,35.3172561043583,13.7267376683136,70.6224502886052,124.233064861474,4.51615812461669,67.4290132991223,9.32232466941276,40.4962503685133,2.06776456477416,17.8658958276687,9.36225164721854,51.3429643419362,0.708736632040004,915.893185882568,3.87041512301882,6.54063040505163,664.535624323256,132.331438745669,"0.03","1.2"
2020-02-17 04:00:00,1442.30735297175,201.238395068651,66.6264970015773,220.126157504053,51.2267314866817,178.072468824222,550.410238275871,88.3689403745052,8.14657800982013,32.8732327714048,13.1342762708797,68.7985441939414,123.053874732645,4.92930163616108,68.079694319663,9.85403921303462,37.1877594000409,1.96934071441101,15.017407350811,9.2726586739021,90.036096882846,0.698090618174512,792.40767786469,3.98173677430274,5.3136149650747,667.976174666651,131.997517095797,"0.029","0"
2020-02-17 05:00:00,1212.73438326433,162.800624551439,83.6193708487993,200.822326343266,64.112691442432,160.633727122504,583.316973931166,130.852750788805,4.83306228274359,24.880787819896,8.76525577210364,67.262780187718,112.569367868396,3.32156077972264,56.4670352349964,6.17863531630167,31.198872153542,1.88566133250713,12.5826142742398,7.11323486890452,57.664587475089,0.730546138448304,784.084178087916,3.66777711627397,4.56417614678263,593.78767092831,133.055030821711,"0.039","-0.7"
2020-02-17 06:00:00,2545.45568995469,156.932518615249,82.6395618348158,197.961254936,34.2230193642417,169.99192563491,593.304221105885,119.945342095023,2.35252906639899,22.0081661957121,6.33156933942333,67.4508422574356,115.15513424688,2.54899299942732,62.8753544406355,3.75616544526275,42.2249252295744,1.02254979167401,18.0105705185096,7.61527825537216,34.5806164400259,0.741344610328536,755.990878380064,2.29301594218626,3.24155814330209,572.104631850674,135.068224230729,"0.039","-0.7"
2020-02-17 07:00:00,1878.66186060473,193.307551028768,83.3755604719129,236.891402781806,44.3458446980325,200.923903330307,627.577554556715,112.075054866954,5.89491364394218,25.0918474784636,10.2091639028552,72.5675288665853,132.83773407284,7.83262257591667,83.2041764843043,8.79693796145411,60.4664870863716,2.41545551507881,27.4071205887359,11.2343284498704,35.1254169392561,0.729496782119882,652.504711818697,2.88016040987614,2.88163353159716,668.650842993858,147.617209927802,"0.04","0.2"
2020-02-17 08:00:00,1729.92584913288,264.049203546919,87.2889733788391,276.277798665468,64.1263072478719,273.872798665212,606.002547677643,95.776092073239,6.51899031438521,33.3514583284164,10.8598041593536,75.3013483339704,157.603894971915,7.71826791135916,135.33671899735,7.79128259371899,118.970944279728,2.10655257838805,60.3111492859983,23.8495276539395,31.1198754728159,0.732972828726337,880.755122272664,3.68165307145622,5.16901965886896,635.562712836624,155.575083213851,"0.032","1.7"
2020-02-17 09:00:00,2199.02481472369,487.019218478353,88.6698440804168,412.667437747362,167.871810025639,401.711057266331,675.093976981186,130.843382249686,6.36869922738576,57.3605970858895,18.2406966139374,89.4528068888926,214.689043244792,6.19913404708946,232.089109256858,7.49115456185271,224.12575048732,1.79877699782905,109.835061565417,43.6433317797452,33.7490884531215,0.734241171690029,1490.65287696055,7.160226253629,8.80109829492971,993.864959874805,198.039249597045,"0.033","-0.7"
2020-02-17 10:00:00,3132.49121462329,493.580325575502,109.723042656069,539.36143448609,296.81557843875,464.693663632122,1233.66941624559,237.810675842124,8.84106527636053,64.6386422815189,22.4640970514984,98.7602620306549,227.871728014667,8.63666909920634,262.621423583957,9.73268480943555,229.72528792978,2.78044063340737,110.297784001524,45.3311941105876,41.5714103126883,0.72782692317448,1763.42703504027,10.5104359043199,13.23224574735,1317.03821178614,224.328439232077,"0.036","-1.4"
2020-02-17 11:00:00,2251.32989293213,399.911284825539,118.085795891746,436.798450288057,233.301108521573,370.792315578926,831.080428003914,169.363095725056,7.3657076894049,56.457996785177,19.3754191100087,95.4420612401541,190.726063340346,7.67975961746929,190.158399876798,8.16884705263957,155.424087777809,2.33105395628341,75.4660675231507,30.8268739044578,39.8913434265406,0.703005692164963,1583.2803390933,10.7004233062941,12.3331622286518,1112.53599574392,203.326741927382,"0.037","1.9"
2020-02-17 12:00:00,3537.90060906444,326.259015377467,70.1074539709441,365.19714354233,294.094773693453,299.380675239784,758.478013036191,191.498761891103,6.85567227687776,48.7352654214773,19.6781694974622,93.804048923543,171.801395289328,7.45510285636954,148.644442554487,7.78960910344455,133.29474945556,2.00204078077172,50.1070500273192,22.6839198940557,90.5586060248402,0.667689314621157,1225.14087823324,11.2702635820523,6.38877525337753,1094.84434958943,180.218816662481,"0.036","6.1"
2020-02-17 13:00:00,5237.91403159461,361.524101106549,80.1069015723859,416.666578067058,397.880171649728,328.915557426652,809.295619969535,222.310150788019,5.32430194028396,58.0835174485269,19.8886797005461,96.3881542497272,168.873400050176,6.6825663056335,154.955609499448,5.43970263712907,119.392197813764,1.70264829035929,50.9626234555934,27.5238772064859,217.153458693641,0.65698102275411,1332.12518228525,10.2162088708699,6.87025415139684,1249.49744252558,175.256053867258,"0.039","3.9"
2020-02-17 14:00:00,3148.88971590745,239.485129236497,72.3306488757368,237.794376508432,196.416723116754,206.144610933979,687.475443075562,133.403897979365,3.23672969824181,35.5437521686559,12.0718728109622,83.3458249653784,129.485971103068,3.94624494856695,93.7034464166781,4.26887550621296,73.7359330524465,2.25202293770904,27.9162636520301,15.0218741779067,160.552733918016,0.661297223049919,987.194669156469,7.63529745896222,4.80819552233234,752.087022051297,152.720395102861,"0.041","-0.4"
2020-02-17 15:00:00,1561.66667317355,210.483596650919,82.1395367489162,246.714020185707,225.478903009205,203.034813252479,718.071921913008,135.897107954635,2.86317960196863,35.8011022987098,10.0482317620552,82.4149335883959,122.663850802252,2.97675526274272,87.7134769816267,2.77933509809707,66.1557133098327,1.24594418316233,22.4156001211984,9.48989255213237,27.7443661972462,0.671336360789141,852.942495072722,6.09163100620102,3.78285155461923,627.062370723041,146.431287772094,"0.039","2.2"
2020-02-17 16:00:00,2312.7494178507,229.76906924865,86.1675074829589,294.813492356932,154.694242852439,213.152229751513,697.6669593295,146.348124749847,4.1464579090323,33.4730241227956,10.1812769902052,79.6803888460363,136.565571922931,3.82003494412366,93.3081909963695,3.97136808453208,65.2404588616614,1.3215267246391,28.3476222476844,11.5874739695186,43.6362822167105,0.626690010902536,908.644623036926,5.01636629253475,4.37288921831333,748.91338356252,153.460097090774,"0.038","4.2"
2020-02-17 17:00:00,3801.89926036911,289.035287344526,82.4787443401077,337.475130540157,130.493088552132,270.129057421469,708.255835184244,141.592423997924,5.2830409020331,44.9751610149548,12.0380955997489,82.2989429728329,159.442963722864,4.90348164187745,147.713505980858,5.37997194128168,109.203766160949,0.964056838762173,52.6224219943161,20.7123436658931,45.2708765064257,0.635897509145642,1111.94093600436,4.30783213762784,6.75878320213399,856.82991359485,168.885057678334,"0.036","2.9"
2020-02-17 18:00:00,6769.24397088887,527.302626819148,82.2329361300156,451.156842796321,142.203394167749,467.681199106205,798.696729727103,147.348743732021,9.93514707792579,90.592555798394,20.7696036603048,101.294968646136,262.412013158019,9.9294513205223,302.122970104599,13.4913845265162,265.589802128026,3.13497819726169,121.089098217013,46.5428037950822,61.6232432295722,0.62734580642547,2223.64066816748,3.87474255884847,11.2138636485951,1073.91089173648,211.113476034093,"0.018","3.2"
2020-02-17 19:00:00,5781.63724579236,542.68428490853,89.2883863150036,550.493870915069,144.006811653546,431.805659475796,715.950792465012,193.964082625347,28.0772359348196,86.6118033342276,35.6466625781169,108.666341231736,236.301807998393,30.875099547037,241.830135473026,33.6454305745634,228.022135405443,7.75675423862183,106.875731521711,44.0975753130186,77.4063547256518,0.598245257819033,2519.83485501671,5.08788024450052,8.95380565514503,1331.4272037634,214.678697572095,"0.018","5.9"
2020-02-17 20:00:00,5393.71748691032,599.850886086989,92.9121950858729,611.008691463825,167.730233563228,471.166112684314,813.932651294428,240.135029907776,35.4956572616637,95.7148228319628,41.8209788675661,102.99933334288,269.625477431721,37.9321288724326,276.158326615854,49.6468179244182,253.473564303768,11.9904009201437,123.747752890994,50.5682406536825,94.315943409657,0.595439050870829,3004.50445066979,5.19645495877059,16.6002310345499,1498.40660182078,240.65668524341,"0.023","6.3"
2020-02-17 21:00:00,4939.83306491076,575.722806964456,83.335206563882,595.462259305403,186.969996234203,436.550689642975,842.001386936167,280.977652395427,53.2198614027761,90.6480722809488,49.877864152332,105.609344490574,250.745652249616,56.3626496172243,250.0306902191,61.9970987069004,211.701012815311,18.2061928803818,107.305732845722,43.5245201830225,98.2141923436055,0.577529948056955,2703.61582383122,6.06061631662201,14.0280272588513,1506.48788272062,249.842219544684,"0.016","6.6"
2020-02-17 22:00:00,6857.68215394163,435.339226136111,72.773242686975,415.109198976173,137.734347168121,356.512752581238,672.377658296686,131.696250012986,18.7968210929231,74.9428896797611,22.9525032770713,76.9343176521988,199.862372941609,14.7732810870859,196.264758202533,21.0844267579661,162.042165295572,4.24920524861392,80.1941517820374,34.1643536549597,180.465220209758,0.567545950313196,2267.53517767063,3.04413525700488,12.4670193032895,1104.78482645187,198.497242100645,"0.018","6.6"
2020-02-17 23:00:00,2755.21346428328,300.936333045192,59.42646126329,295.880996184612,125.852479700732,243.335419301064,579.525997099555,109.949403111883,12.1217161766473,52.1846507330709,18.7171339795955,66.7332667557926,153.107229577445,10.623988880743,122.094884874342,14.7712718564347,85.6699516065862,3.48336558255069,37.1077279462959,18.5466655258231,152.984409585324,0.564010247264932,1541.01368974843,3.22036851326416,8.57058402224658,792.727752415637,159.347508035263,"0.018","3.9"
2020-02-18 00:00:00,1923.64587902435,271.032806399973,59.1827976134645,226.37048065427,70.0467057181653,217.060336365726,522.430683929498,46.6266955035254,7.03101829162674,43.3304798387607,11.3655764962579,61.1915877603743,138.60447962441,5.76370452491228,102.489243038947,6.93812295850163,71.8665465940605,1.55351956498114,30.6369359445845,14.0596231048997,115.909438479695,0.537144162527394,1270.95443850517,2.40620367172743,7.73395792465193,577.279799308644,145.869048262444,"0.027","3.4"
2020-02-18 01:00:00,1334.38687505332,205.57562967081,53.4243557364515,197.318373908246,62.093223758228,187.648774263262,478.22891999605,53.0988211783959,5.4987146232449,36.8310537572273,10.0366780244605,58.042108109879,132.406051150453,5.40846174632393,84.4161914091499,4.87493628036684,56.704395421494,1.48957755973549,24.2723956276503,11.4522226194658,120.758767911526,0.530797282163547,999.845403486882,2.16638171568365,6.36966229513064,498.849979412299,137.431052516126,"0.024","4.2"
2020-02-18 02:00:00,1326.35448479246,210.697914828434,52.7811451077069,207.410563699757,58.0410832434101,191.171799131728,475.420213332138,63.670979941797,4.07201746379594,36.6931584685176,10.8689703479538,57.2622864646408,131.525049368044,4.34416914245912,80.5718522508749,4.82305723636647,51.6471604381175,1.06469763664159,22.4447513336171,11.5280644554586,115.633376197347,0.523638756345381,992.831541264822,2.36775146318651,6.32559946179266,529.057505541948,136.613131097978,"0.02","0.7"
2020-02-18 03:00:00,1328.34458558067,227.653095205873,54.6375184026502,205.102934882927,39.253795661658,192.043639870649,477.433461828794,55.4814240206142,5.02414337856416,33.6937506985823,10.4382764708328,57.0467530446062,139.474968994665,4.70545191791429,94.3864403317,5.95873964540061,61.3122904644357,1.5806538994391,25.2453436192246,12.6200633726443,131.679929714495,0.526447834080701,973.512833182904,2.393419119576,5.87046186661705,504.225143459406,142.837988116395,"0.023","1"
2020-02-18 04:00:00,1718.08065478455,248.535676464729,55.9064976780547,223.089193575473,44.7560033256627,208.221967932112,513.198841294872,73.7138147412723,6.32126382570196,39.863730456319,11.9659374405695,58.7221848162387,143.579801468205,4.89040261110811,105.278349715781,8.11751754387772,69.0365299384058,1.69740617019952,28.3931498361367,15.5150610099543,158.789944074169,0.531971380607242,1143.28580627194,3.17756466915351,7.16229353207694,591.511831248239,147.756618163668,"0.015","2.9"
2020-02-18 05:00:00,1836.47657994814,312.790349147555,52.9490296399579,245.183933973496,38.0752999963285,260.659184048169,509.663867409498,66.332485377713,8.91719082025225,49.7861994034134,15.7452123020393,61.7025309470365,164.414036138763,5.90389267109831,139.066903755614,9.31189374819474,100.479338102296,2.20807553009462,44.557415132153,22.6401162200214,199.209453027564,0.533558224232828,1281.64676451385,3.0698290353802,8.18230478749364,653.471761119974,166.946867121707,"0.004","4.1"
2020-02-18 06:00:00,3364.90540697429,406.387130543706,57.644773157844,327.42411671305,68.6924456616074,359.839509449225,569.306243296728,93.9811651200611,12.4213454759901,74.7636755591999,23.5239351861248,70.6719409914702,212.837454860568,9.44490129430782,187.231319311089,15.0290658966835,147.710399455772,3.29793832099246,70.7215600540351,37.1692998811183,238.228742559353,0.525834491037185,1506.53254689448,4.37559944664024,8.55520311123571,889.59085723985,199.06633264558,"0.004","6.4"
2020-02-18 07:00:00,6123.89147266998,817.465808611921,80.4159180177841,519.923325646078,113.648680901822,698.210145771943,751.514600800768,161.626471887433,14.61778396207,129.123714895067,34.0080621815878,86.790023200813,344.783902083105,13.1413743751643,430.857188219567,19.4985395274924,397.317814670179,3.65070397396808,204.608454293574,88.6505671515994,262.653746515301,0.53656494382145,3071.40107046953,6.77986539496215,23.1164612501464,1251.21161179666,268.225609060393,"0.006","6.1"
2020-02-18 08:00:00,8134.71775788222,987.304667019456,81.959728445322,678.765637011557,163.817104111802,892.210915401117,802.210625446412,203.043477941296,17.5489909070657,159.216098388709,42.215160881576,100.806561302637,408.304540096353,17.0124724002056,551.196279435216,21.1112477834269,515.638772370576,4.48416797557472,260.927135721968,111.643537073467,258.984253779197,0.535243144430155,3468.85933762939,7.70019511971164,28.9874656622096,1582.20455674563,332.248961217736,"0.01","6.6"
2020-02-18 09:00:00,4563.81147330355,522.544799340596,60.7453486178263,469.452309757961,216.735500499708,444.995059174973,653.58065681265,183.021898734093,12.8814531536048,80.873903900434,29.6069325963329,85.6712091704986,228.698127827248,12.8836083857941,226.611239675091,16.9830942519507,192.860907883023,3.45174887335225,89.5481762604254,42.1339406464287,181.600895614358,0.532298386588937,1903.02728970608,9.50620625165051,27.6438131769725,1180.95962630315,211.373278101166,"0.021","6.8"
2020-02-18 10:00:00,5387.59119085909,590.77245663397,64.306694481203,519.858465588165,176.696442597615,463.581852222546,785.978919850474,189.947162887077,12.930062737864,95.4470012698943,36.7623859122234,104.784422392486,243.198149820075,15.3480028385398,270.66472727979,18.7188062318182,224.075159736026,4.47145143774815,100.723070148464,47.5141990047306,336.51153060137,0.533148027927475,2398.14873652403,11.6518584292012,41.1795861015458,1393.02673275468,215.902155771242,"0.025","5.8"
2020-02-18 11:00:00,6048.62960725913,670.802298507102,69.4932694840816,615.977395118433,354.851858898938,500.926611657285,903.245290657163,283.478758395328,14.5277533480925,104.098311418032,38.5813566107062,121.289280047311,269.541976966947,17.0545457886814,313.59574248154,19.1010664193644,262.744896019766,4.85036400404114,118.578630917633,54.2248213345432,238.064610429398,0.539324247617081,2749.21877655297,13.3581279562739,27.5555537169256,1535.34178963566,245.287139446385,"0.027","6.3"
2020-02-18 12:00:00,6146.93055321756,849.413933225307,82.2067280185958,713.728836841118,444.870555865636,548.026737685266,1093.54840703612,340.026751553117,15.6371540201462,118.244998901346,42.023629698453,134.77294291602,300.492608246829,17.3244246259213,366.710455505904,18.5890736776291,316.917062528467,5.49161326997051,138.383745829798,58.0181900804631,119.675793263892,0.54869006692089,2987.1242413204,14.8623425901304,29.7057374512642,1641.98539028528,262.344796233361,"0.029","6.3"
2020-02-18 13:00:00,4185.96604047274,490.742538335882,69.8117134965591,484.810866567484,303.478855573228,348.155160887551,1395.62855836506,223.945962160386,9.9441768590797,75.2396878051091,24.403045175409,103.912591132935,207.601852938056,10.4889710295156,204.035782270129,10.6279439959234,167.370556663729,3.23734019333446,71.7422897941898,30.1786912625214,45.9463152945596,0.546151092014086,1971.27850386616,11.8889801373219,23.4767888003448,1221.0032592067,213.259659006012,"0.036","7.5"
2020-02-18 14:00:00,2200.28836589063,356.015577945167,98.8185707651695,356.603211895756,259.151518622461,253.993682854888,1643.52361302767,237.298798550014,6.42659788915443,45.9339068435691,13.6053781240144,96.6352741836287,153.305614502511,7.09648776280282,111.311686898588,6.24787083654447,82.5179600659897,2.01433009175286,35.4699678474422,13.9883210831003,48.5395333188323,0.509445884094287,1373.01544021966,9.17334768306259,12.5945948897296,944.864640444471,164.220477760363,"0.04","4.4"
2020-02-18 15:00:00,2856.78706509603,376.019965964723,130.925103411573,408.741917993023,455.05514191573,320.482448215453,1530.44042374962,336.444835311516,5.96039361354669,58.7775992508757,15.9866782447094,86.2905247121104,187.594144772251,6.68691785273505,163.372133161358,5.68720787307935,145.896608727109,2.62475478240859,70.9884772880317,27.0571192195694,34.914272672598,0.535056153512296,1093.29565298326,10.3357168797434,10.1473547594181,1050.08909497537,185.548836277742,"0.041","1.2"
2020-02-18 16:00:00,2935.75927642619,351.842543611603,169.046496486237,343.443002983191,272.460409048851,260.843234654111,1655.80564727989,267.510461193289,5.32338862631602,47.9239135711188,13.9149507531193,90.0079699935962,166.159622802763,5.81178272461707,135.567482142021,5.25664610148963,101.927424368724,1.73343595879019,45.1888546665353,18.7774179484141,96.9185419663345,0.515297749964012,1037.99024932541,8.68767593446779,8.20354733841144,951.954504952229,159.883961583336,"0.041","1.9"
2020-02-18 17:00:00,NA,NA,NA,NA,NA,NA,NA,NA,NA,NA,NA,NA,NA,NA,NA,NA,NA,NA,NA,NA,NA,NA,NA,NA,NA,NA,189.292044851232,"0.038","1"
2020-02-18 18:00:00,3812.08123921962,711.657668781826,82.2177708094089,2116.20968201371,757.536974726993,475.819419085715,1102.40635218776,979.574421618122,84.6171808375959,121.447605194026,68.5895832051117,91.4744088297074,266.211297640179,38.2837259685279,238.374327457958,33.1612620507956,289.604298749377,12.7880865968535,124.043874047994,58.1521875766068,112.567875468841,0.519568627891688,1404.08502681857,5.25256849509602,6.25227912892213,4076.826866906,200.403530747001,"0.036","3.4"
2020-02-18 19:00:00,4586.97431008619,485.241380015154,78.2586065640139,788.387274603817,758.047450341065,370.033608024667,805.20175104201,523.552947301735,25.4224503131941,80.0585516178114,21.5165421370098,81.6245977202896,206.839976174564,13.2165307719911,195.103391702591,14.9398525332595,177.245305148298,4.630084095909,86.3465485462943,36.2712500023084,102.378936896531,0.511064952471773,1927.80441022673,2.15438354246622,11.9543711971732,2293.00679823223,190.49162139049,"0.027","5.1"
2020-02-18 20:00:00,2560.30008737834,334.704770874401,73.5060249770433,516.493731365471,642.395970329185,255.897241809481,703.015746201443,348.833173156175,14.6737714734101,51.1660096052859,14.6000316085532,73.8584815408528,165.188475114413,9.06763059162268,132.598250081903,10.0625158296263,102.697018543989,3.51274975800516,46.6446724863731,20.3834197174372,105.061266548498,0.507949400392497,1242.70450281653,1.34179502522462,7.66874154453833,1733.46299713832,193.620112477786,"0.025","2.8"
2020-02-18 21:00:00,8142.27087618643,1122.85904872289,77.1434189405647,3193.98614156094,620.934963550321,722.707154518655,1143.95415338376,1233.70099013637,135.679098107366,195.023073381433,50.7015892199823,100.682647336976,281.192744288421,64.1368081116911,308.206907980185,69.5436826272125,471.87491125561,24.9812175244756,155.690320758418,64.7700320160478,152.839389266519,0.471331601760949,2906.43596546944,1.47816082893531,18.6060836381675,4242.31346057094,250.573897926462,"0.017","2"
2020-02-18 22:00:00,1665.73929483499,284.299135839509,58.1017061632592,836.32673127573,739.024727133363,201.954439105501,655.599515814321,510.969254128172,34.3829406059127,40.7900182071167,12.0686367778235,63.716148448601,140.716928667179,10.8510771012556,83.3811764722149,11.9344819769115,68.8072827472101,3.35433909866598,25.7122528466841,11.7176514532319,96.2024821170571,0.449165598065773,896.211919442144,0.874970064060663,6.41967734874584,2285.36959109952,141.55013972297,"0.025","3.8"
2020-02-18 23:00:00,2366.49052366932,385.0231810508,69.2490198611866,533.42495298816,717.362655857146,317.325813931201,697.155922108625,304.931864035817,16.1217133862887,59.3106723478105,13.2180134624967,69.715853065789,195.047521407455,8.39818388899361,160.673853058035,10.9634369832674,131.91971208178,2.27293905912991,60.6700654933732,24.9292025290053,95.9785227353418,0.453835759926165,1530.98834959937,0.765775921888683,9.17974970543827,1909.79064205178,180.074595216674,"0.011","8.3"
2020-02-19 00:00:00,NA,NA,NA,NA,NA,NA,NA,NA,NA,NA,NA,NA,NA,NA,NA,NA,NA,NA,NA,NA,NA,NA,NA,NA,NA,NA,153.27188595808,"0.014","10.5"
2020-02-19 01:00:00,2683.91180794549,507.346572480273,75.2409910379103,1046.59386236612,67.3252896729838,348.608165568955,839.202633663888,497.136343909596,37.0587175931792,99.533864148083,15.6252535759513,69.5019899331422,166.013575734176,7.09913201261901,129.354631573846,12.2731829182368,149.564009578817,2.73935355443728,49.0285870459735,24.5856674386722,244.361881669004,0.431834625512849,2012.83322996174,1.76152052070563,15.5050103782136,1314.89916000273,182.128065083246,"0.02","5.7"
2020-02-19 02:00:00,2034.8727359561,408.240855816251,77.6412838031866,268.05056294073,87.9036788804292,269.141221359268,662.205903285965,199.573216717029,7.34481225866845,69.0321861454443,17.2798313251255,76.1459867552282,149.314688545162,7.80968010295134,112.737813317342,13.7711915390225,87.5629717821082,3.3971593342949,39.3402554859727,20.5668439504757,226.559385237146,0.43501739660053,1788.59009871631,3.18160051360408,14.7347634095817,480.761728360926,172.2241226383,"0.022","4.5"
2020-02-19 03:00:00,NA,NA,NA,NA,NA,NA,NA,NA,NA,NA,NA,NA,NA,NA,NA,NA,NA,NA,NA,NA,NA,NA,NA,NA,NA,NA,177.779027884191,"0.031","4.2"
2020-02-19 04:00:00,2150.33835020951,542.190357609404,76.2989798536932,1364.17208879471,56.2887997681705,300.6145126977,896.169418038819,607.124274147959,51.5442992506551,79.7301199630563,21.5558602530149,78.8700401839741,164.801869686303,8.66888879222997,129.603417544632,16.9511574557447,150.180658830306,3.54594939609568,44.7813870538568,23.3450288756678,163.108786028894,0.4389629129927,1979.09220184547,2.31599455840896,13.7481680244367,1648.65493409034,178.075549310322,"0.027","2.7"
2020-02-19 05:00:00,1345.26154974192,290.44778136453,64.8789308082251,271.4189763643,127.285300284735,199.315293445528,692.484168106309,195.390561457065,10.2812346077508,43.7267977572383,17.190940767002,70.774460892086,143.364941803015,7.26840241921517,90.759054830038,12.5543022664219,61.905970519804,2.85480858402442,26.3224322700851,14.2944854815971,122.994318449364,0.424283230798051,1000.10539790433,3.11926838809753,6.94007530584139,561.157226522453,155.449459706057,"0.024","3.4"
2020-02-19 06:00:00,801.074676757954,198.448376664466,58.767641541334,56.9969407327526,43.619815668366,144.505438076075,607.356506317519,16.2511020964607,5.19791309453436,29.2516601101701,14.0341085162793,66.7899610656428,134.286629024982,5.98542846105774,68.0303413475481,10.7407994571052,40.0891371068067,2.12577240625231,17.6256444216069,9.54477024435954,98.052917809353,0.420126813394018,495.005525662894,3.93823619924087,2.42499013905854,197.274855425569,136.062288786238,"0.026","3.4"
2020-02-19 07:00:00,1181.28584856256,361.626211442248,56.4932139836912,1733.19457112607,64.5538878752685,166.841520806673,758.358013915863,571.604682753469,71.5114670800822,36.6743378791415,14.7743866499651,62.0354242762533,138.874676122874,8.20481176165847,76.1319130428637,9.76243326938917,128.771549340969,2.2397180786051,23.8600753416742,13.8577561588723,150.623891538141,0.398262242894506,536.033795473919,1.44851596377901,11.0113656983539,1816.20567426822,137.25202590359,"0.026","3.7"
2020-02-19 08:00:00,1387.48850370238,233.893915074242,54.563312919822,361.366985750237,178.114882489126,161.483332716048,548.635248351649,240.076154638286,17.2648745016001,31.878436428595,13.8441069283948,62.7758064636243,135.976250950212,6.93090083987557,69.3122255185923,7.98908999126532,52.0694938193786,2.24240337737322,21.803863679538,12.5143544540011,147.302737670758,0.393397870821661,528.363751028574,2.85684804060756,11.9525334804586,805.690230003436,141.989534288557,"0.026","4.2"
2020-02-19 09:00:00,1375.35094674777,296.913642408394,55.4617626137961,187.411531887986,263.704431299997,210.277327005227,562.038271065707,126.701283401102,7.48642283120179,39.6580399164887,16.5315821762182,68.8101438682096,151.644344274882,9.01603405415124,100.920134001855,8.97884391099419,78.3704143118187,2.98630802298942,33.4555362702355,17.2366472614994,200.11360286306,0.389298813578586,613.921036787079,5.43974527734711,40.5608221098205,629.9854595744,151.483416043821,NA,"5.2"
2020-02-19 10:00:00,1254.81118822812,460.40401103091,60.4817330074818,305.38135735308,206.943859721653,251.770101261681,615.290926503426,177.772408138026,8.61641949554201,49.837394783305,17.7531644095643,73.8074142007764,167.735495887965,8.19815454428878,127.009165890327,9.62182405310243,98.0410702341074,3.57807896777864,44.5296506015608,20.3503473379797,162.227213836682,0.39565833599477,767.510581393893,6.16539048312563,52.2200426116941,771.672097790982,165.091959650422,NA,"7.1"
2020-02-19 11:00:00,1783.53322450239,403.683516446501,74.1897228579805,392.645437275885,326.324050803403,271.245348084021,707.446355783881,215.277945923761,8.04244898257354,55.2426264558982,21.0508799585047,86.98056509639,182.780683086725,7.96813379833229,159.531576071877,8.64797975808941,113.741920986667,2.72002439679871,52.2202417604694,22.5466709066901,94.9332365797918,0.422964337306911,1245.89519573249,8.58731206522509,41.7615519376122,966.080675320689,183.647405525831,"0.033","7.1"
2020-02-19 12:00:00,1455.41163842484,241.840386307873,74.9889522764672,321.644395848218,333.304559839893,203.798013720085,643.947321694766,181.380625532278,6.28826250494306,38.510528613567,14.8188544997508,86.6627108918671,155.412742372596,5.74001857354737,103.8874238075,5.49946387465604,77.6780719284875,1.64652637838545,34.2787261180929,14.4304678552556,36.3147364615414,0.454937083928442,878.499508505642,9.16089396404318,24.0920523382454,859.695736786425,167.855155443791,"0.035","4.7"
2020-02-19 13:00:00,5282.19918981752,534.852595321787,126.975259539028,555.847969568407,377.153652613553,396.380678558449,970.818531910915,293.838748671808,8.61769329875871,76.636746845722,26.7430001095577,119.170389483378,219.506614891243,9.70141371807466,248.357620267063,8.03661591149937,197.415879568629,2.52680839452374,83.8147869126415,36.357502126955,155.883301497799,0.461488578615127,2656.7396822432,11.7020131106785,19.7653937974848,1437.67647762667,207.16924759419,"0.036","4.4"
2020-02-19 14:00:00,5072.66757674116,576.444193403155,80.236854257878,641.971649515977,597.945421725306,449.662594920357,1119.56142429138,414.439461522019,10.5236603203866,91.8689175387368,33.9875396171758,148.177612063133,231.586385073492,14.078932043342,289.718036219805,11.7744377521252,224.529776488482,3.47984735009447,87.2956443268468,43.029738120809,279.068713067836,0.468272791241055,2209.41269543638,14.0035548770913,17.2768388996,1712.6615886692,213.715098664445,"0.039","6.1"
2020-02-19 15:00:00,4895.0788802085,639.316521170263,100.869609473722,631.321087847206,499.766190106633,440.549404900732,1739.24975694964,505.904588595237,10.6589442636103,81.7691948840706,30.0779440124479,154.346794434554,231.938843767695,12.1418119826301,270.721558898111,12.661484316477,223.546772016258,3.01863800065077,93.719140354806,39.2477660789082,107.295600364171,0.473767118269371,2598.11125297748,14.4271049098365,14.4048929234552,1601.65011406433,213.75338180454,"0.038","7.3"
2020-02-19 16:00:00,5807.45590549325,662.096433404855,133.97871585796,610.311343294155,412.454851625525,495.282784004355,1845.61001492757,570.997327666671,9.10425627604712,83.5064776148416,27.7053864145797,159.141701131553,236.302639655388,10.3200292501979,275.153357428107,10.3182837664326,244.260800818818,2.77430209861657,103.586248401787,42.684658482069,92.2910449264093,0.477004053095948,2721.28848537554,12.6547984145155,13.1986683537094,1518.01787067943,214.381073339459,"0.037","7.8"
2020-02-19 17:00:00,7197.86418952743,662.721478480537,110.371834632607,648.439966981276,392.828451988022,537.920097080769,1143.8443010109,378.221726219867,9.18106055714175,94.883907434332,28.2962752659789,148.32942446553,298.960984519239,10.8792046516104,349.618182873096,10.6771894509404,320.25485677314,3.35401603577742,152.519532900284,59.5372548376839,62.3070512740075,0.477999176533165,2401.20463044593,10.2075168578062,11.0622327848348,1492.5366551328,243.732917714456,"0.034","7.8"
2020-02-19 18:00:00,8685.61742497018,856.431518369707,95.626102717564,656.113339192648,269.488382366956,790.98326407249,1083.23979877222,258.446528398589,8.43554909912418,129.192062169132,32.962945338176,136.978852694049,388.728958337094,11.1540138313733,530.779649688884,10.6937009284154,558.458556476507,2.91468238191884,299.108084097147,119.42141852715,116.540625136424,0.466779358277283,3117.03204872363,5.82847316447049,12.9709069212825,1513.07796203117,293.682099599464,"0.021","9"
2020-02-19 19:00:00,6254.82528802359,595.928410917225,81.6748598222229,522.65075260289,259.945144920859,479.620733920529,976.331771094927,318.543073791493,7.89033880396704,87.5319194562736,28.0908337990419,128.286113284836,240.754648557587,10.3714172811408,269.233359973321,8.99913664101011,229.669037600751,2.93655919105049,112.484545938897,50.8226527520642,165.219863416578,0.482293973686926,2828.64826887821,4.79021068974102,15.1802779979439,1288.51218193578,226.935959510541,"0.026","9"
2020-02-19 20:00:00,5356.13495942109,713.081359613683,89.1207330214156,624.689315066618,223.905387275518,572.58321238744,1085.05135847699,330.24575762628,38.8464785621593,114.768099273995,46.6818000296812,136.959897778301,300.454889595313,49.930175336925,352.9760836221,46.5410706900084,304.816178883817,15.3942551114735,157.775464285851,68.4087545825951,174.504947222389,0.465824232129918,3706.27133267006,5.22396592614724,20.795501851648,1525.04447364147,284.933053781422,"0.017","7.1"
2020-02-19 21:00:00,4444.23379542601,625.429944877167,98.2154952564358,598.92613120887,212.388975950966,477.268789336794,960.453315752051,233.107727375816,20.5129838558238,94.7612023261768,31.8755380029143,115.9669330136,269.407124095198,23.0642372236675,283.801751794037,29.5446484330162,255.947875410247,7.43456313342062,136.593038705868,59.9235869437249,174.338505507962,0.448714865563925,4249.10714092408,4.1374933162519,19.7672315933422,1346.10028183728,257.339474361868,"0.012","9.4"
2020-02-19 22:00:00,5892.71365518252,786.057576437416,113.537205884671,627.048770796128,189.669703841401,619.972658835929,1026.71515946604,267.421273138766,21.3375833579372,125.147782345688,30.9346530798396,118.851522648428,311.111828317768,23.306921084972,360.591273123416,31.4907703345325,328.705406849964,7.41373258666064,171.386945756762,71.8179344609234,222.295531940631,0.434622563989565,5192.73667938759,3.19723425280353,30.5950049028378,1365.94184569338,294.080699155304,"0.018","9.1"
2020-02-19 23:00:00,4499.38454588998,578.041728164558,92.958111720146,532.457323084837,133.821934472406,421.857628640107,980.174133144176,181.882501428839,17.5081280266012,94.148034825337,23.4452861019351,109.735860144212,231.241581586296,19.776005217299,238.266137877045,25.2937074036923,204.118489265256,5.53703521718567,102.041489042566,45.4106295619632,213.278369414886,0.424233499583896,6156.80385481334,2.84797453509706,24.0454456712517,1123.67872600657,258.059224100384,"0.007","18.9"
2020-02-20 00:00:00,3695.08493096832,671.295187001715,87.8875670708747,514.851378876544,107.908490178595,510.00573087123,1036.35630413457,157.52941982095,12.2325838446072,104.839721457403,21.6112520275743,108.159921846314,272.414534254504,12.5962314646408,331.12582796118,17.8018787276203,293.056085826567,3.0990100535869,143.878108419989,57.7118392891047,183.229364427632,0.417562727885365,4538.89754392559,2.55534899004406,27.2271857634974,1078.58846294938,267.872710625622,"0.008","10.5"
2020-02-20 01:00:00,3496.72072300466,508.687524326037,85.3961279929078,454.74243485111,114.044499451351,387.850441109707,999.196647187796,215.881751779799,8.20878867460049,85.9989811367931,18.2305680255494,104.264434998905,205.633436953034,8.07018175845295,210.559713938679,13.0009361717816,177.533491414452,2.19001988641912,87.4155583989861,36.9870205926173,181.740919429475,0.409343968510388,3659.88891114303,2.92798295285617,26.7473866745645,1046.09990862744,227.327370336342,"0.007","16.4"
2020-02-20 02:00:00,3420.97949712463,552.061155622894,97.3315835682089,473.964532398203,85.3631549281548,390.003616789787,1030.79513658889,195.192265761143,8.67368026390335,87.8309970997493,19.7771351099863,107.362643350031,197.669161658833,8.06399803140419,212.704750455186,13.7451638845362,167.023452415605,2.09944751739235,82.9700354168831,35.837791437534,165.073795714893,0.405157303798784,3902.57152020456,2.33071878191902,27.8183249783175,1016.2149477839,232.194235592956,"0.009","10"
2020-02-20 03:00:00,2840.23685688176,482.745010778418,89.0350797546445,466.772193493425,97.5703265536858,328.674875580775,944.535717400871,182.003688029049,11.5148215333402,70.1995127534698,20.8358082066203,107.428962347072,182.287481176692,8.82561650997568,181.614467636883,14.4908617023597,132.049269716601,2.46622264033828,62.4129008789426,26.858176784426,132.394202902078,0.400821899284426,3100.37307602258,3.74805986678887,20.4905494296163,989.208827530841,198.997046583861,"0.007","6.9"
2020-02-20 04:00:00,2184.2405959579,413.77812784128,88.8834411532295,400.577802270774,70.8453764826085,303.440592376974,877.459860385973,138.482176926878,9.12715933227139,58.917416841717,17.0367795939222,98.2930152393193,168.998335412041,6.77410939970239,153.340380164247,10.8188238347893,108.08825022577,2.0292799627396,49.2712099440535,20.9725120074061,137.341767447264,0.391876034912795,2396.88890274978,2.86137346333382,16.7941565724415,859.714925070367,200.558717028399,"0.011","5.2"
2020-02-20 05:00:00,3318.2529967601,620.857584229318,93.2164798527708,463.660827854217,75.2194269868213,518.336498492355,911.45050332239,154.749965447166,9.33846431712891,87.9248745766907,19.5204046942952,103.35405916153,263.223315244943,7.93768130137642,314.70910104633,12.5630805652451,281.521960482044,2.56945787012718,139.336582988311,54.2306388593272,146.70505870792,0.384927489449741,2999.87589309837,2.68788735435759,20.0450586641165,944.062311288331,261.811941465772,"0.011","6.2"
2020-02-20 06:00:00,3267.78925259345,428.525560800004,94.3467942129465,439.148527711116,74.1936905483468,368.447198128617,796.666916706398,129.496370636171,7.16073413867893,49.1159300256579,15.2136892452203,99.6235592669626,185.09704772014,5.58786069673454,149.329952041466,9.29548851692402,109.567156649919,2.34642351661934,51.1735966815265,21.2859210026788,121.641267816097,0.37993686786921,1803.22146922949,2.82378839811895,10.6033963362523,833.952017525929,200.625351691777,"0.004","9.5"
2020-02-20 07:00:00,13941.347341016,814.664497048357,106.257845897172,551.156103344832,68.9774367180095,688.807555556794,902.238640814691,175.660336596218,15.5684796899097,103.91132477084,30.7137516429494,110.343976686528,318.023872796144,15.0917109587656,389.4331078911,21.9905544408176,350.961210436101,5.48221973178823,181.771019830521,71.0034538062422,154.63791727546,0.3726656104262,3476.04659193288,3.60577764931663,26.0325254571243,1318.98135680665,287.342243388195,"0.005","13.2"
2020-02-20 08:00:00,17145.9235475019,787.009716538129,94.8763679167954,555.158031335004,87.1807854805788,675.539483101851,854.097998991112,140.847620279725,14.9377079696586,106.379070474281,31.0397761166147,108.371348468342,357.826572340041,12.5812257669946,427.684233021645,17.3352507527078,395.261826763195,3.90398683428354,199.983893066394,76.5683355554496,144.578018594147,0.371089294400989,4391.10759210424,5.51988111493362,22.7620118820385,1326.21680324861,299.452169918392,NA,"13.4"
2020-02-20 09:00:00,21923.6682886209,1377.57015979232,99.8143142608233,888.112919827138,170.222249090906,1297.8592818199,964.007041728904,172.554050558553,14.6760181517465,186.324522761481,41.7577846053173,139.984104575719,649.194883068188,14.1198115209976,951.526635276646,16.7826940319976,955.044170754259,3.7888212070602,467.867765974752,162.813787042599,135.105265521732,0.374535046918165,5598.07317525634,8.76856960631335,21.8354749036321,1817.56257027189,373.861768043974,"0.023","9.4"
2020-02-20 10:00:00,19353.0670787103,753.183265919309,92.4933545182787,780.467533177017,293.790560262453,617.857498652865,971.787774293029,225.810964688424,14.0843410360584,105.03810459103,39.2519529649775,131.56320301703,355.529265551662,14.4696774224366,416.823308603473,15.3170733148188,392.024907936822,3.77398811983758,196.333252460318,76.4426550610155,122.440317439736,0.384759132992322,2680.15600877266,11.5754487972137,23.1622696357689,1858.06875923182,301.353170074169,"0.027","6.6"
2020-02-20 11:00:00,6150.62808210264,418.241826795453,81.0399902127722,489.970891036765,324.88775377863,345.509791926972,905.090897862563,199.370435782894,9.16490926991841,70.695631886547,21.3144750055683,109.488718057142,206.756637633244,7.92469606907401,188.311451404509,9.19125117324234,171.558149472246,3.06851217197435,92.5365302214757,42.1941628586218,114.410481526167,0.395689381163524,1411.96476977678,10.1642606819953,16.2096331631698,1195.29069021283,198.912147791614,"0.03","9.4"
2020-02-20 12:00:00,2408.29090999711,273.93263711937,80.026981941617,346.127221467983,217.930734352176,207.553919843908,846.330726355951,109.158808043917,7.52915262025522,40.1254428421201,14.6173891946613,103.907098518522,148.680495871804,6.12600698162526,85.0674631750914,6.89029897844939,67.311199829719,2.57827039991986,30.3806093701406,14.0972857095111,73.695265434291,0.405870835435146,837.577329297516,10.3328466187683,16.9070492038143,830.07009095543,163.424430378539,"0.034","10.2"
2020-02-20 13:00:00,4066.25690134514,381.002953977091,98.5318032377176,455.571418935945,285.420551920448,285.118691809049,1005.84299642454,140.705173464628,7.53946917342598,58.1553861928136,18.8891336071223,116.370109727066,177.301360715468,7.26810482852727,142.822040997313,6.61485837859069,122.366792761077,2.38941630973359,59.222176300134,25.4059967658506,60.069218257169,0.416581686757209,1634.3563278614,11.6498911380086,32.6378600718071,1027.14022784461,178.92744896694,"0.035","7.5"
2020-02-20 14:00:00,6658.7521662451,717.278330825929,117.488724212546,795.982495080283,391.694772855303,515.629056569887,1432.92031246082,323.2986667666,12.5179255519133,98.9365969166789,35.8277567587487,174.584963877973,279.884806633617,12.6056627613911,341.953449400216,13.1517588166764,291.742434349077,3.09675707950639,129.913687588565,53.4078389149704,90.9886753220687,0.421795731052931,3266.73463688748,16.0410867628218,21.037305465884,1717.04764818742,246.684715674088,"0.036","9"
2020-02-20 15:00:00,7468.85852188274,800.420321786406,185.659766313513,907.920199542654,498.579609245115,603.244022162485,1704.9772667248,529.084983403336,14.3849387931912,117.704872354123,42.5801666145025,203.072725427927,314.033367965557,16.4262681426816,402.083059432411,17.3201167896737,392.497089227093,4.40367595128742,151.549610705631,61.6192652772005,143.845818758658,0.433017633951365,3336.29241609942,18.0032968697139,18.9120216500392,2010.5588573006,264.278225152678,"0.037","10.2"
2020-02-20 16:00:00,9315.38984484251,961.075015568023,210.92581130103,1019.51835549486,603.784427569488,754.017766886669,1779.35696214713,644.895804702891,16.5500945738251,140.622865263372,52.729590833179,218.836782399179,350.17751559165,18.5460373592321,448.303348930344,18.2300744232716,435.347794972715,5.77346998228337,171.548893805208,76.4090551130929,296.45659092476,0.436118096416751,3548.65100298481,18.455443724566,15.0849756012789,2366.99527400934,289.647128764493,"0.035","8.8"
2020-02-20 17:00:00,11611.9483645914,1302.53732346675,158.755034561122,1192.78871075217,562.97948179815,1044.06920579971,1931.8507508458,729.18815093939,18.0547878405438,200.236383705565,63.2142648634581,253.515689707091,489.287979787452,22.8929570330142,683.523844097379,21.231799139282,713.001753705471,6.17071801916785,287.3978911007,123.131880256763,343.973510422312,0.447983796885103,4819.29756119211,16.2148108350629,21.171911315285,2696.48318767037,335.304856764086,"0.03","8.6"
2020-02-20 18:00:00,12241.0815424497,1793.49497062196,184.804586827377,1313.70681001261,581.248813721273,1402.63949583289,1794.9555484727,683.679303551654,22.9467314421295,258.117781760468,68.4296962945598,232.608723774757,674.762258958865,29.9588423504585,984.731338920143,29.8174827851199,1075.61329329382,8.26547034483412,525.231897497412,209.627549869044,276.852448757763,0.463077881530727,5698.31102055113,11.1917333228329,29.0429349356905,2670.42115655864,458.852844212862,"0.011","9.7"
2020-02-20 19:00:00,18369.7996535044,2222.63200632655,328.980249046727,1594.09814318141,635.361082194776,1817.01220583182,1958.2105546277,1098.76462258903,78.7406881866583,353.521558108316,122.991786180442,238.522598746423,898.376511070725,103.353356939988,1226.53979956557,115.243704621833,1315.10221479404,34.2347177028513,633.354919522123,256.178372802206,352.008167284848,0.478321463543789,8347.3856486652,9.7235288646303,39.3025058427984,3421.30414758199,600.734764791719,"0.004","12.4"
2020-02-20 20:00:00,13138.3788457303,1724.46361701639,207.574968899805,1356.97283536398,445.590851844456,1347.70417676278,1750.84432457592,903.012762253448,72.6096093423979,283.738510778986,98.6049741398257,218.288818684722,660.660283350248,92.7928402926252,878.977582784612,101.821778141992,980.946991808695,30.3658385014252,447.661130976708,185.531776072243,350.092136611126,0.470305654994889,12611.4996284098,6.80303953503724,45.2655193355966,2816.56788504822,486.193056133981,"0.003","13.6"
2020-02-20 21:00:00,11061.1938368478,1361.41351062437,223.432030108388,1323.54369193814,528.080592692799,932.775959709315,1679.74118538398,1304.53857188653,118.210616319468,213.301383090531,119.389272821088,211.01476198138,479.473709098459,149.85803365156,564.407673173382,171.03361249049,538.59876046535,57.0245631589946,261.291020648032,112.469288849042,320.000525443772,0.458115431494817,8747.50881442545,8.78022527232288,33.7108120259037,2835.74572213451,426.794805929722,"0.003","12.4"
2020-02-20 22:00:00,5387.04222577275,652.929373537913,149.156562469947,766.320290745077,301.029089760853,455.251554101315,1295.30635698776,426.692967016055,38.2841841817393,100.988322141137,45.6769074837135,152.703292961437,265.521843090111,48.8862948840941,264.332151207083,50.6909323736728,248.129517863925,15.0285433786825,115.727876655483,51.8253625200364,227.464113454237,0.4478642815561,4225.75460177052,4.88765666404764,19.134806935629,1577.52605554217,274.767539197848,"0.006","22.5"
2020-02-20 23:00:00,4832.33144128735,655.178280967354,131.456236778538,722.981886455926,318.274664211166,480.35389360689,1281.4030815841,416.826026906624,20.3981785537249,107.883142663349,37.4808630753328,151.528853723831,261.735308799253,23.9012349726823,286.218675953175,30.8204242622727,257.843430592335,8.76015955954062,121.479015261223,54.2026157955983,174.035781587684,0.443399288942322,5721.20147093774,5.09901053898372,20.0830659538325,1476.3573985177,245.975631932501,"0.004","11.2"
2020-02-21 00:00:00,4835.87540378913,747.437415410757,132.221523240805,693.626909983895,272.665328560407,553.085081654087,1360.69254143315,425.851970424621,23.6343662755239,129.680687518288,42.7425449276281,152.777611905121,291.171749817637,32.0311402751825,317.492486292297,31.4546233331142,300.071665406007,7.13423062699913,148.240460322423,68.1577446475911,223.270980390798,0.436964261334619,5304.24180411607,4.59771765015913,30.1082163310372,1467.05835291678,301.444595629961,"0.004","20.6"
2020-02-21 01:00:00,4231.09708192676,548.868809472319,113.631071877082,611.396950419707,209.058185787227,429.648895665096,1171.06577634144,349.12387920028,11.6095721209186,97.3223641830722,30.7731673635422,136.875771271732,237.656881147797,13.6335391866158,242.943650780826,18.6729256954441,223.973658181786,3.57454995597517,105.799476770029,46.9152343310942,186.065166490656,0.4309815370185,3674.66438307291,3.86286050875426,19.6175646893877,1231.36349842141,243.326948571138,"0.005","12.7"
2020-02-21 02:00:00,4170.37672680242,524.495199928034,125.390512248073,544.06168762952,159.901497766912,377.783290208019,1201.25346856729,335.780295172922,8.95302773129296,87.2508067038933,24.9834770165075,131.452785850208,208.450290958505,10.7205864977728,195.648598594355,16.6076267378487,202.134866890188,2.0238358623585,74.1740288603644,34.3594490116129,193.406800778721,0.422338950636992,4067.16187085346,3.5368561017405,25.2426146613018,1137.45304311722,227.438269151902,"0.005","11.7"
2020-02-21 03:00:00,2747.68802046802,393.50304757169,116.423367964902,442.695134098012,128.995795992575,283.419586661586,1094.96053506223,223.669427570609,5.75087167310757,66.3910933892404,20.0067829492597,124.388154033607,171.205621610597,7.26270370712407,137.111809092892,13.4767936627013,116.620320594098,3.02965865477649,47.2739087547084,22.7838993908528,190.961904946294,0.421094928957728,2788.6560847381,3.771986092848,20.4583107323321,974.574084256929,207.268013772011,"0.004","8.9"
2020-02-21 04:00:00,3245.20651499816,479.163670432113,130.108409498774,486.818687036225,149.652836622532,329.309297430397,1157.82375553865,252.025046081685,6.50903138427715,77.5713482942729,21.8855076842686,127.161175808241,186.341124703716,6.52732545282787,165.936091036911,12.2534259198675,146.155446023025,2.4435047079495,58.8243929801718,28.7658031670322,181.503827763138,0.410152291623473,3283.5543604201,3.03491103148372,23.8925282584139,1057.41342486998,210.437337665434,"0.003","7.1"
2020-02-21 05:00:00,4233.669503978,493.573786147731,117.752319634366,478.793092890575,132.770243537234,367.226054519453,1152.12423186691,242.401771488299,5.72077019160258,78.7485911779635,20.6762359324939,124.663270502114,196.578800585524,6.11144937180182,179.135551687098,9.87670980142703,146.428481130307,1.38893828933872,67.2320563592683,32.1206255213022,205.492087236422,0.400494097051804,3026.35627517793,2.9919612052338,22.4456788431203,1043.22008923262,218.396157980388,"0.003","8.8"
2020-02-21 06:00:00,8543.23864612832,562.62251887539,117.644309393723,463.266380459218,70.8700926553784,468.651132125377,1032.6423938586,148.007960859364,4.34196726103832,87.5190251607996,20.3235045950981,119.56227530811,269.075231228689,5.17800308249793,296.168691356582,6.81911385750802,288.868498013385,1.12289358277833,139.664925350607,62.7118241433546,234.071361530479,0.392903613602972,2735.37798046394,3.23154461357927,17.8968170781102,1019.09031739733,256.014229806931,"0.002","8.6"
2020-02-21 07:00:00,21535.8772553643,980.980721405984,123.978085282125,697.668291331118,110.718162591478,854.468422379373,1137.65053447474,183.779152682173,22.4525989051275,145.193755753529,46.1192670999446,138.325469975321,449.995039877139,28.8534444703624,526.484324966184,34.1087520462574,511.18371691891,7.10338834833728,271.705637497043,111.250428368326,226.750433199683,0.390881483800265,3804.36612338593,3.72626614911143,27.7966328401329,1605.27322403015,338.043357039081,"0.003","8.4"
2020-02-21 08:00:00,23871.2256539011,1600.91844837154,134.942839183454,987.578154554814,226.950221908068,1431.59926464864,1333.68895345671,350.205125537845,46.5617469650998,243.013639909145,70.2181552733293,173.393845156142,755.385749653557,59.6789538386604,1037.0337422961,54.455563919352,1035.12479500777,14.2408982156024,537.371407150262,208.992449692411,236.436802153249,0.39675875347247,5829.62431237945,8.51100065684839,39.866645337735,2228.16971535165,452.513487478978,"0.011","10.7"
2020-02-21 09:00:00,18625.8898870762,1166.10476024936,114.316560660004,948.410037323343,386.279229197689,957.588677693611,1404.9234089036,380.824790179386,30.6753301881912,169.844648291492,57.4896870218156,171.471854942063,543.391381103853,33.2666862483517,690.552992076945,35.6973588877172,661.588797030231,9.3201081006147,336.035897880759,132.360520389352,177.025579634613,0.408647829337337,4314.46635822482,12.4440450063039,27.1412033541069,2113.56917711949,381.864330426545,"0.019","17.4"
2020-02-21 10:00:00,15279.1342067151,794.486205973571,821.273307986691,954.614644364781,538.468014377438,644.654585906809,1493.7139313992,497.209134850391,18.3713421598732,112.407973128775,45.3951847317579,174.473915258914,348.791668682733,20.4610510553622,409.637706680557,22.4147295021548,363.807342380207,5.91676150961255,170.128146957227,71.7849972476463,126.814106064719,0.431043441080294,3314.9237805877,15.2497445005744,23.3866671019112,2147.14230588873,296.996162784413,"0.027","13.3"
2020-02-21 11:00:00,14196.8689430492,998.29341859014,700.76434464989,1138.09109186832,598.63187441144,762.887338754402,2333.13845618265,507.325198140739,22.0771537860206,142.675877496971,57.8170040901133,210.154056225196,424.158874706226,23.3987021370934,525.421403098966,23.1592863562267,451.033291195367,7.14828326127238,212.73255818819,85.9939088236686,118.98934547605,0.447166361478651,4179.9169629024,19.255846684071,32.9095798361317,2418.89054473075,339.748279293342,"0.03","12.8"
2020-02-21 12:00:00,11849.1249559417,912.829192625104,318.947704719858,1104.67702683519,736.85402572507,669.113918391199,2111.97282101307,640.065904008858,19.4953195624273,133.913066336303,53.9919182323339,213.543287465875,398.939774507677,20.2435382582451,464.337625820472,21.4698119421281,398.077050330692,6.42937570819762,177.683437222549,72.8478880733145,96.6643949214408,0.454579425648417,4262.10596513232,20.5658418872882,35.5103625206922,2296.91577167384,328.96849760099,"0.034","12.4"
2020-02-21 13:00:00,12740.2710926227,833.011661644338,282.271636753869,1014.10269595672,656.885123680035,629.792028338391,1876.77360478763,579.898345979196,16.6254519382864,130.674551696824,45.5677592448063,210.297876127494,345.672649545466,16.918533771027,409.140075111873,16.9346230975086,331.25433190873,5.48130387888894,146.076581032637,59.3564976873084,65.6864895183739,0.451596933355912,3766.32064801654,21.6107690386876,30.8933155058689,2152.93108847963,295.270150150532,"0.037","12.1"
2020-02-21 14:00:00,8223.18750751057,844.457345163606,205.676723506762,965.060943552564,696.27572652098,614.477908463541,1770.53487116946,559.396852890948,15.4033965159234,136.005233241344,41.1374419551171,220.304003374552,323.227626031787,14.7874847721858,377.678879913561,14.6614567779293,313.114648620209,4.54639144838017,136.670222879326,53.9004808025318,50.7094499785771,0.430486739002329,3640.03882054366,21.8792848350814,23.3153104658048,2088.4538984604,281.483994646337,"0.041","10.9"
2020-02-21 15:00:00,8774.26630739713,933.536787972881,257.152096545277,1062.49784500355,752.058564907384,677.36322277807,1874.22314519027,707.068058844787,17.3628877362071,147.115668408437,44.6472809640483,234.821951934331,348.473377060555,15.5643483155737,430.56458998542,17.1299497808112,360.308382776853,5.23864478365105,164.956623689457,64.7488852625099,55.3729258444557,0.437007946934864,4008.79347950407,22.1010155445604,23.7682115937735,2169.0008446842,294.857536615684,"0.043","10.9"
2020-02-21 16:00:00,9910.23491427548,953.771955933492,176.557051600235,1017.86656366028,643.084330875801,723.384638698057,1820.56505472987,580.313962983994,17.3812953635744,151.116334049163,43.6604052083891,226.982402088619,364.019763246905,15.8978316397802,471.442041078788,19.1425812775994,391.404613124838,5.39163671643895,192.259074696454,73.7135507229301,52.2254773138841,0.443644277743145,3926.07072409221,19.4858260728021,22.719392699023,2210.08432584299,310.237897828969,"0.042","10.7"
2020-02-21 17:00:00,12537.7633461001,1144.8976519413,203.255033171096,1126.5112215038,694.451080885147,896.03356882836,1897.30265474008,678.524494281589,16.7896731216844,187.570510234012,50.3695399085499,234.349532503118,427.2308727489,17.289980265257,586.50724275313,18.636035847472,509.511424641312,5.24348191468196,253.643034704931,100.190825897956,79.6703256922753,0.443182525870992,4915.13221645723,18.6970863570499,23.9314103990641,2449.04399676054,335.040607087563,"0.032","8.6"
2020-02-21 18:00:00,11556.8771094382,1292.9379802662,245.029558688016,1257.29784352053,882.674296805981,1074.48036282139,1819.35909590485,958.748170071104,40.6431719931579,236.166304491965,70.8569832103249,216.913174887936,487.266110002775,48.6089893994802,652.46341566147,55.8908220652434,614.725458410183,16.4606892542606,321.152358201315,134.395857637147,214.447401255074,0.509994958844061,5173.5909454125,11.5290072875334,28.242882257767,2696.44526457236,389.001491014176,"0.01","6.3"
2020-02-21 19:00:00,6068.55898695753,659.652918621641,142.846521297732,706.752555188097,629.863488568779,481.360369829949,1435.03124853691,549.546101615007,17.5071746584041,110.32385867926,41.1866943469538,167.831513857353,255.005841029295,19.6730683623386,295.921161356653,22.2364926383814,242.389633850006,6.85713684020441,120.316643150125,56.0569941433578,234.909461985106,0.499124438235272,3079.24072605746,7.87041505000546,14.0439538220763,1777.88323326855,244.621377773398,"0.004","8.1"
2020-02-21 20:00:00,5732.82777266219,1198.74174641066,152.23953225427,708.671877244075,492.561089677217,529.279236810435,1463.4494345424,538.053350769122,19.5994963939498,117.795259526939,43.8934581709691,169.197100469461,264.742675955701,22.9267383427044,340.456399035028,27.184684364294,262.246160774204,8.1677429103267,125.073606851793,57.9424462985802,191.661501547258,0.519387970809385,3722.13386367335,8.09899521875506,14.3315248438069,1672.05236431585,235.479871132009,"0.003","11.5"
2020-02-21 21:00:00,7936.59622724922,1231.74600690549,165.785653966825,953.711279600286,405.775662725223,863.471574245171,1649.58133750751,659.051434364434,57.8278589642075,191.679098601899,79.4884988593141,194.319429221438,411.486432816719,68.9091533651541,565.843165540295,80.703678205341,443.788505224526,23.0555603454078,222.51095213088,96.3759703935458,253.625957518108,0.540497457775712,6429.78998384798,8.01724512848781,25.9470500865264,2125.78257871834,301.808988049633,"0.004","17.2"
2020-02-21 22:00:00,8273.01074105002,1089.74914775485,226.967898919357,1293.68198189702,614.555678654562,747.96804641412,1860.58519915345,1293.72880977904,125.625983801114,189.569792733228,133.144571456808,206.350817470948,387.375687988049,148.14688924015,401.478534337032,166.367269007169,334.320312843373,52.3438090080704,167.29078533276,75.9162917414419,304.665623630598,0.539336414338339,10923.285778758,12.0326432742562,35.8965352579541,3165.90006384934,331.933174588541,"0.004","15.9"
2020-02-21 23:00:00,7313.61886446321,984.592224600121,180.860706570281,1126.90468265539,509.452728210818,669.49012115953,1682.12006162933,1095.09785911626,92.7192223271687,181.265509374879,106.479332135869,195.72985639995,344.104035960799,106.250005904754,371.088604911114,120.462662530443,306.080817584191,37.8747531886595,151.641508433382,70.1480890040523,279.591172870209,0.538965534688608,8295.61095586203,9.90481623708263,33.1031405529189,2565.09375782898,323.400475598552,"0.003","14.6"
2020-02-22 00:00:00,8307.15225359838,1151.09949278646,230.361045873882,1078.64235391527,245.953869364169,834.200699492516,1764.39293865627,547.648977281106,56.6552660391837,206.567835427657,85.7270683641631,197.402195388598,398.620412034968,67.107642150791,486.847495728748,76.4008630846381,448.205222747564,21.5465707657874,231.67627707245,103.911446434411,262.509531648157,0.521922046008816,12056.9503015452,6.79733129919821,45.9811763457022,2366.62709284764,351.457420259354,"0.003","14.2"
2020-02-22 01:00:00,6368.62279557962,918.190166974522,319.538816339948,948.455583307225,325.350734331637,640.798969490679,1672.20234485529,700.162492117034,33.0301664068856,152.259382332098,61.7702812979648,180.950154914241,335.482726107319,38.8863240478647,389.978829400836,46.5182687245268,346.511704476334,12.1274894292536,172.244794711104,78.2378601400128,210.392303535392,0.507622348030891,7549.77268117781,7.40294461065543,33.4736459667501,1988.12634902148,300.980286185706,"0.006","10.3"
2020-02-22 02:00:00,5341.62956939842,808.689089703986,291.246355949934,845.601454707749,268.484892354268,554.365523673442,2706.67184559187,542.475224681369,32.931091354251,127.88769986325,52.7725966060126,175.149547208095,280.908217236321,34.5032292886901,321.718245360988,41.2285246275023,254.507116355694,10.0330525460703,116.375192960581,53.6270477828411,211.301071418936,0.500384987418686,6046.33176582405,6.5023647398953,28.4176094582493,1700.13386760943,250.453283851868,"0.006","8.1"
2020-02-22 03:00:00,5093.474562645,784.030956508113,261.759687786206,820.812391994082,235.98896281698,518.420883101962,2273.14018076942,472.748417208776,32.1146041951003,126.815296449098,52.6403047833453,176.591146784069,270.067063355664,32.6343507806508,305.473732355746,38.6862853923299,230.092266765302,10.0125952329815,103.980025769719,49.7873371113365,210.28778573389,0.499034698464979,5878.98556592234,5.56021915662583,28.1848079020268,1600.59430397171,254.198708635484,"0.005","10"
2020-02-22 04:00:00,4768.75287948887,748.975746884122,233.399659131768,876.187347891162,202.675687991413,507.778070374725,1813.06912963373,425.932953629185,30.5449940765212,134.427135014082,48.5256300211218,175.924482545844,259.061137415644,30.9855441058882,284.345648751086,32.3311848112554,215.346086191975,8.2352974127021,96.9160436896709,46.4360478210292,217.548379172199,0.490890919235957,5951.21588884115,4.53535833516451,31.632337203573,1516.27064609132,262.273755289285,"0.003","10.3"
2020-02-22 05:00:00,4873.44314724658,711.400570811583,331.234420807226,797.820839070427,202.7138097602,477.711983578561,1668.4575057135,435.470327702456,15.8446154559763,117.578203950326,38.629955055291,170.301286728536,257.303259215079,19.9288764468071,290.544042569942,23.397725917153,233.896327588973,4.83632875148866,102.037526720113,45.741839300825,160.885817272597,0.480574722313978,5404.54874984889,4.43623072761052,28.6175127449365,1536.64311218729,254.75151565247,"0.003","8.1"
2020-02-22 06:00:00,5618.50421499721,658.137209888772,207.790607003545,760.733454310083,219.626567644967,471.624268391623,1482.25980249388,379.320684151511,20.6591578572666,112.093995891626,45.603371497911,164.247470161154,279.780752053166,30.0517751401156,297.355149279264,38.2121121055892,237.752324428853,8.60668954778262,111.943103720383,50.0408012813729,202.259421472846,0.47305316328231,4125.3423634732,4.40739650235708,22.1760108068805,1643.52947151022,262.49611668696,"0.002","5.2"
2020-02-22 07:00:00,7310.51218645585,1031.28561034679,200.222354042491,1006.64271423622,263.205330389019,763.119662627659,1710.06328910157,484.426297883801,43.6203945922898,187.453641004452,87.6606449806821,195.539653186783,385.753443058736,60.7418352286405,455.018449827907,62.4246741382164,367.31648874127,17.1996997142476,182.734881897575,83.5451709414521,217.72063814891,0.472742512716036,5764.07946468226,7.4227753011962,30.7242079750026,2311.44517787565,367.32338794027,"0.003","6.9"
2020-02-22 08:00:00,8120.74049181048,1027.20868536037,218.743375114489,1054.56987593714,407.86743804876,774.073215908335,1671.67351971582,636.944443362729,55.1774806901533,177.714417115616,83.8189082531617,198.650740331359,424.598672120148,69.3945527410607,508.927294795859,74.5817011632357,440.173604999101,21.6180756226606,220.649218055697,94.5496623727163,204.663337232304,0.482320927493669,4840.51017982087,11.3211673573625,28.5447037314425,2377.96278035235,371.606772828571,"0.01","9.8"
2020-02-22 09:00:00,8525.31352647646,903.926917184719,154.108015027294,1033.86049524828,526.122498987986,686.440772196761,1616.57059030495,591.983619439206,35.8288112985678,147.678068336309,67.8866191140926,199.588421098643,385.469620191171,44.6905852237908,459.273055964069,54.0433744893327,382.671399825457,14.2616575366778,183.303656602158,76.9893821848283,160.923081579325,0.494210490723327,4111.75992640114,16.1199649621423,21.8516588472058,2350.77996091439,342.597443657785,"0.018","16.9"
2020-02-22 10:00:00,7972.82681353455,735.809367634342,178.367740159794,975.068209385681,681.781500683155,563.480002480771,1622.61629888747,540.837780652186,21.9822011519736,120.270609516473,51.7883883897869,197.2708119478,322.445665622869,26.2496280419575,371.867071762435,29.6986257566683,305.105283631572,7.63219178599106,143.335211125679,61.9282839905693,113.380600644839,0.521614976573317,3307.95057126885,18.8014802686448,16.9770125468826,2265.51189449792,298.309803497684,"0.026","19.6"
2020-02-22 11:00:00,10930.6727864225,1129.79248186255,204.488608898409,1299.52947361288,872.927634997593,858.372970543416,2414.68525850561,775.031675366789,31.5053883413314,178.527656289191,70.6606399618444,244.676868940811,438.635807718895,32.9478818310648,553.983490679116,36.4391096719548,462.664460796803,10.5059924500879,222.538156376755,95.1941119940056,145.215750575966,0.54396264422514,5022.91285096561,23.3268194765909,28.6739588212387,2905.62889560623,355.348468133943,"0.02","18.1"
2020-02-22 12:00:00,12249.2607651176,1399.24681629789,187.986098572773,1628.23758571841,951.406440160747,1127.75291078444,2396.25667151037,900.020980597853,41.2964063318563,249.48472409584,93.4426823943065,311.588604097973,514.719443996911,41.7170789030698,684.085867382812,41.6688782808949,568.168202106829,13.6263346864168,274.020784387384,127.269193728756,379.624210068046,0.559544551401095,6186.35363038639,24.9904045053635,36.6507821484431,3527.87831858288,415.659486061084,"0.02","21.8"
2020-02-22 13:00:00,13638.3126034678,1465.6126810669,274.290217050802,1850.98016696165,1126.138781167,1161.41232418902,2699.7206216245,1159.5046480898,40.8594252203091,271.452703257104,100.304743222173,324.718888227323,536.853377149971,42.2442959240142,727.647483680089,41.0664400033058,602.9231518314,13.7668110621635,285.260574910031,134.789315221879,410.796210980599,0.592877166379023,6592.00240712318,26.6491785609588,34.8172245517176,3856.67131455712,426.730403018906,"0.031","16.6"
2020-02-22 14:00:00,13443.2196805315,1556.47859670584,167.705320405989,1780.01963984851,1250.04374679878,1195.16667268107,2341.59175223161,1174.00580621589,36.9896838219045,307.496458992997,108.734865957897,303.970003159691,523.348381347398,41.5336221063951,730.960056004037,34.560849020455,632.8096840439,12.8520645264436,303.102487717236,146.409015771337,405.009239427286,0.609194773183776,7655.26533648543,27.830979190841,32.2960228062423,4036.22334257652,419.74610794434,"0.026","21.6"
2020-02-22 15:00:00,6960.21984057058,668.279329634396,139.337044179754,870.249150639131,936.763166177766,556.241305532208,1693.07514010705,604.240169578897,19.1719610731798,147.815904738439,48.0547513848138,185.309806297107,256.596739873784,20.0207819377715,315.718482372844,16.0876098455387,258.213216376816,6.32912609627072,126.676844367273,66.8384771624199,295.040732004578,0.618097560813475,2825.44847792384,15.298833480639,12.4920048374866,2304.49990580359,287.667526092748,"0.029","15.9"
2020-02-22 16:00:00,4433.50002234452,468.731719970331,132.261266418144,674.246217214958,807.777229429787,392.738828477588,1368.85162829698,458.102931761898,13.3420477484882,97.9010666774531,30.9928074478978,147.711277413728,187.970733998308,13.3910005189947,214.768757299962,10.3288636980414,170.645412099939,4.51723883649399,84.2041074206886,43.2857123277852,213.006346567505,0.617908728040236,1723.1348568581,12.2486503077864,7.94656835346038,1844.73295118961,193.933764494647,"0.037","8.8"
2020-02-22 17:00:00,4576.63108488771,462.356922556868,132.394993095323,566.714550147975,642.510973607917,375.366370946258,1340.80444265534,475.19686760475,10.1271131910664,98.3747929144872,27.2052224205162,136.811794779133,171.03161480015,11.6816711360991,184.532150865755,10.3257256184083,151.575031231159,4.08658905989907,74.6422533661689,37.306984136758,115.470816617588,0.618352150157551,2201.04549880633,8.9629809459327,11.6891778988177,1568.83009572033,178.820226290808,"0.033","6.9"
2020-02-22 18:00:00,4875.17440594674,615.608504036061,238.591870197256,707.644974796082,628.445666939389,499.648588315767,1409.94111625731,605.234479133025,24.2428816073491,122.26282485459,37.3999555413323,136.557032247502,232.267647468139,26.5519579412995,275.172440197678,33.1021041159232,249.614337046609,9.56604612549947,122.645192278814,53.3790545441643,128.90867996116,0.633270272795202,3573.81143193032,6.99851868868481,17.180451910053,1763.21796894926,221.622334692943,"0.031","5.7"
2020-02-22 19:00:00,5854.53485578812,774.083154519644,289.457464211352,826.428757471573,632.520791761186,630.210429485334,1516.2066761169,630.584410670464,23.9726495258104,149.205542691681,43.5298838901691,138.087215451693,279.78352992213,27.1164617340373,354.69361502867,33.2014946798032,337.392039231294,9.86709462258052,170.930757172599,73.1646510056092,134.983068151357,0.648188746653199,4735.28937035366,5.99178692813861,23.0244608382181,1934.70268233201,277.51571923154,"0.028","6.4"
2020-02-22 20:00:00,6136.49316490577,812.76035889247,153.958399750074,699.189055075582,524.346473700778,588.473126463699,1403.97425899717,437.575062680445,18.0793645502466,152.453569142179,45.2895387846124,136.115466832928,275.5798268307,20.9281692499886,353.265513003661,29.7893446544525,326.73978652962,9.90514141489351,170.756512237982,76.3099568320536,189.385963120122,0.637177645282124,5236.98404678005,8.33047030697649,21.63769118017,1846.66434728174,292.288449249883,"0.012","10.4"
2020-02-22 21:00:00,6540.77662754261,750.547748457679,169.125824966281,690.499843402649,580.076107551801,592.718954257284,1460.22374841599,529.141246864596,27.9372300076549,156.495740462043,50.0581411238631,134.273233255366,283.065281252513,35.5669423177536,351.663976245859,38.866209539778,340.587599729408,11.9404830834056,177.237222886395,79.9681755555484,260.853460736855,0.658119071169594,5151.15405444415,6.64814466513841,21.1688013919575,1864.00711817602,251.900299156575,"0.005","12.6"
2020-02-22 22:00:00,8433.11722833458,1029.16144031943,264.911928402013,992.276176669346,634.0203751709,791.132496909811,1721.2205921457,872.736005593507,44.4297042355704,221.83931039427,69.4247411414271,155.997491887039,347.265358415946,54.5785672608412,445.347588090296,61.0149081681417,407.551573121966,18.8960827807831,203.883740706687,94.7464411545609,407.892296729927,0.682263657227054,9342.2734774711,5.76865338714797,43.7233704598557,2327.55937121518,329.708718141096,"0.01","10.2"
2020-02-22 23:00:00,8139.89520663316,975.768673503583,302.276613356611,1029.8931790473,500.248199249489,738.192846016448,1737.6194346859,747.716690017679,37.4013974857871,201.706378843273,63.7835125693966,152.638745382898,314.568099644098,43.9374370473803,398.394420431425,46.8719054587477,366.641823744295,13.4869289509598,174.528778992347,84.4909236200591,402.042955529987,0.671095944182282,11698.0668758072,5.11392716781776,40.902359874524,2313.59617522326,292.71467583953,"0.005","10.9"
2020-02-23 00:00:00,6921.05176653351,858.980443568154,246.354964278691,922.887668467311,454.339606501974,622.343554527805,1649.13594731588,643.384377848795,30.0257576498494,179.50660180033,55.6883742464181,148.695637748844,265.793311926571,33.5268924129961,337.997246663973,37.4070531016633,304.14836627424,10.0887435936137,149.661587116495,73.012739573109,332.383489966513,0.661430350801668,8994.54197397943,4.87162195403562,41.217758489554,2072.87694420589,262.720348652171,"0.007","11.7"
2020-02-23 01:00:00,4954.64995566909,665.604530966741,163.023881876042,754.264906822533,379.664646876186,489.801656801437,1491.48502428786,496.883061975644,23.406952235891,141.800565246161,46.0502216167435,139.887738927908,208.662223649785,24.7528904286408,239.844842194972,33.5572346288082,202.953253035379,8.42315846053354,98.200644303746,51.4012677991632,277.30203405192,0.646085124211139,6391.28861494035,5.182485766932,31.3814490185541,1704.75963586369,221.104170706817,"0.006","8.6"
2020-02-23 02:00:00,3589.68829316511,448.145365572819,180.845588695977,625.839813556133,337.330077328943,325.382178116374,1345.74791179478,429.867080508867,13.8681105128126,95.685674331149,30.5419212590176,122.165509168882,145.740319725577,15.3053615348702,147.324259230985,21.4697404886521,113.874648445093,5.34286006554761,56.4417161750043,32.1546355322237,269.222072082722,0.628073821925052,4158.60185080014,4.16346051495772,20.7713298785381,1490.47543329005,190.378409224577,"0.004","9.8"
2020-02-23 03:00:00,3042.00014690139,371.78960533597,174.378645206204,546.682993532811,313.183298350891,256.537098283132,1267.75119149081,357.601427177056,8.84667471406229,72.6105064812841,26.5015865731647,115.644790847416,123.4634135131,10.9652475271113,112.066184822923,15.7262740632045,79.3878851283814,3.97161706574134,37.7189484605134,23.2968017526773,206.919077642193,0.626351248234488,3017.82439836975,4.51253609258123,16.7689686074592,1357.44726094877,162.281706305178,"0.004","8.9"
2020-02-23 04:00:00,3765.80425974788,497.355634346087,198.857508303339,635.857263231999,244.638739910323,340.848843924209,1395.39707193208,360.437296439242,9.23419723630881,103.478041224043,27.8610871811793,122.55221417807,143.893192244829,11.8362686156456,156.118335752532,17.7072871785657,119.591336100421,3.88547892915199,56.5763284933926,31.5816024798547,245.449430987262,0.62784529581304,5192.816330132,3.18208949103858,31.186296809916,1439.06592196792,190.980387918016,"0.003","8.4"
2020-02-23 05:00:00,3540.14703579951,747.670745105244,156.544227501864,800.69230616576,297.701024783335,655.342556435363,1464.1546504856,355.24897552108,12.3186420555429,104.518066714878,31.227886712904,140.114716079815,181.60299654875,12.8156981782607,192.606520296234,19.3190848906867,127.780877070064,4.78013128141579,58.3160252150624,31.4222853243015,219.608441669949,0.626173018556492,4878.73744630371,4.35761478170549,22.0292915222184,1573.37940718588,190.806241277249,"0.007","9.1"
2020-02-23 06:00:00,3862.68543058879,736.460657405621,249.091974549236,813.927756886051,260.14861680367,613.883411549336,1506.91710302494,359.199905200328,12.1762857293755,110.569014898483,33.4810773234373,142.114208152423,197.720990997724,15.5184690145955,217.590747701628,21.158482788317,166.303872488216,4.98528906078172,69.5257646734578,35.0755528913573,200.554347419356,0.622900997733468,5285.83279778135,3.71046564245869,25.7092910953474,1627.7917015845,205.444099684948,"0.003","8.9"
2020-02-23 07:00:00,3526.65457774345,658.897083224426,206.415926538125,789.228625532834,309.333255064002,489.832690809617,1404.94534939102,428.76316513875,36.1452938738942,118.465082572337,53.2578357436374,136.978677969845,229.167661625331,48.7353966142373,238.719067813542,47.1148362472613,197.473337227136,13.8380598496404,94.7978900221596,44.8988890705202,203.843581087673,0.61679785537295,3982.42929563047,5.01462896470321,24.3219534599346,1767.61717938138,220.427074888757,"0.003","10"
2020-02-23 08:00:00,3692.06277567762,631.940200064418,224.03860566833,731.350259116879,395.857338528949,490.648766087112,1369.92738154232,481.712464759741,41.8330453611805,111.296311063801,49.8959725675751,138.191919916313,238.534176808686,55.8271994612383,274.386179301186,50.8687188104903,243.912916908357,14.6704564563193,118.421436510841,51.7089615350283,228.578989146692,0.622069569700619,3121.72794597645,7.49344529054078,20.417544487217,1773.53265311123,237.904778557372,"0.011","7.7"
2020-02-23 09:00:00,4548.53997793374,722.604414531762,170.149022635587,849.576543108393,441.633667195249,635.853205576969,1485.5527007911,405.574701843345,20.1000150784267,114.237486512499,41.1693176380561,166.146249959894,254.601998715608,26.500101515865,294.035631042391,26.1373082798063,253.05787644966,7.1820081260422,127.377509424093,55.1613381558309,177.203788771253,0.625146424543142,3330.28801300055,9.59757374036451,19.4585614862284,1807.38187944724,238.165165585231,"0.025","6.6"
2020-02-23 10:00:00,5177.78032326824,819.543043227355,184.72912030899,1043.11737347385,544.935790248669,727.110841586648,2371.58632337351,512.133188360702,18.1043294812583,124.84203194863,45.4339527771685,199.983425382897,285.963997873925,21.2010659248189,335.692879163701,21.9839416913978,294.165890167899,5.67315297128179,146.522720238166,62.3166898714242,145.177012886405,0.635448756180111,3676.23424491019,11.6637417968072,20.1789782621656,2127.1082221869,252.255678729364,"0.03","5.9"
2020-02-23 11:00:00,3986.29318414573,598.609790829231,181.170054272878,861.491603727207,534.717818948634,513.684886404646,1573.40584871789,436.90743262869,16.5522931297167,106.775604851395,39.8160743884519,165.699849856087,244.689176248906,18.9197243591878,284.044457336042,19.3401467311177,256.004582374428,5.36980598004009,125.531072983193,51.2735929565645,130.700886568357,0.641537482196992,2829.3368864605,11.9146041835443,17.0087772908035,1933.46767805963,239.897972029973,"0.03","4.2"
2020-02-23 12:00:00,3613.49552981063,525.336875396549,164.774315332393,750.003781218637,618.499984669725,421.631130979691,1508.80706413619,471.131877246579,17.0666285333907,102.225044176416,40.3037923891788,147.075208348259,216.243828757086,16.9978013275965,250.543853245647,18.1273210351241,217.848777265976,4.3313282133862,105.426072731792,45.4021494184146,130.824473744047,0.639850934181255,2496.5607325385,12.3544821084201,20.5437248569124,1818.03095293254,218.615340596596,"0.029","4.5"
2020-02-23 13:00:00,4668.7710303224,648.626434090311,159.409251804694,907.821651925741,648.945495757076,527.003458253757,1516.445111087,541.941035870485,19.9852086037679,127.522370439249,46.9455199200251,161.550314380996,267.47464322947,21.6252541880614,326.895930385733,21.5679949971383,276.934647038675,5.48396235933302,139.97456540297,59.2079528386197,118.962077862777,0.655374356316616,4132.13717417895,12.272921841369,18.2948989965969,2116.09614668167,244.974773566131,"0.03","3.9"
2020-02-23 14:00:00,5905.51557819177,749.25855055265,195.062527770549,1024.84622396066,595.177378129686,603.206391542853,1565.15367553003,637.817042207783,18.9515874160313,145.929516175326,52.1442893642606,170.282244452908,291.352260697888,21.4502414300278,373.662809963637,22.9586193708545,325.961489478938,6.13541554686546,165.125183012459,69.3538741312774,163.689337472939,0.681363776816338,7908.32711319793,11.8202250083405,21.2328920184939,2451.26420302662,275.362968167324,"0.028","7.3"
2020-02-23 15:00:00,3286.23521529608,318.336443614718,127.383510282416,510.630942435264,528.391830109582,248.780698680732,1227.09525885951,441.810111698567,7.44641177371514,64.5518595477634,24.3092781098275,124.034182778602,135.688857131757,9.11482133451114,137.513701484022,8.92708646590136,99.8422546032534,2.49851324322162,48.2721662405141,22.2144750045138,75.5048404205842,0.727685266896471,1964.15833114689,8.04189657090052,7.06026243863702,1482.08059309141,170.655804623098,"0.031","9"
2020-02-23 16:00:00,2231.0151805622,279.41499969883,133.892753334417,311.155727191771,281.759408938358,245.077706140052,1080.6640669562,273.36993972688,3.88697665264675,52.9412376620318,14.4090267598425,108.109468987867,132.687912042031,6.80953414661081,185.924202964576,5.95052820642865,182.232371050581,2.83997027022566,85.7878867963936,27.1254398063401,50.7886818446731,0.819917297071065,789.540758110475,4.22139502668087,3.63805446372283,994.534198104014,162.438812783936,"0.034","4.2"
2020-02-23 17:00:00,2189.88078712328,257.80801394125,179.824464670295,343.179002223148,96.5946839565254,202.209495327491,934.929389985393,176.100885040103,5.55658847261121,42.9327765723446,13.7715434788655,100.204832179348,115.083195978788,6.32737776602902,88.5775246986268,6.43289220123143,70.3211999812588,2.5703280940062,35.0910785572311,16.1839165705554,62.5651312150542,0.857729035447775,895.226847842561,2.32959981472585,5.29024272055196,806.61732266183,141.601473211021,"0.044","2.7"
2020-02-23 18:00:00,2104.23766594843,164.061874339715,85.3826447134201,184.855064021634,76.3809058565253,143.766276131215,608.846255832694,55.5310673534743,2.48980458647176,24.3778412664227,6.50862325655338,82.6422269675032,105.536779384214,2.2056940342636,54.4462281152725,2.52449447971876,39.8055045557737,0.951313824554077,20.4145125685453,8.52671296669881,40.7629084082307,0.622079780614849,859.37415968977,1.82182297372228,4.99116745766036,459.027325838296,126.62805077714,"0.048","2.7"
2020-02-23 19:00:00,3670.02686997452,300.086476632007,149.952254569644,358.882540086254,114.123452079988,244.45206218174,670.091674826722,206.534960539393,6.84293392212717,44.027194759626,12.6961614534997,82.5991552761499,150.834427052497,6.4862811174828,128.122319851128,7.921968128397,111.19656553876,1.72070556667251,58.7233479752214,25.4054151172667,106.595559031336,0.629333820060782,1629.77457665282,2.43569903957436,8.50547632313839,836.465446433846,154.715073231368,"0.043","2.4"
2020-02-23 20:00:00,1494.24041353588,182.642877809881,132.636556821463,222.839230694709,127.155059360903,141.693968964634,567.524428095041,177.572227277603,5.66459183619202,22.5206833061849,7.37212658899831,74.1352286808782,112.416333353124,4.38507363125317,57.9180894560886,5.23673616375555,37.4217601029455,1.22294293479512,16.970103461818,6.82893447063356,40.0223013825746,0.720090151025611,902.417492606989,2.09947860042033,3.30135674390014,575.025098126881,136.858480818691,"0.043","1.5"
2020-02-23 21:00:00,2099.12716716819,196.764645055282,130.359321332174,263.780375019279,95.3454001923268,158.343617617003,580.543427635909,148.776777843973,7.0986523310027,27.0728114320746,8.46206510687213,72.9475606348079,122.634169436158,6.62862499990052,72.1012967635926,7.24070761121486,50.1930953731282,1.60003891903252,23.553189178029,8.58153919045312,44.5845176161212,0.704620814742781,1496.79799716268,1.88820183445363,4.28860795246023,699.864755313259,139.915590264642,"0.042","2.9"
2020-02-23 22:00:00,2269.16431230369,298.557438691039,79.1268230814409,389.006567976396,130.937855259118,231.873315441188,600.948024042604,138.856460810304,10.5474047107882,50.82996107826,15.892837659513,80.2431048657096,145.9157687463,9.75717975441054,103.40212374023,11.5720099856945,78.0825338991563,2.77992920137515,38.7937133883113,16.6045357382741,64.6270507907556,0.719418593185444,5621.49003244613,3.37086726966752,9.64841181403708,855.654536048334,156.154242078391,"0.039","2.4"
2020-02-23 23:00:00,2300.51469549933,236.432103090149,121.990433917044,304.135512171278,141.261040726081,190.981445567358,596.381273667924,185.082151256574,5.46124963212812,36.2248551273553,10.0773318157056,72.2715195419306,132.547973680068,5.54433422559846,88.1964275212676,7.10281855862258,63.0658705357346,2.12766415632283,30.3166986217248,13.3432485272494,55.1186234625538,0.697870740884855,1755.34264747241,2.34317443949689,7.08485138673491,787.836423891445,151.394953441572,"0.041","1.9"
2020-02-24 00:00:00,1459.90146361685,194.24663728855,127.815541230692,290.273825847508,92.30330061111,141.34729011366,515.304596899326,127.706764292397,2.96413376071942,26.1687117945942,7.0085132659786,67.4097837338226,115.364316901491,3.58120217208456,58.5409425220324,4.86413066552212,29.5091047350716,1.26233060060262,13.2509539031936,6.56988181080377,58.4929304496114,0.643909923332776,1316.75123817657,1.90736291284518,5.94321027321664,730.634601144597,140.978620319121,"0.038","6.2"
2020-02-24 01:00:00,1102.36300672714,144.684616895546,179.52780813165,216.382257232773,63.4143831434907,110.880586329124,495.310386759404,154.461501867059,2.46902438552518,15.6260054548636,4.5320646928448,59.7638861326682,108.973956840469,1.9841699994179,48.5523503489874,2.45143650637834,20.5417136594285,0.875216846546244,7.46954010659546,3.20008749489479,36.1039243793231,0.599646482956639,801.505939394366,1.93052477082756,3.06061447781692,560.732976951564,128.531497277071,"0.04","4.7"
2020-02-24 02:00:00,957.980099800121,133.203595905035,187.600131067143,188.072898473829,53.713044929396,106.447498810754,473.171155860593,168.875246301104,3.08243487293238,14.9689738073571,4.83242818227461,55.7624669177346,109.591714746428,2.39741746099402,45.2000060465532,2.50834273198234,22.6225018502878,0.723340225983788,5.87160276942164,3.2030387215484,37.4312656836086,0.584361942188403,745.62285613534,1.81960919846297,2.73452010268262,492.977626965602,127.511831149798,"0.04","2.2"
2020-02-24 03:00:00,1553.397817888,172.079919571725,84.3322606795804,175.065622301075,58.2994162931215,144.399737411985,398.846360741193,82.3099939867996,3.22485824439573,21.3923426383492,5.68113943343411,55.1402250778315,118.018968817439,2.23364414301778,54.2927982451654,3.23021412656778,26.1868010176346,0.893128587155631,9.30990229434963,5.95355452779999,95.8202232791279,0.582772908316845,967.473603706711,1.95465254823353,3.44429021404666,524.099408649058,131.384355089565,"0.038","1.7"
2020-02-24 04:00:00,1481.50541850567,176.950371541145,57.8228251392351,160.093460954877,55.7308731701842,149.185720325493,375.761383470067,60.9963207965836,3.15296557630349,24.6040251757488,6.15333069873867,53.8392212559547,120.47329534814,2.77795010649504,59.7927075850636,3.23399769483215,30.1000731229685,0.997863604220617,11.2697809062312,7.46763983390205,127.31905413276,0.599872282444013,908.514661924192,2.2156092902001,3.64175393348293,485.253604967848,130.198664127598,"0.033","-0.2"
2020-02-24 05:00:00,1571.26920826606,276.774018096372,125.421191089674,304.347474498435,70.0599627403939,261.31758767946,442.241299975746,123.630318569671,3.07134990049079,38.6663214273484,8.37440229200885,56.3145349892483,154.756056731369,2.54537839945282,125.005673264819,4.11051179379554,93.1774188397387,0.745922540759322,41.573010684417,17.8512407732274,90.8458582033133,0.600065871027596,1423.9864912746,1.91324622598968,6.90518514739625,698.699101239488,153.557772825392,"0.033","-1.7"
2020-02-24 06:00:00,1387.1750507599,179.685381777566,143.025416909652,190.999174953139,45.5741710904802,157.252496956026,374.341730291455,103.536466990358,2.03505848675806,21.2179854486214,4.92837130753866,49.0647197591705,131.741815784038,2.00777309593256,79.4644452718772,2.15020615520053,59.3664276785128,0.900024568089709,26.9182525653243,10.6760000141475,39.8817152681151,0.559574253416856,792.004029000362,1.75039519969325,3.55266158472404,524.59537226958,147.899889048199,"0.038","-2.1"
2020-02-24 07:00:00,2509.16910823328,387.760453256516,112.080527005858,335.774773358707,71.4045997653867,340.666348016076,393.377909090971,99.3644832343695,4.3257034945413,54.3760386509541,10.7479192777177,55.470002373898,218.425571226247,5.44768511210934,217.94867904784,5.88668156749731,210.708790167625,1.4549329663049,109.215207540128,41.7500535888845,69.2573235984213,0.566747747546378,1301.28098061209,1.97026471221965,11.041787808183,754.691755968654,168.489485011969,"0.034","0.2"
2020-02-24 08:00:00,5589.37404397634,519.350871928337,92.6172721083031,415.835493163282,179.971630274842,488.005082841051,527.18127864047,234.085434786001,9.8298193435413,83.2800569030167,21.7287103038525,67.9197150954848,237.350184996441,8.20918224197322,296.781108631571,9.5135478860596,241.305505721704,2.40984638863128,120.982953805041,63.955979841984,941.422837370888,0.592513994670821,2180.80363033944,3.61929375805777,24.8296685542184,1348.23478869008,218.658732606159,"0.031","4.2"
2020-02-24 09:00:00,2743.28361609712,389.625152690894,53.1633258549313,289.842179230043,174.279540711346,300.838061295421,557.490648175615,186.120684301733,5.60307165218437,61.4096792420215,16.1408841389367,65.9654621973244,168.717163399788,6.39105718565118,167.175708058771,5.67585421699884,137.086984889351,1.69995999703891,58.790735967885,31.2354061961991,350.713285583674,0.598595187584798,2024.26198637154,3.94911543532664,39.007839044405,869.849711289735,171.413996458444,"0.031","5.4"
2020-02-24 10:00:00,3161.0972904073,429.079506465114,51.8334205074549,299.505177810961,121.432303049821,284.139795184552,532.181647976438,175.425630097689,5.86283083395884,61.8311657496213,16.0763350849916,71.1128687380151,162.999781643681,7.16461379416035,200.788039044086,6.52665687073348,120.936831812211,2.15867111950245,49.3226404028901,26.4177629582303,391.838903558907,0.612271996575511,2391.22699929087,4.49240128781574,51.6784603758799,890.540678055909,164.421276676914,"0.034","4.2"
2020-02-24 11:00:00,2373.8626604338,339.819425306535,53.7869201158449,283.28560430708,114.036272101325,259.640162648911,527.259008973907,138.339283299462,4.86523235886241,49.3707604257082,15.2403665914175,70.4994045111282,155.451218961281,6.5382484362526,140.464440964706,5.61332304176295,112.048212122037,1.63592202786886,41.9475487821942,20.5303359838673,169.288856536044,0.607877414994061,1384.02849616804,4.26046729184806,26.2503633981686,829.026972357118,163.428245870039,"0.035","2.7"
2020-02-24 12:00:00,1899.62578042098,297.507173930375,47.7341336889946,257.959043063474,87.6211466648179,253.297704653016,468.712440268219,106.592101324584,3.85496537626223,51.0107141409944,12.5408140355237,65.9445689259629,163.725958873911,4.87043873872716,145.496818397292,3.47700042432285,119.123502576588,1.66728637863815,53.9491424243092,23.6852720563957,127.531826921485,0.606024459960897,1451.49715919658,3.81587336203518,19.6914076560464,753.551109985422,161.552635343712,"0.037","1.9"
2020-02-24 13:00:00,2352.38068372445,327.164764397009,477.082205708009,261.589343852519,63.0675123025694,194.821684556755,1324.81560406747,738.315649685301,3.04750513275578,34.2470002384889,9.29258893136547,73.4575296601202,138.336704789071,4.17804629999908,119.440989643019,5.69688487763751,80.9550330268059,3.40790396734672,35.4413977366961,14.6493538348923,32.4371059596422,0.511408120696946,2000.99571183004,5.0770857782634,11.1701240250133,672.306811450764,159.243931826635,"0.041","2.5"
2020-02-24 14:00:00,2571.87314945885,409.67205098955,428.3574480099,251.104155180582,100.552112036616,223.031234349897,1582.30628780719,1026.57446012556,2.52915556787709,35.2967761065406,8.83034124902484,119.727454524988,139.719594919566,3.23795363414773,119.740173994503,2.57854236928913,80.8427616585296,0.804889198389524,35.6056085515651,14.4433129743275,32.1028173473287,0.497104252331338,1946.37465979145,3.36833861231289,7.88295882838442,628.265367640814,151.646289472931,"0.042","3.4"
2020-02-24 15:00:00,1953.04021960992,360.224182180679,228.485511537623,279.037889451182,76.9707090260032,217.109137718474,1007.87173458977,826.095061435851,1.90701198501748,34.9776981940026,6.46239777852714,85.6380485068579,148.11223461323,2.58842485700438,131.308509442803,1.86696257932101,99.5348612646111,NA,45.4878182190818,18.7989538189452,30.8280528511203,0.504806515710365,3411.96130845591,2.26887191742817,6.84977612774728,614.5689458252,157.346118753398,"0.042","4.7"
2020-02-24 16:00:00,1723.38419841824,377.54672673245,106.380941446406,255.637278674988,94.4231604897776,229.903138732138,1370.40692803647,271.32451699364,2.41275277007448,42.4042629465059,7.54424744214439,77.8742592639605,147.116079653947,3.38833844006491,117.949321127416,1.98345565064675,106.755985756984,0.617473817146562,45.1558992710212,18.582351235962,66.3128443615308,0.582933410415689,1690.42175058982,2.31603479029712,9.21187366952945,602.673051404202,153.092102711484,"0.042","3.2"
2020-02-24 17:00:00,3181.0367305228,417.320209037067,132.823602047504,299.694074755469,104.268543325339,284.790797224655,1633.11659403346,1180.886905037,3.42814274255172,44.7985776730392,11.6344335369766,153.961452414773,175.018487926409,3.22613642759866,163.879237811804,2.05578143601445,144.526069682028,0.801016323091333,71.6938841750492,28.1729726486646,44.6487808734267,0.572813702451665,1386.9263392583,1.86019763472505,4.84325867850663,744.038129229653,175.188138012596,"0.041","1"
2020-02-24 18:00:00,1629.41277985077,285.447488595734,73.4221007712031,327.750704996183,107.609014804536,234.376291055907,617.878119633159,179.468087634419,12.3114218165295,41.3668889958985,14.1680193239381,94.2301861435768,168.607530040799,13.3881785129109,135.125755131343,17.4232651893408,114.630837875798,4.75258276371993,54.0272424988582,20.1671093475688,66.7326601192053,0.568907670321348,1677.66663173554,2.92759510533386,6.4590591299845,816.698448450572,172.087613420046,"0.041","1.2"
2020-02-24 19:00:00,1643.61442513163,308.041497321984,70.3603709648006,442.248244298387,195.255803185838,231.582984267204,571.973637001975,200.078709328558,22.9642149231887,46.3828494327229,21.4821631446297,86.613737734689,171.307851506493,27.874517351653,130.503008513842,36.4001129774607,110.651467140677,9.63521848990162,55.1045667580703,22.0625508934031,90.2541541590115,0.557197869053291,1593.6186226826,4.98781542459897,6.79686137776923,1022.45237583814,173.101792714059,"0.038","3.2"
2020-02-24 20:00:00,1990.56592998571,401.940228749642,71.3330284003808,412.886333597525,182.318963580749,313.071673757718,598.133346561555,193.110325856769,18.3390295499282,59.7714825740406,18.5135168916003,82.7921157612433,197.223963578987,20.4067380561435,184.568259887731,27.1751817320423,162.253850484204,6.87955458334048,83.669901098755,34.0959366075111,91.0674645774583,0.53788951841487,1927.22805026898,5.49436952765573,9.79597340737817,974.806000901384,210.54666492874,"0.036","3.9"
2020-02-24 21:00:00,2654.81525335751,393.120798241473,73.1291593786256,456.312208573053,185.751603953805,309.812018333642,578.705131512537,205.122970540939,13.9278366425814,56.5817226601688,16.7997536922047,80.5843103117668,182.521548280403,16.0690692873405,167.769253255842,20.9149632470806,148.94913850718,5.68316402814822,77.7544599095536,32.0494684214143,107.428194762306,0.542624650647208,3721.40478266277,4.59247029003482,13.3736644741482,1041.0443386897,199.481088917219,"0.033","2.2"
2020-02-24 22:00:00,1557.01028505168,294.324505571056,71.4280436828632,434.289540293608,130.161658254709,221.275682124777,570.102111300166,168.119129487852,10.4006380535566,41.8604383596226,13.6804866585554,75.6053123764009,149.535083492353,11.3162999842737,113.144424952093,15.1370279697217,85.9596996768856,3.19954230337259,43.6525527994966,18.9796882630996,87.2302654381766,0.542650604213838,5763.52067857685,3.44447929077311,16.7591793290707,948.412079686302,165.164415309441,"0.021","2.9"
2020-02-24 23:00:00,2092.29276278316,389.126322285613,67.8077768727108,473.927587987749,92.7880667502646,312.76536161858,650.917678088352,146.236444931507,12.7308028390247,56.428379793229,19.772578382284,83.0897704228125,171.250922826277,13.6326025499285,154.986379489107,16.2463737531887,112.783596884228,3.47265768533581,53.1162229143211,22.8050780028979,89.76304471864,0.549472296016839,7937.31919963854,4.00133855443191,11.3718586994847,1012.99758273369,168.486076979568,"0.016","9.2"
2020-02-25 00:00:00,2747.81584612614,429.364394151186,60.2752562590433,345.156442014618,146.503247535743,282.170763644106,672.887967207478,187.043153267783,12.1678068523685,62.8345577490155,22.7675749572606,86.1944801007684,171.273655722286,10.7091149941468,158.283215622814,16.9037478164202,113.433363473969,3.01193714309021,54.0064318619624,25.4770125955023,102.42992106294,0.55511625647746,2437.20803771055,5.01957711088596,11.8411395877995,1000.52771172106,175.964323750362,"0.018","9.7"
2020-02-25 01:00:00,1222.68672118929,164.779928189154,51.3325154598867,176.451883331854,90.2715478281058,137.757685886968,471.864450728729,91.6746648840156,5.39559155277611,27.1925270048136,12.8030390518845,70.4737165074572,115.148612302927,5.28467066839528,54.2688825388342,6.77954219860349,29.6152515000915,1.6238729446757,13.8224844362044,9.49457173721879,80.8113210156743,0.624951935206206,592.823533260928,3.6138123870857,5.34595785043238,580.330414785312,136.738417794112,"0.028","4.7"
2020-02-25 02:00:00,1926.65706639945,153.926710100337,56.4988984579874,135.432930177066,83.8308873871708,128.686966996733,488.204804842711,83.7058647805454,4.56406201371955,27.9406393323603,10.7020085848299,77.5365097564399,118.942761053593,3.55799536621622,62.0284592776396,5.27359385972064,32.3897997273709,0.978597182157716,14.6718700476465,12.270998356177,175.062344018338,0.645906871951071,367.982522141077,3.55396344542649,3.16485835322518,539.650571977174,130.385492336696,"0.033","2.7"
2020-02-25 03:00:00,1412.39718099288,206.908838344552,57.1914935668755,204.229098144795,90.148341900897,161.208916313653,585.625202936674,90.5590708619078,5.97996857494303,40.7625239511214,11.4294400061415,82.7002429977919,123.561822431652,4.53901023972907,78.6781633484636,8.54710484679233,44.7132550945919,1.50460208901448,18.3204296691362,10.6356579203706,105.896912214289,0.66238240845971,1340.6096378442,3.47910505029258,7.69127582574295,593.352668643739,133.81570556126,"0.03","1.2"
2020-02-25 04:00:00,2358.58727872049,429.733670253959,69.0164526506764,534.659411546863,166.658119673491,279.020743711986,772.142227375229,221.459893812304,12.8568302500465,70.6288542562716,23.3773369623522,108.976842816764,165.434042919102,9.92680563627896,164.155610302239,21.639486326365,114.796438938276,3.10087216582633,48.2987451959295,23.7874975299469,93.585181258905,0.658049585353186,2473.24018952455,5.18748636607113,12.9736122427666,1215.5178161498,168.869868479197,"0.031","2.7"
2020-02-25 05:00:00,2146.94473455401,463.21627189182,68.7946956245603,488.678345557574,207.977746800361,302.245285520548,767.039152604703,235.796825674707,11.9822391480496,76.401064346471,25.259104587727,108.487544626186,180.909638539741,10.0342493004213,186.405225561603,21.7551511449533,140.144973070789,3.33214349084649,68.0565981734574,32.5147602689399,78.3342628121494,0.674917223971839,2298.00832304304,6.25748967473893,13.8976786640868,1163.46228877168,183.031339909903,"0.027","2.7"
2020-02-25 06:00:00,1919.73711675241,363.792286980918,59.7779560362724,388.471655666715,138.304311571222,242.70189457464,658.551495591974,143.692001207638,7.21030393256776,61.7389018656729,19.3804794383872,95.924644882953,164.316537264402,6.9068163279888,144.457008712339,13.5108038734362,100.842382377425,2.50432789789937,47.0947726747384,22.8285070341402,75.9237451229072,0.672170130328795,1597.55869051614,4.73380971661343,10.1675324532553,1001.86556862404,172.66376199726,"0.024","3.7"
2020-02-25 07:00:00,3020.6784506426,413.749547784708,67.4858989877626,296.90562785029,72.6673650911205,317.504090819728,655.605295582604,118.884295366115,10.321433602251,71.1314132173356,21.727777614545,95.4199192030305,198.355505792973,10.6423224423359,197.310611966285,18.4245637116197,148.237010909509,3.12461588282722,73.2265271845205,32.9075112310094,96.1714423297609,0.673096630594213,1926.487522729,5.36814127962265,16.3129493222181,861.089197373494,185.500166904572,"0.015","6.3"
2020-02-25 08:00:00,3905.70003960395,761.841971891982,77.3556016277655,528.728802029647,98.5560293171682,658.272180686679,759.796248122432,150.242530106665,7.64374989651294,132.301667303954,30.9611391742964,106.024860077199,357.115789148421,10.7722551111933,440.194902283309,16.4737223271087,414.346223140267,2.77625729922448,220.834871350893,89.4768287467606,112.214432730771,0.668736755179662,3318.45071598213,6.83021331177041,34.8133774226506,1289.31351537779,286.744747098068,"0.014","4.9"
2020-02-25 09:00:00,4344.15013069952,584.344984107694,77.242017262421,549.03709513764,113.873905837428,465.306704630644,782.856735740165,155.509704398693,6.08996574723878,101.64098170512,28.0204403085993,107.896773390482,270.223382881959,9.81614635848703,302.418825212836,14.2401869278478,265.848289890633,2.6710204421493,138.239316575362,59.8811778782053,105.572488583144,0.663839182507041,2793.03157300144,7.42832745393654,30.8333800251555,1334.6842975552,231.50853438711,"0.022","4.9"
2020-02-25 10:00:00,9153.3754576294,1241.03219234507,90.8910742439373,906.485125480751,358.079508523656,942.772876521807,1161.40513907124,425.933381217725,17.3899730366158,212.880382095045,63.6541200093139,188.868670411728,425.381740786262,23.4144784227638,622.456542565284,26.1047889106276,552.915127844085,6.55060949116158,280.656645120719,117.892926153463,224.289503825279,0.650192636435151,5784.35412597897,14.5454755198919,41.5755020438729,2309.13997252655,346.127384748419,"0.028","7.5"
2020-02-25 11:00:00,4484.20280146228,705.330876357843,78.0832868639772,694.208615069665,407.748006423705,523.625962915769,986.999332909202,357.158205747024,14.8762022059943,122.308040324423,42.8676035169943,159.772835723883,283.806417936494,16.2674001008322,354.90527918039,19.0718228854004,293.547927314704,4.76488327035308,131.333242521622,54.9987508884255,109.872842591183,0.579538504171267,3052.90143948221,14.1611001394873,24.3132161787579,1734.18889953876,256.843491198566,"0.038","6.1"
2020-02-25 12:00:00,1899.47974419321,309.259048486202,64.8155784217996,364.270918136814,230.509396589809,227.842502500365,744.677014701272,148.439967724935,6.05872553262777,54.1463508437296,16.8073131155842,124.271150057478,159.235234561786,6.52555441667165,132.648750169798,6.97394211183256,93.2348665589538,1.90738260216977,35.1831857146255,13.4690927711155,45.5019696048881,0.521050965717428,1149.81105179261,9.79511062294894,17.2503060433902,1023.13186107673,177.177945706738,"0.043","3.7"
2020-02-25 13:00:00,1694.96384203821,244.549088965269,67.4997320829298,336.124336098041,257.04432326837,202.82154733725,691.288120089948,172.115122621674,4.84315198188582,45.1804650106091,12.4868106097781,125.992868279144,141.333843269753,5.03831876549109,109.198155766846,6.44206840065159,69.329808069037,1.26020308866924,24.4614337152949,9.8975262529284,51.6840113218336,0.526341388409624,1002.19197118277,9.22916370714878,12.4163553043346,946.147074900834,153.724655143363,"0.042","4.7"
2020-02-25 14:00:00,1632.64762472934,247.261120570858,63.7084198696951,325.117108005092,199.507535279401,196.881262643526,796.226324203703,171.932913579139,3.71563607741799,45.4862114289799,11.4461588458999,129.715296920454,138.649659375637,5.63216316704808,99.751812885596,5.9006290405492,68.6055632036882,1.39684647315215,25.3725251786673,9.34384217889216,28.3380953691433,0.511831711051513,969.055452373345,8.40660861083227,12.5282619882552,917.458617863139,152.091603587336,"0.043","3.8"
2020-02-25 15:00:00,1844.34979047917,295.779770039625,203.6500245686,319.295938709447,190.824315243308,210.373471235537,1338.8772530146,223.848661149811,3.1013821259084,43.2571969716452,10.8262991770094,129.088420150888,140.268280157671,3.88594353976024,111.044536007099,5.23094188904163,86.0191837172452,0.891585577373891,32.3131534324614,12.1176751760483,28.1734810008118,0.507370045639459,1091.51385870752,7.41400632892778,7.96378856183052,914.185800668593,154.142607505089,"0.044","3.8"
2020-02-25 16:00:00,2037.60264905906,262.286006382076,69.6609133105425,328.823716083607,188.111794175459,220.703741879473,750.35435698667,176.961822764149,3.13025931259166,44.4270618546939,10.6992458887315,118.022494290741,137.043217649286,3.9602629875486,132.490017156684,4.67316945199604,91.4783395101706,1.26396754827523,34.0005261085557,13.9259521431446,44.7418552115039,0.50756460643599,942.976488144228,6.27163429823644,7.28219080677001,871.805004384366,151.309946558746,"0.044","4.3"
2020-02-25 17:00:00,3247.01394132497,389.581441566382,88.530615160502,366.402869093918,94.0986072201823,298.247622316591,773.678394345812,193.457951833759,2.44512973383403,53.2570876246825,9.56360064229001,115.869589865857,153.820129385276,3.14102478955974,138.699945640011,3.23659459479603,125.773949503033,1.17771846451805,60.2589545764773,23.3875625484108,35.5081123683524,0.493808535216539,2407.59496239092,4.49568162894412,12.0535122517094,890.929938413117,158.048736134999,"0.043","3.5"
2020-02-25 18:00:00,5411.33036121021,877.643188660844,147.047548419485,776.698772679575,352.231005287005,720.493827031025,984.136243157089,340.765100664176,20.4469788787115,191.821667989632,75.7388593791192,141.070167497737,327.197517314129,33.2951456825851,413.842543865517,32.6444077977362,403.914977833575,10.5350716817007,214.329553845597,94.9069224542934,144.994008541276,0.517119069341991,2924.06270747548,8.21398606274287,11.5133768005846,2138.20121214303,253.281429720459,"0.037","2.7"
2020-02-25 19:00:00,5004.78731212241,761.796225267077,238.43782429593,668.364804249601,300.33412082548,530.601331869423,987.497660338043,359.578910019699,15.8578561640327,142.690422968062,48.5254579058244,131.922884710969,261.911252440931,22.7172433359512,300.239934961648,26.6880879331458,255.745948156169,7.525957580517,133.775324399067,61.4228077955827,190.709718584347,0.538112345672097,6801.63114015491,6.61889909851327,15.1996490236483,1713.75700950626,231.055113479213,"0.03","4.1"
2020-02-25 20:00:00,4287.22774449055,577.672445915736,142.026090436384,346.53862995012,182.830476668935,348.275033915174,809.640011549637,195.918895302691,7.03170025023259,73.5511800023122,19.6247776635185,113.610102135859,198.950121187452,7.11920874847954,203.674912994042,10.9343736517779,168.534599732922,2.55439877010146,83.8554623165049,42.2951691038024,349.533382660471,0.534115936860401,2094.01445845292,4.17989277158392,11.7866778319569,1030.46560423651,181.015501460812,"0.022","4.9"
2020-02-25 21:00:00,4920.0995935381,670.88646967226,150.183363704933,654.065397407147,324.878119776516,520.258065992698,945.40587774213,342.436206966855,11.3647188225522,131.617591095629,28.7972143637047,123.201445078293,264.105928985218,14.3879357234554,323.633994025266,22.8967566509885,287.242585735488,3.92178552896479,151.384395014482,67.5856171543792,298.914214659634,0.559533446870579,7488.75884483682,3.21341394005896,20.6815696084142,1484.28383434035,231.579982260428,"0.021","6.3"
2020-02-25 22:00:00,4850.90217884735,735.859830646469,209.93937786971,700.597523413892,321.991042020384,546.35179011497,1048.3190592009,396.4790806912,21.4088722021771,137.138131303873,37.6903431016724,131.565560451936,278.668161669673,22.3015949659114,333.489370611575,37.3082151793153,284.076501209567,6.09342515913387,146.40979370028,64.2145414015948,262.821455270106,0.572006044567787,6356.14118251207,3.9262660034079,24.1117968313715,1548.14763519328,244.813979114498,"0.022","8.1"
2020-02-25 23:00:00,5213.73840733306,583.072213630901,122.412312859106,557.164978353555,354.108292055841,406.559292725722,1002.92534842973,439.23419696181,19.6740004199349,107.995956018868,39.8530099131878,132.045092119427,218.21792210642,19.5258282740546,239.388488349948,32.9330419826829,175.411817129969,6.95719287703508,87.1836443963931,45.2156682469423,238.11321311064,0.564374660300626,3691.04237893969,6.01952787278638,16.0977320475813,1457.4067344416,200.533585968571,"0.023","5.9"
2020-02-26 00:00:00,3954.56905414759,458.984596928486,74.9785672925535,423.090130769626,290.913489025454,295.72948926958,882.827789340422,266.969158808312,8.38949209630576,86.91664678475,27.8755649069678,122.765567422761,176.36716973363,11.2706882706746,178.793389194503,17.0605731945365,124.400963536762,3.6891539792366,60.7732448505811,34.7530727712336,180.311815872407,0.558897082425038,2612.23726685358,5.28904479608614,10.1162034395565,1214.04672966223,175.653944829296,"0.023","5.4"
2020-02-26 01:00:00,3378.63184281723,418.240796827806,73.1446426992393,361.582865765579,237.183764124679,329.774637005523,865.917710405035,188.015812072766,5.79469371615542,81.5400333822914,24.1386791526876,120.472703124843,171.527243473845,8.84405433512948,162.940691153321,13.4293455986001,118.70017358206,2.5539990544385,58.8100690076352,31.8791219696312,158.902863040434,0.570932791365026,2519.72706184167,4.6816701325575,10.5226030357433,1068.34385333733,168.504188509971,"0.02","7.6"
2020-02-26 02:00:00,3890.52172123009,544.599218667471,114.075397091631,553.266277327952,369.079323677204,359.055568040153,1030.29685257623,418.307660011775,21.4402303755585,104.556088984181,31.9309451727411,130.110721397589,180.832166377949,22.2628586873367,191.401356722579,42.901424833984,135.592943509207,7.15165570076215,66.4916942021665,35.0776742039143,195.523179780699,0.594353828614268,3415.65846239754,5.16782542351793,18.2620470930473,1367.38708352237,177.066323108176,"0.014","9.2"
2020-02-26 03:00:00,3719.98652311566,608.538137422929,132.559433282194,475.158532346157,301.115426712559,345.311463962845,1018.98845221288,310.053714432869,12.2759401913978,102.020158830018,30.2439837469339,133.523965205965,179.637681759691,14.2705436980918,198.80333449482,29.0703047748696,140.675611868651,4.24271701822333,66.6178819149507,34.2990787244386,172.434688554295,0.598068271198824,3656.89161347757,5.35302954891592,20.6237594847347,1232.06381879975,180.899056114907,"0.021","7.8"
2020-02-26 04:00:00,4567.64285740835,826.462819891101,98.3506176418948,733.183830674617,371.215239421714,461.499160494069,1189.80167542382,511.99132929538,17.5619788556393,138.637140708094,44.693479788852,176.835339338276,225.589748035664,22.5062780090289,288.763855866171,45.7207965616775,207.695072005388,6.61172117325065,96.9344932920912,49.5261683105588,170.793255257792,0.605100842423796,4506.22366356784,8.21264899429259,21.3723125714577,1751.94551809799,212.149215866425,"0.022","5.4"
2020-02-26 05:00:00,4487.89969442279,772.680991574012,101.6704558556,782.204088401743,358.287042281538,432.243088400915,1177.60732784054,483.956220787489,13.0662130483932,132.002048405505,41.2902372538265,164.652485606705,218.998945522147,21.0336891123698,287.523917491263,41.673549707641,199.774089367238,5.41530584792857,94.6798454456194,47.84835915648,136.589693197129,0.603921716795856,4446.10946782507,7.64896851396724,23.0050207774013,1750.35481669485,217.402508301957,"0.019","6.1"
2020-02-26 06:00:00,4105.49532115903,630.690761597534,83.6059289811412,609.125527940392,262.198677338411,405.618205233961,1007.00695948223,263.177742365237,10.2056805882977,114.182444185557,37.4351586792064,144.059593687775,218.054086485667,17.6783186805323,257.090402293458,33.4419567674498,191.342312156328,7.30009056321367,93.9052710825279,47.0284684663507,164.167760912221,0.598532327395175,3400.47577420157,8.25912301417538,17.6682280021964,1468.67563320978,214.791525062708,"0.017","7.6"
2020-02-26 07:00:00,6297.45985250789,705.260368615481,75.4119692182782,624.302240407331,365.75106072316,501.306190596686,1144.77504649776,435.149990296048,12.6915150675515,143.333272727922,49.8650392148306,149.425631955701,262.849288014446,22.1008188012591,342.213249284446,32.9245751579667,265.114018515995,4.08795596600121,124.667597790485,74.7923328141081,305.201918348607,0.599191769442514,3796.12155595274,7.10551688223694,21.3360294124776,1749.80947829485,227.355891413475,"0.011","4.7"
2020-02-26 08:00:00,6011.94515228606,732.187009507026,83.1702486143533,677.399411563435,346.22686519925,543.98009687084,1078.2324463485,461.028901597834,11.5486117214538,144.426327090538,47.6856270672591,140.688551454002,299.252586091568,20.4519244529028,365.462156945667,27.5496885427885,306.102199671864,2.86294287515683,151.651124534717,84.3109724231242,255.85405408413,0.597601269884707,3635.03982442884,7.20848818910483,34.1062946641623,1788.02318182005,235.09942743784,"0.006","3.9"
2020-02-26 09:00:00,7278.7707013501,1702.87371184625,159.122618152681,1474.12587288876,471.254914109044,1271.10500194241,1443.08538102013,703.854192503441,19.6029560693973,277.014676208719,76.7288423080774,193.49400481149,601.248788249322,35.4209800581568,839.968314380835,42.604987799952,799.8683110183,7.47952944217071,418.027303287462,183.201939353182,246.555313788338,0.608253257534728,7458.83472699857,10.506983840623,82.2593020792324,3029.45195952972,433.579597585129,"0.013","6.3"
2020-02-26 10:00:00,7575.52611212022,2090.65201485842,167.461373981985,1787.70749997025,585.243360401205,1624.33126060667,1821.70009309075,937.130857395347,28.0715637121093,324.900131349544,101.208644393459,267.815166604375,719.035789467713,44.0928268074652,1018.86450031589,49.5524652847872,964.709977910999,11.9648336712176,476.451212064896,200.768443592822,214.602605550025,0.607631663735342,9363.31455170974,16.9409082301965,84.6904635821398,3504.1096683974,504.359146847411,"0.023","8.8"
2020-02-26 11:00:00,4946.61394426312,828.476879733834,118.588710416169,670.968319099011,402.016277287682,578.999728347597,1277.7019153842,499.672166340645,13.2782609029248,142.53641996689,46.0122803296372,192.076874741632,271.006779213569,21.3568521600442,454.54372220906,25.113384037467,327.231296061408,4.48224547380688,128.97523953902,67.4492422877151,468.491654650102,0.576688537863509,3587.58150648054,12.220241785128,35.6764715110926,1811.49610740016,247.532810259703,NA,"7.6"
2020-02-26 12:00:00,3021.01482737636,477.778144369253,84.0079037281153,516.395493115401,499.617799334667,345.288331997785,984.157709095164,400.35070326607,11.2895785830193,95.1965839935689,34.2270970184517,151.871432191734,195.83516053454,15.1062510194191,205.016178045562,18.0582781444433,169.848941864521,4.18108265118537,72.5065108726526,42.3826036343077,275.173647911324,0.64881844166513,1844.41922568007,12.0706188393254,26.5229038277563,1407.26805282099,208.714875065305,NA,"6.9"
2020-02-26 13:00:00,2440.39724377153,520.763174324434,82.5540604751829,525.662442441407,419.205263584483,317.935406177158,1009.75520646085,317.153128711642,10.205639178598,82.25439565962,29.1336838667135,143.745830749397,190.041994150343,12.1401374006637,246.724928306639,15.1775691658914,148.448472926757,3.39201960112924,62.8933845585597,29.0433658108936,80.282720495598,0.673772710478597,1802.31727342633,12.7142123872346,22.5383473295727,1342.31758054944,188.416352197259,NA,"10"
2020-02-26 14:00:00,2461.81942368325,584.714449792631,96.670217850785,628.007299106258,313.762893292164,329.290746313896,2749.4116267183,311.156791201034,10.7605138829514,83.6919540325896,30.3835072032379,140.800091648751,193.561097465281,11.4575708855444,220.85960999191,18.8311022452574,136.673760008481,8.3058239306345,62.5082141416457,27.3560951126853,101.821085064443,0.689516511600838,1806.78694780397,13.2059649858952,15.7486136556147,1567.42909327136,182.092687672269,NA,"11.3"
2020-02-26 15:00:00,2815.05945625541,588.856753139098,151.41068945182,728.653897098798,423.804266400169,386.118470333872,1275.82248025773,427.794605704193,11.6944427286396,102.886701477527,34.6377313714799,148.130046003729,218.22426343702,14.461071073256,230.937999018592,19.1787626257384,188.314746494094,5.14342399595126,91.548027079695,38.4550673323147,101.545854639485,0.701715155828466,2327.91751534028,11.3742691186547,15.267367048217,1763.17246414659,199.422920289556,NA,NA
2020-02-26 16:00:00,3634.27933825618,666.31467775614,115.881038242991,650.508303220236,435.79108852417,452.85148413658,1164.19948806287,375.902642198573,8.64865788779276,106.219082274341,31.8561155142019,155.97554937072,240.170296980264,11.2472939374399,317.858905001041,12.535106186557,239.982901377351,1.81820183270755,117.386776718702,46.9365523348959,62.1782644268838,0.72452666151218,2394.35351389427,10.3807809408751,17.0126011651793,1677.69934579559,209.098311561559,"0.026","6.4"
2020-02-26 17:00:00,4723.61741384605,869.760629569443,155.570814828729,666.346152028958,469.15429163083,568.857673092548,1828.02098188433,556.920496637188,7.50542969500276,130.393612748521,32.0495108012973,144.543849435159,287.170430234689,11.9567535849744,354.175440268005,10.5981455222463,321.931859454011,1.61567704018708,162.695630083002,64.6964806262107,105.607565949676,0.769830095065312,2227.25346848159,6.26533017758034,12.1048271140864,1704.52920391366,249.639435258511,"0.027","3.1"
2020-02-26 18:00:00,4058.70413818643,579.99814686402,167.27303735893,553.125977404358,492.604633351434,435.011571044808,1955.12461312259,524.678768331449,7.55968939859269,97.8937573999819,22.0561818869991,117.43978652903,202.139748580561,9.75767024597265,231.657553157709,9.06044924013401,201.152613151126,2.12545931263486,105.319461072169,44.6180735506464,113.99208825535,0.729722256617592,2053.79012624652,4.54522665110024,11.4404469134263,1487.36319453172,197.272092601836,"0.033","2.3"
2020-02-26 19:00:00,5481.99635226542,548.522752467846,132.47368551567,725.797229689585,475.874922537971,464.774184193068,1514.65422716715,378.932902345478,8.45572709463387,106.562448160659,24.981666435514,129.820195461582,226.320112367858,9.27565132679662,280.362706503321,11.7065151898393,252.538233547177,2.40861289180528,133.845199956844,57.4510249313444,134.27589127769,0.699370752468547,2177.63089581,4.35511630205212,11.0421017423493,1770.65001754477,193.372095816294,"0.036","-1.5"
2020-02-26 20:00:00,NA,NA,NA,NA,NA,NA,NA,NA,NA,NA,NA,NA,NA,NA,NA,NA,NA,NA,NA,NA,NA,NA,NA,NA,NA,NA,174.362980883863,"0.036","-0.8"
2020-02-26 21:00:00,2525.38965214235,481.566826410448,130.016906836147,827.950109409541,778.148362494435,325.591609958362,1236.06461910347,569.889757753709,28.6523264260361,74.8287236278674,21.3993120314935,109.15351199709,174.846793047529,15.3788788742668,180.912804690241,18.8036368252352,156.467661702924,4.21403526372502,78.8992156018693,33.9796894219968,104.867737665648,0.659371215382092,4214.66175059411,2.0819002819417,12.2705937666057,2499.5104892905,166.052519305296,"0.034","2.6"
2020-02-26 22:00:00,2739.65852571043,501.857162687211,117.183740149144,731.238686280165,738.457431119688,398.094016802672,1170.90886449851,455.116837839525,24.5573037122715,85.328788546091,25.3383753395476,118.391331787287,194.849830717607,23.5407865952431,211.517962803344,25.3549555514418,185.741582637822,6.03881608620239,99.974544891425,44.8407472921276,120.817507039171,0.660803853590269,7033.46463295042,3.18575598598273,11.9994478263299,2143.26386999412,181.264526261242,"0.035","3.1"
2020-02-26 23:00:00,NA,NA,NA,NA,NA,NA,NA,NA,NA,NA,NA,NA,NA,NA,NA,NA,NA,NA,NA,NA,NA,NA,NA,NA,NA,NA,161.06601473211,"0.038","2.1"
2020-02-27 00:00:00,NA,NA,NA,NA,NA,NA,NA,NA,NA,NA,NA,NA,NA,NA,NA,NA,NA,NA,NA,NA,NA,NA,NA,NA,NA,NA,161.201178823148,"0.032","2.6"
2020-02-27 01:00:00,1906.05371346291,243.798709446684,97.8158396214844,523.163559589662,559.971228570365,170.436172108078,952.761181259943,141.513082735063,6.43640434711576,39.4726537003913,7.52091994029705,104.065501508248,105.255654446924,2.91451550750178,60.2182174282563,4.69487940592664,37.4724166403796,0.519323501823492,15.8841862502307,8.14197608805246,67.9944583251154,0.634733289124385,1423.95802513971,0.879870786667642,7.06880579927056,1888.42914314815,159.352998400895,"0.02","5.2"
2020-02-27 02:00:00,3268.1650700036,499.405807648519,107.080565728622,574.759807154676,650.254311188431,315.323610259896,1155.97155808396,262.138517020765,6.44918996520487,85.2772916864684,15.5739827184178,121.808623295717,150.754321653247,4.23152733639085,149.918352447159,10.9890988027168,114.46516189506,1.14353997726717,50.4780850256026,24.0120026758243,133.213999865597,0.647725204028223,3931.74887245144,1.37712095538274,21.7715503523789,1833.93422041058,159.749605169132,"0.014","5.4"
2020-02-27 03:00:00,3350.81369278318,433.32575045817,97.1887442763391,439.392762833293,477.542856815391,290.883270619033,1105.36090402728,234.190923926767,5.6627950580988,87.3232873134246,17.7397455816762,120.212007973196,140.645616583834,5.53496863660382,129.319831793376,9.94110508599143,94.757474790974,1.09006520349423,43.8182008270799,22.6756091429588,228.624092517055,0.648335300084619,2817.16722939864,1.4766190170204,16.3696185917447,1500.0725203564,156.993129889907,"0.008","4.2"
2020-02-27 04:00:00,3231.42690078272,446.952701356023,270.479260876102,495.135393006656,398.16778620393,287.663247893316,1152.73965313119,301.554644534784,3.84442825123432,90.7286971523747,15.3188912989102,121.800761294834,131.780009880174,3.40312714186004,111.467133764995,7.52472348190593,81.9314267723677,1.00345973771971,35.8204560627597,19.5264569444006,216.699360953253,0.64377974666805,2962.98311931097,1.30924196804966,19.3956348746268,1517.51192502173,140.862063703501,"0.011","5.1"
2020-02-27 05:00:00,NA,NA,NA,NA,NA,NA,NA,NA,NA,NA,NA,NA,NA,NA,NA,NA,NA,NA,NA,NA,NA,NA,NA,NA,NA,NA,177.087893537137,"0.006","8.5"
2020-02-27 06:00:00,4755.97774121531,557.770543344737,154.091751381098,558.597221371398,338.599900231615,387.647246115808,1227.8855740637,122.263228548279,6.95908978205391,100.95935275415,19.4848040885079,119.446280580572,185.969326687668,5.96999744033305,203.755507353829,8.65657842515478,160.153903235978,0.866751965153434,77.8289683071651,37.8452297918772,224.319678443494,0.633043529980192,3224.01824957052,0.860016632818473,28.1945998193798,1928.10888096092,180.795874118982,"0.001","9.4"
2020-02-27 07:00:00,11664.3511469607,801.380576725124,129.931842338032,662.685567595083,364.697550448028,585.266788847628,1180.5289218557,134.861666064591,4.79697872316014,142.289737013409,23.4639353578626,124.167264516247,297.901564956749,5.84421967673002,330.525114306001,6.86835028179988,295.441265814496,0.930972370024669,150.485877654702,67.7219934017305,334.67596259563,0.613057630791831,3892.47570032331,1.41266080314867,36.3171994721066,1981.7479388418,258.193313643892,"0.001","8"
2020-02-27 08:00:00,25399.2073483703,1542.03510671457,150.798537681686,1148.68721602458,506.867647738913,1287.60092995164,1447.16502960011,614.331768909507,5.50731462427264,255.523143036589,47.1269254170159,151.927727052324,622.802920889607,11.6852052400672,820.849531616715,9.53409148923682,921.951911114645,1.56334762166318,443.213429972882,176.784953983974,365.538999083322,0.618577958375254,5608.21639269064,3.79872434318761,57.2619049779876,2885.7337247093,477.447386910231,"0.005","9"
2020-02-27 09:00:00,13817.0570400246,805.397035102442,112.215632724491,838.613641039104,564.408417126735,689.704071719362,1189.46881106688,300.041916055647,9.93517573264367,154.968863286234,40.3313873316361,143.061848822606,336.253841218246,14.783190277303,408.867417587781,10.8342152943144,350.090417029668,2.20846104208656,186.743002677758,81.5780304165417,254.391238813659,0.634692865960028,3587.66181095932,5.99699623437875,37.8108549820453,2334.69957695667,285.483236952566,"0.017","8.4"
2020-02-27 10:00:00,NA,NA,NA,NA,NA,NA,NA,NA,NA,NA,NA,NA,NA,NA,NA,NA,NA,NA,NA,NA,NA,NA,NA,NA,NA,NA,221.90881287931,"0.026","5.9"
2020-02-27 11:00:00,NA,NA,NA,NA,NA,NA,NA,NA,NA,NA,NA,NA,NA,NA,NA,NA,NA,NA,NA,NA,NA,NA,NA,NA,NA,NA,236.780979872898,"0.027","4"
2020-02-27 12:00:00,NA,NA,NA,NA,NA,NA,NA,NA,NA,NA,NA,NA,NA,NA,NA,NA,NA,NA,NA,NA,NA,NA,NA,NA,NA,NA,271.312871362672,"0.025","5.2"
2020-02-27 13:00:00,NA,NA,NA,NA,NA,NA,NA,NA,NA,NA,NA,NA,NA,NA,NA,NA,NA,NA,NA,NA,NA,NA,NA,NA,NA,NA,233.210862467454,"0.029","4.8"
2020-02-27 14:00:00,2169.68758611909,447.470616151177,136.952072002551,833.580360975491,836.880998564133,250.870220318381,947.494236936755,761.73662152433,28.6661435308358,69.1954233613813,14.3284558813058,125.374139162049,148.031846584421,5.44140843782792,112.566150624716,6.66216927482229,125.388308221014,7.05315771751331,41.7993854285443,16.2742098632852,41.0359319057481,0.69851728219962,1912.69810050083,0.983864406621752,15.0669067085628,2886.80114195985,184.462112662176,"0.036","4.3"
2020-02-27 15:00:00,2326.45146963589,399.797741626555,116.965265504282,582.880143151649,933.3721323861,245.189740833278,1204.69696370038,507.486540219501,8.98213131016354,65.7340509479457,14.8945827155371,131.651843493971,148.697236187318,4.95470079971432,116.833591763948,1.93057638285652,88.0270880472478,NA,39.2460411309751,14.0363961120393,54.8818537726141,0.696859392256507,2243.61403661829,1.75414500307165,13.3680453913857,2266.15790404755,166.735028659899,"0.035","6.7"
2020-02-27 16:00:00,2566.54000594586,505.718842171999,99.0426740101273,2713.99697479358,861.607856431637,300.105861294083,1260.34875011899,629.4033952265,46.5532372488582,75.6253174641122,18.4784679295314,133.123650003686,183.303842425259,7.6983858298676,166.914105081204,5.21365068017017,272.594370827309,3.24504486115248,65.5443042183083,27.1080192874569,72.6250509584297,0.685681907199449,1866.87292851823,4.49510321813858,12.7669311530815,3033.67657270725,175.461955118389,"0.032","5.3"
2020-02-27 17:00:00,4250.79591983026,768.670942811562,87.1398824384899,1650.7426379072,1018.2993028667,518.311554264947,1199.7228306742,880.175960069965,52.6400535001131,122.793808301198,30.193487832609,147.014758946312,273.722299865889,11.247686172017,333.206219635729,8.04168256713765,329.552715611147,3.34337374566113,138.595301016074,61.1655763759623,151.418217625308,0.686383230013196,4751.97380143833,5.67341408418448,29.5105484451345,3598.73891135404,230.519963376368,"0.028","2.6"
2020-02-27 18:00:00,6183.99441706559,1084.01141712928,109.682730672582,1257.73461542591,1198.44059076581,868.877134552424,1320.25457768011,829.75690021679,33.6039338152701,217.771799920975,58.4487357233335,169.890639444504,420.8290873315,32.2549865495464,598.460693661658,34.8363527031648,541.617733148073,12.2919858933096,277.232540029877,117.225065959239,253.161330851914,0.711243541190519,3551.02979871828,6.6307850569358,22.8269596702401,3354.96816607894,318.659158610209,"0.014","3.8"
2020-02-27 19:00:00,4841.21409754005,665.724583982507,76.1263795079376,2282.09773994806,1053.16624733701,400.737923940184,1285.80784257202,1015.91613481769,65.9108313271825,161.640177065821,39.9386898248368,147.184365581423,196.060729365877,18.8960697848031,247.279067900187,18.0076075314533,263.712627736644,5.60490854373451,85.6986335530372,50.4277433713144,306.25632215062,0.721618486075443,2272.9539711035,3.54742056163546,17.7762252956284,3583.27992054171,204.869210398314,"0.002","6"
2020-02-27 20:00:00,6518.45944687055,1045.49667583481,135.254417210821,1268.45767878842,1065.29832110617,771.868793016002,1394.57385375276,881.190723017912,36.2604962304439,217.694057424174,50.7001572174334,159.383608260623,344.320123349324,28.6584057863423,459.552332200938,40.3048803633492,405.073708451998,11.2865252568807,202.467081535426,91.5825539978077,293.843266701193,0.735071034837767,10691.7226961122,4.18278073741099,30.0007415636108,3114.37901044908,279.556453484491,"0","6"
2020-02-27 21:00:00,5157.05795378358,836.590448242182,105.820080781323,1762.23149818601,902.410932100372,588.61924069769,1254.75253611329,793.16780581883,58.6131453389682,169.745241171133,52.0959330499156,148.421192988732,277.952403814487,45.8530518101259,338.747126436528,46.3881032456163,347.710034535338,14.8731741045517,147.16565343244,67.3198389775986,303.46572280001,0.738415786100262,4950.7328036289,3.33181935783436,26.9309332289143,2853.69811745661,258.286217497322,"0","9"
2020-02-27 22:00:00,5953.36040710046,1063.56256756606,109.590713935491,1713.85560692194,838.622649328245,709.006004056859,1459.44502733656,1010.10886627218,83.9733109840382,198.424186321308,62.6413345308045,159.918584782329,323.163398379677,60.0727479221756,441.968224878469,61.5591624698728,379.245207921553,21.2504383085026,181.901423114554,83.7246378650781,357.859064420756,0.730343443251106,6770.7198071484,2.525930840355,32.772129580657,3486.13778301092,275.411491300298,"0","12.4"
2020-02-27 23:00:00,7835.56938655378,1403.89350724635,150.104405738186,1283.12152045038,791.090628287383,1039.30497891084,1598.7326639514,736.245460573901,41.3655610824861,276.422768078695,66.1205912969562,189.944128433778,444.562739761409,40.8632605990917,671.371925051815,42.8128106464672,550.280826566023,12.6727756322295,291.727429363531,128.594948110146,428.966031937545,0.714929877749706,8645.98534047833,3.87253153627318,48.2803198599034,2983.07625904937,354.645480913005,"0.001","12.7"
2020-02-28 00:00:00,4794.03325369904,958.923498661382,104.930190784518,2228.99471958495,527.82845141888,629.887812907893,1414.77627116042,742.138841141955,64.0478981075471,185.043459692596,41.0526340724669,152.702742814125,283.256294764821,19.1330396557012,385.041426787434,19.1638075744264,398.739605877178,4.89837818580061,167.674357638327,80.6365556132416,425.57510317694,0.700381743102676,5296.94363299636,1.67186509475736,30.6715000792478,3089.10504861694,261.453859628486,"0.001","20.9"
2020-02-28 01:00:00,3485.48001062818,574.373455824302,82.154909518913,269.305975469504,85.3981232694968,428.089281867506,1037.9922375141,215.132269162945,12.2222507289155,126.600822005246,26.73035501816,131.475108875766,211.703203695359,9.5908413799426,258.450373446202,10.3096788545026,220.853218996216,0.994134639021091,116.398699990632,60.0306891145642,395.789923255331,0.700365517202269,2993.92404741302,1.40092051919795,18.8133438516547,976.04553438565,208.84842839476,"0","7.8"
2020-02-28 02:00:00,3306.83146888023,521.695352266617,105.426107750328,971.216020503826,49.8002099168536,352.356188326637,1086.06204102824,202.064530177909,36.2155037468049,107.378441291326,25.7994216902721,127.805225158895,178.572419910038,8.37638860410372,210.151962230323,9.74302165589959,211.0406120281,2.74603824243943,76.6598307731517,41.8785737047003,322.932169166339,0.68647237646477,2643.66909577878,1.50536339017172,18.4623478189585,1116.63024826176,188.807875352487,"0.001","10.2"
2020-02-28 03:00:00,3639.37225126889,685.15837200958,138.781217860319,697.040685215466,67.3982007607515,466.135184039651,1237.38610239603,380.189064285583,32.9774377311365,142.183276655724,25.7779902096614,129.210834820193,213.338666883771,9.6519699840707,291.208119927686,12.4064912559413,239.941601362567,3.01624104379446,102.577582361024,54.1183584981021,359.725494707406,0.67177787395927,3756.15119199256,1.06851085226837,25.6608639181427,1465.7410310271,214.969340424923,"0","13.6"
2020-02-28 04:00:00,2697.60178369813,584.534748272538,146.911148603982,234.053129777838,33.3908173073148,405.755895995706,1151.61091976231,120.62151098263,4.16097419429101,122.379536555063,21.813739788195,124.850659308453,183.152265125449,5.33342585376691,230.32639273876,9.30804969275894,166.285076714508,1.54629867023644,78.1378236652225,43.1143537779291,291.2752578266,0.661244353656915,3098.82364631317,1.06601112940688,28.5199772034081,824.504429644276,200.375261881221,"0","11.4"
2020-02-28 05:00:00,4410.5963594638,756.666795013566,113.057158339195,1599.0508092111,59.5226824491413,500.826864083835,1297.79131778948,389.267798292541,47.2197539655296,133.298881260823,21.139458659612,117.176339143071,214.831061722615,5.19106217791818,272.819843747228,8.0063336009375,286.406204807151,0.72314434243256,98.4198512316959,52.7717354689346,319.510290511297,0.63758946907096,3050.87799528322,0.922812134255006,31.5181939759722,1909.64504986574,219.610648193775,"0","8.9"
2020-02-28 06:00:00,10915.8925778809,826.003516811653,149.089608844686,403.501248711689,35.8423280764687,608.772954909489,1211.82327487863,170.596772288481,12.1160321355877,157.783673653936,27.0210125213549,125.643228214034,264.814488858366,7.64667314151489,344.795333148954,12.7674379637638,257.110660471041,0.992163860122375,122.036397685294,64.5073367894954,337.35058315148,0.635075446281711,3445.73860749644,2.18348288129361,32.662956023826,1302.08028803781,261.836912332535,"0","8.6"
2020-02-28 07:00:00,16239.9188639796,1259.66027577053,111.338996394522,1329.4650087448,28.4243405472873,908.539335824567,1359.18188268341,236.814914917695,27.0744315601456,190.517588637549,36.1086533403322,137.069512555143,384.76712417416,17.4516178131843,522.649206927927,24.9480479695554,488.058781650638,4.1829568008539,218.623809530649,97.9601586304275,308.034573943683,0.621264467563732,4279.05997955355,2.27863664940494,41.3031506619213,1854.76931277814,352.555363041287,"0.001","7.8"
2020-02-28 08:00:00,24072.0684913435,1365.20489467332,111.669887482383,1212.27298218506,127.905647526113,948.160936472665,1531.87575505254,533.206116095314,62.0597829177263,216.373108764509,54.8337127056134,194.179216010764,445.118591138336,38.5401138348805,611.474543788463,43.7011177560696,532.497032230679,9.45562822219647,254.214331683405,114.202395847779,332.775950127065,0.635759130017647,4018.7306646501,5.03107205708864,44.285376482193,2807.5293365289,366.726438637932,"0.006","7"
2020-02-28 09:00:00,16754.7406941098,1278.75504868889,110.323266719034,1075.49613020414,299.251457289709,990.686292831102,1451.73645046151,429.594780619336,27.4726043406376,215.554339044986,63.4675500358921,211.635869354318,488.264921509743,34.3620954056012,670.918393587401,37.6410101329322,600.133245252595,7.50328977124887,294.004501628167,125.327177052767,288.364188929517,0.664718218823955,3869.56739864093,11.3312948361384,39.1696489103991,2598.61196699085,374.291974910269,"0.015","8.8"
2020-02-28 10:00:00,10598.6947983558,931.877607829534,100.994928521177,2099.08074988197,369.778370544982,641.833141616715,1516.90291217371,708.603368257061,57.1886535890569,156.135719014156,53.9935993228422,184.408763015732,351.891282662646,21.267962749215,424.654212303283,24.1661830322949,450.971714092662,3.80521784659993,170.500761126274,78.1175848557789,180.512496418903,0.701415924216165,2811.72478506537,11.7076312232653,41.6691656832924,3174.69555413092,279.785087314934,"0.019","10.5"
2020-02-28 11:00:00,6681.4997309766,580.454309083927,115.616030407885,674.747548988036,519.510298815281,424.992324542703,1314.63373662345,423.119632020466,15.0893320948572,125.29540732294,39.9847151209053,162.454513939358,259.638009105458,13.2321457922261,270.47801623832,15.2288291171291,339.287347273459,1.61114557671518,95.3502990498431,43.1015354835182,128.283984937416,0.714677185680734,1977.47216238694,12.8641478892067,25.2468843696712,2010.25988586877,230.007830208774,"0.022","27.3"
2020-02-28 12:00:00,6217.75237243332,581.771583414847,111.964975571166,541.825096498951,598.699878032032,456.62929263729,1421.20588384949,399.337273499587,6.53091580756877,123.172041954607,41.4187627332717,180.020572530628,240.711185789533,11.675300003352,285.118521887645,13.1936388094743,264.738010171704,1.30950571238206,89.5583634143493,39.5955688871914,126.6875071725,0.724595461134198,2400.66031444427,14.5960413309478,24.1969103134492,1715.40375320184,223.023322132182,"0.028","9.3"
2020-02-28 13:00:00,2676.23237817669,366.365647400739,104.271410399923,1946.59974326746,503.107318716032,211.552242082786,1193.31148868615,728.283701257792,63.2565782171933,67.5055700021983,16.9991202672949,112.196285837062,114.001848434624,7.80979490811213,85.3088555220693,7.91900962851335,182.415458762442,3.47489049206182,32.2636885825334,17.00394719597,78.7604076357592,0.639510274579395,739.204541330039,4.20593265475788,18.6213095963398,2674.81142769883,174.197676653035,"0.035","8.8"
2020-02-28 14:00:00,2799.14065886978,254.787238855381,131.588614365098,297.933469611911,800.27990160099,194.028580387504,1203.05752938127,494.564165933832,9.62604006468862,64.5549178656296,17.2670065875353,125.684066506849,108.369408182022,5.32671381733767,74.3839054461341,5.29102874148772,71.1662404799527,0.701607666807797,23.0284339984391,12.1083032731617,68.6926796177587,0.653434125455063,888.055912946034,6.89205335633667,18.6486040510823,1655.46556841388,144.940435732202,"0.036","7.7"
2020-02-28 15:00:00,3483.93547460296,395.356984334262,166.064412054833,1288.22850529714,782.696089813918,272.46653046553,1472.02842503386,818.096691441605,37.225189745781,106.823036769497,24.8940142614883,133.754359086822,127.727670453789,7.54604021700265,117.446726716762,9.14159498667207,163.25358378191,1.17720230907213,41.3542002883469,19.64288367707,141.730871331489,0.671701162743658,4319.69068092293,6.95033253211562,23.5568191493737,2052.94636100824,149.335265187521,"0.042","3.8"
2020-02-28 16:00:00,3881.06304258216,554.866457342413,269.602969190889,731.744618926009,850.317348702004,384.118906809901,1742.14779202244,880.015622293027,23.641783336801,152.836114671153,53.7857117945912,124.655318799271,158.459281504831,18.5412739944478,156.490170382289,12.5588926552191,162.446779583634,8.13281522687182,79.5193841630354,42.5600520155928,139.638636004924,0.660681144456543,2672.76367190395,6.84171887290603,15.86646948368,2416.29684932431,161.230725701079,"0.041","2.3"
2020-02-28 17:00:00,3545.77880809507,467.101163800105,146.721164211213,544.060182152571,834.038721479577,363.325006704352,1318.39564288666,546.859075968626,8.2663621809414,136.102926053103,39.4155732274366,116.052613909901,149.076158268182,13.174446004877,155.811521729924,10.9824954733125,145.396431100767,3.10354478607957,71.7617904763417,35.4991703600077,139.769941397579,0.689473954613723,1078.96516538778,5.66394538413706,9.51912884513949,1870.04877583169,161.056884257243,"0.039","3.1"
2020-02-28 18:00:00,4651.44992042473,473.816719260856,111.53950496709,380.152697268309,721.683274237689,377.894042650001,1356.94575736901,524.088241708127,8.80797742188624,130.561938344551,30.3313614184367,119.77568224778,160.886549139955,11.4773041393477,193.784609352523,11.0355766646791,180.38437720656,1.62264137648395,91.5105708758718,45.9719658799315,385.698840971957,0.715575402781198,3109.40554624472,3.45004095762007,15.5366178610543,1467.63589925581,178.12309291657,"0.023","1.8"
2020-02-28 19:00:00,3830.36443902398,817.593829626267,111.566866887424,267.006086580744,676.593350983905,297.319116375312,1099.27197431152,381.377490021644,6.77122401324906,104.474823902001,31.2698330261966,117.249211476237,135.10489663861,13.966583563454,165.043830408042,15.603573252315,118.394888011054,2.9185930440079,58.9401037115687,36.3278438864766,469.789851611699,0.720773008251221,2251.10443245935,4.34114824374978,9.07008269571484,1241.8510865104,157.02479407155,"0.008","5"
2020-02-28 20:00:00,4307.17226871087,2100.44714736701,144.02155635352,530.10791113949,694.069638946492,381.381009801289,1280.19319971661,529.580816730494,14.8171432705539,124.249477790635,40.4734409117671,124.501238879891,161.146958403874,21.4435424536224,208.484585124886,26.7228168162702,157.275469038548,6.07793645801045,76.8333920804677,46.1346054145675,577.43965877706,0.730789295942506,3338.04151698723,5.47839585412954,13.7100169521996,1547.30103279242,179.963870723666,"0.005","9.1"
2020-02-28 21:00:00,3650.29879290077,995.250139620458,115.565197898555,488.735769707908,630.686638042154,338.103461100417,1165.30070109953,483.796013607873,17.1636509662108,107.458112576852,41.5790915583199,122.256266526173,144.859968207986,21.5551310331244,173.880274958547,29.6210168575419,130.285491686575,6.87215554621427,59.0619330275007,38.8388247524228,527.794641880248,0.735808524623808,1993.59382100564,6.68460755593134,10.6321493495416,1492.92984401468,158.933610129995,"0.03","6.2"
2020-02-28 22:00:00,2837.20941150657,517.792141519678,103.813099606291,376.720527028206,563.116422425452,229.380752910817,1069.6344898593,387.064328796833,14.3708996184842,77.5683446212763,37.9796583832341,110.754972607558,121.62183402205,18.6408348658485,116.210722527932,27.1206402917345,84.7553688480915,5.49559050702911,37.8675595075888,29.290230343627,442.245865227236,0.721839923955562,1034.68942311352,7.11675764001822,7.66289743465398,1230.60018833106,141.491522837314,"0.039","1.1"
2020-02-28 23:00:00,3220.51608210566,534.545583507749,132.159439061677,458.238584731943,505.734222273913,268.323992916173,1143.57197496557,400.771608207063,19.7406283640811,90.6333228707838,44.1579077649899,116.958311814248,146.2520781722,25.3242994896267,145.081783062807,35.640822902637,100.731961321103,7.74339403252078,47.2666546321722,33.4864312229669,533.432965237977,0.732668087927846,1916.05208354464,7.73752481296358,9.67352277282646,1345.17282685295,141.453328712991,"0.029","0.6"
2020-02-29 00:00:00,2919.56145665835,391.991641266226,99.2764459752877,465.443370673945,469.740680734775,243.79885963924,1127.72708130338,381.805478784795,24.8338921988215,94.4213116641694,48.9668008905137,115.836875927512,147.992623211162,28.3851847378908,165.739791522949,34.7167790497624,101.463480494659,8.99098882024836,44.5348542012806,42.2809973509237,1151.34561715155,0.739355814126831,1139.13953393537,7.00306872486415,5.96565875493718,1308.44999709207,147.854322510499,"0.026","3.5"
2020-02-29 01:00:00,2779.58463583055,516.142604265079,143.112131540554,448.908660918637,416.996479044529,271.521651485384,1191.70884505147,343.14790225202,16.4247139673328,92.964386261733,39.7715486373755,110.886071584297,160.180242097898,19.1253861745013,177.488405930601,23.1989436355432,133.788051385408,5.13623069989021,64.8574270753686,43.1885117274029,716.702600206446,0.727401004445757,1601.05905788612,5.5485057472902,6.9803999087162,1267.75594344658,152.905417563448,"0.027","5.7"
2020-02-29 02:00:00,3150.3566012792,445.201188933143,145.23234845026,541.416987687325,428.290940967345,239.549768287291,1233.41142968464,372.752840292922,16.4268065271692,94.7167189631919,39.4991667419246,116.252992874235,133.435882785239,18.3702060875578,141.273488343285,25.7324804937717,95.8211663955904,5.01429194607531,43.8500428142025,32.5136453920684,483.416115371745,0.732489446743408,2472.75724869991,5.6496778522962,11.2399018015619,1399.15003136741,144.141115431202,"0.024","4.8"
2020-02-29 03:00:00,4190.09150949382,465.398691736926,149.33687324402,654.694340597751,555.500304530777,313.916702443453,1282.68666174064,540.536427971545,16.6630889292785,110.752166660571,39.3463409188427,139.054209305712,150.935225262764,17.7294752882262,192.586762618442,26.9553944199069,140.344315659051,6.37817928591995,62.7063648846791,40.6640018528761,472.934361495482,0.732125001837599,3685.47034703575,5.92734459742961,15.4322553947684,1758.44730888964,162.765752700763,"0.028","6.2"
2020-02-29 04:00:00,1594.83217152476,169.312355469194,108.096909770542,220.230232538691,428.974171319635,132.462819471036,900.889300318511,204.349371989412,3.40802224185228,33.66916486264,11.5927768401052,116.438080506707,88.8962035052776,5.0928942035947,45.9978595796213,3.57788587729874,26.8262633236427,1.58782879636954,10.5208769033676,8.8400915773384,93.7895439820406,0.799196018460804,892.995309285854,3.54751227180151,5.43378684002627,921.247339319863,121.126580427339,"0.038","6.2"
2020-02-29 05:00:00,1440.19293001568,192.768822598612,102.739771398498,543.124814514933,469.072865885304,127.119490922534,905.524458571739,255.307447294292,3.00056637235056,36.0921917278954,11.5419383906995,113.934719003079,85.1711681392812,4.77734130497982,34.9001512168959,3.58646986556762,17.9697721389878,1.33967955344784,7.43118576990893,6.48545646301339,81.4748544874945,0.852636351328533,709.516885930484,2.61316019475818,4.02928348000717,1240.4596649053,120.97018289562,"0.038","2.5"
2020-02-29 06:00:00,1271.58606513647,194.690180423338,134.952008941897,336.36726211514,239.191193737824,142.434204556501,803.901200639441,198.734180629666,2.07847048082223,29.2565844202641,8.52967922609869,102.324406601652,95.3149351599502,3.04227942436973,40.9507533844095,2.87028944927973,28.9833420666678,1.23342490131653,12.5171504195986,7.30836064458881,57.3754807905012,0.766767476315446,760.98465843059,2.42094404848721,5.51769935490758,885.809216702075,124.131352308529,"0.039","1.3"
2020-02-29 07:00:00,949.486543426693,141.468516631815,85.3818446622739,170.959237463559,107.281386450426,117.596181040082,625.427656817012,82.2132270502435,2.17614403763224,19.5048355872679,5.73014824710558,94.2807198338264,99.6547988524063,2.31701434230179,36.8655352635778,2.50541528687904,23.1172367507762,1.020838335338,10.0699389578265,5.26299365333128,37.8704765799455,0.656892473713791,420.26002043841,2.37689221792764,4.23877760320395,592.624532098248,123.756503714819,"0.041","0"
2020-02-29 08:00:00,767.86900321641,129.051914985505,71.5051354774257,126.786709481376,67.0448320631626,115.22792651081,520.991747464072,64.8840764808593,1.86171617237162,16.6347298612648,4.19725599216891,86.7246540819791,109.667385586648,1.67965905321728,46.3821368931796,2.07849657245733,32.0305414076721,1.07471635331422,14.1758918048126,5.9743767097136,25.0726116764059,0.553946319198329,256.616573730859,3.03519397677558,3.58022089694554,456.499763731283,126.477728571837,"0.042","-1.5"
2020-02-29 09:00:00,1166.5517777599,169.428145206157,98.8153768209736,201.338198542284,97.8205400888305,132.548844975536,557.633089656292,117.097152191571,2.54683532853753,22.3444773980136,4.92012615861963,85.1357776158729,117.424176278887,1.92994950480154,53.0554086858056,2.54475891743767,39.3249866564703,1.26817804300028,18.2025170494462,6.74335754795439,30.4873087491146,0.531719552482319,451.670405218825,3.38990388716068,5.72400598367423,566.481903105336,134.905640102877,"0.043","0.1"
2020-02-29 10:00:00,965.760095576625,184.848053116127,66.5050695776284,169.82878527191,91.5432817476345,172.039921170868,467.178513157992,70.2865412660636,2.11086762087045,23.1822015922426,4.51761662326154,82.8662069655786,130.135162537673,1.89672022458107,66.1170897442277,2.08665162000255,49.2239857828991,1.07971432605075,23.7710810112606,8.13860227881229,26.114558445305,0.491014809942107,429.445053129095,3.03409377581793,5.1627131497873,513.116653576259,138.414158064458,"0.042","2.1"
2020-02-29 11:00:00,1169.54610143404,218.460813999757,82.5603992764688,196.449229913774,87.8962136821145,182.471844177175,508.563478588908,88.3364870574929,2.49817138497445,30.8446973622399,6.28466428822202,83.8792296094539,141.859077102185,1.87276900247837,87.3537944508544,1.80648380876452,74.4557466647454,0.975229960783178,36.9316620286725,13.3239412861554,30.9428468218389,0.505071051676125,655.479644464866,3.23256299330163,7.65178988821386,535.639925364163,147.765882162193,"0.042","0.3"
2020-02-29 12:00:00,2239.80733118487,223.386778701057,105.395660609456,278.46942659964,108.946364661244,186.732496756796,601.144878379229,152.409790951831,3.12419887977074,31.460787678701,8.20934227081256,84.0812672914431,146.86635482262,3.57316390374284,88.0106474361005,3.0687531588852,72.8850712262623,1.40048878284776,35.0347546679464,12.8438755962616,39.0580152435125,0.532610121441764,582.440946407301,3.39997728797433,7.96178952265575,708.252965559514,154.748066291317,"0.043","-0.3"
2020-02-29 13:00:00,1294.14829264933,222.195305981695,101.0841852427,351.914005190962,152.798336735288,159.99829643839,627.952728548272,154.472574292805,4.17918938904578,29.4535817443864,9.1977698442644,85.0443550808512,134.332707506714,4.31062269559048,63.9079628616728,3.4615890566363,46.791997069097,1.68905114790201,22.7569257766772,8.69198341057498,43.2486599664504,0.542662515581732,547.277989861535,4.11806483601582,5.21877910229772,808.719275503507,153.868933813595,"0.044","3"
2020-02-29 14:00:00,1200.22870202675,180.112929858052,115.575388066717,263.101562660307,358.205266676177,152.389766614944,688.65644848678,275.376556668347,5.62621921057838,32.3429803464132,11.9415580540918,86.7118947258704,126.77832506913,5.03504425091321,49.8122031285026,7.65676547170656,33.6984422974786,6.4914628521526,15.8743584681693,7.16758486115576,53.5649545021792,0.60399057086607,431.168834077366,6.794773253013,3.3207039888391,854.64257900561,145.446340974913,"0.043","3.3"
2020-02-29 15:00:00,1325.81625767381,184.535459158231,219.97702482484,230.73154974221,271.992823699589,146.970828642724,681.632659733989,218.114490848532,4.03835346542392,29.4226325386406,8.66068428107952,87.0532488647508,129.837046763657,3.2720806548231,56.559579586223,2.69756536912801,42.8870237338438,2.19883399297284,20.5698515556516,8.87556282547377,46.9177620249318,0.58835125750939,365.509970541713,4.83318881793947,4.48755861885397,760.740801376682,146.864416263182,"0.043","2.8"
2020-02-29 16:00:00,1422.9180421754,218.953865256979,178.952167354807,242.991769706394,199.01647255261,176.058163523399,649.85000343479,182.980698007999,3.48819323860266,35.6468201593683,7.65675691009515,96.2016815891345,144.064223186873,3.13730650438516,75.1284506818501,2.40816941086876,61.1063787168823,0.657034169576308,28.020838551235,11.7502124169439,50.7142394748853,0.61126792749896,776.353978264393,3.74477362809559,6.65339545814886,728.730453824189,149.923274763075,"0.042","4"
2020-02-29 17:00:00,1794.30656801517,228.672132963407,68.9942657074593,401.389981120566,167.512631882068,192.651125600514,586.353659432038,128.237694459126,3.63372398102824,41.2448014045785,8.63215172542085,91.9681903369856,145.179968938015,4.41703957965936,85.0014957920414,3.00762195734333,56.38198810868,0.892318191867142,25.1524847030431,10.8015078098667,67.4196402345069,0.658701820536288,666.61974000584,3.12811974278423,4.4124473808318,949.919584962317,159.735577413873,"0.041","2.3"
2020-02-29 18:00:00,1230.22431028125,191.57481587965,76.5606918370605,416.328254241313,141.214700081956,149.78392150392,761.252115090586,136.374283430927,3.60502956057752,30.3390078723968,6.98860661100718,86.5612728671814,136.813236150519,3.70197178505548,64.9077005842132,3.95919157878185,49.1843519203998,0.385063577843974,23.548041792634,8.969685123349,63.3888797038925,0.600957900174631,666.180110276165,2.33198612213364,5.24155642328914,943.57247508604,147.8572632101,"0.04","0.9"
2020-02-29 19:00:00,1696.92121757868,242.852820843298,82.7207479713983,307.373467573656,139.819370013894,194.089830941379,558.973153289017,136.943581257306,4.88357710618173,39.1269615719478,10.535470942326,89.9616186534387,153.241697369537,4.87402785148771,85.9715707083219,4.88513395373958,68.1859220215675,0.887907101639773,32.8751489769814,12.7892293603092,58.8492121327789,0.629200195687635,1339.92545118764,2.85570071590992,6.67050640309315,773.767485515893,161.705202018115,"0.039","0.3"
2020-02-29 20:00:00,1433.89653727659,201.978180999065,53.8402505313122,220.657456372962,144.605746061188,168.646906529435,486.980121881995,101.72591924655,3.28103217127876,32.656610411278,8.89274673401618,90.421237961084,138.268401333904,3.19732543463247,60.3672344231021,3.33246648283153,41.4743601463556,0.729171971193254,20.1922220785996,9.33618223596577,54.6621162960906,0.731554543984534,1424.50727369599,3.47410905680683,4.57135153194622,643.854392800541,145.34224020906,"0.036","-0.8"
2020-02-29 21:00:00,3231.62050327618,237.240265511248,66.7455261038502,367.385147523874,111.189277020602,181.941219209342,547.050271572577,98.887546849776,2.79026877503133,39.4103438606619,7.99659844514417,88.4051362504165,149.97078565338,3.11613181068287,77.81139862843,4.10125147157603,56.8518403183675,1.01798960639901,27.27766796068,11.8301997873288,77.676232055869,0.704530040942395,1653.13248958236,1.97458893901337,7.79076659892142,862.441830627407,149.509058944337,"0.035","1.3"
2020-02-29 22:00:00,3718.20027417827,332.985486562788,95.2094135338983,545.356156918098,128.311233476467,256.170357639611,653.786165406322,185.192355535318,7.90181359843667,61.3929032606389,14.2943339269306,95.1739627165139,181.085910856767,10.2579181307082,127.398668839704,11.9591624282186,105.281355329796,2.29368630922497,54.5426032886439,23.5522124246091,113.639762928036,0.688532055945282,3725.71656150659,2.64314175206479,15.2553296932492,1281.04443446093,191.186739193326,"0.032","4.1"
2020-02-29 23:00:00,3928.29676735286,432.577354276383,124.264149451628,640.670343813822,239.712591815652,329.976277548417,768.651698157183,353.57224198583,17.3292624907415,76.532360632752,24.7660541125636,109.134347771486,215.030969823463,18.4834989668453,183.512136270098,25.4944417123219,153.637723703466,5.16521693801968,74.9108328683103,31.6653274526062,100.15591272274,0.681969366986453,3949.66462875464,5.00556463523271,15.0285121545501,1479.68158061921,204.063941936284,"0.038","2.2"
2020-03-01 00:00:00,3245.94792837377,406.782070742523,84.8049171149554,373.659650208478,211.617795984993,323.659184542772,710.524598219898,290.62647301249,12.4769995693575,75.4629374052333,22.7133330505423,112.244135308618,202.67597122616,10.4058857917114,186.096575271328,18.1878437654936,145.643914716115,4.30770516295128,68.5382360289694,30.279091337911,77.8500044050831,0.729615908871609,3240.01071957372,5.30947472491366,12.5900781678645,1063.97927170404,164.462189314646,"0.036","2"
2020-03-01 01:00:00,NA,NA,NA,NA,NA,NA,NA,NA,NA,NA,NA,NA,NA,NA,NA,NA,NA,NA,NA,NA,NA,NA,NA,NA,NA,NA,149.534863980722,"0.032","2.4"
2020-03-01 02:00:00,NA,NA,NA,NA,NA,NA,NA,NA,NA,NA,NA,NA,NA,NA,NA,NA,NA,NA,NA,NA,NA,NA,NA,NA,NA,NA,180.126748921479,"0.027","1.9"
2020-03-01 03:00:00,NA,NA,NA,NA,NA,NA,NA,NA,NA,NA,NA,NA,NA,NA,NA,NA,NA,NA,NA,NA,NA,NA,NA,NA,NA,NA,173.226681841736,"0.031","4.2"
2020-03-01 04:00:00,NA,NA,NA,NA,NA,NA,NA,NA,NA,NA,NA,NA,NA,NA,NA,NA,NA,NA,NA,NA,NA,NA,NA,NA,NA,NA,188.439442252608,"0.03","1.4"
2020-03-01 05:00:00,NA,NA,NA,NA,NA,NA,NA,NA,NA,NA,NA,NA,NA,NA,NA,NA,NA,NA,NA,NA,NA,NA,NA,NA,NA,NA,181.90416180524,"0.03","0.7"
2020-03-01 06:00:00,NA,NA,NA,NA,NA,NA,NA,NA,NA,NA,NA,NA,NA,NA,NA,NA,NA,NA,NA,NA,NA,NA,NA,NA,NA,NA,161.684369148405,"0.028","1.3"
2020-03-01 07:00:00,NA,NA,NA,NA,NA,NA,NA,NA,NA,NA,NA,NA,NA,NA,NA,NA,NA,NA,NA,NA,NA,NA,NA,NA,NA,NA,172.850666858828,"0.026","1.3"
2020-03-01 08:00:00,NA,NA,NA,NA,NA,NA,NA,NA,NA,NA,NA,NA,NA,NA,NA,NA,NA,NA,NA,NA,NA,NA,NA,NA,NA,NA,179.005868682662,"0.027","1.5"
2020-03-01 09:00:00,NA,NA,NA,NA,NA,NA,NA,NA,NA,NA,NA,NA,NA,NA,NA,NA,NA,NA,NA,NA,NA,NA,NA,NA,NA,NA,184.323524643063,"0.03","2.2"
2020-03-01 10:00:00,NA,NA,NA,NA,NA,NA,NA,NA,NA,NA,NA,NA,NA,NA,NA,NA,NA,NA,NA,NA,NA,NA,NA,NA,NA,NA,190.280828864,"0.032","6.7"
2020-03-01 11:00:00,NA,NA,NA,NA,NA,NA,NA,NA,NA,NA,NA,NA,NA,NA,NA,NA,NA,NA,NA,NA,NA,NA,NA,NA,NA,NA,200.79311463006,"0.033","9.1"
2020-03-01 12:00:00,NA,NA,NA,NA,NA,NA,NA,NA,NA,NA,NA,NA,NA,NA,NA,NA,NA,NA,NA,NA,NA,NA,NA,NA,NA,NA,186.681625555156,"0.036","6.9"
2020-03-01 13:00:00,NA,NA,NA,NA,NA,NA,NA,NA,NA,NA,NA,NA,NA,NA,NA,NA,NA,NA,NA,NA,NA,NA,NA,NA,NA,NA,162.190334794676,"0.039","3.8"
2020-03-01 14:00:00,NA,NA,NA,NA,NA,NA,NA,NA,NA,NA,NA,NA,NA,NA,NA,NA,NA,NA,NA,NA,NA,NA,NA,NA,NA,NA,150.724759348334,"0.04","3.8"
2020-03-01 15:00:00,NA,NA,NA,NA,NA,NA,NA,NA,NA,NA,NA,NA,NA,NA,NA,NA,NA,NA,NA,NA,NA,NA,NA,NA,NA,NA,150.121703634705,"0.041","2.3"
2020-03-01 16:00:00,NA,NA,NA,NA,NA,NA,NA,NA,NA,NA,NA,NA,NA,NA,NA,NA,NA,NA,NA,NA,NA,NA,NA,NA,NA,NA,147.503606728321,"0.04","1.6"
2020-03-01 17:00:00,NA,NA,NA,NA,NA,NA,NA,NA,NA,NA,NA,NA,NA,NA,NA,NA,NA,NA,NA,NA,NA,NA,NA,NA,NA,NA,146.174970036655,"0.04","3.1"
2020-03-01 18:00:00,NA,NA,NA,NA,NA,NA,NA,NA,NA,NA,NA,NA,NA,NA,NA,NA,NA,NA,NA,NA,NA,NA,NA,NA,NA,NA,153.978782454991,"0.041","1.6"
2020-03-01 19:00:00,NA,NA,NA,NA,NA,NA,NA,NA,NA,NA,NA,NA,NA,NA,NA,NA,NA,NA,NA,NA,NA,NA,NA,NA,NA,NA,155.996169142683,"0.039","-0.1"
2020-03-01 20:00:00,NA,NA,NA,NA,NA,NA,NA,NA,NA,NA,NA,NA,NA,NA,NA,NA,NA,NA,NA,NA,NA,NA,NA,NA,NA,NA,160.440405530423,"0.039","0.6"
2020-03-01 21:00:00,NA,NA,NA,NA,NA,NA,NA,NA,NA,NA,NA,NA,NA,NA,NA,NA,NA,NA,NA,NA,NA,NA,NA,NA,NA,NA,150.447951383259,"0.039","-0.6"
2020-03-01 22:00:00,NA,NA,NA,NA,NA,NA,NA,NA,NA,NA,NA,NA,NA,NA,NA,NA,NA,NA,NA,NA,NA,NA,NA,NA,NA,NA,156.580344681784,"0.038","-3.4"
2020-03-01 23:00:00,NA,NA,NA,NA,NA,NA,NA,NA,NA,NA,NA,NA,NA,NA,NA,NA,NA,NA,NA,NA,NA,NA,NA,NA,NA,NA,145.034730854456,"0.039","0.2"
2020-03-02 00:00:00,NA,NA,NA,NA,NA,NA,NA,NA,NA,NA,NA,NA,NA,NA,NA,NA,NA,NA,NA,NA,NA,NA,NA,NA,NA,NA,141.362058934799,"0.039","6.7"
2020-03-02 01:00:00,NA,NA,NA,NA,NA,NA,NA,NA,NA,NA,NA,NA,NA,NA,NA,NA,NA,NA,NA,NA,NA,NA,NA,NA,NA,NA,139.87337188564,"0.04","6.1"
2020-03-02 02:00:00,NA,NA,NA,NA,NA,NA,NA,NA,NA,NA,NA,NA,NA,NA,NA,NA,NA,NA,NA,NA,NA,NA,NA,NA,NA,NA,136.753572552623,"0.04","4"
2020-03-02 03:00:00,NA,NA,NA,NA,NA,NA,NA,NA,NA,NA,NA,NA,NA,NA,NA,NA,NA,NA,NA,NA,NA,NA,NA,NA,NA,NA,137.85377033454,"0.04","2.9"
2020-03-02 04:00:00,NA,NA,NA,NA,NA,NA,NA,NA,NA,NA,NA,NA,NA,NA,NA,NA,NA,NA,NA,NA,NA,NA,NA,NA,NA,NA,141.90224408054,"0.04","2.5"
2020-03-02 05:00:00,NA,NA,NA,NA,NA,NA,NA,NA,NA,NA,NA,NA,NA,NA,NA,NA,NA,NA,NA,NA,NA,NA,NA,NA,NA,NA,146.539653029238,"0.04","4.6"
2020-03-02 06:00:00,NA,NA,NA,NA,NA,NA,NA,NA,NA,NA,NA,NA,NA,NA,NA,NA,NA,NA,NA,NA,NA,NA,NA,NA,NA,NA,161.185439523321,"0.039","5.2"
2020-03-02 07:00:00,NA,NA,NA,NA,NA,NA,NA,NA,NA,NA,NA,NA,NA,NA,NA,NA,NA,NA,NA,NA,NA,NA,NA,NA,NA,NA,163.184748419175,"0.038","3.2"
2020-03-02 08:00:00,1252.79983810031,270.834008809048,131.116778188779,276.12312528187,3808.74872385847,165.780091846193,639.597790672656,133.764972895998,7.8593608794278,22.5296500726343,9.08264837770157,99.8304133938566,159.332571412007,5.21237459619693,81.4147375255848,5.46336804770146,62.4769869591045,0.864318318158349,29.357782652208,12.7581585342955,41.986797114516,0.449811059521598,667.320883836338,4.13051553677582,26.5913747903764,895.487237443795,168.220760597381,"0.037","3.8"
2020-03-02 09:00:00,2151.7829208278,458.745233923809,167.404112468991,588.858353003326,104.302771630452,229.010798161003,949.346228481337,199.819631587474,3.59537516730095,38.2604674477046,11.5530812270597,102.401324416188,174.337041795376,4.20210266194733,118.196416512406,4.60764620251525,97.4286113720209,0.456717393146954,46.9037344162572,20.2167389082487,51.5591350390817,0.59680623337066,1935.96401350373,4.26054025969194,27.1152889387011,1219.3110817815,168.217496261867,"0.038","3.2"
2020-03-02 10:00:00,2477.13597977994,1104.81313005904,145.2317342735,582.548649133902,118.868596181762,230.290446076859,1370.86058404118,225.355181341553,3.16342683497149,43.5167566054102,11.788630805506,104.686189719716,173.437176523887,5.20517387295413,123.985077653105,5.62301346564436,102.758615715391,2.09709348740176,44.6324842230303,18.227257542464,51.0949387006968,0.600345351615982,1653.38689998408,4.64772035633521,33.503694916169,1148.90282819309,174.403556180079,"0.036","-0.6"
2020-03-02 11:00:00,2529.84433934082,560.065791257952,434.391401431074,428.109306654407,247.138683227297,328.241509118179,1324.59506300719,363.810046968924,5.41331658942114,71.1625450416084,20.763617655574,121.567985727466,184.222494605491,7.87194117528494,144.042942615507,10.2908689284883,118.018745420233,3.36957142312652,49.4978043520749,22.7513161489612,134.440226730439,0.610504793531378,2768.6010857057,8.57897669715422,36.4684995444986,1139.58891917542,171.00017045053,"0.035","0.5"
2020-03-02 12:00:00,2295.46520510823,437.442294434907,320.163833137865,403.515872747875,186.984441431149,264.373609721288,1276.16104949437,293.108028686426,4.35599580048169,60.514186294772,15.4057227110114,113.748265548135,178.054313054315,4.73145568336981,135.462547726553,4.98738908376991,115.723658830567,1.90120789798947,57.7973239537584,24.0210533430355,58.6290062204696,0.615210924924662,1784.53684857869,5.43781826227198,23.6326303902442,1026.75696833198,168.836421120899,"0.035","3.5"
2020-03-02 13:00:00,2499.76744563866,400.86789326838,199.160854988071,396.841329465641,110.698135717827,256.930121990841,1141.90890071994,312.293431031788,3.8264894311918,58.3447901312423,13.8557324075826,113.177823133511,171.741571888556,5.19511141123874,145.60887905829,4.86547853440751,117.363453405773,1.39428522588465,53.9169981857382,21.4615104860148,47.8036546912974,0.626852855567058,2026.97770763644,5.20476872601499,19.0100396275678,996.19587013774,164.706331405718,"0.037","3.3"
2020-03-02 14:00:00,1611.32293087114,357.391499330969,90.6629300393193,286.872205158963,105.339639168335,240.963065351932,777.456194354658,206.315245044334,3.01360888536519,52.4527882013427,13.2097388168302,120.196293284842,161.0855572327,3.08992673046877,123.613370975827,3.0121154302155,126.521342439391,12.8360156779372,43.7467364344177,19.6814010425117,56.58099914144,0.637959461455283,1347.47998686513,5.43057676038281,14.6171887534025,866.275503968454,163.543953371387,"0.036","4"
2020-03-02 15:00:00,2934.19434860155,694.877734598345,313.070481265564,482.319305498345,118.289480575665,277.262929504381,4609.15681713056,589.306021477399,3.36876147114763,51.3788423832656,12.6416385106355,102.138639097568,178.111598826167,4.18155805815525,136.386995127875,3.4253151744362,123.206716049029,0.775160979607833,54.9310371139015,21.8788164113923,55.1618182282287,0.644301111033872,4990.46083799289,4.89007446576772,13.223934530871,1111.77603112566,166.416551069797,"0.037","4.3"
2020-03-02 16:00:00,4562.40376841431,374.74713414615,330.583491276018,488.762072752464,69.1470405484576,257.714620833112,1276.48365323052,300.731387604165,2.84822309976137,44.0595066629944,9.71727009579205,90.9278654510264,174.300066106013,3.26041620598454,140.759454398349,2.76311399413812,116.382294676339,0.948590673914719,56.7495194109145,22.3408378287173,46.4183076391199,0.642979756478928,6483.83029553155,3.44870401149991,5.35755849966967,1029.01340255056,164.308458087878,"0.038","4.3"
2020-03-02 17:00:00,8155.74512056386,314.49750961335,457.382709888402,499.022809556607,86.8157315975098,220.007282326976,1052.33038255104,294.797989494797,3.23812393108589,36.5448982423319,8.30316706144028,86.4976651135901,162.922217823421,3.49037240802585,114.73031276442,3.78406012178743,102.175815769182,0.891130966009856,48.6782583272663,17.678439648431,43.3742885833884,0.649493426213269,1942.64232371774,2.45130339399785,6.08853161408187,1137.06051707047,155.724739617514,"0.035","2.1"
2020-03-02 18:00:00,2226.03685367954,304.769541623861,147.003805252116,360.714320456347,91.7915841231812,238.698935354011,657.545653824046,145.265331674498,3.56114725698736,49.5389606533986,13.7312182696145,93.7443080260029,164.842690663859,4.68881194405025,114.067013768782,6.36881043113423,90.4388407917837,1.06566902864139,46.5220799537717,20.0835911684897,79.5304005498865,0.67469070570319,1880.04854920769,3.35569839966547,7.95772032832941,940.876623779402,156.996649192023,"0.035","2.3"
2020-03-02 19:00:00,2520.63137437642,414.846218578293,116.625600720695,797.357902669855,168.15770811424,291.877258875907,750.481755682029,185.049885557342,4.86464807449756,64.3150228219723,19.9110385505038,94.8341616762032,188.193109926567,5.90500822276016,154.657888546517,9.86822131925405,121.480920852499,1.89957205025283,59.0227056037783,27.8946737784351,166.571724902158,0.674788837360984,1641.80128957237,10.7051886816113,7.43750055687597,1750.95561832787,NA,"0.03","3.5"
2020-03-02 20:00:00,2851.07562752469,472.872067716671,168.389765412333,743.205921286293,188.663782052132,330.724365516622,751.167501953009,262.226842325911,6.70981683516272,67.6840041467589,20.3639255781518,96.0735072034441,204.373613575701,7.19367798781044,186.788370436042,12.9262562073883,164.700514351003,2.40679290833117,85.7081087659192,38.4847395706842,163.427343738521,0.674379759127622,3960.37621723377,12.4636096370882,8.55387602692285,1796.72827733873,NA,"0.029","2.8"
2020-03-02 21:00:00,2312.17475222023,353.772311572266,98.9206917193152,382.059899594519,108.494507980732,265.05091317357,707.093384715204,130.031703496059,6.67315022953623,55.8915364736578,17.9342159395581,95.856650036583,171.085290171367,7.00168046071644,146.243191718111,10.9111652619682,112.209519487746,2.36772471392833,53.1882518989391,24.0604355130059,109.773099759701,0.682233088340061,3174.25421223993,6.3421083297378,8.61859105330578,1116.48992197753,NA,"0.03","2.8"
2020-03-02 22:00:00,1630.18420185411,300.096950040232,98.4260882308591,436.7320209424,142.124428595064,205.30273522291,663.819554225466,125.357240500357,6.32351514586728,44.8496243994065,15.8280950808761,90.7890989032075,142.795108297265,7.27170960387222,99.8616451869088,9.79219033422099,67.1871713321063,2.13439074465548,32.669724345599,15.5684784824045,90.2860685778819,0.721031212229406,1763.99279324238,3.79628481823921,7.51253864982797,1122.89532534086,NA,"0.029","3"
2020-03-02 23:00:00,1826.91918239845,378.819627880199,128.739659612127,614.314639627658,157.907242027562,265.542953599456,772.386578262221,155.159818161245,4.00195640748522,53.874816932152,14.8213250699891,87.2220919982365,169.385951129137,5.74550723468703,136.810135877391,8.79195289254485,105.205063637168,2.0604174518142,50.6322683643751,19.9522335669073,96.8377070635701,0.748322483968325,1650.30930705673,2.62503558567202,7.24238626867776,1473.11520694178,NA,"0.032","3.5"
2020-03-03 00:00:00,2548.39794428198,484.35590196476,148.418272566841,803.459625556708,277.834590438551,324.554035619942,839.858727886929,313.065616482549,7.15254079590153,72.8803797321332,20.7301639831779,98.0420420464729,176.867040065735,9.35364849775111,154.401156310518,16.4350186960837,129.83115025047,3.21895604644657,63.9745285933563,29.0423539163895,154.382578617987,0.766464727906815,3045.08572031498,3.62499211976843,15.3446633343667,1885.79404924461,NA,"0.029","3"
2020-03-03 01:00:00,2401.43345202483,411.145990811627,118.006890103438,552.227250064806,219.494934929719,273.542341573097,771.056931634996,197.623477682707,6.44319940689017,67.6969955133012,18.7612348960373,98.9133839846291,149.649991158117,6.84698655578252,132.327874834326,16.1882208930178,93.8297755821045,2.48963293933556,45.2511883334741,21.2313605501986,129.603466420497,0.781669264395628,2191.66783705944,7.01288981090696,10.8771170950876,1477.3593940762,NA,"0.028","2.8"
2020-03-03 02:00:00,2514.84746745556,350.696035723046,202.645549493594,537.175233379,183.918182695225,224.213219826868,774.965247172778,206.06586732652,4.37880767045903,64.0774631455861,16.5232518691591,90.5002991349654,139.130313336825,5.28261749693386,121.099061449231,11.0527511774585,75.4206525107929,1.87161036813945,33.4338192640582,17.121168467289,113.356444500901,0.805524539390623,2143.860186997,5.37251077262942,13.1579161054403,1357.01447090918,NA,"0.025","3"
2020-03-03 03:00:00,1480.59320900656,224.770045082995,66.0914855109072,243.453627638067,121.133570785398,173.89094233386,593.823080083362,102.588637419917,3.65689429168381,44.218324614073,11.8127711596082,75.4780308047626,115.748226804343,3.83283593366707,79.5175681029568,5.60744378102897,44.4375656668217,1.27971394268091,19.7307873287138,11.0387077556398,128.966752631476,0.829341909065234,1024.92698800045,3.41532812291461,6.47312283865837,785.421644952054,NA,"0.025","3.1"
2020-03-03 04:00:00,1486.90965282188,204.999873457837,141.044636847311,476.873016363688,117.082750772885,135.021697617302,678.209440340316,142.467486938245,3.38370103345854,37.5458226160238,9.39697207941226,68.855477862178,97.3970823956978,3.67711452300693,55.8639786429022,4.38492983030589,31.9282765866586,1.34956165097832,13.9218749823329,7.91413568454907,141.349789099829,0.852846916625464,994.293864091219,2.26243065831282,4.94336778111727,1200.88442692638,NA,"0.023","3"
2020-03-03 05:00:00,1377.98950065867,172.521402729153,249.412434412479,521.882393624771,140.965450022599,120.415333316124,663.971215572766,158.423891877951,2.69198319658748,29.4708918487394,7.05732781069186,58.8683716022947,87.0438393836005,2.6518966936117,46.2075350140895,3.84543586403571,30.8421337475511,1.01317564818664,13.2162403801471,6.86781026535746,84.4819483451677,0.879435049566756,731.791725630986,1.63817008340449,4.3824095810586,1253.74496034736,NA,"0.028","2.3"
2020-03-03 06:00:00,1688.93742935558,210.091039320189,145.062881784493,417.586233994548,124.672035800892,160.104721461769,660.001764250529,131.410132038453,3.11340919506329,39.2202742492908,7.78053806506403,62.3032451280563,104.15753138265,2.94381325476648,70.7796597434594,3.92810194583391,50.5001025452183,1.00625039971315,22.9213561096427,10.791567131898,111.12738537344,0.88589435682525,1058.12918606999,2.68992382565936,8.55881881352924,1084.71327114938,114.885640166459,"0.023","4.5"
2020-03-03 07:00:00,4036.24006822193,486.862953338515,189.530273142566,1141.05689440472,258.08102806122,374.113375587926,840.339441581032,757.787381379927,4.06333372951392,87.115687245114,18.2427287429679,77.8943649146275,201.278904973311,6.11951178642383,213.921120595398,9.62657081373904,198.397033164206,2.24465311698507,103.325565037809,46.4637733666993,196.322741756379,0.862132638074033,2001.59418617739,4.17928993047255,17.5178646215689,2503.42343852489,NA,"0.016","3.5"
2020-03-03 08:00:00,6152.6768752277,572.581225207831,132.355938849346,885.72535450956,230.145146619263,523.140084998409,799.807442101555,627.030508800999,4.29106543982668,112.164680896215,21.5662281384702,86.7397340424422,242.30892673345,6.82648641558815,298.354732246851,9.01576151579462,290.248357817353,2.03672220715607,153.298280822191,66.9467805571302,206.76730968578,0.876367105239409,3337.8672956993,3.85212178956232,30.8608911911122,1996.2979598589,NA,"0.021","0.6"
2020-03-03 09:00:00,4905.91726424512,439.159792558862,127.211168434105,944.208302251351,220.65166923068,338.092685130033,817.097275989435,620.859565997682,4.99009959507328,85.031734719619,18.4341694297005,79.0359885549641,173.543850162038,8.56863059935065,176.523934175971,9.85891109030059,169.233829314218,2.5396876514143,85.2221081688036,36.9110701990271,150.124636351965,0.880503953439659,2763.53274790742,3.39870294406262,50.7230415322319,2079.61020065914,NA,"0.02","0.3"
2020-03-03 10:00:00,4069.55923471534,615.884746089359,309.146041619906,824.440396742121,239.156441791904,380.906400823225,1223.40813560681,483.991791270628,16.5259480211872,87.2220552171808,25.3966344701653,101.117712642815,163.026281601789,22.6133344344093,165.941990358232,24.4847521117741,163.66277064523,7.26018358351623,69.0608050307637,28.130634545982,87.6160351265685,0.833680331140861,12154.9210486673,6.01978156283155,36.9288365248052,1853.314387719,NA,"0.03","1.6"
2020-03-03 11:00:00,3542.27454145015,488.97160072909,438.170002635371,540.3325704817,216.62251058355,284.99963653842,1443.23816941125,589.611341634789,13.2810867168792,56.9690024798525,17.5414824171278,103.409250619672,125.243225545914,18.440077569702,89.7709329252706,16.0425753990984,99.9137842592408,4.67572299604321,28.6886278033127,11.736171238992,61.146725055643,0.633335791462583,14495.7831887673,5.86454691311496,27.7841124134861,1246.03844710221,NA,"0.039","0.4"
2020-03-03 12:00:00,2851.39057169074,418.792551951226,350.1001174546,406.304532179125,191.282122993295,207.523123666522,1873.42721322815,450.396314001631,4.95618136641006,53.9750080676591,11.8074007851521,92.4462890474194,114.923950127728,7.40881045985191,86.5757409986909,6.28336393369189,67.291739017915,1.46588960017766,31.7343685488508,12.4728147219501,73.7430031740499,0.607883087218904,5948.24984255988,4.60231930090593,19.4883379894757,1054.9067357533,136.503242717397,"0.039","-1"
2020-03-03 13:00:00,3150.94514914193,384.539181667614,461.620303715423,392.04391997004,208.891467750263,233.150314123776,2276.62230011639,836.301596612296,2.98702165513735,49.077204369906,10.1649439433424,90.5189235435359,105.614062570351,3.7346226252555,132.100968531434,4.24276911308425,52.3873567858622,1.11664363290086,21.1678163615827,9.28039161667948,56.0589950168629,0.646254332927049,9382.37888612456,4.49193483455756,14.5338449885556,986.076339211349,135.530880127547,"0.039","1.1"
2020-03-03 14:00:00,3052.75796247406,341.400432500021,379.240984172241,510.687757197384,161.178755553666,291.286489121475,2200.3091816593,732.919178514599,2.43094185586074,46.0397021579082,8.88486934582874,89.5093632638363,109.679586926282,3.43137657946602,73.9095560511598,3.32672491556114,58.4620019048791,1.06856071518868,25.6880695793995,10.2458336940061,55.4417526243231,0.643139239664202,14009.9324401069,4.27405970278713,14.1428687721647,1077.67291793371,138.183293011308,"0.04","3.3"
2020-03-03 15:00:00,3176.26503217392,373.163311969671,356.900976249367,560.014847453091,130.283649161627,330.874564845468,2594.01328767869,634.676254263334,2.42078054328325,41.6631991228985,8.4250669534433,91.636555504595,109.421478902738,2.5753555485229,75.9214640937998,3.18323403980676,64.6971028551889,0.985253546648834,28.3508480459628,11.250109601186,45.9797018782794,0.63981407054258,17954.5466682198,3.80245720150162,10.470918529534,1126.96870581695,139.263671074007,"0.04","2.8"
2020-03-03 16:00:00,1994.12545093814,315.990781891772,188.836853692065,385.24812961878,169.280935282423,162.534101255525,958.496481377568,304.26590021466,2.98315877665424,38.4753681697419,7.09659775565653,87.952734579866,98.4008953401847,2.95226524196393,53.3913924013168,2.51131098764949,49.6122673831402,1.2796217099223,21.8328147538122,9.07497404086794,46.9932018521188,0.638786635243295,5585.77551248078,3.37973050224515,13.6217819825344,928.820954004855,130.815584754142,"0.04","2.6"
2020-03-03 17:00:00,1910.34205211138,304.498486675807,140.487871285728,395.913411365398,158.796981371349,204.801390482424,823.864441565017,166.143347227888,2.50385588346052,47.199969844151,10.0367926578167,92.6411919083173,124.549134611567,3.33712611260509,98.2766123927753,2.95666152902553,91.6550215818438,1.24677198829432,45.6137040551024,17.199766718476,62.2206592966821,0.667241378986998,2797.09490974072,2.66670586087047,5.68611109066387,1045.43657617458,142.88831063961,"0.037","4"
2020-03-03 18:00:00,2882.94550389344,416.651421464261,288.931323634061,607.024433485033,283.484491944087,280.917232370105,1083.90421491204,407.502899807339,5.49840401609755,72.0926910303272,27.0908013104004,88.2097631641156,133.312133746961,9.34739168915186,120.545787954467,8.15699796018309,108.934979401208,3.40642724175818,54.3862222784997,23.2525666613329,72.3922880573378,0.753260284530512,7032.29811081592,4.21729384483348,8.78787315263535,1582.36427029472,151.392476895639,"0.036","3.8"
2020-03-03 19:00:00,2738.94263563291,505.929706536144,130.668069341951,831.635629708001,259.549526509262,375.777049492559,900.324449527198,297.235379339541,4.25371609978582,78.8452372441571,17.4342454585647,92.7875282695879,164.538386899235,5.42979458982916,176.927472246468,6.00205875677435,171.157041805789,2.11517030571113,100.739392305499,33.9021405479957,111.387392808461,0.760395806881853,21947.571363362,3.10134980257004,11.3244585060208,1763.25389078753,162.566865150643,"0.024","4.3"
2020-03-03 20:00:00,3374.36795314079,574.242291724486,121.304540910886,482.42093004184,358.199601089167,393.084083203522,952.678089434364,341.034565030738,11.0668293827094,109.908183610384,30.8518607558355,103.650594096364,188.580931494411,14.3263425577401,209.509736562868,17.9450937583645,201.135088225062,4.0214482865533,101.008863349603,43.2049659002581,291.682558186041,0.778829415243689,6008.94906066483,3.95517397255253,16.43995671032,1439.22083825634,181.097539738301,"0.015","3.8"
2020-03-03 21:00:00,3441.81103069647,663.937659130625,160.241010078342,573.755541255079,382.619957459669,493.547223970458,983.341470865968,405.521951082922,13.2552787015202,115.858097221381,32.7497638685687,103.371956100361,202.624527369918,16.2842265380619,227.697446332742,20.5895336262336,210.131135946906,4.45521573921805,109.747369195151,47.6653207107398,299.183896582054,0.773084815379743,4868.06190190765,4.03272969343849,16.5750173056407,1587.30223807194,194.853651713077,"0.016","2.3"
2020-03-03 22:00:00,3644.88474362269,647.856125346465,140.686000208077,584.073024411353,309.416299743465,425.728855548444,998.275706899964,324.480330771265,11.4476412340818,121.219832163459,32.3319167913948,106.621747946046,198.99769601614,13.2573915921877,235.370174743785,19.1444660918471,212.809016865333,3.39260185260183,108.071502813127,47.0873417026107,305.27290434831,0.74880197816214,5288.49466337525,3.99342104923318,19.4948468593298,1520.94099032338,187.917806651386,"0.009","6.9"
2020-03-03 23:00:00,5466.23450226564,1004.45891005972,157.641471940243,908.001351064748,431.998067782287,736.356960430673,1256.64888691401,478.978383835171,13.0542767856205,192.872564118683,44.2773286292126,125.041417530925,310.200367347056,16.0480621581449,454.155115948914,23.2111757545369,414.393823562626,4.22898968950522,217.840661517635,91.9492617058955,363.949969836414,0.74340938048489,10045.6219792985,4.64598139509861,34.3743017868023,2063.0518403205,244.794103340953,"0.01","8.1"
2020-03-04 00:00:00,4984.24495373631,1027.19260637968,141.446684407713,945.980729567454,431.713517988133,693.442065039921,1337.95349513583,485.985715680982,11.7202536568813,192.158712686448,44.3581771701841,136.576610541962,280.877764267529,16.0843493363582,430.979829772452,23.4813675671711,349.325477710174,4.83497432386529,180.513566874289,81.6201562033581,364.342490835763,0.719024487396079,10549.4865590025,5.06509504913796,31.1955163293334,2161.65267023846,243.92755705752,"0.022","4.7"
2020-03-04 01:00:00,2532.53216332258,335.017142867846,247.142257400803,547.741696256492,263.912560412144,212.672311248996,1092.25353126391,439.977439077573,5.04655613076449,63.2104706341101,18.3595240687351,103.494350041495,111.522375359373,6.29470711441983,111.774012715091,7.95933541030712,77.5609826647337,2.41795532718722,36.747983976344,17.292623884308,119.642855168752,0.703432156315966,3969.8772538033,3.84322831965385,10.9460183679646,1468.88647755929,142.24661819546,"0.039","4.3"
2020-03-04 02:00:00,1701.79633500834,148.03901055495,260.228959324833,288.695337481059,194.354643057701,99.2776785409607,965.21272045123,329.608736962555,2.26537663406922,28.2935986125661,10.3414715951162,89.9203486753647,71.8445308456767,3.4043420500867,32.7613725978971,2.23531933281874,17.541620725589,1.05784570500234,5.43321078285209,3.77076100023673,64.5253815562574,0.7811332766657,1200.69284172901,2.8909555320902,3.06254740700121,943.03118779722,109.295662706525,"0.041","0.8"
2020-03-04 03:00:00,1786.02289737805,157.584946348822,300.513147481166,247.885683142847,178.197741035882,101.737573167204,953.173601796443,330.355784011439,2.75365607414565,29.7977214203984,11.7558713116942,87.9092639036501,70.0621218882281,4.38657149427485,33.8984954488723,6.46960428487372,18.0096979931491,5.71638449833594,6.19780959675025,3.66121931644654,75.7461957234987,0.838409625037225,1193.06335209441,4.41755010646171,3.45163285345442,898.084402327427,107.94624595411,"0.039","-1.3"
2020-03-04 04:00:00,1628.30381348857,143.919743804115,244.575057771707,226.719965946919,189.493176413854,100.704192132504,911.564826028606,283.139142103865,1.99682897395993,29.5209327738759,9.5106222147537,85.1840397470859,68.5779307913655,3.19482644418378,31.5518271353781,3.97853993865589,18.5769546631042,2.24615183628464,5.59369330288337,4.6269648543505,75.6180864352376,0.897673815974343,1006.71283492846,3.35003369053704,3.02653268428341,845.331468081729,109.4790351962,"0.038","-0.3"
2020-03-04 05:00:00,1456.26279124982,142.783807562355,183.645296009037,179.883694569464,144.508324608748,112.514141076383,857.521496251041,189.231541486724,1.46181418867754,31.0003190067954,7.69918275042144,84.5448291549968,73.1704148195504,2.50350829695684,31.6075459592122,2.2674214500655,21.0257305246246,1.0238852947861,7.89096693606715,5.66787624369886,73.2656483634038,0.973963126844907,1066.66244703254,2.36113075357253,3.92831434411666,682.745093670617,111.694138629348,"0.036","0.6"
2020-03-04 06:00:00,1348.98253431715,153.661287689971,117.054127159919,272.634287197605,57.158550002516,138.35056347649,787.126223449166,116.097155067407,1.71542360163273,25.5758104337628,5.38963973229806,87.1985080168489,87.2590597972281,1.86960830055639,50.7226115465719,1.89208418407989,34.2365273438716,NA,15.3078283639154,7.67773237904534,53.851348228833,0.909477174912191,1195.18027301398,1.85436262528379,4.03119547779667,833.505464498228,120.371453277847,"0.037","1.3"
2020-03-04 07:00:00,5331.16863236607,241.329087781354,914.159120055497,337.263217259127,66.4861804188758,262.435983725269,2532.50075230185,1152.96808034655,2.11603114173789,32.4106096473304,6.38134352881733,94.6961481574171,114.373862032447,2.11337670912105,86.9170924861021,2.11316663883987,71.0822144973729,1.01358355232555,36.2162757153335,15.9875465870818,56.9770768469213,0.816014200076998,2436.15502957459,2.82042218633286,7.70174208854426,1024.49204256076,138.463772170491,"0.038","2.5"
2020-03-04 08:00:00,3506.85050277829,324.339957667901,195.060547334676,399.953592686157,111.464121622889,277.498762576194,854.21533868253,268.086614837265,2.39541293995178,51.9758902151016,10.4147165389379,101.550622908267,147.171879050586,4.0892155059485,135.240453258056,3.90607673484666,111.035634175384,1.06027137547252,59.0405429711767,25.5044517710152,66.7028203103649,0.807677700829543,2675.43625522111,3.59918458561001,28.8464121269229,1064.30815404459,156.538822003427,"0.037","3.1"
2020-03-04 09:00:00,2450.12391808619,311.146263514442,197.061310888293,347.128878071203,119.904648736962,209.646847019816,928.519052002291,294.318160262083,3.22027339594533,56.8075954763244,8.35475737804904,107.429003742219,122.558293078362,5.7241781959866,90.8755128399936,4.66463070327972,84.0285327846247,1.23917636914761,39.3817511607756,16.4708127997026,52.0837888094897,0.703911193269047,3477.35477838079,4.32488857595475,94.0257899551041,982.682699710931,149.610880668,"0.041","5"
2020-03-04 10:00:00,2508.42701468674,341.26481205799,223.363400380418,425.831117957999,143.283550451878,160.873100867192,971.138662753712,291.015402298589,2.31188198589374,38.4326815144807,6.71421015404811,95.4885957375617,106.384968145323,2.84900991867947,63.07595671205,1.95324068906285,50.6262208300151,1.06491632030474,24.2902670847097,10.1833788681795,46.7110276733848,0.773708566310268,2751.51776802572,3.91220733276034,21.5104470817511,936.513424898004,132.618233609176,"0.04","7.7"
2020-03-04 11:00:00,2006.19861996133,286.480623539165,210.514716047161,370.715389884417,98.8502591056051,168.966654474462,1225.4021166739,389.687554266254,1.78364875421236,35.0547054806478,6.97712993946857,87.978763906934,112.326691667405,3.03248754364877,64.5178731283551,2.06708653615716,51.4495038022716,0.897238590566319,24.1484369976796,9.53637989641095,37.0704274272929,0.738275768805989,1806.95131119385,3.53325774812808,13.6205539172532,869.952888678494,136.1186463006,"0.041","5"
2020-03-04 12:00:00,1735.79479267644,280.188590980283,201.719169194926,305.190905512287,102.773524111195,148.982868988163,1137.78157045472,428.880342374626,2.17096351772514,29.7838695201126,5.39843495796675,84.5607109697252,113.011125991243,3.02138012858354,55.4121217943247,2.42558258462597,43.3457130115538,0.931512540652773,20.9612337821311,7.72130507902673,34.7329942877949,0.555414917731612,1461.86329113853,3.09654868456352,11.9520183940734,737.345906607299,139.627835125835,"BF","2.6"
2020-03-04 13:00:00,1906.74012047198,284.151530515425,198.122912310486,315.352476269819,122.989510215533,162.641985635804,1475.80074012482,490.982264331246,2.26012405093045,31.8864409962115,6.27227156098809,83.0398780128566,121.899674048257,3.24943642325605,61.8907102757913,2.56154486087541,49.8714385964889,0.550168991944022,24.250340126176,9.50799964799021,41.1227360270624,0.494094712793025,1277.44792428481,2.60623973313466,10.5398214408968,691.358765503467,141.069365540087,"AT","3.1"
2020-03-04 14:00:00,2130.31532820362,312.934109390543,216.714413415221,328.226576220333,126.006856570185,183.611054816982,3618.11204224716,827.36756660678,2.15147306020677,33.2631904668464,6.19719602633538,84.2025103305743,125.650064783798,3.03509066632528,68.4137255004397,2.85271604437442,52.2531169143173,0.930487896326261,24.3492123578517,9.04577318310169,39.6741315059213,0.485723755524041,2208.13601384431,2.91321661529542,7.59539080433648,711.391191079025,141.913807299929,"0.044","1.8"
2020-03-04 15:00:00,2365.22512252602,392.437689277435,201.156623888974,424.452001949578,120.41993036945,192.192907545064,2048.74008626703,846.209722465918,2.46992188794367,37.8043926959647,7.24474967861216,88.3174601657269,128.686615569023,2.36279219190395,70.2430093365787,2.93334239854004,58.1869706503649,1.05426582548226,28.9237433035241,11.0464016251122,44.0078884903937,0.472709298422164,6822.79997570744,3.31387476680085,9.78494981221261,751.308403992317,144.415338053289,"0.044","2.8"
2020-03-04 16:00:00,2626.96899358904,316.849710184774,197.015336762785,386.51199052395,80.5172592937024,202.841347842653,1662.89450117236,693.935471892441,2.11070311525678,34.954049359038,6.50216654532591,88.0898252942071,135.492746361336,1.90751490130632,80.0388167431367,2.7500312108274,69.8193365629482,0.897699409453826,31.2097007662893,11.4077628715967,40.6938609246421,0.459396659019289,4883.90942453955,3.21900243347805,5.73745580180045,772.685301465303,144.139432344305,"0.044","2.6"
2020-03-04 17:00:00,2546.85984689305,319.139357139092,141.310936977269,335.534996736395,106.431167663063,171.769460499918,1060.53391980377,379.024354345109,2.70390464743387,33.162300843991,6.38363935785244,83.8112547526893,130.871956393792,1.94294315560541,72.8974934266093,2.05982051695299,58.1957699206907,0.789364452752429,28.4463539670109,10.6529756058487,40.991765235092,0.452413873533956,2096.64157428615,3.16156055008254,6.0112578508599,727.922750796218,141.479705993623,"0.043","2.3"
2020-03-04 18:00:00,3074.95397223077,333.923198118594,122.406772999403,456.247659592042,128.289814640423,225.579819009573,967.633714692286,329.280763467125,2.81992991783903,45.2892914408013,8.62089235954288,84.0111866781259,157.035644571361,3.72447875991127,113.46446989118,2.70102512248014,102.516156622905,1.15939853399181,51.4746198963086,20.47216935984,62.4347742031973,0.4507152439983,1452.61527168068,3.16402690794345,5.09716518586699,985.688560447512,153.806705430916,"0.041","3.1"
2020-03-04 19:00:00,2425.61214552342,408.57593659774,101.452274519976,612.551567078783,89.827087172638,236.55429344947,987.883422405336,190.837118531605,5.35989509761834,53.0509129780526,12.2890279627827,88.2626293528361,165.840007145742,5.82184694710267,123.548541890412,8.10598025056026,106.25093322659,1.98532845774481,54.8892356805393,21.9068873208584,87.381049663326,0.431280584889929,1982.5787986722,3.20746586935963,5.7328386460319,1261.69309293049,162.620647102272,"0.041","2.5"
2020-03-04 20:00:00,3082.9923764881,689.194300993191,127.115445615644,946.520983967267,187.596612804663,526.688750497878,969.440386389336,252.442612837106,19.0849527812758,110.038968958665,28.0545764337621,115.004642034285,280.853249089487,25.2604047583478,318.4406467468,23.0716419300434,294.546066687499,7.35914359688219,147.339529901486,53.4242112595297,164.596815971664,0.444025959246766,5886.58291156671,3.80177344735534,12.3511822625428,1735.18510140593,233.0342710721,"0.023","1.3"
2020-03-04 21:00:00,4228.20305492917,570.242780235067,100.633111235455,743.39527254959,181.729846012626,404.324822816544,869.170418900797,251.177568199832,12.6041306359533,96.9814931090174,27.0421839609918,111.12132041787,220.734006679257,14.0370918428252,289.290044684022,18.5494396173213,193.480659011354,4.13229243589271,97.5046124345457,45.9203698365901,498.615623867883,0.443396725714522,4131.61571278174,5.04289319636787,12.3825116560561,1768.65757752312,214.524684391402,"0.011","-0.8"
2020-03-04 22:00:00,2725.99474935229,327.485256533376,63.5441586855645,362.330047495291,267.897104219456,244.855718198268,775.199644410935,212.268780499798,8.28320982189567,73.8812416703823,19.446841691758,94.5045457923923,155.826064330221,8.05478958811861,209.209363380682,11.0430257825523,97.8365903738293,2.31693794876284,48.1007932197706,25.704372793,339.508653397768,0.475333760315827,2004.23497419152,4.21802328081242,10.0089653526776,1092.751289923,168.4917231228,"0.02","0.7"
2020-03-04 23:00:00,1740.75234940613,207.123645621634,56.5387290456546,215.899662668045,179.700817410093,165.634865051428,647.551893775854,111.651558773826,5.54950291259214,46.3526375671915,12.94578377035,84.801575560899,125.885618274353,5.55510035619515,108.005902554218,5.9039344018561,51.9189598023753,1.53082047328665,25.1374529438262,14.7761578653675,304.871611634839,0.490776940397008,1373.18176485722,3.08496827050109,6.11679053564373,685.943208570795,151.517095796866,"0.017","4.6"
2020-03-05 00:00:00,2938.65220066921,405.855134858178,89.0865401439884,767.261872118865,288.978829616752,271.108995948411,767.810836364283,244.275700395567,7.91571214182903,73.5575938407421,21.5358211537286,100.579152176938,161.18018081933,7.75470741018554,163.24523188151,11.6648755251558,118.766604494577,2.48652206826723,60.2398282516723,30.3137927206487,332.103032783972,0.493288582612227,2527.846955739,3.22217366407551,11.8537336145064,1578.86951760386,163.402720067652,"0.018","6.8"
2020-03-05 01:00:00,4238.70321858716,474.299690164208,103.317401490745,837.477828800234,353.616251316444,300.233541168244,901.814825118893,331.837601632637,6.96057186019693,93.5947441834285,23.3966992971521,105.792688554976,171.988995719422,5.79835904919019,182.034481863914,11.8026980940265,135.502952895899,2.05766774778586,66.0146436749685,32.3460620301914,303.06378882858,0.498422996770606,3846.68683932974,3.09440757078137,18.322745679777,1686.41471906294,183.342453211085,"0.008","6.3"
2020-03-05 02:00:00,NA,NA,NA,NA,NA,NA,NA,NA,NA,NA,NA,NA,NA,NA,NA,NA,NA,NA,NA,NA,NA,NA,NA,NA,NA,NA,204.526419139239,"0.01","4.7"
2020-03-05 03:00:00,NA,NA,NA,NA,NA,NA,NA,NA,NA,NA,NA,NA,NA,NA,NA,NA,NA,NA,NA,NA,NA,NA,NA,NA,NA,NA,164.910450133683,"0.005","3.4"
2020-03-05 04:00:00,NA,NA,NA,NA,NA,NA,NA,NA,NA,NA,NA,NA,NA,NA,NA,NA,NA,NA,NA,NA,NA,NA,NA,NA,NA,NA,154.517289724083,"0.012","4.1"
2020-03-05 05:00:00,NA,NA,NA,NA,NA,NA,NA,NA,NA,NA,NA,NA,NA,NA,NA,NA,NA,NA,NA,NA,NA,NA,NA,NA,NA,NA,163.579648451284,"0.003","6.7"
2020-03-05 06:00:00,NA,NA,NA,NA,NA,NA,NA,NA,NA,NA,NA,NA,NA,NA,NA,NA,NA,NA,NA,NA,NA,NA,NA,NA,NA,NA,207.204812574114,"0.001","8.4"
2020-03-05 07:00:00,NA,NA,NA,NA,NA,NA,NA,NA,NA,NA,NA,NA,NA,NA,NA,NA,NA,NA,NA,NA,NA,NA,NA,NA,NA,NA,397.937981440212,"0.003","5.9"
2020-03-05 08:00:00,NA,NA,NA,NA,NA,NA,NA,NA,NA,NA,NA,NA,NA,NA,NA,NA,NA,NA,NA,NA,NA,NA,NA,NA,NA,NA,476.84001958347,"0.008","5.9"
2020-03-05 09:00:00,NA,NA,NA,NA,NA,NA,NA,NA,NA,NA,NA,NA,NA,NA,NA,NA,NA,NA,NA,NA,NA,NA,NA,NA,NA,NA,304.615326643727,"0.017","10.3"
2020-03-05 10:00:00,NA,NA,NA,NA,NA,NA,NA,NA,NA,NA,NA,NA,NA,NA,NA,NA,NA,NA,NA,NA,NA,NA,NA,NA,NA,NA,200.896277551176,"0.027","11.5"
2020-03-05 11:00:00,NA,NA,NA,NA,NA,NA,NA,NA,NA,NA,NA,NA,NA,NA,NA,NA,NA,NA,NA,NA,NA,NA,NA,NA,NA,NA,199.666448366084,"0.034","12.5"
2020-03-05 12:00:00,NA,NA,NA,NA,NA,NA,NA,NA,NA,NA,NA,NA,NA,NA,NA,NA,NA,NA,NA,NA,NA,NA,NA,NA,NA,NA,154.462150811792,"0.036","9.5"
2020-03-05 13:00:00,NA,NA,NA,NA,NA,NA,NA,NA,NA,NA,NA,NA,NA,NA,NA,NA,NA,NA,NA,NA,NA,NA,NA,NA,NA,NA,150.713922384605,"0.039","3.5"
2020-03-05 14:00:00,NA,NA,NA,NA,NA,NA,NA,NA,NA,NA,NA,NA,NA,NA,NA,NA,NA,NA,NA,NA,NA,NA,NA,NA,NA,NA,143.672545946444,"0.04","2.6"
2020-03-05 15:00:00,NA,NA,NA,NA,NA,NA,NA,NA,NA,NA,NA,NA,NA,NA,NA,NA,NA,NA,NA,NA,NA,NA,NA,NA,NA,NA,145.762950999997,"0.041","4"
2020-03-05 16:00:00,NA,NA,NA,NA,NA,NA,NA,NA,NA,NA,NA,NA,NA,NA,NA,NA,NA,NA,NA,NA,NA,NA,NA,NA,NA,NA,144.647411530863,"0.041","4.8"
2020-03-05 17:00:00,NA,NA,NA,NA,NA,NA,NA,NA,NA,NA,NA,NA,NA,NA,NA,NA,NA,NA,NA,NA,NA,NA,NA,NA,NA,NA,141.816436762242,"0.039","3.3"
2020-03-05 18:00:00,NA,NA,NA,NA,NA,NA,NA,NA,NA,NA,NA,NA,NA,NA,NA,NA,NA,NA,NA,NA,NA,NA,NA,NA,NA,NA,140.603981548302,"0.026","6.7"
2020-03-05 19:00:00,NA,NA,NA,NA,NA,NA,NA,NA,NA,NA,NA,NA,NA,NA,NA,NA,NA,NA,NA,NA,NA,NA,NA,NA,NA,NA,145.81255503877,"0.025","10.5"
2020-03-05 20:00:00,NA,NA,NA,NA,NA,NA,NA,NA,NA,NA,NA,NA,NA,NA,NA,NA,NA,NA,NA,NA,NA,NA,NA,NA,NA,NA,206.211304367177,"0.006","10"
2020-03-05 21:00:00,NA,NA,NA,NA,NA,NA,NA,NA,NA,NA,NA,NA,NA,NA,NA,NA,NA,NA,NA,NA,NA,NA,NA,NA,NA,NA,214.502719749738,"0.002","9.3"
2020-03-05 22:00:00,NA,NA,NA,NA,NA,NA,NA,NA,NA,NA,NA,NA,NA,NA,NA,NA,NA,NA,NA,NA,NA,NA,NA,NA,NA,NA,212.151018435802,"0.001","9.1"
2020-03-05 23:00:00,NA,NA,NA,NA,NA,NA,NA,NA,NA,NA,NA,NA,NA,NA,NA,NA,NA,NA,NA,NA,NA,NA,NA,NA,NA,NA,195.507749494076,"0.001","9.1"
2020-03-06 00:00:00,NA,NA,NA,NA,NA,NA,NA,NA,NA,NA,NA,NA,NA,NA,NA,NA,NA,NA,NA,NA,NA,NA,NA,NA,NA,NA,176.230204322988,"0.001","6.1"
2020-03-06 01:00:00,NA,NA,NA,NA,NA,NA,NA,NA,NA,NA,NA,NA,NA,NA,NA,NA,NA,NA,NA,NA,NA,NA,NA,NA,NA,NA,223.311278616186,"0.005","5.5"
2020-03-06 02:00:00,NA,NA,NA,NA,NA,NA,NA,NA,NA,NA,NA,NA,NA,NA,NA,NA,NA,NA,NA,NA,NA,NA,NA,NA,NA,NA,181.903761234267,"0.009","8.6"
2020-03-06 03:00:00,NA,NA,NA,NA,NA,NA,NA,NA,NA,NA,NA,NA,NA,NA,NA,NA,NA,NA,NA,NA,NA,NA,NA,NA,NA,NA,189.94249581149,"0.014","9.1"
2020-03-06 04:00:00,NA,NA,NA,NA,NA,NA,NA,NA,NA,NA,NA,NA,NA,NA,NA,NA,NA,NA,NA,NA,NA,NA,NA,NA,NA,NA,180.75023128205,"0.017","7.8"
2020-03-06 05:00:00,NA,NA,NA,NA,NA,NA,NA,NA,NA,NA,NA,NA,NA,NA,NA,NA,NA,NA,NA,NA,NA,NA,NA,NA,NA,NA,184.444214133797,"0.017","5.2"
2020-03-06 06:00:00,NA,NA,NA,NA,NA,NA,NA,NA,NA,NA,NA,NA,NA,NA,NA,NA,NA,NA,NA,NA,NA,NA,NA,NA,NA,NA,209.766073969987,"0.008","4.9"
2020-03-06 07:00:00,NA,NA,NA,NA,NA,NA,NA,NA,NA,NA,NA,NA,NA,NA,NA,NA,NA,NA,NA,NA,NA,NA,NA,NA,NA,NA,274.831652100931,"0.003","8.5"
2020-03-06 08:00:00,NA,NA,NA,NA,NA,NA,NA,NA,NA,NA,NA,NA,NA,NA,NA,NA,NA,NA,NA,NA,NA,NA,NA,NA,NA,NA,340.71055250182,"0.009","9.5"
2020-03-06 09:00:00,NA,NA,NA,NA,NA,NA,NA,NA,NA,NA,NA,NA,NA,NA,NA,NA,NA,NA,NA,NA,NA,NA,NA,NA,NA,NA,263.053371313396,"0.012","8.8"
2020-03-06 10:00:00,NA,NA,NA,NA,NA,NA,NA,NA,NA,NA,NA,NA,NA,NA,NA,NA,NA,NA,NA,NA,NA,NA,NA,NA,NA,NA,310.986866994541,"0.022","10.3"
2020-03-06 11:00:00,NA,NA,NA,NA,NA,NA,NA,NA,NA,NA,NA,NA,NA,NA,NA,NA,NA,NA,NA,NA,NA,NA,NA,NA,NA,NA,249.607910958795,"0.025","11"
2020-03-06 12:00:00,NA,NA,NA,NA,NA,NA,NA,NA,NA,NA,NA,NA,NA,NA,NA,NA,NA,NA,NA,NA,NA,NA,NA,NA,NA,NA,230.065823984028,"0.03","9.3"
2020-03-06 13:00:00,NA,NA,NA,NA,NA,NA,NA,NA,NA,NA,NA,NA,NA,NA,NA,NA,NA,NA,NA,NA,NA,NA,NA,NA,NA,NA,203.639689589288,"0.031","8.3"
2020-03-06 14:00:00,NA,NA,NA,NA,NA,NA,NA,NA,NA,NA,NA,NA,NA,NA,NA,NA,NA,NA,NA,NA,NA,NA,NA,NA,NA,NA,211.764400685421,"0.037","7.7"
2020-03-06 15:00:00,NA,NA,NA,NA,NA,NA,NA,NA,NA,NA,NA,NA,NA,NA,NA,NA,NA,NA,NA,NA,NA,NA,NA,NA,NA,NA,172.855193593408,"0.044","8.3"
2020-03-06 16:00:00,NA,NA,NA,NA,NA,NA,NA,NA,NA,NA,NA,NA,NA,NA,NA,NA,NA,NA,NA,NA,NA,NA,NA,NA,NA,NA,146.677928221497,"0.046","7.9"
2020-03-06 17:00:00,NA,NA,NA,NA,NA,NA,NA,NA,NA,NA,NA,NA,NA,NA,NA,NA,NA,NA,NA,NA,NA,NA,NA,NA,NA,NA,156.322720321983,"0.042","5.3"
2020-03-06 18:00:00,NA,NA,NA,NA,NA,NA,NA,NA,NA,NA,NA,NA,NA,NA,NA,NA,NA,NA,NA,NA,NA,NA,NA,NA,NA,NA,181.988230843329,"0.031","7.7"
2020-03-06 19:00:00,NA,NA,NA,NA,NA,NA,NA,NA,NA,NA,NA,NA,NA,NA,NA,NA,NA,NA,NA,NA,NA,NA,NA,NA,NA,NA,215.413971025366,"0.023","9.3"
2020-03-06 20:00:00,NA,NA,NA,NA,NA,NA,NA,NA,NA,NA,NA,NA,NA,NA,NA,NA,NA,NA,NA,NA,NA,NA,NA,NA,NA,NA,219.455517723853,"0.018","8.6"
2020-03-06 21:00:00,NA,NA,NA,NA,NA,NA,NA,NA,NA,NA,NA,NA,NA,NA,NA,NA,NA,NA,NA,NA,NA,NA,NA,NA,NA,NA,244.111772017892,"0.011","10.8"
2020-03-06 22:00:00,NA,NA,NA,NA,NA,NA,NA,NA,NA,NA,NA,NA,NA,NA,NA,NA,NA,NA,NA,NA,NA,NA,NA,NA,NA,NA,280.405304704166,"0.005","11.3"
2020-03-06 23:00:00,NA,NA,NA,NA,NA,NA,NA,NA,NA,NA,NA,NA,NA,NA,NA,NA,NA,NA,NA,NA,NA,NA,NA,NA,NA,NA,267.570403527568,"0.006","11.5"
2020-03-07 00:00:00,NA,NA,NA,NA,NA,NA,NA,NA,NA,NA,NA,NA,NA,NA,NA,NA,NA,NA,NA,NA,NA,NA,NA,NA,NA,NA,160.942479915816,"0.008","9.8"
2020-03-07 01:00:00,NA,NA,NA,NA,NA,NA,NA,NA,NA,NA,NA,NA,NA,NA,NA,NA,NA,NA,NA,NA,NA,NA,NA,NA,NA,NA,146.735305244618,"0.006","7.4"
2020-03-07 02:00:00,NA,NA,NA,NA,NA,NA,NA,NA,NA,NA,NA,NA,NA,NA,NA,NA,NA,NA,NA,NA,NA,NA,NA,NA,NA,NA,153.990968078308,"0.009","6.7"
2020-03-07 03:00:00,NA,NA,NA,NA,NA,NA,NA,NA,NA,NA,NA,NA,NA,NA,NA,NA,NA,NA,NA,NA,NA,NA,NA,NA,NA,NA,174.087499324434,"0.011","5"
2020-03-07 04:00:00,NA,NA,NA,NA,NA,NA,NA,NA,NA,NA,NA,NA,NA,NA,NA,NA,NA,NA,NA,NA,NA,NA,NA,NA,NA,NA,158.922298768721,"0.009","5.5"
2020-03-07 05:00:00,NA,NA,NA,NA,NA,NA,NA,NA,NA,NA,NA,NA,NA,NA,NA,NA,NA,NA,NA,NA,NA,NA,NA,NA,NA,NA,146.534352140034,"0.004","7.6"
2020-03-07 06:00:00,NA,NA,NA,NA,NA,NA,NA,NA,NA,NA,NA,NA,NA,NA,NA,NA,NA,NA,NA,NA,NA,NA,NA,NA,NA,NA,158.924829359945,"0.002","7"
2020-03-07 07:00:00,NA,NA,NA,NA,NA,NA,NA,NA,NA,NA,NA,NA,NA,NA,NA,NA,NA,NA,NA,NA,NA,NA,NA,NA,NA,NA,160.847662223296,"0.001","5.4"
2020-03-07 08:00:00,NA,NA,NA,NA,NA,NA,NA,NA,NA,NA,NA,NA,NA,NA,NA,NA,NA,NA,NA,NA,NA,NA,NA,NA,NA,NA,193.218616376995,"0.006","7.8"
2020-03-07 09:00:00,NA,NA,NA,NA,NA,NA,NA,NA,NA,NA,NA,NA,NA,NA,NA,NA,NA,NA,NA,NA,NA,NA,NA,NA,NA,NA,219.443680039167,"0.012","9"
2020-03-07 10:00:00,NA,NA,NA,NA,NA,NA,NA,NA,NA,NA,NA,NA,NA,NA,NA,NA,NA,NA,NA,NA,NA,NA,NA,NA,NA,NA,294.833669615138,"0.019","7.7"
2020-03-07 11:00:00,NA,NA,NA,NA,NA,NA,NA,NA,NA,NA,NA,NA,NA,NA,NA,NA,NA,NA,NA,NA,NA,NA,NA,NA,NA,NA,265.14284488048,"0.02","7.2"
2020-03-07 12:00:00,NA,NA,NA,NA,NA,NA,NA,NA,NA,NA,NA,NA,NA,NA,NA,NA,NA,NA,NA,NA,NA,NA,NA,NA,NA,NA,143.183025963993,"0.033","6.5"
2020-03-07 13:00:00,NA,NA,NA,NA,NA,NA,NA,NA,NA,NA,NA,NA,NA,NA,NA,NA,NA,NA,NA,NA,NA,NA,NA,NA,NA,NA,133.980117691567,"0.045","5.5"
2020-03-07 14:00:00,NA,NA,NA,NA,NA,NA,NA,NA,NA,NA,NA,NA,NA,NA,NA,NA,NA,NA,NA,NA,NA,NA,NA,NA,NA,NA,132.977027572635,"0.045","5.7"
2020-03-07 15:00:00,2354.66788503838,178.68862929621,157.49817124253,250.743326652719,1562.23133908118,109.337860651095,1188.49104347901,NA,4.89904261168293,23.4160409101205,10.8053470614523,75.4029387638195,44.6981975230452,5.53755270891117,33.1500959341157,4.33967731036545,31.4994926496572,1.15436953744952,16.1370452609879,7.48958533310964,71.9733677468022,0.876048521573704,1333.46910610114,2.92253275118401,6.47934018216206,1122.58227620242,115.644839787507,"0.044","6"
2020-03-07 16:00:00,2983.04355271836,180.339092206965,141.982078287225,420.678756597564,172.438891917328,135.611230426601,1240.94215836588,97.8332394068211,5.57364607611289,32.6709361782114,13.3529289690118,97.5002446274864,56.0420543570647,6.28313888582166,41.4144264822415,5.01922285216523,39.5596377955179,1.28389526270904,19.6500782631357,9.18722392458646,82.6135415388535,1.0932238695862,900.843291523438,3.95285773624687,4.27108187385658,1448.58452081005,116.868832081284,"0.042","3.8"
2020-03-07 17:00:00,2591.86391503633,185.304834194062,135.20997503231,431.931507453258,219.486973535504,155.811255330615,1176.97578555604,157.332311117311,5.14073636070371,32.317982313288,13.3290096014609,95.6460150155879,62.5225077754013,6.4404246737602,52.1682980790595,4.1983838191884,55.7247059469347,1.09158735245084,29.7586443516237,13.8665888619489,75.9730048784376,1.0475911254336,1209.03210895892,4.70881000134642,3.43543822798867,1502.73156118671,120.644345961916,"0.041","2.8"
2020-03-07 18:00:00,4923.69041047889,376.685924579304,171.588963883711,1050.76331434063,469.05080907846,265.113731019181,1462.95616072762,502.885055619179,19.6241260789674,78.0441877465704,30.4394442437458,113.258134567472,102.189825107368,24.9584282665024,95.5668233078006,35.5566219192288,89.7827614493758,7.53332372770089,47.6509922568679,23.1311689561379,153.391188041091,1.07670929373479,2103.93087192527,6.10955337462581,8.85312832750183,2784.87637369857,143.191860779333,"0.038","5.5"
2020-03-07 19:00:00,3167.00960133028,288.997997018102,138.407140766711,769.279882739715,410.169530202196,214.466383263841,1215.03403204332,454.303449984983,15.2555117539507,60.5600146486369,22.7588584255281,104.389924437136,87.5900693433305,17.9777988473773,75.9642092647356,23.3420701877061,67.3704256853596,5.87286739518018,35.0293901843937,17.403053306774,136.336852620508,1.00395244788981,1587.86228311816,6.89799867049799,5.89659053739895,2047.22809859457,132.212874859721,"0.036","5.5"
2020-03-07 20:00:00,1655.79820607033,245.029090550421,95.504484545434,240.499892921748,96.3449194463155,215.930173807955,878.590009954256,97.57949383142,4.54984843172289,36.1077370579732,8.39676081047955,88.6979193742002,87.5642616403305,3.50417433376073,77.5386358119851,4.1005218846269,69.6706648627939,1.25486062285162,37.1219452906023,13.2047329838594,88.8517814713488,0.875560971935033,1610.2368514429,2.89286215770144,5.39493210584172,875.58563088981,121.420046351784,"0.035","4"
2020-03-07 21:00:00,2244.31615805008,247.105807159942,134.009468476883,262.804351510897,46.6838307713427,202.196754116387,902.204206314297,57.0878884328595,6.70227904622515,36.9384957220981,10.0966264090055,91.954879408666,91.1638699721697,6.08842889165762,75.1089050440095,7.82985904248985,73.7412347742099,1.44178518122298,38.3620014776895,15.5000146419319,77.6540143882866,0.858925090507559,1928.23329777094,2.49778608339776,9.45948201510114,1040.56100368085,130.52921147922,"0.034","4.1"
2020-03-07 22:00:00,2840.17070286994,439.312463849717,112.7726819708,1209.78970961538,288.203314194948,282.231571579022,1110.06659600611,329.831858550918,28.8592652744831,63.1943793109095,22.8065463146838,109.884620389096,114.191585112385,33.9692847005051,102.078890193601,41.0445054704639,96.6612493219308,8.97500624312889,48.229054866889,23.1248873039912,150.144169956084,0.858262929493154,3032.36046131747,4.08716761391891,10.2100053238051,2739.48887755563,164.121942069808,"0.028","4.3"
2020-03-07 23:00:00,2726.90535659893,436.04518440652,113.921019011258,906.11541562443,227.655117739047,269.278321027958,1048.56260768515,282.932220641167,21.9009675120186,61.9576573495269,20.7924313941503,103.562650453033,122.014579123481,24.453856724398,109.538538566923,33.7876021386427,105.213051477941,8.29223692786696,51.2044614725459,22.3987229150554,134.422622942898,0.853811549750146,3724.8921582658,4.54688895936326,12.8113364366963,2097.33595974904,168.029241680999,"0.033","4.8"
2020-03-08 00:00:00,1732.44410308926,291.966938900158,100.84658690704,957.829814403968,217.294056214543,182.432208216092,925.612725147725,205.086785922358,7.13870632620691,39.0269369822684,9.75370038637667,92.3261483321489,87.7399232526248,8.08911906442915,67.2837137577295,10.9770896668748,60.8213928685454,2.77764197025055,30.4835843111673,13.4406816397197,109.971288424534,0.824809294664223,2927.36867202216,3.12950882761014,8.50887166321755,1970.7310118922,136.475457433329,"0.039","2.1"
2020-03-08 01:00:00,1774.56029967078,266.036776899582,137.579592115651,866.542385360305,150.090386007784,178.148549450117,933.319851146666,193.467261153928,5.78290884087742,31.937576171275,7.18808217765318,93.1843923258692,81.8335574462638,5.20342738660269,62.3333617179263,6.34243090191097,49.4095130765316,2.03460648488199,21.9467181491209,10.2340022054355,90.4378429551751,0.780381575720141,2006.39861828009,2.53374618579115,6.65403866294441,1702.54153578144,126.164415309441,"0.039","0.8"
2020-03-08 03:00:00,NA,NA,NA,NA,NA,NA,NA,NA,NA,NA,NA,NA,NA,NA,NA,NA,NA,NA,NA,NA,NA,NA,NA,NA,NA,NA,123.591783208446,"0.042","2.8"
2020-03-08 04:00:00,NA,NA,NA,NA,NA,NA,NA,NA,NA,NA,NA,NA,NA,NA,NA,NA,NA,NA,NA,NA,NA,NA,NA,NA,NA,NA,123.869108666003,"0.041","2.3"
2020-03-08 05:00:00,NA,NA,NA,NA,NA,NA,NA,NA,NA,NA,NA,NA,NA,NA,NA,NA,NA,NA,NA,NA,NA,NA,NA,NA,NA,NA,127.817304666016,"0.037","0.1"
2020-03-08 06:00:00,NA,NA,NA,NA,NA,NA,NA,NA,NA,NA,NA,NA,NA,NA,NA,NA,NA,NA,NA,NA,NA,NA,NA,NA,NA,NA,134.040994941997,"0.024","0.7"
2020-03-08 07:00:00,NA,NA,NA,NA,NA,NA,NA,NA,NA,NA,NA,NA,NA,NA,NA,NA,NA,NA,NA,NA,NA,NA,NA,NA,NA,NA,139.210862467454,"0.025","4.4"
2020-03-08 08:00:00,NA,NA,NA,NA,NA,NA,NA,NA,NA,NA,NA,NA,NA,NA,NA,NA,NA,NA,NA,NA,NA,NA,NA,NA,NA,NA,162.035120430921,"0.029","4.2"
2020-03-08 09:00:00,NA,NA,NA,NA,NA,NA,NA,NA,NA,NA,NA,NA,NA,NA,NA,NA,NA,NA,NA,NA,NA,NA,NA,NA,NA,NA,189.746276438479,"0.037","2.4"
2020-03-08 10:00:00,NA,NA,NA,NA,NA,NA,NA,NA,NA,NA,NA,NA,NA,NA,NA,NA,NA,NA,NA,NA,NA,NA,NA,NA,NA,NA,143.553563651045,"0.04","4.3"
2020-03-08 11:00:00,NA,NA,NA,NA,NA,NA,NA,NA,NA,NA,NA,NA,NA,NA,NA,NA,NA,NA,NA,NA,NA,NA,NA,NA,NA,NA,128.793750457001,"0.042","4.5"
2020-03-08 12:00:00,NA,NA,NA,NA,NA,NA,NA,NA,NA,NA,NA,NA,NA,NA,NA,NA,NA,NA,NA,NA,NA,NA,NA,NA,NA,NA,129.499655063885,"0.043","1.3"
2020-03-08 13:00:00,NA,NA,NA,NA,NA,NA,NA,NA,NA,NA,NA,NA,NA,NA,NA,NA,NA,NA,NA,NA,NA,NA,NA,NA,NA,NA,131.388735054093,"0.043","0.6"
2020-03-08 14:00:00,NA,NA,NA,NA,NA,NA,NA,NA,NA,NA,NA,NA,NA,NA,NA,NA,NA,NA,NA,NA,NA,NA,NA,NA,NA,NA,130.800477506032,"0.043","0.9"
2020-03-08 15:00:00,NA,NA,NA,NA,NA,NA,NA,NA,NA,NA,NA,NA,NA,NA,NA,NA,NA,NA,NA,NA,NA,NA,NA,NA,NA,NA,133.215874903169,"0.043","0.1"
2020-03-08 16:00:00,NA,NA,NA,NA,NA,NA,NA,NA,NA,NA,NA,NA,NA,NA,NA,NA,NA,NA,NA,NA,NA,NA,NA,NA,NA,NA,134.147384684837,"0.043","1.3"
2020-03-08 17:00:00,NA,NA,NA,NA,NA,NA,NA,NA,NA,NA,NA,NA,NA,NA,NA,NA,NA,NA,NA,NA,NA,NA,NA,NA,NA,NA,135.783869706343,"0.043","2.8"
2020-03-08 18:00:00,NA,NA,NA,NA,NA,NA,NA,NA,NA,NA,NA,NA,NA,NA,NA,NA,NA,NA,NA,NA,NA,NA,NA,NA,NA,NA,132.089184265827,"0.043","1.8"
2020-03-08 19:00:00,NA,NA,NA,NA,NA,NA,NA,NA,NA,NA,NA,NA,NA,NA,NA,NA,NA,NA,NA,NA,NA,NA,NA,NA,NA,NA,140.993555893957,"0.04","2.1"
2020-03-08 20:00:00,NA,NA,NA,NA,NA,NA,NA,NA,NA,NA,NA,NA,NA,NA,NA,NA,NA,NA,NA,NA,NA,NA,NA,NA,NA,NA,153.877794062012,"0.031","4.5"
2020-03-08 21:00:00,NA,NA,NA,NA,NA,NA,NA,NA,NA,NA,NA,NA,NA,NA,NA,NA,NA,NA,NA,NA,NA,NA,NA,NA,NA,NA,199.942429049661,"0.019","5.7"
2020-03-08 22:00:00,NA,NA,NA,NA,NA,NA,NA,NA,NA,NA,NA,NA,NA,NA,NA,NA,NA,NA,NA,NA,NA,NA,NA,NA,NA,NA,278.418727893975,"0.014","6.5"
2020-03-08 23:00:00,NA,NA,NA,NA,NA,NA,NA,NA,NA,NA,NA,NA,NA,NA,NA,NA,NA,NA,NA,NA,NA,NA,NA,NA,NA,NA,216.137837743323,"0.029","5.3"
2020-03-09 00:00:00,NA,NA,NA,NA,NA,NA,NA,NA,NA,NA,NA,NA,NA,NA,NA,NA,NA,NA,NA,NA,NA,NA,NA,NA,NA,NA,168.959431062054,"0.031","4.3"
2020-03-09 01:00:00,NA,NA,NA,NA,NA,NA,NA,NA,NA,NA,NA,NA,NA,NA,NA,NA,NA,NA,NA,NA,NA,NA,NA,NA,NA,NA,163.801065645953,"0.029","2.8"
2020-03-09 02:00:00,NA,NA,NA,NA,NA,NA,NA,NA,NA,NA,NA,NA,NA,NA,NA,NA,NA,NA,NA,NA,NA,NA,NA,NA,NA,NA,170.963732431307,"0.033","2.1"
2020-03-09 03:00:00,NA,NA,NA,NA,NA,NA,NA,NA,NA,NA,NA,NA,NA,NA,NA,NA,NA,NA,NA,NA,NA,NA,NA,NA,NA,NA,157.733410480335,"0.025","2.5"
2020-03-09 04:00:00,NA,NA,NA,NA,NA,NA,NA,NA,NA,NA,NA,NA,NA,NA,NA,NA,NA,NA,NA,NA,NA,NA,NA,NA,NA,NA,147.769264761517,"0.022","3.5"
2020-03-09 05:00:00,NA,NA,NA,NA,NA,NA,NA,NA,NA,NA,NA,NA,NA,NA,NA,NA,NA,NA,NA,NA,NA,NA,NA,NA,NA,NA,160.560383601458,"0.022","4.8"
2020-03-09 06:00:00,NA,NA,NA,NA,NA,NA,NA,NA,NA,NA,NA,NA,NA,NA,NA,NA,NA,NA,NA,NA,NA,NA,NA,NA,NA,NA,197.255774103404,"0.023","3.7"
2020-03-09 07:00:00,NA,NA,NA,NA,NA,NA,NA,NA,NA,NA,NA,NA,NA,NA,NA,NA,NA,NA,NA,NA,NA,NA,NA,NA,NA,NA,202.252203935133,"0.013","0.5"
2020-03-09 08:00:00,5536.55888937255,1005.73164634867,114.701760068995,677.760443378496,427.157427791533,871.90559371429,1147.97944882778,358.503100150736,26.3729075592924,189.147901151057,57.77159353019,142.666955936394,410.493071701523,27.859235404565,503.095357890537,35.5839056198883,476.767584897544,8.78699399720378,257.158608532403,110.027950355797,300.689341215549,0.710456939757068,5038.96045362699,10.9032986667033,47.2831678269223,1750.01062219235,296.201652514219,"0.003","4.3"
2020-03-09 09:00:00,5137.61154995883,1349.10806160835,135.160521965028,1109.99110113245,400.360489337128,1205.74404962362,1356.53253781859,407.419378293799,24.0014264889505,210.636247377196,54.8322601534681,176.8251825439,446.144309377893,29.6515460173372,518.795843310583,31.4875744361865,476.396367812774,8.22932956455697,256.675005448416,109.363518633326,434.685895528755,0.734140534948519,5481.57607496042,8.14138339391688,42.2942564285454,2383.80197091377,303.888142145471,"0.016","4.4"
2020-03-09 10:00:00,3248.54723398119,382.618170066192,86.2980161558492,767.676149600352,299.935180298198,270.190044174588,880.430726003583,120.75603760289,10.5689813058325,65.698857125053,23.5046537626135,105.54328635754,178.79183676551,9.72429592643805,138.18705205043,13.6607793311464,120.118276233122,6.5161185461187,60.8142441836153,27.0967415126789,127.950907667708,0.715865062822502,1243.36701645607,9.7693872266327,NA,1748.7451280775,186.533528744146,"0.032","3.5"
2020-03-09 11:00:00,1982.37664244236,237.14836045885,78.7326422811304,458.302284560068,274.691205904317,191.893181528034,774.639187182573,96.786962584841,5.85178493304088,41.8272525061268,16.4899832329699,106.804219416403,134.277909181369,5.31370424364734,80.8939104635753,5.53967586362902,57.7852103122826,1.30429834801086,25.8561418699976,13.2781568954614,72.2923652995502,0.69937084211618,1160.6623332352,8.00718872112098,NA,1137.5856085777,149.978979561343,"0.037","7.2"
2020-03-09 12:00:00,1713.22254809164,251.730329792943,85.2194562341121,515.721325521915,219.452380768833,202.900299996816,826.956317213678,168.338009466534,4.22887790840096,42.7234058409165,13.8960683936273,112.882576857276,131.899109162437,4.72186835281739,93.9440721212082,4.06533779494958,62.1024132350585,0.741910538125924,22.9060145320473,11.7990941191917,68.6536569989798,0.661517647200998,1142.36436488675,7.36474982991609,NA,1218.70734829315,144.535964137948,"0.039","5"
2020-03-09 13:00:00,1598.72566751396,322.287488458428,136.141895710126,400.973052134409,205.740514653279,189.005552149002,1057.7170828797,193.986042968439,3.17476636957712,42.9358501538171,10.7238966992709,106.724463927836,120.960931219757,4.70528305671339,68.1077027453989,3.520095178059,45.5555169240099,0.641837224694835,19.4318809423816,10.1486771709851,70.9498270379472,0.608555942714129,1789.55104814288,6.18515256063392,NA,1016.67579567224,143.483870660084,"0.041","1.8"
2020-03-09 14:00:00,1215.64854261494,190.339808691749,84.7319697997748,334.061459559306,152.675513873028,151.802972433965,789.66180707383,129.968261337767,2.7431910894925,29.3384399101635,8.3843906293133,99.9297349810029,111.130871744252,3.73175762666054,47.2766832333974,1.94765698180021,26.8835162708055,0.420765214133632,11.7470532310477,5.79484323036386,40.7434555797208,0.582855693176969,804.299470920348,5.50165656040613,NA,844.497395460773,135.811343788448,"0.042","2.3"
2020-03-09 15:00:00,1405.94242171511,213.198380372433,129.7335321819,448.567988605847,122.279534577152,150.17954335285,1613.74227106475,174.386215246757,2.17417387113113,33.3888301528201,7.91153470072468,97.7534071415652,118.553999710785,2.91003605476745,54.9622560929419,1.66675919742875,39.0051026894361,0.813981099422539,18.0721826037575,7.448059583758,33.8791810177574,0.573463838603715,1589.09105087465,4.41426608466864,NA,960.577304881442,138.023156817178,"0.043","2.3"
2020-03-09 16:00:00,2029.17664910173,291.942175641332,155.808006013088,341.66449890496,148.787686405443,176.118636670443,1828.63321443911,233.825162618871,2.98738084860482,35.7091196006808,9.94322880435392,104.722078170905,125.971721204176,3.31746953535986,76.2606156475672,1.7547130776504,57.5916876029739,0.484873779785826,23.426064796522,11.9563256553526,115.36413794941,0.562318740768684,2906.09611846704,4.05426222514804,NA,817.669243843675,141.408274015978,"0.042","0.9"
2020-03-09 17:00:00,2137.62817558806,263.581665450701,160.382459628251,260.024929026659,108.598631037346,182.27240522562,929.252999982466,170.76142452978,3.33696123038278,35.8311784107139,9.27071894421631,95.0802647133877,131.743549376936,3.48625519636636,77.8922838652883,1.80948577747907,59.4962677841074,1.04613634025978,26.4036602828205,11.097758625684,53.2144067021271,0.56423776217872,1475.45879389656,3.64254025041606,NA,665.08098327211,141.859762009976,"0.041","1.6"
2020-03-09 18:00:00,1910.12418312886,248.927143978047,147.489507860309,260.584386988304,74.6412424557845,169.2273768148,785.348890984896,118.049365078448,3.88659109727155,36.2584940463943,9.40170435584232,92.9537700660057,131.358282458608,3.83022766547444,86.3516266705794,2.82494666672824,51.3645990825038,0.801895423226478,24.7512457448044,10.8312330227667,94.1092928510738,0.56338001746128,3374.26867326307,3.95104036626039,NA,666.525383054278,138.077122628763,"0.041","1.8"
2020-03-09 19:00:00,2595.53809582225,344.514973694172,244.991325961115,375.724314122194,135.584296653695,240.762197229716,798.633776443306,381.030097865597,5.06957939879105,61.2796490269491,14.8610727341889,107.145435636583,155.372454184876,6.10213270958478,114.782909402214,6.02024576159207,89.2772871405572,1.08219004321976,43.6444960659031,18.4053372371991,102.743957851531,0.584795806635215,2126.02429271854,4.5705429339693,NA,982.498050160931,153.35926005993,"0.038","5.3"
2020-03-09 20:00:00,3750.53118064448,600.355609574813,153.703271850851,1222.03092096776,324.675078412517,433.207576134866,1010.83916322687,431.845511892517,14.9999141383213,120.202667956058,30.1354749797546,151.239118987952,214.700261960484,15.7678117998426,213.714217513531,22.3342441371732,169.472625028066,3.22499848610628,85.2977308781855,36.6614290218147,145.410830667898,0.603323459493406,14036.6989875524,5.96243413450775,NA,2417.55868987059,187.778932510149,"0.027","7.9"
2020-03-09 21:00:00,4051.26990186087,689.034266360596,124.02181600471,1271.51241160464,443.192635846446,508.483710168682,1012.77258940374,596.753148398091,30.045910501067,125.05014530683,44.0539220787012,147.502294561789,235.049847561522,37.9660391997949,244.149001777783,38.6789485049909,210.129990100023,9.42662667721028,104.559564174328,42.7750678554609,149.520070745637,0.626004814226597,29493.2517810093,6.20234562206172,NA,2432.4434023159,200.045741390108,"0.015","6.7"
2020-03-09 22:00:00,4668.91932300641,619.570184021514,111.862649752334,942.23674242598,454.597140130172,414.221416115492,987.975489435972,452.843774349034,26.1847757817236,111.886553891791,41.8863900743092,135.402716343775,219.273930361644,36.1093417698141,225.162444854868,32.3455906007012,191.161975419928,8.7615096543089,95.351420886029,41.4089840186398,277.897494654125,0.650140616464291,3713.22323982907,4.17702449242313,NA,2010.96823754508,194.631328465018,"0.019","3.3"
2020-03-09 23:00:00,4036.05015814415,563.592038407145,145.987842990042,694.566677264261,461.748023235927,372.279693109217,989.315211323061,455.69636637908,21.6429547355139,112.766275872593,37.7704804518044,126.419546973077,206.747894819692,25.6635695739939,200.217210541228,30.7996070691976,158.87809948236,7.20835441724607,77.9938168569719,37.5281599544388,406.734268752125,0.663596837501005,3655.57401532963,4.203237768886,NA,1649.81028523996,192.610196756647,"0.016","5.4"
2020-03-10 00:00:00,4916.63671509369,703.87638640095,104.68648406955,712.946082872291,519.209640265551,492.024832015089,1108.15206569155,483.49257874614,14.5486922437762,160.463072770792,47.7201832196909,148.733906166396,236.579635716998,20.9991793223033,295.158808446447,26.3965412992465,236.152713750903,4.91129827830634,119.849605655639,55.4747897112264,449.857517416181,0.670516794222265,4667.34971138419,5.40017431149241,NA,1751.44550617952,216.237331942992,"0.016","8.6"
2020-03-10 01:00:00,3848.90731097674,560.347113632187,98.6055916263462,532.257663225563,408.196776090808,341.526573263869,1061.74664178638,372.337751168041,12.1416976592399,120.94664381376,41.8368357190303,142.680352983065,185.341454724859,15.7951505306446,209.033904913716,20.8174070866436,143.409639299002,4.21574068970907,68.7849228857957,38.2393394664624,387.850466702468,0.660778690047193,3425.60176304637,5.43428400040445,NA,1412.36086589279,179.764833047741,"0.009","5.2"
2020-03-10 02:00:00,3072.74702301662,499.579989212606,149.61683566127,408.338810431298,325.176870773133,265.281077188401,936.17841602758,292.704909047877,7.24816070327476,96.1717936107978,33.3207195985221,125.960674640158,151.263706258413,11.4883052896318,145.945829832612,13.6563693791567,100.233579664651,2.5133115369895,49.5076763241625,29.4262488986403,297.470423195037,0.660022359107646,2405.3287438735,4.81532829226017,NA,1184.54751384801,152.010496796315,"0.007","4.6"
2020-03-10 03:00:00,3931.39811206327,616.062486105505,126.670498862366,711.275990807057,350.752378918309,334.490895228337,1142.54419120312,369.546934877578,11.0821311704667,120.817653500872,35.4573078096572,151.280458158606,169.976935145403,13.7136344067235,204.215008659564,19.1077666138944,130.330275440254,3.63712613466471,62.1834659431144,33.9341892564298,358.882464745137,0.656512508920064,3898.64146991469,3.87188413885576,NA,1664.9854551701,175.939857129686,"0.008","5.4"
2020-03-10 04:00:00,5120.348848526,634.91980439387,89.4562956738903,754.354939384912,414.868839876948,392.671041802512,1137.17751839984,468.031638095859,15.3471231389181,141.867635853922,43.8901199935714,174.555141674803,187.931728194146,17.7257642963923,244.514818997264,25.8393001481724,162.132594155485,5.04057086853896,72.0763161067935,43.850741684916,666.757989503025,0.652526502381017,3994.79733286545,5.43491572412259,NA,1925.65657363066,183.792065515608,"0.004","5.1"
2020-03-10 05:00:00,4534.91023858124,523.966666828819,67.7628136364767,599.758237341083,358.620736405914,359.13777055321,1002.73669620039,396.787391852682,12.936174366163,123.784773969512,41.4522534123434,146.630977368047,180.237160142362,15.9798316942203,213.09867373716,20.9938876698642,140.566469596448,4.50163479034843,63.0860422159958,42.8863445528364,682.750705876039,0.645162810949485,3230.318053852,5.50877939156394,NA,1646.0127833202,170.365651357014,"0","7.1"
2020-03-10 06:00:00,6021.74595906882,799.082812288583,85.4367937933972,772.071550636176,251.149612727891,540.949770519023,1107.29572488241,336.303323086966,9.8045761630447,179.258385988111,46.6282493167008,160.688032333338,240.158155032175,15.9792351204098,316.901199629103,21.1921434213355,263.906512582,4.59088065845027,134.787889258401,72.9568887478038,632.0819287019,0.643922716719018,5305.6336054242,4.72487361200669,NA,1903.04587701332,223.641870475694,"0","5.2"
2020-03-10 07:00:00,16361.6132428326,737.128224767613,87.3204272361998,736.854046935084,292.129488299778,539.062642136908,1046.15644199573,370.633870026721,8.6502185870139,164.502080056988,44.7267720401372,149.243174522397,254.055961654475,16.9445074655346,309.564763469968,18.2582081390722,253.713186965895,4.43294134706023,128.213615546585,64.8477677847611,504.425796556499,0.639993603693982,5208.83914432473,5.21345871401481,NA,1811.26069362828,221.758325359004,"0.001","7.4"
2020-03-10 08:00:00,25104.5450492726,1107.92842374883,123.148546880316,986.67326913957,292.17679274118,955.106514792905,1035.36852712081,376.753051381614,8.0707657418209,209.368420614885,46.3624907030164,145.237687373785,438.47325405469,14.4454408943142,599.584978403452,15.2025861012412,581.553131372246,3.53863889854775,306.692383433344,124.628624977691,455.932083116334,0.639014739206564,5759.48972207776,5.35160212200047,NA,2113.49995421269,334.566655327753,"0.002",NA
2020-03-10 09:00:00,30414.3737545831,1828.11979022918,140.113854044124,1243.55096041719,398.727017704181,1689.56174426978,1279.19254743845,441.558700919301,10.3934356863938,331.823917983046,74.3247964572677,205.373533817923,621.325746472142,23.1476168358343,848.611624357057,19.2377384552547,806.0520605234,5.95469377198916,431.439045305794,184.01197340254,561.179797559483,0.644378400955688,8217.25317657275,9.45539427104995,NA,3045.75660410509,438.002168169868,"0.005",NA
2020-03-10 10:00:00,15216.6402256339,966.701068125555,552.924096179784,1190.78674101138,487.864016117586,787.53204883344,1158.76049768396,471.747536748967,9.47728591268568,169.136543460732,50.4735673751711,172.452008733966,340.447780374401,15.6444114795311,402.412300010098,17.0006020056104,359.516857737083,3.76059962683345,185.223440351916,80.3461869391856,276.220199213774,0.671339695836782,4967.91528041807,10.9331016500525,NA,2653.24229724961,283.769204357958,"0.014","18.4"
2020-03-10 11:00:00,13570.8345321555,1050.01918720573,286.311461831569,990.287276736592,464.221904082153,762.883831162361,1661.54206267496,774.54449196444,13.5836167542945,163.582607706765,56.6834034135687,205.501507107977,373.358344335962,18.8155024718943,464.353452344469,20.0531126834178,408.745485632674,5.01621660483076,199.782875835707,81.217846114404,167.24254868495,0.68264743539694,5805.49663814162,15.4121833402433,NA,2511.14277048013,289.708327107528,"0.027","12.9"
2020-03-10 12:00:00,7722.05700549965,817.263977266007,208.065675409214,838.488719511612,561.282726791585,610.234363786233,1672.41508099038,1826.19777143445,14.8796647255739,140.373091268137,48.5478692192617,204.374743966944,289.446081850436,18.6604607791135,389.906065553734,19.1015646591092,314.387609299168,5.67350100712983,136.962782477519,58.1779438852005,127.413137458813,0.685581890020416,4546.19087779193,15.2095089984021,NA,2183.41344991624,253.98650775232,"0.032","22.1"
2020-03-10 13:00:00,2919.98130193356,408.469462717384,292.407232118646,461.943607337579,381.061476808934,273.057596031698,1367.83216008998,2140.4802618306,8.854002496914,65.6858520430222,23.0460584308106,131.544617869986,148.678672282443,9.14464216197279,149.130447022108,10.2226684681677,84.8432078426771,2.77858438243897,37.6717787038798,17.1069567521989,103.4044445019,0.656562448342172,3463.06685874084,10.5088868058347,NA,1380.84146359246,159.189683072062,"0.039","6.2"
2020-03-10 14:00:00,3102.34695135242,447.245337943787,340.09515182048,546.116579722792,337.351024201697,276.663502838704,1807.96926246856,755.028580724135,7.2359011073263,74.1090247334461,22.3153886294267,134.81832832642,152.703191794188,8.97438066458703,139.123101605169,8.78816090465603,99.4576341890434,2.88815135104569,40.4468339154111,19.4778024899232,118.096985489608,0.65072745575756,3491.61822871413,8.97400274323622,NA,1420.97985479259,162.053027966848,"0.039","5.5"
2020-03-10 15:00:00,2491.56295374025,762.471283427166,1842.83646755512,391.240011365002,263.49567922953,242.998967365449,1557.27605274146,1510.03011327133,2.5118779939364,48.5827759921195,10.8337843213287,104.660193178143,131.730138847101,3.52875095060592,81.9377136723223,2.54208415339279,71.179284131988,1.21614687951972,33.7570627131468,13.5683883421274,46.5740805837529,0.60622119863336,1969.76385873502,4.74461972394913,NA,994.233576363045,148.71253310274,"0.043","4.5"
2020-03-10 16:00:00,2080.60130102293,405.504156514132,695.921975498812,311.232077663682,208.628655897639,227.860984929908,2428.63218992302,1922.21886617381,2.06981263859292,44.7627946363457,8.2776127922162,98.8355176952389,128.562212419768,2.61854878789237,73.2673701742532,1.87059102137885,65.7880803187905,1.30250218700386,28.7384995953992,14.4616385821475,44.1241526681735,0.590065765397239,1373.82721428797,3.54068571778426,NA,872.887215282701,141.633762092634,"0.044","3.8"
2020-03-10 17:00:00,2208.7000446657,349.629918003331,586.992784169609,307.186900208382,218.319449922893,247.060486986179,2025.5287073445,2858.79450842604,2.86220890498362,45.6464797673888,9.23364516744792,105.675665502736,132.060312333959,2.78806601966096,80.6415468557299,2.70112988435754,72.4138482182802,1.24046728831801,31.9448031927449,18.2400189683194,43.9511472272716,0.572396451728353,1246.93317102664,2.87987824533956,NA,854.433333144774,144.972850189635,"0.044","3.6"
2020-03-10 18:00:00,2173.33288289199,319.680017636058,369.858224703447,285.690713999038,173.173015943095,228.740363611859,1303.75063424083,2777.78816796575,2.24664669226779,39.3517654225451,8.2613557284612,99.2978467257695,115.313278771533,2.32899703207365,60.0929449663764,2.40280540524158,53.5782762874499,1.32025119170779,23.5401421055289,12.6420979032151,46.6558393671779,0.55105449450669,1151.52265272782,2.83646444754627,NA,800.314747364818,133.439734733,"0.045","3.3"
2020-03-10 19:00:00,2055.39884441991,353.500357759909,313.578356934591,361.536465393294,133.384251685813,247.285940984997,1209.75255534924,2379.30311475775,4.23157691438014,56.1949678229181,23.4192431145269,100.178152620647,124.303323746533,6.69751144304339,79.0421247723128,5.67145123417889,67.4893736638,2.30061587563899,33.1437905677819,17.6332360175787,53.8112719496965,0.545452997980801,1613.76854046101,4.29413965164605,NA,1106.19165664924,140.733505854377,"0.045","2.1"
2020-03-10 20:00:00,2437.40149987912,328.903084427805,276.20268614961,435.730861202729,165.404658047951,241.165990503283,1107.95579380743,888.539735201241,2.93545101934709,46.9305932792512,12.9006646385508,99.9148040599295,129.535033934758,3.85018035737452,89.9802490474567,3.9635652626246,77.5070011778114,1.39137198036907,38.50981045187,18.5779484896465,63.3577191010258,0.555165717652386,7455.96654999544,3.95044194735159,NA,1032.04663201342,138.62933514756,"0.044","0.9"
2020-03-10 21:00:00,2489.47952836482,323.41731617303,265.273885794242,523.03392637256,205.02512691613,236.752219819085,1010.72041820707,725.833847851381,4.72318751228192,44.1655651345886,13.5162743437947,105.271622249649,125.973320223808,5.12438029266972,90.8565295848413,5.71803146033937,71.2654655915271,1.73541999515097,34.3775054546553,16.8485333343006,77.0093821287083,0.584128262459028,3249.32155689638,3.34878255648312,NA,1207.38274038071,154.190080463899,"0.043","1.8"
2020-03-10 22:00:00,2590.06555590448,375.366260353566,216.153225744438,757.967896604942,362.732723747237,252.08407594978,1011.51377620077,565.168926162309,7.02272363976099,55.2248815145402,18.1549615752695,113.855974693992,139.314211837396,7.88121029992628,97.8581545753922,9.18588165258397,67.8600880672997,2.25325752062411,33.4982622795075,16.9466805936153,94.0730780807851,0.615238014087447,2476.94340353315,4.18084768388966,NA,1678.07062197518,143.688447978229,"0.041","1.6"
2020-03-10 23:00:00,2766.5412957806,470.388318445224,201.526318574319,651.620603032773,352.216785948637,309.927866083771,1138.0155258793,401.474235704333,5.5073500981301,71.6057562527292,20.7898721873126,125.559187104527,163.749214783891,7.28304561321554,133.410776037449,11.5085519778115,98.8707682862938,2.35628960999929,48.7047931684532,21.91629425174,113.288570010535,0.634843702656688,3005.07778816367,4.69765035651763,NA,1590.72755002982,157.338230437106,"0.034","0.8"
2020-03-11 00:00:00,3082.65780041226,476.026798763427,162.358080750341,702.062006112594,299.489093709025,295.38164262698,1051.3216234804,277.096829808879,7.80939849272792,81.0738722516377,24.3846989729665,133.283918989923,168.729347012257,8.72660539874567,157.495566779535,16.4732384670446,130.123580941114,2.65847864753971,66.6437521264361,30.6043055469776,109.940669348588,0.653931140006417,2712.77687014032,5.66348381124778,NA,1807.55882605485,173.953339839962,"0.028","2.8"
2020-03-11 01:00:00,3090.74213879704,370.011478995664,112.247329451537,458.986281057512,322.2825469704,224.061294977369,956.56682129738,218.176344600442,6.2901483135096,74.6336648627241,23.213950775119,117.320577527126,128.587350639386,7.52524820927851,106.057376468404,10.4206930603149,78.348424236461,1.3381144308807,39.7604244107867,25.7968433788876,336.378194676833,0.683208076875515,2136.63255553744,4.69002794988994,NA,1470.46865683842,144.692371030453,"0.029","2.6"
2020-03-11 02:00:00,3500.62604274852,391.349021634975,140.272274165318,498.395732392814,377.048096845853,218.228646852709,1051.23198183239,299.781901494809,7.40492725488994,75.6627649669224,24.9932836431552,124.472737356243,122.442495755083,9.90850318577963,106.905586838234,12.9205267852346,66.4819762145781,3.08435075814951,31.7155776144388,22.2457688240456,315.291986689931,0.703788894259557,2407.15330342189,5.37619722976173,NA,1544.50569470425,137.305549815451,"0.032","0.3"
2020-03-11 03:00:00,4207.32808256594,517.422417540504,136.489707233438,738.421523347257,590.089290084744,279.963697416498,1201.71911283631,517.383499088272,19.7759493320281,115.031678785945,36.3122713124618,140.603249060849,143.381749216359,21.7556081432228,133.424099931719,26.1444543558737,88.205381735624,7.06198487717882,40.3216530611507,27.4975007722859,305.478895072855,0.736716968700261,3430.69684454429,6.48915362156798,NA,1944.83587297515,155.064612733706,"0.024","-0.8"
2020-03-11 04:00:00,3162.25427388913,426.676805001522,125.813373387205,682.7306037559,606.454746128062,293.924545032842,1122.96799364787,464.675051427752,9.0500700171368,111.664504960059,38.8287742710144,130.708667332248,121.071325111081,12.8446797373713,108.321976830299,12.1652672347962,64.4052362720705,2.61279078403301,31.5795530979937,24.3252878957178,220.459703468918,0.736205733840323,2569.30703253914,5.82871879837154,NA,1913.26647345634,138.655969938102,"0.03","0.1"
2020-03-11 05:00:00,2581.75808675262,261.173201543764,145.134287163394,353.860072420525,398.813166510991,192.860706839511,1066.2601334674,320.667901982801,4.15363387346323,62.061955847012,17.8170084788109,111.239635237501,101.618355609964,4.41380634125433,80.5671671767657,4.82705089073094,53.7304269478838,1.11876744366801,24.1654829712547,16.6366702532776,120.39064533587,0.745938245203359,1550.92602212346,3.70543940520388,NA,1211.81286122072,128.894440011318,"0.04","1.8"
2020-03-11 06:00:00,2942.42347779309,204.140873867755,218.055509114359,249.469469431721,328.463082545565,157.797989144923,1091.03573716557,279.405873285545,2.77975697590359,36.5912149358386,12.5317308550955,98.7542766720485,92.1005810248731,3.7915332137174,61.6618455783822,2.8864598271668,44.217072412118,0.733671654285106,20.7091775428642,12.1982391222921,60.0304362075485,0.76051602012482,861.169916107005,3.59377787362925,NA,1060.12832785228,125.723402211053,"0.041","1.8"
2020-03-11 07:00:00,2566.90208840635,256.121854974203,279.44613428285,385.931150091045,338.763952970802,197.936439881975,1176.43677322793,328.857825672183,3.00195065671816,45.6733379525558,13.9229771877453,105.317836782034,101.914548085355,5.53541488854419,75.587481006841,3.25880814924516,57.6819403764415,1.21954447816052,28.9799195003883,15.0099357386146,64.9766107368756,0.776935930815188,1377.60805873962,4.05110622266866,NA,1306.57776348751,133.297509783787,"0.039","2.8"
2020-03-11 08:00:00,2856.96117476014,398.85200680164,358.233255162728,441.77281429706,343.161882217409,261.194515432685,1246.85522061033,326.265200683635,3.03097528048825,57.552406373686,16.4875283635785,107.641380190947,130.326844065765,6.81399993787323,119.773835275369,4.39801768712453,103.01849165061,1.32674557965407,54.0923059759301,25.2635032120337,60.2125055900405,0.784748234105872,2128.44566029025,4.15909738095718,NA,1444.94332827026,137.917514170993,"0.04","3.5"
2020-03-11 09:00:00,NA,NA,NA,NA,NA,NA,NA,NA,NA,NA,NA,NA,NA,NA,NA,NA,NA,NA,NA,NA,NA,NA,NA,NA,NA,NA,129.764511955136,"0.041","1.8"
2020-03-11 10:00:00,NA,NA,NA,NA,NA,NA,NA,NA,NA,NA,NA,NA,NA,NA,NA,NA,NA,NA,NA,NA,NA,NA,NA,NA,NA,NA,134.576036954262,"0.042","0.3"
2020-03-11 11:00:00,NA,NA,NA,NA,NA,NA,NA,NA,NA,NA,NA,NA,NA,NA,NA,NA,NA,NA,NA,NA,NA,NA,NA,NA,NA,NA,137.814058769484,"0.041","0.9"
2020-03-11 12:00:00,NA,NA,NA,NA,NA,NA,NA,NA,NA,NA,NA,NA,NA,NA,NA,NA,NA,NA,NA,NA,NA,NA,NA,NA,NA,NA,136.156953880293,"0.04","2.8"
2020-03-11 13:00:00,NA,NA,NA,NA,NA,NA,NA,NA,NA,NA,NA,NA,NA,NA,NA,NA,NA,NA,NA,NA,NA,NA,NA,NA,NA,NA,137.693458117903,"0.04","3.3"
2020-03-11 14:00:00,NA,NA,NA,NA,NA,NA,NA,NA,NA,NA,NA,NA,NA,NA,NA,NA,NA,NA,NA,NA,NA,NA,NA,NA,NA,NA,137.775864645161,"0.041","3.8"
2020-03-11 15:00:00,NA,NA,NA,NA,NA,NA,NA,NA,NA,NA,NA,NA,NA,NA,NA,NA,NA,NA,NA,NA,NA,NA,NA,NA,NA,NA,137.50152439509,"0.041","5.3"
2020-03-11 16:00:00,NA,NA,NA,NA,NA,NA,NA,NA,NA,NA,NA,NA,NA,NA,NA,NA,NA,NA,NA,NA,NA,NA,NA,NA,NA,NA,133.24232636361,"0.041","4.3"
2020-03-11 17:00:00,NA,NA,NA,NA,NA,NA,NA,NA,NA,NA,NA,NA,NA,NA,NA,NA,NA,NA,NA,NA,NA,NA,NA,NA,NA,NA,132.171536571176,"0.042","2.6"
2020-03-11 18:00:00,NA,NA,NA,NA,NA,NA,NA,NA,NA,NA,NA,NA,NA,NA,NA,NA,NA,NA,NA,NA,NA,NA,NA,NA,NA,NA,132.389657003157,"0.042","3.8"
2020-03-11 19:00:00,NA,NA,NA,NA,NA,NA,NA,NA,NA,NA,NA,NA,NA,NA,NA,NA,NA,NA,NA,NA,NA,NA,NA,NA,NA,NA,126.038699606741,"0.041","5"
2020-03-11 20:00:00,NA,NA,NA,NA,NA,NA,NA,NA,NA,NA,NA,NA,NA,NA,NA,NA,NA,NA,NA,NA,NA,NA,NA,NA,NA,NA,130.953115710966,"0.04","5"
2020-03-11 21:00:00,NA,NA,NA,NA,NA,NA,NA,NA,NA,NA,NA,NA,NA,NA,NA,NA,NA,NA,NA,NA,NA,NA,NA,NA,NA,NA,137.695244968224,"0.039","3.5"
2020-03-11 22:00:00,NA,NA,NA,NA,NA,NA,NA,NA,NA,NA,NA,NA,NA,NA,NA,NA,NA,NA,NA,NA,NA,NA,NA,NA,NA,NA,135.694494692435,"0.033","3.3"
2020-03-11 23:00:00,NA,NA,NA,NA,NA,NA,NA,NA,NA,NA,NA,NA,NA,NA,NA,NA,NA,NA,NA,NA,NA,NA,NA,NA,NA,NA,186.495321903284,"0.033","2.7"
2020-03-12 00:00:00,NA,NA,NA,NA,NA,NA,NA,NA,NA,NA,NA,NA,NA,NA,NA,NA,NA,NA,NA,NA,NA,NA,NA,NA,NA,NA,160.127190821202,"0.024","2.3"
2020-03-12 01:00:00,NA,NA,NA,NA,NA,NA,NA,NA,NA,NA,NA,NA,NA,NA,NA,NA,NA,NA,NA,NA,NA,NA,NA,NA,NA,NA,157.768686159001,"0.017","-0.4"
2020-03-12 02:00:00,NA,NA,NA,NA,NA,NA,NA,NA,NA,NA,NA,NA,NA,NA,NA,NA,NA,NA,NA,NA,NA,NA,NA,NA,NA,NA,143.40305705593,"0.019","-1.1"
2020-03-12 03:00:00,NA,NA,NA,NA,NA,NA,NA,NA,NA,NA,NA,NA,NA,NA,NA,NA,NA,NA,NA,NA,NA,NA,NA,NA,NA,NA,146.86993100218,"0.006","1.2"
2020-03-12 04:00:00,NA,NA,NA,NA,NA,NA,NA,NA,NA,NA,NA,NA,NA,NA,NA,NA,NA,NA,NA,NA,NA,NA,NA,NA,NA,NA,141.308837040734,"0.01","-0.9"
2020-03-12 05:00:00,NA,NA,NA,NA,NA,NA,NA,NA,NA,NA,NA,NA,NA,NA,NA,NA,NA,NA,NA,NA,NA,NA,NA,NA,NA,NA,161.034229743348,"0.003","5.7"
2020-03-12 06:00:00,NA,NA,NA,NA,NA,NA,NA,NA,NA,NA,NA,NA,NA,NA,NA,NA,NA,NA,NA,NA,NA,NA,NA,NA,NA,NA,214.298692421897,"0.002","12.5"
2020-03-12 07:00:00,NA,NA,NA,NA,NA,NA,NA,NA,NA,NA,NA,NA,NA,NA,NA,NA,NA,NA,NA,NA,NA,NA,NA,NA,NA,NA,233.031718226933,"0.001","7.2"
2020-03-12 08:00:00,NA,NA,NA,NA,NA,NA,NA,NA,NA,NA,NA,NA,NA,NA,NA,NA,NA,NA,NA,NA,NA,NA,NA,NA,NA,NA,361.568572345979,"0.002","4"
2020-03-12 09:00:00,42281.3429050877,1833.82358186038,130.255102030926,756.527591825492,216.546647616489,1189.92854061191,1457.01937044604,83.3205048205342,15.0361419534293,209.644958312978,40.2781020787213,92.6155656387258,500.520063731674,14.8785380133392,715.881188258913,8.45577467872052,683.933291501892,2.08488327801614,343.831279372667,132.546741102628,364.296506627559,0.688257182911452,12523.15738278,6.02384084333331,48.7117636811537,2051.71044003127,464.95539991925,"0.011","6.4"
2020-03-12 10:00:00,18286.8011578741,570.063358063248,81.0500595894486,669.735631157073,181.965651996561,395.224814561795,1195.27976945331,136.698836943785,11.8547611055272,85.8743627423997,24.732547117084,76.9573606025369,187.142111915706,8.39026375941054,204.509775767492,7.63544510926609,166.937749470427,1.70559405779507,81.5320991090009,36.36477961168,155.393166259001,0.751704795032073,2030.94395420108,7.53733986764633,14.0364626576884,1668.74448435203,207.659769887165,"0.023","7.9"
2020-03-12 11:00:00,7697.64851389334,511.098754041271,94.3575983880761,714.084732384597,265.96043237408,381.661258356248,1111.56112892661,205.861326123283,9.60784214483923,81.1127862585263,26.0290061048184,104.739850394966,181.044024782731,9.10950468342079,219.085310432052,7.96928541654049,156.517713371823,2.23792199386771,71.6466835197228,31.3954766490204,117.965019458321,0.721947713329773,2386.97057280019,9.08021783332686,12.903375796438,1695.23741855681,209.412365562341,"0.036","7.9"
2020-03-12 12:00:00,6635.2897077577,579.897876110214,141.764185200125,807.401365972017,401.780131357274,435.369116607784,1399.83130792776,366.639038914159,9.7079241171953,103.34384176591,30.7502580460472,120.771976645897,194.341980746736,12.0427637860616,260.778255850688,10.3707598229867,209.234796472515,3.02036547323723,89.1860650188675,41.0461799315652,256.417622182581,0.678224895446321,2651.42479029938,9.48590273678642,18.2032451436265,1845.32291360575,213.832526362975,"0.034","8.6"
2020-03-12 13:00:00,3607.29518677391,524.876386268425,154.679128831153,571.001338417321,291.95930337735,310.290029819619,1705.73966973393,461.156163426835,6.58725115738484,71.7033934487105,20.7849553129326,112.280836186008,139.173648122563,9.18311799798947,135.421730392981,7.48086581960468,108.455594943738,2.84495305109561,43.0624296851252,20.5590091462043,111.020508614106,0.602554389529656,2886.06627553127,7.85646996124068,16.505279957402,1302.88200628628,167.181649398667,"0.039","6.7"
2020-03-12 14:00:00,1664.64413601722,297.835333068652,114.810941150132,287.041315102266,110.053768901975,201.44890620488,1145.43943268358,234.919832832812,2.73709395760772,36.9590624086558,8.32154234214934,93.4229554897741,100.96505212341,3.42497056051976,54.1033553825258,2.84250754100736,36.0845096345114,0.98384466329595,25.2862047603345,8.40136181513597,54.3085436752441,0.513034391089131,2022.80300462608,5.31343731071632,8.24848198335694,720.775042148356,144.313666146348,"0.045","4.8"
2020-03-12 15:00:00,1687.45510266769,263.087424319601,107.201099284724,279.136272354296,158.84649984316,181.985656540636,1061.4274627437,537.651939862947,2.50632229737166,33.0524180960126,7.07871208436437,95.4335854893018,96.0534478267349,1.95209249923537,45.4043020360424,1.71427117963419,32.8171962502784,1.13588708227716,16.1195661849692,6.94811570374929,41.5927230471846,0.512147892307141,1502.40757368391,4.90808996457783,4.95188283421609,711.870317869648,140.934239598666,"0.046","2.1"
2020-03-12 16:00:00,1556.90135275899,229.000742317448,94.0466684058116,260.832871777187,120.026653765859,174.709865931826,888.2531540107,129.279694152085,1.85734988114883,36.6234707161959,6.64318326973185,94.5152561473442,102.017925271343,1.99600019319825,58.5622492541254,2.41724489997318,55.3852508046961,1.22405238925561,19.7172783649597,7.71382072776034,26.0148609698234,0.507000242672129,861.095388914268,4.42116460684788,2.81792956559367,677.761602281696,141.580195262453,"0.046","1.6"
2020-03-12 17:00:00,2160.55716248683,468.723038057426,118.67218451501,336.227266350757,161.344281979789,199.323050371943,951.703996638124,170.474912546242,2.36168414522805,41.5687689522193,8.68693040203151,95.6664621422739,111.054600571351,2.88063536172373,79.8263793840851,3.07477361035758,61.4917218298664,0.980380529426708,28.202086127117,14.6845525774189,198.136354792597,0.508517475963888,3966.27770260423,4.51603334909346,5.32031971889184,814.185227702807,147.447314849844,"0.045","3.8"
2020-03-12 18:00:00,2711.5831249163,275.14617882325,93.0227593816055,305.325802566176,166.446331240369,202.505135784926,898.111638884277,153.828785991512,2.84812050151407,43.6647731107271,9.97570869269509,93.7566032006738,110.045398020611,3.69071388727826,82.8351210186067,3.69545336975216,57.8774159819418,1.21359987616668,26.5012428781543,17.9889216743674,405.070034861801,0.504934540447286,3084.11563643166,4.24849169095884,6.89969872682536,823.667225997465,146.946975212287,"0.044","1.8"
2020-03-12 19:00:00,3128.1699057472,506.088932628117,102.42457211198,395.825803623415,100.135079741214,314.60452946559,996.371986760631,176.365385256934,3.4343174734387,82.9708203355569,14.8951829502186,105.410384290703,142.363476504963,5.11515855846677,134.72277611123,6.33990165561018,151.887229578231,1.74978395202099,52.0895257054781,22.6063567110106,149.469967015497,0.513443826208095,2807.68823596138,3.66894741621539,0.847299377003656,894.378970430182,160.370416879933,"0.04","1.1"
2020-03-12 20:00:00,4656.74775542756,651.733487510913,118.032056544712,675.384201071699,175.080977723823,429.648392698978,1176.64257190181,299.517915488128,12.3977954571497,123.475110773188,30.9660198435031,116.773302575454,182.892730746562,17.0296255436471,204.033281502285,21.9836333558046,208.894783328043,5.30988369394479,86.6642163914623,40.1089153093889,361.785559174427,0.537382981202341,7110.32519563367,3.77477423664374,NA,1491.16183400932,191.667252687164,"0.025","3.8"
2020-03-12 21:00:00,4919.22236433234,683.077353655148,124.200784991749,925.634269945319,506.409249377273,464.040344711883,1220.8987783427,508.632908395152,32.2590616122385,133.86038312762,47.6780338636625,121.204169241056,209.290207389609,34.0449488722546,234.511480657979,43.9360571328038,199.130447917938,11.8480278737521,102.42679784535,45.8157869004995,370.087725956139,0.560044661094274,8269.38066871136,7.17705775678662,28.9186236835109,2159.183121906,215.015278921383,"0.021","5.9"
2020-03-12 22:00:00,3412.28878705075,466.362486917065,92.8359473715006,626.887938283608,379.822454231766,337.457454719611,1055.45028880464,362.202927054493,15.5711014676788,88.5576523817123,32.6288040558628,104.889753441606,165.480070856071,16.9750028282497,178.443611495114,22.7654533026395,155.572507941648,7.00831886168743,71.3805365991348,33.4174738038668,302.129479767801,0.576223255928887,3371.85436237992,5.60988909414503,NA,1444.139616906,179.234899904944,"0.018","4.1"
2020-03-12 23:00:00,3756.13249947648,503.044700035154,119.315408418797,741.07870211581,131.937776229622,338.070447432219,1117.23708922246,252.763097682911,12.1895013095206,95.9545874863781,29.5719652807836,105.05221743433,176.669797001546,15.3661793687993,181.263184480009,21.6319329505953,156.930971112,6.83727045142226,75.4491022563806,35.7830636197035,346.822079324145,0.575153156086336,3783.15797786388,4.31007042270712,NA,1538.43357828493,196.461066726858,"0.013","4.2"
2020-03-13 00:00:00,3703.69760368111,462.208222537819,129.039922019869,807.205343731978,171.007163164657,284.542313995382,1160.40297091465,307.317172173262,11.443308722675,87.5390033196355,26.120333689284,103.302967751037,146.983567793458,13.6129554273824,140.355757070981,17.5279128783749,112.857108808681,4.80803901568689,52.6385947803855,27.8314215403164,376.173043911156,0.572976784033787,4009.30853134821,2.38283173029247,NA,1624.85825878299,190.674668372096,"0.014","6.8"
2020-03-13 01:00:00,2682.99355356277,373.30666459913,107.976953227611,646.976492527594,213.912780511593,212.45483284867,1015.99011250361,243.963579477904,8.17692227572733,62.3753623111847,22.1936655785489,111.890556033006,133.557242037508,7.06759964162115,101.057465933271,11.2744189135426,70.6283332740041,1.91605031671635,35.0442922610135,18.722331794582,216.247199578535,0.528347643314919,2893.73436183292,4.30805577572706,NA,1371.32256254844,156.368623847961,"0.014","4.4"
2020-03-13 02:00:00,3265.68208788382,463.76093901478,126.219482497384,574.56277512106,213.199814240323,284.350274431763,1061.27331841498,290.642120153659,5.22625785278086,87.1697532192689,23.9286104260294,118.89367907357,144.272490912949,6.1181243811428,133.298498876313,11.3833411592908,108.178554224736,1.6779540212922,46.9896711687232,21.8063660707599,191.422378451678,0.533525870205342,4111.55257925303,3.77596281105625,NA,1211.59988329408,170.902406922884,"0.011","0.8"
2020-03-13 03:00:00,2929.92384030474,479.674560912851,133.552089604093,617.350331312022,229.311225687456,262.932732297025,1068.0859557116,286.91805045947,10.9340669897347,76.6504295793664,25.3500827091578,118.725151214896,146.459184746545,9.23077077107989,124.447456569741,15.7277209293207,96.0133745773973,2.42427033789307,47.5862867570586,21.9902336408875,201.930257932855,0.529502290645074,3757.68509898532,4.0508604527466,NA,1319.61492292172,173.97430623333,"0.012","2.3"
2020-03-13 04:00:00,3068.87393311266,555.085625122207,125.531735205759,661.978559462784,182.998034935518,313.037325499336,1134.69763541084,258.772508749806,12.712445976369,87.7158675153335,25.8302989738745,121.738984346281,158.879573128602,9.67592669575614,150.34090900809,18.0398928547209,111.422951149287,2.67646006477059,61.0082654470969,25.039401878849,210.561453535565,0.53384879508953,3817.0046856661,4.36752980413149,NA,1393.01351266425,190.701313936373,"0.006","4"
2020-03-13 05:00:00,3164.58765846441,648.510046537543,115.856830184171,808.942063237831,256.985814211855,428.570386659835,1190.00648536916,330.552568757749,13.7084510320526,93.4436607631255,26.9163028163929,130.151509057319,178.116361497137,11.3172067845706,184.704855579137,19.3612656033496,132.668873666273,3.40777863304446,81.5915271377758,29.4567148706911,220.518695591399,0.539699696936244,3970.76031233687,4.42048290958036,NA,1544.03251794074,197.937402837696,"0.009","2.5"
2020-03-13 06:00:00,3641.63137009467,603.592382908305,108.555974872073,721.608743385417,204.654688948782,444.476575495453,1113.57277063638,260.17902746032,8.52389399920547,95.6424078561638,26.1413396246588,127.429631155053,200.087269969294,8.44884414869394,218.287936759929,14.9960802584018,170.478988192975,2.35744403664738,107.970621391246,40.5200412425469,215.314772006717,0.541979120123664,3510.52400215443,4.32494730483154,NA,1417.22235619095,189.912739110669,"0.007","3"
2020-03-13 07:00:00,3719.77837360567,990.872212645201,116.121249711798,1160.9611535731,287.138482485857,746.069605039658,1268.75968072675,396.742371350511,18.8607598342794,135.210899610706,40.5364810053687,148.124774531121,286.247613874906,21.6058747134689,313.881792127681,34.6968146248368,246.248610739416,6.98025731337678,142.384559858814,55.0859657363196,253.055131033848,0.550577795170087,4820.40828485164,5.30655128749069,NA,2102.94544389027,255.459000642538,"0.003","7.4"
2020-03-13 08:00:00,5732.7435970836,1357.7799958522,194.92477963937,1166.78691467786,330.395764071321,1093.54259653005,1439.41996418757,500.715712688045,17.5042049158524,204.94132800311,54.1410494287792,157.847234271049,466.391448932984,24.0700308186863,630.964148649692,28.6584021437463,571.500805559487,7.3228022854271,336.708405150428,125.519234152323,242.167758009929,0.554252259625542,6921.40420380956,6.59628599993262,10.9709740522449,2272.14224121942,371.989877635105,"0.005","6.7"
2020-03-13 09:00:00,1978.25963257534,4122.39259626587,166.75696035846,333.733760125588,78.515616836546,231.887382312751,1555.75928451386,157.420199474844,3.72766640928198,46.0693020816128,12.909776146738,105.601678197623,150.935328958575,4.99909170978256,106.07162583496,5.48541335958967,93.2325068705031,1.40139523013691,47.6332831064524,21.4042811426644,71.2026823028364,0.516976541558736,2694.10382086948,4.33545257978725,12.6372278494423,812.462723132824,199.292613916344,"0.019","4.9"
2020-03-13 10:00:00,1303.33132992225,445.866540309054,78.1781195647455,125.923333672999,66.5796635012318,117.817411969137,941.839907293788,29.7124909487214,1.68418588275499,21.1183520138576,6.89317130129068,100.478160570697,100.093176388893,2.40775692646909,34.5072638855617,2.59653610040752,14.9244580282904,0.698265357226397,5.14754714819693,4.70700471448726,54.4688955548913,0.514479452777134,1087.30775832175,4.30997522842851,NA,410.299094052938,132.552619448039,"0.042","5.6"
2020-03-13 11:00:00,1850.55151623798,447.776194519099,298.374166906087,163.08412170048,28.8776319121356,147.010197627887,2099.31792316022,194.263341839037,1.71765549135774,27.6872038732522,6.55733117394153,105.048312910621,105.192326966145,2.50643293405623,45.2545547121931,2.88879631167136,31.9843098520067,0.469322942529275,11.5382317717923,5.79256443673801,49.2738674445557,0.52316878511129,3030.84948243836,4.3238954906409,NA,438.312244229086,138.579632555611,"0.043","5.2"
2020-03-13 12:00:00,NA,NA,NA,NA,NA,NA,NA,NA,NA,NA,NA,NA,NA,NA,NA,NA,NA,NA,NA,NA,NA,NA,NA,NA,NA,NA,134.693992389152,"0.043","4.4"
2020-03-13 13:00:00,NA,NA,NA,NA,NA,NA,NA,NA,NA,NA,NA,NA,NA,NA,NA,NA,NA,NA,NA,NA,NA,NA,NA,NA,NA,NA,138.405613080232,"0.042","2.8"
2020-03-13 14:00:00,1569.09201490745,259.316931796347,134.2702216171,338.216008445008,389.444300615122,165.434281061316,1110.1088963314,205.62422088791,12.5180037715755,31.0340701441213,21.2595189979659,113.468286418141,142.717514572186,14.5300576125442,34.1239146819069,11.8060921541914,13.2355087789143,0.29587742631674,2.34310154980728,0.833165582838497,26.7646967840316,0.606904427499878,988.916312947864,6.56570276942169,NA,890.504329213998,136.581425234346,"0.041","5.2"
2020-03-13 15:00:00,1744.23939651213,281.67563804747,155.743503569911,358.431840885103,241.839897068578,158.201722377939,1184.43995324418,292.233743626049,14.6295251586708,31.3298265983378,23.7284478788354,116.471432826927,156.936167413558,17.4888576181011,41.7669382556925,15.2771348829823,21.3435272319384,1.91645602988011,5.92886461095286,2.60817708497062,33.5443892472091,0.62518959347063,1572.23188777466,6.8950302586566,NA,930.829232447622,137.795778744941,"0.04","7.4"
2020-03-13 16:00:00,1672.82298238408,281.667477257197,128.679904029931,319.211448329066,148.989539173889,174.158428789881,915.869962867276,170.049441233568,11.0735793327796,33.6903523889477,17.3669461970443,125.182473915129,128.945717206695,13.6409236098278,43.1293798315931,14.0734186887379,26.082714454777,5.54076025385816,10.0857003653147,6.79976666547013,61.0592050489781,0.641836988123706,1588.27610856019,8.66192164314876,NA,804.700300105526,134.504048628044,"0.037","6.7"
2020-03-13 17:00:00,1847.98830630591,354.489854463011,122.921856461011,331.516812807395,180.587745568711,188.059815361722,993.719596106522,203.720187393068,7.37829473179676,35.073242681558,13.6024073832797,133.654030854021,119.867551579088,8.49276198393278,42.0665004499872,8.49005542171918,26.0651911079001,2.70136991266505,10.4220310825421,6.57077033695809,63.1965538856102,0.656724294085551,1973.07293181648,6.43908362019233,NA,708.522335359806,134.216260638179,"0.037","6.1"
2020-03-13 18:00:00,1737.71767045714,449.550356692578,111.23793616639,332.194221242929,141.117460910362,186.803746443464,1005.0609221662,164.297686582343,5.33467755540233,33.3346308273482,10.0798087715507,140.272895325759,112.306229299406,5.84853567800494,31.8365498905418,5.40149739246414,17.3701502877673,1.25739798220525,5.81793158043859,4.20509084263679,60.4743423115423,0.630002934280527,2695.74119236757,4.59328161081698,NA,636.631811477001,128.006498151333,"0.036","3.2"
2020-03-13 19:00:00,1446.84158952997,321.319961517036,95.6546584373773,292.504673547738,44.014535789169,176.373879904091,840.754599643676,114.686784637051,2.40461132487844,30.1715696209017,6.09893739459791,142.390306955656,105.671987096383,1.68774250629148,25.3695616936062,2.05355671476053,12.9478590226275,0.497852815562645,4.15384482252282,2.62548971640229,52.8863374748875,0.613614290270105,1843.36913909134,3.1095918519957,NA,538.151002456622,123.613620684722,"0.036","1"
2020-03-13 20:00:00,1291.25495841554,491.482776017374,80.6938244353261,253.540164703747,56.9740725092345,157.417080438142,818.452863865979,89.3174099665537,1.64384079601734,27.7351359419477,5.19326146001625,138.655603831932,103.129624029214,1.79199214552091,20.0406041917096,1.57178766554337,7.15040829647081,0.544972594800327,2.05363847912017,1.48939905000653,46.5597783138975,0.568526450690791,647.21543821306,2.734080636007,NA,471.387685767432,120.735591366742,"0.037","3.4"
2020-03-13 21:00:00,1249.69849862116,312.395583188784,78.1000201385137,234.113983601392,53.4878276426695,147.617502204254,788.425773504821,95.5418830161392,2.05947271247713,23.8763376743156,4.96607724096619,134.355529690648,102.336027233118,1.59407189315731,20.8639933768609,1.36535345253482,7.48276462290167,0.758081112635909,2.39953156558104,1.52689127289349,46.0642293881132,0.545688978143137,630.268026943687,2.2071716822839,NA,452.198495456183,121.027968437551,"0.037","5.4"
2020-03-13 22:00:00,1241.4652420705,206.762433858186,85.2934100133749,242.386074251529,48.1227791150057,139.695767308945,781.030731624025,93.1454604044246,1.88111444362723,22.2264413390529,4.63125286546898,131.679378503105,102.528003026179,1.23342832204108,20.5819827688596,1.31006448339784,7.7211315241906,0.999375423200278,2.36387248971143,1.33484997290027,39.1820854151647,0.521422915431424,503.269356179761,2.49708816747859,NA,465.071686817134,120.764009651853,"0.037","2.9"
2020-03-13 23:00:00,1240.65573023894,205.859331279945,84.4402005120986,245.627002097349,45.6293231037207,136.535975637189,776.586613651381,99.5713260260831,1.90540538743947,20.8056801396436,4.54494016075926,131.974964081638,103.881907317371,1.35161334056235,21.3580114166809,1.3815167148427,7.65796636936999,1.22326310739079,2.04328292941632,1.41718758225282,37.3792181327221,0.504672810325764,511.65641073667,2.54622956315743,NA,461.5130305897,120.699387380743,"0.037","4"
2020-03-14 00:00:00,1258.05683999839,161.67951820048,93.0966710928799,246.482522669612,57.6708037179675,139.255289323601,769.758974809002,110.431721784074,2.78594405707094,19.9734922422333,4.8088474306653,131.004751584678,103.910361055366,1.54733927303421,21.2607083868794,1.61038681071359,7.9189435803176,1.30220617641842,2.0333467009262,1.94697565023987,35.1890052926095,0.493363184853293,549.246499471304,2.21278000228446,NA,452.265158054227,120.319255065156,"0.036","7.4"
2020-03-14 01:00:00,1175.71163399624,162.328205235253,74.5360461987104,265.232506445448,85.1673633905026,140.010830681016,731.392461566849,92.8542807059795,3.47733875266039,18.6884294788864,5.27477618070052,134.196124477504,104.911244462089,2.53654820549864,21.1337031074118,2.36632866771,6.67759995115213,1.03889749743051,1.9522374111997,1.8840974701847,34.9105433929134,0.496066755394336,483.57469439954,2.28620763522295,NA,457.352336504544,121.325235017533,"0.036","5.9"
2020-03-14 02:00:00,1163.83910955213,159.156959856471,76.442543320959,225.289101730996,64.7265106793295,130.743045658421,741.642393607037,88.0723760054235,2.35794193598755,16.851205785258,4.71615477850327,133.335939134822,103.070808509759,1.58048953394554,19.2480083970166,1.40639735410988,6.38908817570353,0.744324077534202,1.9260735659875,1.53284597834433,32.460970890727,0.471493020418822,464.375580367311,1.65964162754171,NA,395.49995194133,120.482939173616,"0.036","3.5"
2020-03-14 03:00:00,1194.61851584297,151.900761250578,79.316295677214,229.437817767523,46.7609762603241,128.642417431247,739.732040517664,86.1620898625685,2.26778848836654,17.7194111739196,4.58350944632326,133.959118225603,105.392527669291,1.55593452784532,20.611963785295,1.3471256704955,6.67120567870582,0.717727005070484,2.31908953143021,1.74969830781809,32.9477799215133,0.449857276168618,478.845779872606,1.66905477339088,NA,410.453035507334,120.45355761069,"0.036","0.8"
2020-03-14 04:00:00,1242.74037799795,747.028084117901,88.5506166419697,225.909930118754,48.6404255684376,126.154324742094,896.021054167403,89.2243392722271,2.67804925265517,18.4455116125659,4.82929522005844,132.737850777152,106.605624447789,2.43247203193044,22.5616828202431,1.78177233143514,6.38702766392821,0.743594430116533,2.4810874260202,1.45479234553257,29.7736395115269,0.432518546808067,475.686524800905,1.40553915225082,NA,412.057749586354,121.444510499799,"0.035","0.6"
2020-03-14 05:00:00,1288.9836532813,590.470865223958,82.8554963487799,244.5357227027,44.2842930627758,125.316361829354,842.276333952693,83.21137486368,2.29192858254645,19.2383039782141,5.04799719986796,131.716983075152,107.27322059337,3.1693403724694,23.0839357054341,2.2792264768384,6.09046601980769,0.84264952339924,2.29995962069812,1.43863633453461,28.011709621997,0.437492106850104,487.483347734372,1.43820019700145,NA,456.405762795216,121.927700118582,"0.035","1.5"
2020-03-14 06:00:00,1381.84631258071,396.849435282288,83.021408851419,252.134727861196,64.2300495620397,137.31257030373,817.256480692011,103.673112812086,3.17991766667508,22.4214723951812,5.92130539034763,136.817722398574,111.215708215849,4.21669248453444,24.9040213030957,2.44279608424121,7.94109468787156,1.24170565884013,2.68824216832942,2.15494925726901,30.5997274299395,0.460839771569468,551.72757048669,1.93811359017543,NA,454.33115861285,123.278845083945,"0.034","3.3"
2020-03-14 07:00:00,1440.58809112027,175.397772863166,82.7218336949304,268.914854672444,78.659651394939,145.887900294757,766.837531835028,102.424739454846,4.66547598852515,25.4735015214545,6.70962371055296,142.754947439529,115.647100245235,7.04669401291823,27.3829065870529,4.27903222451306,9.8645006432926,1.30649680407962,3.5727022681128,2.49824694651635,30.8763498118152,0.470380525866254,537.815031718281,2.4263081296398,NA,469.165453175995,125.762931925189,"0.033","4.3"
2020-03-14 08:00:00,1413.85836253888,160.560788421676,75.110662183214,274.727722561042,63.0917318578457,145.851090035091,768.970204364191,94.4087984425217,3.45382259635477,25.0821088190379,6.30382278008946,143.41664277961,115.731428608453,4.97010375293197,26.7189011305555,3.29449079304699,9.50073493738488,1.48554589503237,3.24323925968195,1.99006915121072,27.394433063137,0.449986292086683,703.725147091749,2.54849742094878,NA,476.207560971642,125.879625243601,"0.033","2.5"
2020-03-14 09:00:00,1423.74595835334,172.663737711353,73.9781055986221,276.727529220949,78.9250418320121,153.987724908077,774.004238176317,94.7938704886605,4.98653952985745,26.1846634122717,7.31349743506605,148.513918422183,117.148023534327,6.24405122261205,29.3985593719589,4.90492360149562,11.9937090185852,1.4564207292844,4.45805218886445,2.21573919409917,28.4186042700483,0.430102020410626,707.68365396729,2.83718324494198,NA,484.238448985349,129.249924495551,"0.032","3.3"
2020-03-14 10:00:00,1457.72299929466,208.978758597297,71.7509901999322,301.61018813819,102.408267528257,165.432670954687,793.031285413722,106.678489746642,5.36422827387384,31.6381633411835,9.01299489848729,152.130577938112,122.879568723095,7.06950027341102,34.462018202587,5.25390713072436,14.973136817173,1.35866513521838,5.76648974570696,2.83808838816813,31.8482341268197,0.452161831539817,809.959173202553,3.65704070329825,NA,501.966270857323,132.988873028539,"0.032","0.8"
2020-03-14 11:00:00,1415.309980272,236.306895870037,63.3652127830109,296.630587639094,119.430522963052,170.260347349164,801.15924869537,111.379914223038,3.82535087294894,33.252869376462,8.32743578110201,153.109997403463,123.64869013487,5.16399433260651,33.8765066401184,4.1355593724472,15.76570152257,0.904374295135319,6.04181314032227,2.57402471384327,31.6376599480444,0.456392489130714,840.238428597762,4.52200489432999,NA,512.082106238485,135.739735898683,"0.031","-0.3"
2020-03-14 12:00:00,1513.43401191722,193.477765279949,60.1924309417251,296.082603440518,113.160598056323,167.216651269347,801.930893789044,113.041032931647,3.07607622114589,32.2029847932584,8.01572291289512,154.656037707726,122.708691265594,4.99890010869898,34.2375233692986,3.70592380872152,15.5778297136323,0.854941885192909,6.19782685837454,3.57637398723481,31.2085308951696,0.450956616247841,660.924772969185,5.72256638716934,NA,532.325852518052,137.834538755242,"0.032","2.9"
2020-03-14 13:00:00,1553.85932695553,201.888497213618,62.145116579711,283.143547391749,76.3699220540761,172.397745236978,827.413925712595,114.640340025465,4.54175410397212,34.5648737630556,8.55793829173898,163.673404058519,123.943116203746,6.09903758092925,33.959988767204,5.61043637115228,15.2787979128805,0.887825632183475,5.59013683575413,3.06293798377352,27.6723049506873,0.432920241648307,739.932180172846,5.21906056367988,NA,586.963136762559,138.171784543683,"0.032","2.2"
2020-03-14 14:00:00,1589.5638631303,201.629278479769,59.6853422228787,287.475096421168,81.0822013616587,176.41316397863,843.312223728577,115.211908532881,2.84852123567518,34.8552502621549,7.66336615739194,168.57368292804,119.626661006995,2.68686330009745,33.4108731703302,2.46387214254345,16.2386694094951,1.08937449352992,6.3271625317636,2.71180826772963,26.3040504065398,0.438122181210508,707.435178282662,4.74351214830592,NA,571.826713640003,136.619880400953,"0.032","1.4"
2020-03-14 15:00:00,1504.91825125946,202.172007830114,60.9016205598714,293.56846576267,109.237316314625,181.266075108031,866.618609274997,113.656851019528,3.05545586990905,35.4883828960344,6.96145123929345,174.618854868918,120.762034370603,2.27619585261655,34.6549021629615,2.22018933906289,18.8787675352462,0.89989838910074,6.64317009915078,2.25780389044983,23.4681385607771,0.4443460128103,665.050526568102,4.13293360548593,NA,572.109902251167,135.652364799349,"0.032","2.9"
2020-03-14 16:00:00,1579.32809083109,206.17319764064,60.5146130402403,291.847479065998,96.0898248872573,182.208340881634,875.686511396631,117.453412290673,2.8485155225052,35.5463241296817,7.05304355399289,178.636335382274,120.651750767188,3.08268191807821,33.3494850663758,2.92964422440935,16.0480442950926,1.04450061529898,6.46192439621053,2.68868332986748,25.9293438557206,0.434438490148611,639.112956145665,3.9427855217338,NA,571.734227776025,135.557206939415,"0.032","1"
2020-03-14 17:00:00,1596.38278718341,200.282830897238,60.84969662279,286.310502838783,94.7021287245623,177.782946561639,874.835473761764,109.74923484087,2.1624374095724,35.4011610534035,7.14165283743123,180.228690035281,118.92887515308,2.34083020325786,30.8922308426775,2.654547631511,13.3715243191376,1.24137081555366,4.97199397090479,2.42188408450719,30.743409247656,0.431641953638915,613.037222085188,3.42188315432058,NA,541.823323105821,132.320704750581,"0.031","1.3"
2020-03-14 18:00:00,1561.34450965616,196.026913799243,61.0766364249857,279.920914946492,90.6547186268424,177.794147813806,872.903460388008,101.474411009653,2.1921549398409,33.4837115599198,6.63487259908143,181.849908957734,119.803333039412,3.01604917282294,30.3187172884422,2.60032299540287,12.5399178748517,1.16214479313033,4.754025424534,2.69230275798608,33.1811696763632,0.435572688760701,598.624668192926,3.04905348542441,NA,516.094776147136,131.502747302239,"0.031","3.9"
2020-03-14 19:00:00,1530.7496712281,233.08248901965,61.7462352175068,277.375129430105,87.9295862782797,178.553885350313,883.283048831796,110.424637446533,2.5462939367858,32.7630445572818,6.49835015846054,184.754656330735,119.930051246681,3.32681645591331,30.4270109347522,3.48812306480468,12.3391253654768,0.750247452568496,4.87270876823048,2.26547758831454,38.4901987369565,0.438573869583673,602.973056180045,2.72401445792089,NA,492.390692152593,130.618313087544,"0.03","5"
2020-03-14 20:00:00,1436.37165082017,194.329196031113,61.2541271535466,247.214674883605,64.5580276199378,175.169785307052,877.331415682314,94.0429071279913,2.795244868758,30.1515753961688,5.57605503588017,189.883995760792,119.544249227334,3.77826851372348,28.6073156715408,3.20497928256764,11.0028830890962,0.923496941504247,3.86092392675325,2.56405440960286,38.3048648595672,0.413706579469755,519.404231555554,2.50287827831378,NA,472.738125127721,130.179595677648,"0.03","5.5"
2020-03-14 21:00:00,1369.14701872874,186.814155712274,59.9653880821087,240.727308004078,69.128404948264,175.993409647664,877.079713765527,97.9827898033079,3.05651601395196,28.5645667208193,6.1121429947144,190.423829199477,120.485351815621,3.82979650579524,28.2379020166819,3.41555742833638,10.6500361093578,1.05545010453942,3.74231608077562,1.84115549439085,40.5475993107899,0.400005766967436,508.092062022144,2.68829800977152,NA,463.11125924738,130.622398275637,"0.029","4"
2020-03-14 22:00:00,1331.77047429553,189.540371661667,58.6898866475712,229.92341469294,62.6504874553753,174.852100885671,874.586979373116,96.2233286941623,3.99323382211677,28.0283031078342,6.041742027147,192.390458405571,121.24966475405,4.48133028646901,28.7078392582616,3.66253181628678,10.9618293492966,0.90926493250843,3.95761370107264,1.77175315711055,38.1390349178109,0.391803782418818,515.216465400573,2.98544327807484,NA,454.511845761674,130.743949311876,"0.03","2.5"
2020-03-14 23:00:00,1300.30033474717,191.477434247791,57.3959659041815,197.555958236894,63.3381866936408,170.711590499773,872.316974518705,82.8453710446719,5.36620518367962,27.4166406013442,6.25245119698281,194.425602182612,121.816923584167,4.86182447122501,27.3514388157434,4.06426179933691,9.14818964347942,1.14246523623142,3.24411408493267,1.51869968411402,38.2688095208496,0.357213345129007,463.657766186168,2.72977556892464,NA,433.70917389633,131.196931499185,"0.03","4"
2020-03-15 00:00:00,1257.58151877483,186.683461717557,56.9760238729982,174.793900048378,55.016569116555,165.811142842808,858.161026071228,88.0386990084433,3.62787207620494,28.5786830783684,5.9182322251744,190.357594557875,121.365982152633,4.64441960647583,25.9131534053361,3.17583370327746,8.64464622178252,0.678858988438406,2.62817576322252,1.084058352289,35.7453638413761,0.339862393052423,420.095101159014,1.92427915720079,NA,407.172746272495,130.08652333008,"0.031","4.7"
2020-03-15 01:00:00,NA,NA,NA,NA,NA,NA,NA,NA,NA,NA,NA,NA,NA,NA,NA,NA,NA,NA,NA,NA,NA,NA,NA,NA,NA,NA,130.374290655569,"0.03","2.8"
2020-03-15 02:00:00,NA,NA,NA,NA,NA,NA,NA,NA,NA,NA,NA,NA,NA,NA,NA,NA,NA,NA,NA,NA,NA,NA,NA,NA,NA,NA,129.301369253317,"0.031","5.5"
2020-03-15 03:00:00,NA,NA,NA,NA,NA,NA,NA,NA,NA,NA,NA,NA,NA,NA,NA,NA,NA,NA,NA,NA,NA,NA,NA,NA,NA,NA,129.752030672292,"0.031","6.4"
2020-03-15 04:00:00,NA,NA,NA,NA,NA,NA,NA,NA,NA,NA,NA,NA,NA,NA,NA,NA,NA,NA,NA,NA,NA,NA,NA,NA,NA,NA,131.223435945204,"0.03","5.2"
2020-03-15 05:00:00,NA,NA,NA,NA,NA,NA,NA,NA,NA,NA,NA,NA,NA,NA,NA,NA,NA,NA,NA,NA,NA,NA,NA,NA,NA,NA,130.670641644757,"0.03","5.2"
2020-03-15 06:00:00,NA,NA,NA,NA,NA,NA,NA,NA,NA,NA,NA,NA,NA,NA,NA,NA,NA,NA,NA,NA,NA,NA,NA,NA,NA,NA,131.584334495837,"0.029","3.8"
2020-03-15 07:00:00,NA,NA,NA,NA,NA,NA,NA,NA,NA,NA,NA,NA,NA,NA,NA,NA,NA,NA,NA,NA,NA,NA,NA,NA,NA,NA,132.344669067973,"0.029","3.5"
2020-03-15 08:00:00,NA,NA,NA,NA,NA,NA,NA,NA,NA,NA,NA,NA,NA,NA,NA,NA,NA,NA,NA,NA,NA,NA,NA,NA,NA,NA,134.753283251365,"0.028","3.7"
2020-03-15 09:00:00,NA,NA,NA,NA,NA,NA,NA,NA,NA,NA,NA,NA,NA,NA,NA,NA,NA,NA,NA,NA,NA,NA,NA,NA,NA,NA,136.324608727996,"0.028","3.8"
2020-03-15 10:00:00,NA,NA,NA,NA,NA,NA,NA,NA,NA,NA,NA,NA,NA,NA,NA,NA,NA,NA,NA,NA,NA,NA,NA,NA,NA,NA,137.464586028975,"0.029","5.2"
2020-03-15 11:00:00,NA,NA,NA,NA,NA,NA,NA,NA,NA,NA,NA,NA,NA,NA,NA,NA,NA,NA,NA,NA,NA,NA,NA,NA,NA,NA,140.527408909843,"0.029","6.6"
2020-03-15 12:00:00,NA,NA,NA,NA,NA,NA,NA,NA,NA,NA,NA,NA,NA,NA,NA,NA,NA,NA,NA,NA,NA,NA,NA,NA,NA,NA,142.014700318867,"0.03","8.3"
2020-03-15 13:00:00,NA,NA,NA,NA,NA,NA,NA,NA,NA,NA,NA,NA,NA,NA,NA,NA,NA,NA,NA,NA,NA,NA,NA,NA,NA,NA,142.375691064406,"0.03","7.1"
2020-03-15 14:00:00,NA,NA,NA,NA,NA,NA,NA,NA,NA,NA,NA,NA,NA,NA,NA,NA,NA,NA,NA,NA,NA,NA,NA,NA,NA,NA,142.742124488557,"0.031","7.9"
2020-03-15 15:00:00,NA,NA,NA,NA,NA,NA,NA,NA,NA,NA,NA,NA,NA,NA,NA,NA,NA,NA,NA,NA,NA,NA,NA,NA,NA,NA,141.753976832586,"0.032","11.7"
2020-03-15 16:00:00,NA,NA,NA,NA,NA,NA,NA,NA,NA,NA,NA,NA,NA,NA,NA,NA,NA,NA,NA,NA,NA,NA,NA,NA,NA,NA,141.817613042082,"0.032","9.8"
2020-03-15 17:00:00,NA,NA,NA,NA,NA,NA,NA,NA,NA,NA,NA,NA,NA,NA,NA,NA,NA,NA,NA,NA,NA,NA,NA,NA,NA,NA,146.644982848568,"0.031","5.7"
2020-03-15 18:00:00,NA,NA,NA,NA,NA,NA,NA,NA,NA,NA,NA,NA,NA,NA,NA,NA,NA,NA,NA,NA,NA,NA,NA,NA,NA,NA,143.459814147785,"0.031","3.8"
2020-03-15 19:00:00,NA,NA,NA,NA,NA,NA,NA,NA,NA,NA,NA,NA,NA,NA,NA,NA,NA,NA,NA,NA,NA,NA,NA,NA,NA,NA,155.81876070971,"0.029","-1"
2020-03-15 20:00:00,NA,NA,NA,NA,NA,NA,NA,NA,NA,NA,NA,NA,NA,NA,NA,NA,NA,NA,NA,NA,NA,NA,NA,NA,NA,NA,174.268840347034,"0.028","-0.8"
2020-03-15 21:00:00,NA,NA,NA,NA,NA,NA,NA,NA,NA,NA,NA,NA,NA,NA,NA,NA,NA,NA,NA,NA,NA,NA,NA,NA,NA,NA,176.843357674908,"0.028","4.7"
2020-03-15 22:00:00,NA,NA,NA,NA,NA,NA,NA,NA,NA,NA,NA,NA,NA,NA,NA,NA,NA,NA,NA,NA,NA,NA,NA,NA,NA,NA,192.329451080005,"0.025","8.4"
2020-03-15 23:00:00,NA,NA,NA,NA,NA,NA,NA,NA,NA,NA,NA,NA,NA,NA,NA,NA,NA,NA,NA,NA,NA,NA,NA,NA,NA,NA,194.389812780757,"0.018","9.3"
2020-03-16 00:00:00,NA,NA,NA,NA,NA,NA,NA,NA,NA,NA,NA,NA,NA,NA,NA,NA,NA,NA,NA,NA,NA,NA,NA,NA,NA,NA,187.31349129394,"0.019","10.3"
2020-03-16 01:00:00,NA,NA,NA,NA,NA,NA,NA,NA,NA,NA,NA,NA,NA,NA,NA,NA,NA,NA,NA,NA,NA,NA,NA,NA,NA,NA,191.138505361611,"0.01","15.7"
2020-03-16 02:00:00,NA,NA,NA,NA,NA,NA,NA,NA,NA,NA,NA,NA,NA,NA,NA,NA,NA,NA,NA,NA,NA,NA,NA,NA,NA,NA,207.554501495783,"0.008","10.5"
2020-03-16 03:00:00,NA,NA,NA,NA,NA,NA,NA,NA,NA,NA,NA,NA,NA,NA,NA,NA,NA,NA,NA,NA,NA,NA,NA,NA,NA,NA,197.168971009471,"0.004","10.3"
2020-03-16 04:00:00,NA,NA,NA,NA,NA,NA,NA,NA,NA,NA,NA,NA,NA,NA,NA,NA,NA,NA,NA,NA,NA,NA,NA,NA,NA,NA,193.221925856221,"0.002","9.3"
2020-03-16 05:00:00,NA,NA,NA,NA,NA,NA,NA,NA,NA,NA,NA,NA,NA,NA,NA,NA,NA,NA,NA,NA,NA,NA,NA,NA,NA,NA,198.211887561777,"0.001","8.4"
2020-03-16 06:00:00,NA,NA,NA,NA,NA,NA,NA,NA,NA,NA,NA,NA,NA,NA,NA,NA,NA,NA,NA,NA,NA,NA,NA,NA,NA,NA,224.979685329247,"0.001","7.9"
2020-03-16 07:00:00,NA,NA,NA,NA,NA,NA,NA,NA,NA,NA,NA,NA,NA,NA,NA,NA,NA,NA,NA,NA,NA,NA,NA,NA,NA,NA,237.445733760185,"0.001","10.5"
2020-03-16 08:00:00,27283.7673392425,1370.71939040091,115.678665492384,791.305618540447,41.4754220241831,1115.03010093612,1440.69634526084,213.643179206469,42.3161355518372,213.953928294252,64.6832666656812,261.995716884971,534.485976160816,50.4063691219171,676.415364049163,64.4000864724332,640.155984138573,17.781438306846,346.850381881969,144.44110484607,400.076930413456,0.567358384333746,4484.48491681091,6.06481194865495,12.8136666256285,2128.50045781737,322.374743682265,"0.003","15.9"
2020-03-16 09:00:00,22830.4173846479,1359.6217572297,109.69124974638,1002.3381386679,251.030399267853,1116.45280128915,1524.8253654497,395.209455145127,41.0401523532435,220.528989636709,69.1395737244156,279.698529700766,538.321373025299,47.9704607682673,701.682042460174,59.5611835013191,660.125468157915,18.9453743064627,346.228425289786,139.697001826131,321.404043746169,0.567203945139782,4082.37672588009,8.8823014029461,11.1927383960312,2479.27531046643,365.854239852997,"0.012","8.4"
2020-03-16 10:00:00,9224.71052624721,680.811253752568,86.6743382157863,966.86687591347,251.145117924441,540.077778035744,1463.96548995244,260.514273353407,14.003965781615,118.192627851189,39.4197252998671,277.80670993211,264.522199048804,14.0054180512848,251.142080540113,16.5387000991284,204.114786051996,4.87998540454221,106.015260247161,51.3122704392611,161.934956273815,0.609663586493024,1912.90069573875,10.7489059669968,1.21869591080077,2205.7876327603,233.179736619287,"0.022","8.6"
2020-03-16 11:00:00,5749.40333415034,544.791383396158,85.1472109191376,803.464602881809,393.129563464435,427.837516479327,1501.88185629666,299.607165350032,12.1018816982449,93.2631087984511,33.1808225271287,274.56765352265,223.033645236062,12.9385635247132,196.129249286875,13.5816799132708,135.525789179713,4.02784148998315,64.7507172087592,32.5709585391793,116.210199786452,0.616582808511525,1633.64075794828,12.2718171947937,1.69847485658339,1916.16417207901,204.724272511794,"0.025","8.8"
2020-03-16 12:00:00,4767.81553211427,593.895314411839,116.981762753101,820.355001034938,471.140722436841,410.968228658818,1847.1070811528,452.377925396383,10.6269684777071,85.8197200237371,30.7071687844446,287.103138296609,210.431224318067,12.108942775028,177.554769563392,11.6763597997492,124.325411646947,3.59317638166199,57.3237949478928,27.3595716363336,93.5753913170064,0.619193240291842,1713.32822452049,13.5240775049961,1.07118383479875,1906.38627533852,196.965493671932,"0.029","8.1"
2020-03-16 13:00:00,4514.97321751938,500.456287710189,147.087233967134,788.551740082446,403.359022853278,385.358287515864,1899.72688633116,503.686979799878,7.82977767046153,78.4297018257255,26.1958873498946,282.406728642885,194.936906305452,10.602519485393,169.914636089418,9.06930119726293,121.180108327303,2.41562009955653,47.4923459933409,20.8957458709687,75.3348016709845,0.612446063055028,1287.48543803404,13.2861831375415,0.8679630447835,1852.29216258598,189.379334352776,"0.031","11.3"
2020-03-16 14:00:00,4312.51042886454,516.524637853164,147.225447423186,755.453331965592,421.327160619745,377.933217599604,2280.52542219824,414.63447232126,8.10641873405636,78.6382018918021,25.1085171287768,306.236614881116,179.608222157969,8.48874650406471,144.035796517303,7.22473030720262,101.822298702846,2.13452642315015,44.6986096871686,22.1154148157422,72.213731070157,0.606597607278842,1528.84987423847,13.1509454719739,NA,1770.27860549624,179.100756316146,"0.034","11.5"
2020-03-16 15:00:00,4543.14199050713,594.242359614102,186.209814100814,820.14731652555,438.032422689929,407.322637385033,2970.81913344156,461.41529802571,8.22323887528353,86.6258448406508,27.4940665365894,310.386224987468,190.935967044184,10.3014951345515,180.768620540299,7.87221950154544,145.556745638653,2.30440852345772,54.6276407420101,25.1992026508274,72.7136774473428,0.617779323378326,5211.86697446096,12.9388563466726,5.00501167191721,1989.28064782481,181.833728075892,"0.036","9.1"
2020-03-16 16:00:00,5602.11597333658,521.489303484883,130.839439574627,771.268554482233,532.251917958604,422.940226045268,1840.68832167504,689.400337941064,8.91583869126614,84.7142275334932,28.1338142397768,317.171421612788,173.956134256129,10.3821992271278,210.475418766483,7.74948334835634,125.840027699011,2.29006483912861,57.2958358876109,26.8539621427619,149.666273357565,0.629043779199653,3279.2627741827,12.9490499732805,NA,2024.94353659888,180.520821742738,"0.036","8.8"
2020-03-16 17:00:00,4551.72546819464,442.691432568629,110.967813343817,721.394121500925,607.900461349601,369.547347011992,1649.34009634943,685.678215038163,8.71129784076219,72.5562311870357,24.5584775756764,294.215354506196,170.333372254194,10.3585083005093,129.608483048486,8.21343874143216,92.0847589573162,2.63383650834893,39.4445719236088,21.4535214137877,118.994475296328,0.660300307942392,3482.44658497868,13.2897158399235,2.63382167772053,1940.94052767151,171.469275252662,"0.037","5"
2020-03-16 18:00:00,4802.3805679596,412.619447382885,119.703061882088,679.570732265521,440.599285968925,368.070980839939,1581.94444854671,714.534416112707,8.2019503376184,64.8160998077914,21.4781270614343,283.930093492718,154.614730696185,9.85425554467048,99.2663699644184,9.16988605267455,61.8268219827937,2.33747575302277,33.7011055298536,17.1298685983017,69.7098831326032,0.66493685883141,14371.8922276706,11.1019931087497,NA,1696.99083472221,162.769274652158,"0.037","2.8"
2020-03-16 19:00:00,5258.8612655899,525.224663291941,132.333594582967,920.683031181155,556.057258997931,408.736442253168,1653.37062288602,514.077867799412,14.6843099937588,101.509077366031,32.8034074249403,288.765296119071,175.976155481806,19.6921775490325,121.675952475002,18.6935318195473,106.566074584341,5.11652783921211,45.6339718012539,22.9522261602322,119.512005350195,0.681531188799486,17802.5173321846,9.57691648910756,0.669366125731011,2195.28679428521,171.848113660424,"0.033","3.6"
2020-03-16 20:00:00,5836.5759117783,690.020486800513,117.996769322885,1229.82704894621,731.440210349303,467.087313044965,1842.14285958374,656.438531925671,24.6710426526612,145.940425837412,55.9664374557719,305.664226240018,225.11259629499,32.5013416537146,179.119501635498,32.2012094501965,281.735027364466,9.61865709721172,67.1653379717949,34.8025472537128,264.028808429695,0.690020977152737,11817.6023757856,7.56935714420798,2.1144128989157,2769.05459401405,198.146345107788,"0.03","3.8"
2020-03-16 21:00:00,7013.06660916872,891.524789908598,129.264250406435,1203.9093358722,893.536908265923,531.276651272232,1986.41274483059,888.479700611719,46.3634647109832,184.486619210297,79.5177077984037,327.712368006695,261.360042737745,55.3111604588371,216.238032901409,51.6059917505804,337.862707767266,16.5421322668266,76.4105193059357,40.7652680567062,398.970335552313,0.685998130858729,11957.5363582065,8.19239756545756,4.3105776570545,2713.42166918501,207.779717756421,"0.018","4.3"
2020-03-16 22:00:00,7451.56605756183,1198.20577951166,124.47043212195,1297.04432565174,899.744281103932,632.170744167122,2103.65330288023,967.648599619496,45.7605096001992,219.326803260687,83.5189469300439,335.294369822067,303.59550484967,58.4701080334115,257.312837087001,52.6922822810682,576.972160660707,16.8417793703006,93.97064360986,48.785912936632,418.086017177334,0.680633062561397,14992.5191400606,6.82687343279526,8.31614208392588,2765.61384732982,225.413357452369,"0.021","5.1"
2020-03-16 23:00:00,5692.36339985662,710.51478203929,109.509528035085,873.086446163565,554.701155056872,457.035515525767,1775.06599413917,526.658508265901,21.5416026448376,148.555874829604,51.4240602352897,295.593294385366,212.069505911815,28.1706613666466,169.818604808017,25.6065853661211,249.983636417913,7.24892319511019,57.234311145553,33.5667307367747,445.018485928608,0.688012415545577,6814.09479161778,5.37395580514138,3.68808896026995,1936.87037404805,194.187702471141,"0.014","6.9"
2020-03-17 00:00:00,5786.1449102434,887.890813831717,111.879874032518,860.606893630699,548.417151908276,577.801047679784,1747.68528746524,561.573814359389,29.0218145827516,180.526326484627,62.7758038645971,286.861161117953,305.585377002869,36.9639023281774,253.457223553626,34.8850916355046,732.439140121098,10.0084752659926,102.554009048065,54.3348212776921,523.47207960551,0.6984732135726,6781.46065979799,4.86642765606126,7.05428917544643,1877.84646404989,212.607179757814,"0.008","6.9"
2020-03-17 01:00:00,5895.00940083971,825.747922961804,113.472884457661,982.377348949774,559.911056800853,518.467589240516,1854.00835199017,611.455117453637,16.2416219456813,176.334309314983,52.7974773258081,289.29990827699,269.542324677905,23.4950739822342,200.029367942708,20.9542345050284,709.00743035428,5.62679156908101,74.6865729924822,42.825969594213,482.89814272402,0.682164110696396,6849.38587394853,4.12342445562313,11.4688092321618,2105.2722703953,207.039134794958,"0.003","5.7"
2020-03-17 02:00:00,4732.14869002416,546.151867474891,108.147011757855,887.434868602046,469.460860123924,359.8636736166,1663.9208846201,457.70384512466,12.5242429852207,124.726701036271,41.38101119812,266.806568476719,175.993134161833,16.6680507679262,124.300287988674,16.9357874058756,127.435974725839,4.07809663977349,36.5399788100362,25.8266749766627,401.154035552009,0.681018452926231,4402.20184232297,4.4390071530431,4.00010333800887,1944.57271161348,184.972258870581,"0.002","5.9"
2020-03-17 03:00:00,5312.34852790709,733.186284947962,113.231626319971,937.664918459522,477.344333172784,495.449549427568,1813.84029120416,539.172685613312,12.9952162902836,161.604316899531,45.1448628088542,282.079879318899,251.688535089439,16.4426614891395,186.396927067491,19.6730607537185,736.554597460078,4.38552581787707,64.378355959395,36.3668127058903,364.487881737298,0.674364452514424,6542.499240886,4.16105289298906,11.3598301576498,1988.92934304054,202.523434991464,"0.001","7.1"
2020-03-17 04:00:00,5120.92485877002,801.860085852994,105.656675781892,921.617958293589,341.688496858003,547.318165849887,1870.14965913331,445.911227050237,10.9391641042694,177.766759470021,42.9089938980768,276.751308633911,285.066320017943,15.2166672015995,211.1223104141,16.801230011031,909.773517622829,3.70074154962012,78.7183543812722,42.6815751506225,404.065027138912,0.663330354796016,6574.15622957313,3.16046302879035,15.6327277874606,1970.22341885879,231.581730784515,"0.003","9.8"
2020-03-17 05:00:00,4065.72146711104,652.554126559896,97.5602633938577,827.934831672135,273.501111509129,440.937750921487,1665.89714254925,354.645199345953,9.73749877605615,143.931055107443,35.5349068542592,253.806565069804,227.190609450108,13.3532999803486,165.550432027463,13.4168389798036,591.945662011351,3.20977768335723,63.2760430392176,37.6593802317599,393.681354268912,0.65796387140068,4418.30745481476,3.08039787219061,8.13838805649315,1683.69713374009,207.821672797098,"0.001","11.5"
2020-03-17 06:00:00,3833.12092259626,556.016528500299,103.509418123176,768.065528176309,267.424000758064,370.560670069998,1581.7035675426,332.674832455358,11.3871056858948,119.095709517615,35.2148376482444,248.790082255549,183.657737592662,13.3811362326562,137.008718309309,14.2129865212431,259.590733979329,3.13433402760888,47.2667319813306,29.7447315960008,293.404022605992,0.66278897183028,3088.62998197554,3.22519299686622,4.10129444594663,1582.41663248973,193.377906921294,"0","8.8"
2020-03-17 07:00:00,8053.29101659313,642.178035660149,148.460181180417,686.681629520388,114.202509044275,503.010825083421,1582.49627558615,213.330559833533,9.32805153874132,138.69036030912,33.953289660999,236.634725564196,240.800458066348,11.8019525941976,225.559827041024,14.2484617687483,450.028700589769,3.77935113844591,105.458999049627,49.6387938146005,325.107226897253,0.662401530190587,3763.87460544221,4.11499871020314,8.45149782478162,1592.32312708927,213.4663472696,"0.001","8.1"
2020-03-17 08:00:00,11785.6523930768,847.26611141427,131.402181710832,1015.91089593691,297.315130348318,670.02661849983,1751.40412215324,342.353032833132,14.4090384330874,152.394309931005,43.7216431873801,258.293647815734,296.603131680848,15.492825516461,308.398176537336,19.2252806115084,370.211369181858,3.5195465202698,124.866774502713,57.2741556923273,280.773544515683,0.660789398938895,3309.48402661436,7.13816789351173,7.12386665358374,1877.9531224759,226.365166009116,"0.003","10.7"
2020-03-17 09:00:00,17145.9514357833,1048.64735192774,114.984749634195,1344.64427731191,476.262715631698,846.660552364284,1861.98143187899,428.576162052853,17.2370229349243,183.228404011796,57.1151078456698,272.328291434378,375.337604009825,20.550408160278,464.124071198906,20.3335858062575,476.805527174899,4.58879211381988,199.479541820242,87.7641211418894,311.378118050739,0.67260903954245,4044.9292530486,10.7840756107774,11.1022131111444,2692.85654421305,293.902619924909,"0.01","11.7"
2020-03-17 10:00:00,13557.1585044448,854.445472497154,108.41102580118,1415.55521795736,762.206727316853,621.132467951249,1850.34004051104,552.618556704746,18.1927525355515,154.244209543086,58.3339331682114,276.251277145121,282.043858159667,21.6592978732234,333.000318157284,20.0196156673705,258.952158614878,5.27729502002381,167.196450468664,62.4161153533346,260.953747963079,0.717460105879023,2884.75110615278,14.2450873947682,6.34990183110767,3058.21778752287,241.105725303687,"0.018","12.2"
2020-03-17 11:00:00,10094.4134027558,808.37127429147,108.918234070233,1213.83300806157,778.979069128577,586.958488858461,1861.37192390814,582.444872684915,17.8050765973642,152.231151612937,59.0023525924936,289.675315833001,264.565668019216,23.3509338272564,310.623434494529,19.9094623967868,252.477227228048,3.83698500592358,137.949673848558,60.3085710091894,255.399103351352,0.739589232378639,2848.6400611539,13.9400607288169,5.70448329177449,2842.58064512054,215.330649083932,"0.022","8.6"
2020-03-17 12:00:00,NA,NA,NA,NA,NA,NA,NA,NA,NA,NA,NA,NA,NA,NA,NA,NA,NA,NA,NA,NA,NA,NA,NA,NA,NA,NA,202.941252769821,"0.029","7.7"
2020-03-17 13:00:00,NA,NA,NA,NA,NA,NA,NA,NA,NA,NA,NA,NA,NA,NA,NA,NA,NA,NA,NA,NA,NA,NA,NA,NA,NA,NA,208.659730854456,"0.033","8.3"
2020-03-17 14:00:00,NA,NA,NA,NA,NA,NA,NA,NA,NA,NA,NA,NA,NA,NA,NA,NA,NA,NA,NA,NA,NA,NA,NA,NA,NA,NA,192.583739997648,"0.037","6"
2020-03-17 15:00:00,NA,NA,NA,NA,NA,NA,NA,NA,NA,NA,NA,NA,NA,NA,NA,NA,NA,NA,NA,NA,NA,NA,NA,NA,NA,NA,169.639382802789,"0.039","4.5"
2020-03-17 16:00:00,NA,NA,NA,NA,NA,NA,NA,NA,NA,NA,NA,NA,NA,NA,NA,NA,NA,NA,NA,NA,NA,NA,NA,NA,NA,NA,145.664439152951,"0.042","2.3"
2020-03-17 17:00:00,NA,NA,NA,NA,NA,NA,NA,NA,NA,NA,NA,NA,NA,NA,NA,NA,NA,NA,NA,NA,NA,NA,NA,NA,NA,NA,131.779628740649,"0.044","1.3"
2020-03-17 18:00:00,NA,NA,NA,NA,NA,NA,NA,NA,NA,NA,NA,NA,NA,NA,NA,NA,NA,NA,NA,NA,NA,NA,NA,NA,NA,NA,132.255335382816,"0.05","2.1"
2020-03-17 19:00:00,NA,NA,NA,NA,NA,NA,NA,NA,NA,NA,NA,NA,NA,NA,NA,NA,NA,NA,NA,NA,NA,NA,NA,NA,NA,NA,128.442888434626,"0.052","2.6"
2020-03-17 20:00:00,NA,NA,NA,NA,NA,NA,NA,NA,NA,NA,NA,NA,NA,NA,NA,NA,NA,NA,NA,NA,NA,NA,NA,NA,NA,NA,123.677203378784,"0.052","4.8"
2020-03-17 21:00:00,NA,NA,NA,NA,NA,NA,NA,NA,NA,NA,NA,NA,NA,NA,NA,NA,NA,NA,NA,NA,NA,NA,NA,NA,NA,NA,121.639419362838,"0.052","4"
2020-03-17 22:00:00,NA,NA,NA,NA,NA,NA,NA,NA,NA,NA,NA,NA,NA,NA,NA,NA,NA,NA,NA,NA,NA,NA,NA,NA,NA,NA,123.560110372492,"0.052","3.3"
2020-03-17 23:00:00,NA,NA,NA,NA,NA,NA,NA,NA,NA,NA,NA,NA,NA,NA,NA,NA,NA,NA,NA,NA,NA,NA,NA,NA,NA,NA,127.295538720271,"0.054","3.1"
2020-03-18 00:00:00,NA,NA,NA,NA,NA,NA,NA,NA,NA,NA,NA,NA,NA,NA,NA,NA,NA,NA,NA,NA,NA,NA,NA,NA,NA,NA,129.45655235558,"0.055","2.1"
2020-03-18 01:00:00,NA,NA,NA,NA,NA,NA,NA,NA,NA,NA,NA,NA,NA,NA,NA,NA,NA,NA,NA,NA,NA,NA,NA,NA,NA,NA,130.119567256184,"0.055","2.8"
2020-03-18 02:00:00,NA,NA,NA,NA,NA,NA,NA,NA,NA,NA,NA,NA,NA,NA,NA,NA,NA,NA,NA,NA,NA,NA,NA,NA,NA,NA,129.749639962995,"0.054","3.4"
2020-03-18 03:00:00,NA,NA,NA,NA,NA,NA,NA,NA,NA,NA,NA,NA,NA,NA,NA,NA,NA,NA,NA,NA,NA,NA,NA,NA,NA,NA,129.385288872075,"0.053","5.2"
2020-03-18 04:00:00,NA,NA,NA,NA,NA,NA,NA,NA,NA,NA,NA,NA,NA,NA,NA,NA,NA,NA,NA,NA,NA,NA,NA,NA,NA,NA,129.57830685644,"0.053","4.2"
2020-03-18 05:00:00,NA,NA,NA,NA,NA,NA,NA,NA,NA,NA,NA,NA,NA,NA,NA,NA,NA,NA,NA,NA,NA,NA,NA,NA,NA,NA,130.316104895903,"0.052","3"
2020-03-18 06:00:00,NA,NA,NA,NA,NA,NA,NA,NA,NA,NA,NA,NA,NA,NA,NA,NA,NA,NA,NA,NA,NA,NA,NA,NA,NA,NA,132.288795775566,"0.051","4.2"
2020-03-18 07:00:00,NA,NA,NA,NA,NA,NA,NA,NA,NA,NA,NA,NA,NA,NA,NA,NA,NA,NA,NA,NA,NA,NA,NA,NA,NA,NA,133.884552902391,"0.049","6.2"
2020-03-18 08:00:00,NA,NA,NA,NA,NA,NA,NA,NA,NA,NA,NA,NA,NA,NA,NA,NA,NA,NA,NA,NA,NA,NA,NA,NA,NA,NA,133.266382875909,"0.046","4.9"
2020-03-18 09:00:00,NA,NA,NA,NA,NA,NA,NA,NA,NA,NA,NA,NA,NA,NA,NA,NA,NA,NA,NA,NA,NA,NA,NA,NA,NA,NA,138.062985016738,"0.048","6.4"
2020-03-18 10:00:00,NA,NA,NA,NA,NA,NA,NA,NA,NA,NA,NA,NA,NA,NA,NA,NA,NA,NA,NA,NA,NA,NA,NA,NA,NA,NA,139.636332423041,"BF","10.3"
2020-03-18 11:00:00,1998.63467983836,157.580217024081,110.939296629457,285.36124384576,149.549622421596,116.111991489784,1378.39115954056,85.4080289495699,1.9673432660699,2.2499046762282,8.95392632716051,227.58691026451,96.877253747127,3.31195803891788,15.8427268098654,1.81692769841034,10.5981816797043,NA,22.408857174781,3.43870040754107,79.7883281992682,0.655018100074741,645.742864682911,1.98602319831452,0.184303579707454,889.052557388259,141.492365308011,"0.046","7.2"
2020-03-18 12:00:00,2262.73000011507,1336.94380366121,121.567905819343,355.591419741509,183.574621952049,1422.63559590551,1413.32193511432,176.174782619584,1.62442047190132,3768.14678167607,10.7780707353573,230.497508304198,176.806566165257,3.53954098544185,426.977817080135,4.25159082579646,1862.76799499025,1.24950299461367,139.757445923664,20.0178893029874,109.181402998182,0.677925130977701,1293.79432654254,5.2383310900361,2.13534357966988,1027.11161130522,153.711383139071,"0.047","4.3"
2020-03-18 13:00:00,3070.65814560402,2442.83422241338,163.861369923167,517.604164754651,372.925988590573,2683.85790310149,1631.55660586489,375.284588178384,2.7442787709499,1870.78967058263,19.049477155847,254.780415481835,223.10672180419,6.11757864575363,19454.0600215247,9.04745196065048,1102.5568058973,2.39676476878684,309.578536636337,48.7871862992358,93.6909164148672,0.712740294425111,2101.62230178427,9.31020364349762,3.61256695868174,1467.06310404165,165.042253879339,"0.049","5"
2020-03-18 14:00:00,3541.19650735412,1330.40462847577,156.483085729445,560.094550506008,544.456417435723,1340.13059252333,2763.94923611825,500.458890359553,4.32204831600159,893.727788235001,23.435278588761,275.217189145286,189.213910325291,7.69427570497249,8158.683813703,8.75319607271258,568.81794296827,2.42971813214693,287.78650155129,50.465126777715,103.561239750782,0.704196397850585,2303.78795357709,9.47698106221737,3.31781449391426,1651.70213051272,167.009734510461,"0.049","6.2"
2020-03-18 15:00:00,3555.46546293844,568.699674826638,231.428533821153,670.376431874234,510.110277955441,460.434178124949,2516.51863268847,529.898619773524,4.4228972079101,136.659099780539,23.5871403478649,262.727458714416,157.706125253931,8.41707159094305,775.142777589484,6.35840427981725,142.13901954432,2.3147633824767,190.500441850569,36.8346784926681,78.192688822606,0.723440267656042,2323.861812692,8.89431447914741,3.44554898353622,1812.90843866263,175.10607182937,"0.05","5.5"
2020-03-18 16:00:00,3162.02061721184,362.915019276214,182.032696108785,663.983876358262,523.298711229017,280.115660401391,2053.89946692407,485.870624648917,5.54835415550172,64.2847401012293,21.4167317401727,247.778037665546,125.497928322944,8.29782726157224,773.763118978214,6.46035481826256,59.3213484125149,2.06918394883733,74.0141941435626,15.7620995509264,36.8794480439971,0.740711552506441,3899.60954136782,9.15407292946876,2.76167498380992,1739.10058895132,156.255348099354,"0.051","6"
2020-03-18 17:00:00,3157.50505662697,317.557904386555,164.144362287777,520.092052024105,553.471631012838,259.072180663525,1806.20918277888,433.953906869871,5.90044159594269,62.707669160579,21.7036230255295,227.109639004357,118.406804514598,8.38619024622703,276.449153641844,6.98065909372694,59.0327487540569,2.19882378802574,57.249212398996,14.0125827365664,34.6862904782739,0.79778471325196,2339.67310088996,9.08048155472109,3.06397279650669,1525.93056393248,150.595022746709,"0.049","6.2"
2020-03-18 18:00:00,5375.52191563322,315.058524804781,138.583116012115,412.818230487976,398.597616540592,240.203090578712,1642.56940087344,265.85768641538,4.29637854542878,57.1123460552434,16.578834607755,193.524765501949,106.522272373955,6.6503810538505,576.850365681931,5.02691153348462,50.1856593092424,1.83840526569788,96.2926572533396,19.8366950805888,35.4821345852246,0.840797867347265,3142.27026441265,6.4464553517078,3.19732296949749,1231.95057067489,143.522280965567,"0.046","3.8"
2020-03-18 19:00:00,4984.2556969908,521.743013598621,169.799018748477,843.803038397245,662.602086166447,341.219249214386,1920.96897429114,474.664115556752,13.7123276491557,144.464850768318,37.3651089075163,213.962546787145,146.926440916769,20.0202735888642,347.35417946227,19.9480938122887,101.730422813682,5.33996853761477,69.2333598057773,21.384350017537,139.178992818355,0.854008509275561,3300.0731680487,6.35365420165736,6.30162889255704,2130.28278144703,158.190257435731,"0.042","4.8"
2020-03-18 20:00:00,6467.33440118822,778.235798811809,143.667375769803,1085.14007089311,859.959688061411,513.976079609449,1998.94895418528,759.137876738678,23.6818679185054,200.635423397008,63.5571142363257,245.693546573351,206.053984071704,32.2698492950558,345.193551943525,34.9914257994749,179.890900238329,9.13320650466128,117.988511899921,45.7958173539374,260.076636569094,0.846279969563562,11292.1369815124,6.58946643005529,8.96787567125945,2515.31580179695,193.900861863418,"0.024","7.2"
2020-03-18 21:00:00,5083.22516045918,602.883203427581,118.621343068028,684.028029563614,796.042935262,401.299091117503,1853.27949606261,652.003869968904,24.9791728647174,167.575628107605,60.5590813158116,240.299844051397,167.178785382731,29.5503979753109,634.053306021406,34.8393069818092,111.631395826781,9.36916500434766,54.8560906338753,31.4303972877759,457.357082512404,0.848775587088627,7093.57979992539,7.54454602964815,6.41631806519255,1731.27204754291,178.359385282514,"0.032","6.7"
2020-03-18 22:00:00,7186.54965481817,960.09195869112,138.443331809517,1130.42939667722,1020.61633417553,568.045380943157,2265.30800343234,1370.98661599554,75.9903371347607,266.589896828077,113.910644056943,289.894583695566,255.703395889943,94.6823358715386,677.325689370559,110.44879050454,233.034842207443,30.7651464491458,102.991277600339,45.6235556034673,537.562437419499,0.830074764498599,6406.22574570009,8.52529768666889,16.3997088063063,2682.57752068689,221.149323957005,"0.015","9.3"
2020-03-18 23:00:00,6582.04059456144,1013.5390726816,152.615015783213,1255.7218352703,862.174576924424,582.100307457817,2257.91531178449,996.368238264067,41.142053929358,243.575483379583,90.3082899221745,277.302256569303,248.252718193509,51.1727514891898,479.989314066399,57.288283271176,231.475459112721,16.4150640113973,114.507577317979,48.5505652603488,411.826281165194,0.824744991433932,6785.01434177242,7.59772393223414,13.7085022621632,2787.93668783203,239.897285336877,"0.012","19.4"
2020-03-19 00:00:00,6468.90284050438,978.668260005135,147.932621674095,1171.54763883233,790.599329939053,556.271428598888,2271.64620368563,920.176598280375,34.8203139606339,239.419533591312,80.7772278313697,280.616565252218,234.948850456937,45.748539363573,418.228053273979,47.5592320079571,263.426353969441,12.1167715396926,124.645340586666,49.6125288699437,379.125719431831,0.818884140691789,6306.76291405991,7.24726636348235,14.5894940531379,2534.38121666326,218.585081592492,"0.011","9"
2020-03-19 01:00:00,5323.56205619453,837.341630852356,138.85325475328,968.907788077561,665.504088697934,448.196871982769,2127.57001603575,771.238327483179,23.2478599833208,193.662981308328,64.323895429371,257.872343812514,175.316068228196,29.3703781990356,651.133792901527,32.812834903157,175.898880133131,8.94849204727551,76.2143600116033,40.9463019349423,315.638620148783,0.777658309950332,4791.05719161775,6.3574081240144,13.2586396011552,2003.4787205802,192.053091549542,"0.006","8.3"
2020-03-19 02:00:00,5401.47823045726,880.550239837801,130.564748896067,900.592480006835,657.002478245549,484.03983892513,2155.81596764087,783.470413022837,19.5000170695904,213.700673877424,65.609928830551,266.34936489833,178.598508470801,25.8386110617711,632.551656794194,30.1586798963855,177.167689810478,7.60289794258566,81.0529942555127,44.6571104048902,339.110334521977,0.759668128510103,5112.29329151706,5.62074284621176,16.5064422496389,1818.70461977729,198.352297225075,"0.004","8.3"
2020-03-19 03:00:00,4697.6664953884,840.823590529783,123.891624334163,932.209250430178,618.783808346111,430.667384718849,2081.78702844874,683.046895817269,15.5013725451684,192.957206102128,58.2665721827011,255.361929998411,162.848650510581,21.8025258985211,412.176567487594,23.622968222566,148.330467098115,5.59959508077834,77.0634923879098,41.3684162335897,307.171502052463,0.756521167786798,4481.86841552661,5.78391892983703,13.4320448007184,1869.62329648737,190.604118251094,"0.004","9.4"
2020-03-19 04:00:00,4856.98602630617,1001.1536008741,143.655664116427,1032.19737001773,559.784281861146,586.684228755888,2230.92748032714,629.090653791419,15.9541400368964,217.492585613587,63.1671699771132,270.223218535809,192.510612642409,22.6312585505391,345.993222286271,24.3399498365096,181.339104245886,5.86435868898071,91.3027643709543,46.6372103734393,300.326263529662,0.739033071328741,5260.78880465991,5.16280092343464,16.8601272705351,1909.31866461473,200.740763818904,"0.001","9.5"
2020-03-19 05:00:00,5343.16351344756,1254.53735972565,136.931073010645,1241.43288670906,618.328292064615,760.024761003398,2364.92209939004,750.99348155448,24.7517374967318,234.589707583697,65.2875336946637,293.025672375323,237.26553011898,27.2375825852694,430.604192498125,31.1446238013133,231.939617758766,8.36133690190229,102.272826110816,54.910485476761,289.434380453692,0.734248768669729,6162.31685317169,5.95440281887632,19.7552715382231,2299.3373483907,232.373163652317,"0.005","8.9"
2020-03-19 06:00:00,3549.66403248592,613.735109349043,114.203257990932,848.276176812959,418.740950739919,389.350157073489,1839.56470594743,448.439864615555,14.2370974440277,134.285296262644,44.5957586473238,232.301169112269,154.019434191781,16.9122710634014,187.429318891636,19.9823107203879,99.1524098054691,5.77214924985727,45.8635639399193,29.1438574555519,217.516224023833,0.72898816995974,2722.27520409959,5.74463412675826,8.53064007754096,1700.03068836374,187.044062806985,"0.004","9.5"
2020-03-19 07:00:00,2345.26765052436,261.956385137453,100.256493541177,501.54904648605,258.946795180782,227.273565167624,1508.60060288043,203.134362206731,5.6351597099378,52.5650814763126,20.0625825520474,234.607313964715,99.2136815516535,7.54625821003018,67.8921719430105,6.3472371106185,20.8754158565487,2.39031142827273,11.1021361032213,13.3459647683485,303.600274046899,0.670165836122298,801.406659751555,4.33084807873865,1.77469731288311,1088.9238971261,138.647395811808,"0.001","7.1"
2020-03-19 08:00:00,2235.47832360272,265.184820742672,93.4592792573434,407.636801128283,225.906068920533,248.627504596495,1535.6361447211,191.779690233401,4.38881981540247,51.4392999359125,17.2781340665462,282.732149713241,99.8821657972776,7.04500760199259,74.2437395943271,4.21733867934968,19.1126468317132,1.93459228645649,10.4746479368512,11.7975965632911,261.254043116012,0.644766880844093,850.134125694787,5.15197467076243,1.32360359770252,851.928154243411,139.427075418612,"0.008","5.6"
2020-03-19 09:00:00,2130.51417733373,277.643275114936,89.9058448027553,381.823145844154,146.989928623364,268.988649113146,1534.9861556019,175.908345141403,3.2166901727568,49.9402635273493,15.0905753114239,306.419131349228,101.271273213936,6.25181887271162,52.508476133717,4.94787977451014,19.9513563032944,3.87291557402967,9.98355264394549,8.88749388961442,146.523365539796,0.635822768196923,870.754165937432,7.21453630105156,0.73578523661256,757.947201505068,144.420559428801,"0.04","8.4"
2020-03-19 10:00:00,2064.04226300842,272.86010281838,90.2960074931753,394.880958647593,319.941073475785,263.784411316668,1536.92398260361,205.366077972497,3.94916619089103,47.2510035003986,15.0136120175584,305.945403595436,99.4518151757718,6.60849767322514,59.2364987764826,3.16175156841999,16.9290945967122,2.08648459571479,7.95351245379522,7.92622861992446,119.17808520467,0.632937833248298,792.333836559781,6.74910556579533,1.69539121038164,803.641725588691,146.026196069954,"0.043","5.7"
2020-03-19 11:00:00,1972.492738081,262.045836931223,91.311026476267,393.169540478049,399.109796057024,254.406662474859,1537.36466169919,224.439439400305,3.58919478391448,45.2264210540619,14.4901321871755,303.854814788999,94.7748153961448,5.31633006728234,47.0407640189933,2.3467762765273,12.821306249531,1.24328621120936,5.82723497902789,5.6600720917333,66.22367039699,0.633849662937106,666.220385730654,6.54467668207007,1.35407104132408,791.142864274272,143.931864785043,"0.044","3.8"
2020-03-19 12:00:00,1938.17495953456,423.591757758885,96.5396582049062,383.003575852921,394.475735423282,246.137633268321,1572.84215747168,203.371344729395,3.61630878820838,41.9318248531407,13.0771603382739,303.469483451466,94.1294552664064,5.0580418866801,44.7574744259715,1.97080295866711,10.4233310048934,0.837016882789842,4.43839486919438,4.468891509996,47.9203927780263,0.616518312983503,625.746867316887,6.07259776236607,1.28767792287543,763.210392455304,143.895419184806,"0.045","5.7"
2020-03-19 13:00:00,2047.89943076591,1001.32385795862,109.4972871737,420.010730042743,449.095127438052,255.086938354448,1726.87337025545,233.705546942127,3.31387324452275,45.3995530073506,13.6623301954003,311.260686094724,96.0365100802005,5.39724337536069,45.8034854308416,2.52807392510562,13.0661185365566,1.05432006125732,6.38327498286365,4.74901959930915,45.1898162041087,0.617613919364532,852.216917050576,6.06795304529888,1.8818027118668,840.77633478003,145.008268929363,"0.045","5.5"
2020-03-19 14:00:00,2084.94459164523,374.600316976042,103.116878336288,401.637625996633,331.410912687196,256.617343191228,1559.91495950773,216.008484299413,3.57623686091039,47.2237588425619,13.0223136180603,314.205743630144,95.019037629017,5.24761723807956,35.7131283910582,2.68928844184994,12.6197767532692,1.08673402245528,4.78890747536607,4.6079766565498,45.7161898146834,0.618316768692049,827.039296449429,5.52922391939462,2.19244318665487,857.390993841587,145.580128500625,"0.045","6"
2020-03-19 15:00:00,2161.06704559075,305.870796935087,107.060656923369,398.653468020098,408.159440682581,249.706967494996,1543.8093004524,233.319780867412,4.10477858513551,44.4059685644897,13.7136232193544,309.96112002838,93.5996612084551,5.05849072312797,48.1858702040489,2.79607095795465,13.3419273756067,1.1937414644747,4.99480334513362,4.7151277301798,59.4753081993007,0.60000469257623,872.045920610683,5.62206732150445,1.9212816685107,847.698787775312,143.309186745552,"0.046","4"
2020-03-19 16:00:00,2251.1855084034,286.824970782005,107.361725051887,397.618360743363,353.400883060218,251.16870248087,1536.07085565061,254.369549602192,3.34282510205736,43.7785405544569,12.3438905805153,308.404184718,95.8659333593222,3.93757041025626,43.4933921056125,3.28423231296923,14.9771504362093,1.37045075502363,6.16302398754756,6.16216320108098,78.3717116591379,0.588346050722053,772.092746766572,5.52179138492044,1.86367074456989,815.968762267164,143.650549160196,"0.047","2.8"
2020-03-19 17:00:00,2312.74074468183,336.945453113929,111.980898590544,393.537460437792,343.916487816111,361.895390993349,5225.78898287395,1099.37613913528,2.9533179705858,54.7755908859517,14.5564290643198,314.742588209329,152.728840753294,3.11819454680641,41.0777511923919,2.70002513150601,617.958091141221,1.41972321266129,8.54945683313098,6.39540053004342,69.4352594227615,0.577341961329641,1085.38344613309,4.53887992693735,1.49866646422354,828.49020928707,142.469628136614,"0.046","5.5"
2020-03-19 18:00:00,2233.40083801658,286.445940649612,113.637128037149,398.345795171403,300.238574816521,278.018720994296,2299.49427973968,532.346221658013,2.98437129905542,41.5526041692185,13.2472140939123,308.452786288905,112.492137941573,3.22424845829665,47.3197576929747,2.43662168488887,258.84726652443,1.32598750997511,4.60822544643812,3.91411700060777,50.937176221546,0.581801236552193,1115.69863932672,4.34278473448077,1.58852335561836,736.31820094276,137.443091899247,"0.046","6.5"
2020-03-19 19:00:00,2178.4114162121,245.671153378707,105.212906131189,381.281133320446,208.264115935577,242.910899398586,1681.84121475785,286.000375214455,2.9068210266897,35.4272683119984,9.46743639699523,305.674696219138,97.1482885165153,2.96590164592107,39.3149505149494,2.09881886584221,72.5423155929085,1.41036165881181,2.95442911431263,3.23991761398603,41.8153019373161,0.583020369747274,1146.057465982,3.75353122828977,1.32889061927961,668.066824581661,134.428293027204,"0.046","5"
2020-03-19 20:00:00,2175.49997958198,240.957500886281,94.4336998053036,374.920150350155,87.4179037151532,247.307858004639,1570.12908882135,241.670792507134,2.98027437019924,34.4031806158567,9.55353089874047,309.162296237035,100.403867285803,3.24141083926939,32.5062183800049,3.39494947810396,43.9960766057742,1.48267973924789,4.15460480043929,3.23506492359936,52.7194535462864,0.58617584866631,1108.12014045736,3.50216463151908,1.11889242477993,639.069635991288,135.41333837756,"0.045","1.8"
2020-03-19 21:00:00,2092.82451879687,227.575490426764,86.1783348686301,355.800506349642,67.737786821804,226.81279397205,1473.55789373945,215.19336654777,3.27044697039192,30.2075174208149,9.13994372456288,299.457544105712,97.2001756304184,2.84298299191737,27.9581199109828,2.61973269249423,26.7035481138661,1.36716391689642,2.84454468828903,2.58275824730059,50.2437697400267,0.569026781395158,911.857605437344,3.36816525942386,1.27146550163539,601.832960543934,134.193904962947,"0.045","-1.8"
2020-03-19 22:00:00,2129.30052282978,222.502019928433,82.6722486435989,350.59702672538,105.794781049694,221.345539303839,1430.16203280281,189.862038771689,3.25897688183636,27.8338763988859,9.15848242107642,293.026446157509,95.8255070821548,3.56536854840178,29.620695830013,2.25378141802661,18.406164608973,1.31764489860113,2.88642892890302,2.83174682014718,72.4042344249416,0.551316266256973,768.128445973712,2.71275968344143,0.975495452908836,573.373943297453,134.321890567825,"0.044","-3.3"
2020-03-19 23:00:00,2085.75512132226,228.354503749279,82.8600050809856,356.182468012934,126.499608926707,220.002817721413,1414.8864968468,194.32620096386,3.49492391726181,27.5796357495192,9.47456667959159,290.100344279597,98.3829339983526,3.63307065427093,26.5727016233828,2.25862279524368,18.482135250376,1.32609808907879,3.5907672376358,3.30611163070748,76.3963131984158,0.54915354377537,701.461664161441,2.5374219036915,1.45480314009244,587.679959892129,134.934455073351,"0.044","0"
2020-03-20 00:00:00,2041.55683256128,221.589342456259,82.5559784959432,342.294152646979,105.356786125795,208.225494901339,1390.75511847435,171.027390843969,3.3969003128115,26.040523206418,9.53882973656051,284.428734392816,95.1479921175601,3.04189708033921,23.8083849258576,2.4701657583347,14.7075543058043,1.15472549369325,2.27410797044237,3.26460400443917,82.7166920582624,0.545149255995106,618.588054266394,2.02900008438126,1.13694226719764,543.544447013528,134.01301219834,"0.043","4.2"
2020-03-20 01:00:00,2003.94008877802,232.83789588993,82.2207150506079,338.016179567515,149.470377267102,208.910971288379,1400.89561455151,176.757466882804,3.46770468360655,26.765234831156,9.24763814838292,282.466603444872,107.966387788934,2.86291831979097,24.595159322805,2.39714050988969,13.7456034965124,1.0680759317554,2.6364565379298,2.61745502155624,58.4538475456564,0.555820337498819,231.250556366505,2.36802001409063,1.09739340200203,555.582030513905,134.273345180909,"0.042","4.4"
2020-03-20 02:00:00,1951.54913553209,231.645216772781,80.9893322008392,348.486988489772,132.89080178819,207.323592314156,1412.22688700197,181.646849610537,3.03644753343217,25.6275614304608,8.67905065113103,280.882176679401,113.750368964231,3.38329086253141,20.7462905017983,2.62486610318358,11.6676574547062,0.96245962131652,1.96464538964769,1.99051620971443,47.6269834518514,0.567131645760261,23.2974150970282,2.57961856289444,1.48108012988314,550.862980643689,135.018928568022,"0.042","3.9"
2020-03-20 03:00:00,1930.09012805855,205.049123982056,81.2341799807599,350.919507062726,100.480229639102,207.972538607023,1399.92856734407,153.960691935636,3.15618057372048,24.5825495301212,8.0715855577891,279.006185211195,113.992825236817,3.15183030018611,23.0071777098626,2.34474838606882,10.7051257404046,0.824987882196476,2.16165167364799,2.184448567389,46.8045087377907,0.566801371957227,13.2693095169453,2.53241529023258,1.35164694835905,543.447599814355,134.16522598879,"0.04","5.1"
2020-03-20 04:00:00,1935.94519270739,208.705496224906,81.2400304638808,363.337097226137,121.071510768405,213.568097116762,1398.57370743827,165.862522776984,2.27853017043992,26.0216977109029,8.43778036163686,276.868295573306,114.712393175727,4.29355777936411,24.768546263486,2.47420811157028,11.0116388008959,0.886716514354959,2.85159591591707,2.67329256456498,61.5450703162463,0.565955575508068,23.8600280147973,2.00300626359908,1.28109550226383,575.554984908089,134.333262332658,"0.035","5.6"
2020-03-20 05:00:00,1949.60935037367,212.061455598857,80.7842965896934,361.00404708663,129.57549374277,224.266103911356,1405.64374370324,171.661170710994,1.59923258317614,27.27379402937,8.86397013385402,276.715075625233,115.445762748543,4.9278917559777,33.6754814697594,2.82742412901094,12.3715668397728,0.919791627399681,4.64091280654742,3.11904325422406,62.6633562602975,0.571893838311926,52.0363039004425,1.83372789272438,1.47451104958644,549.824587023598,135.352054197888,"0.038","4.4"
2020-03-20 06:00:00,1927.68422894566,218.808006492593,81.361237644062,352.706566864381,87.6272689306572,224.860703121171,1397.38719736513,152.402914638388,3.00232932505539,30.0951930310648,10.1407823533318,275.904013740593,118.4677465142,5.05658416258464,35.6600366900393,4.39265002607726,14.8388007449623,1.27022817164926,6.0455956104861,4.29052766690287,72.7493676079381,0.569766687040394,56.2166827425543,1.85160112351688,1.48709055317626,579.860465134692,136.558023623797,"0.037","5.1"
2020-03-20 07:00:00,1888.66991731324,243.444195263518,82.0336569939869,416.898251773836,89.4890803203177,238.068635369703,1415.26604760704,165.705019309804,2.33682895434736,35.1019927116679,11.0684609392356,275.13651670636,127.208325981435,3.83543987970187,46.9167611472715,3.91600083494664,24.5250522899832,1.21750547067748,10.3043245686936,6.2685769769907,80.4606683508776,0.572844940054868,102.143895299365,2.12386121539862,1.14291532141137,638.849550248578,141.010586518561,"0.035","6.2"
2020-03-20 08:00:00,1954.28726832543,323.334975327321,79.7088526182823,461.358433182802,117.184953895163,313.081195176351,1470.08815471312,179.765505132697,2.8049884932211,45.3445649980297,13.3069311065533,277.766900417725,142.493618643383,4.34067690949575,67.0766826564446,3.93679930791926,41.2685909340493,1.58520583252687,18.6117214216252,9.00519022568374,97.2458852226696,0.57583253445712,370.326507940528,3.06265755096458,1.84121385689746,699.60776812582,146.777085432887,"0.026","6.8"
2020-03-20 09:00:00,2021.66188105083,639.588975012326,84.0783865756709,490.730477833736,203.112138449387,343.512285423773,1543.95615468034,210.152714946816,3.90801943410065,56.0926747861315,19.2077377736072,280.282447777629,159.387183389222,6.19581665165069,98.642515732225,4.9926763600412,71.5567752920237,1.60495104651163,39.2969784864491,19.5381872553512,118.22600051976,0.575328984225338,578.746215848802,4.32629973461985,2.01943990329899,786.937598577613,156.913619730982,"0.031","7.8"
2020-03-20 10:00:00,1969.14266549825,578.533741608572,84.9572009789978,484.229068499231,217.171572408236,322.622421724803,1532.54813237633,204.423139789521,3.15394326368808,50.2106038003704,14.8485583885503,279.820114864245,144.287064337053,4.9148754427459,85.3963954109228,3.77904888017876,68.2649605320351,1.23908758563707,36.1196582557171,15.6335302310062,108.186976148221,0.576704758306827,329.983274410774,4.96796973589728,2.1614477320194,770.215108437039,150.95973943812,"0.035","7.4"
2020-03-20 11:00:00,2064.12588779445,381.866928352329,88.5270316163118,465.570261103101,221.703768785464,258.473771212179,1591.16136457916,212.201408574294,5.20169129570209,46.2473747286442,16.6940854663935,287.855726896744,129.906988478367,5.56149186216297,52.7106938030537,5.37207849850466,24.8469036790637,1.43118983085041,10.9903877177469,6.39459474818968,83.2357643747131,0.591668621548017,389.892753412853,5.69255891310449,3.08121160428243,810.96579164498,149.201382287769,"0.037","7.4"
2020-03-20 12:00:00,2386.23275162409,311.54936496084,96.9606298125916,622.379848215634,308.173441272427,285.268780125661,1665.9875555303,265.068410887541,4.99309761506126,53.7936643580695,20.02659851657,300.906929243881,138.279147391614,6.7076315635382,79.5375083238866,5.29272219550831,38.8876739343835,1.63704213845225,17.6824849569105,9.76921667702372,59.6175559226291,0.606727894749238,534.799395035284,7.39572179245554,2.41117073735279,1017.55836979726,157.010748654431,"0.039","11.2"
2020-03-20 13:00:00,3155.11478814304,469.565946581516,138.637718586799,699.107946242101,404.373694738705,405.853842114834,2234.31901988483,356.591407910106,5.38983112683581,78.0227664834655,26.2455772647512,331.344915541902,175.39654235809,6.92471998971458,231.440250308103,6.20752292709069,100.216574762759,2.05761360815089,42.9961581350349,19.3731161911999,48.193089336159,0.624027025477139,1651.08278671948,9.89284641478078,4.26956773872785,1351.7293889365,177.785479231596,"0.039","14.9"
2020-03-20 14:00:00,3205.13506418699,474.330800916713,144.530472366888,733.091425761963,569.258681378012,420.406270474144,2000.25470761292,435.224746233038,5.34510505560573,88.391248074051,27.4025729158903,333.158647852563,177.869947895881,8.1282865657883,265.31102699702,6.119238205538,111.703849717321,1.97378501224459,69.1714670447904,22.194198329888,41.4371222769551,0.639043263740192,1487.87751344687,11.2095900172265,4.63728680335449,1522.42662120491,182.321919180038,"0.042","10.5"
2020-03-20 15:00:00,3636.33426879454,468.623902689847,260.019374196378,684.944476496065,642.26962405933,383.941141480562,2444.61788661981,490.569854715753,5.17456818828452,79.5979819124491,25.6070767933013,319.194249952042,160.872509220483,7.59949423676887,171.694965567262,5.52276474344168,83.2597152640761,2.03884415170156,46.1237886889523,19.6874231023301,82.1452555910377,0.642156371540699,1659.49110791541,11.7585019606098,3.76705151520884,1626.04996749192,171.782474066209,"0.044","7.4"
2020-03-20 16:00:00,3800.84108430417,530.439770033971,516.269492746042,863.011814528757,751.111105578068,371.942292248394,2271.45428235103,610.054833015697,5.87979991081487,89.9767236231991,27.6689188556958,302.887576489726,160.666312641969,9.12747331730505,131.356394615514,7.20581608942414,83.3976241395464,2.56502953339679,53.509179676971,19.5354125737872,58.8811521098029,0.643936699449027,1250.26347766332,13.3083691190017,4.0732566052782,1933.23512111845,169.607539000035,"0.048","6.9"
2020-03-20 17:00:00,3561.40613180231,495.169735851569,543.162903027214,841.410170069616,854.509697253303,320.275860239156,2040.2961731592,666.586709764075,7.08409957226653,73.1780905921158,26.2408942403757,273.761946350068,153.168039186928,9.68206039586206,112.735188658345,8.10061259543222,65.7951063389799,2.6337233958866,40.1996099125476,17.0213036297209,49.5241095073993,0.637196110553794,2400.29048063687,14.6786815267792,3.11209378752264,1939.51639488913,166.262577451669,"0.049","6.5"
2020-03-20 18:00:00,NA,NA,NA,NA,NA,NA,NA,NA,NA,NA,NA,NA,NA,NA,NA,NA,NA,NA,NA,NA,NA,NA,NA,NA,NA,NA,169.250414082295,"0.048","6.5"
2020-03-20 19:00:00,NA,NA,NA,NA,NA,NA,NA,NA,NA,NA,NA,NA,NA,NA,NA,NA,NA,NA,NA,NA,NA,NA,NA,NA,NA,NA,203.919408935276,"0.044","3.5"
2020-03-20 20:00:00,NA,NA,NA,NA,NA,NA,NA,NA,NA,NA,NA,NA,NA,NA,NA,NA,NA,NA,NA,NA,NA,NA,NA,NA,NA,NA,191.187597206459,"0.041","3.1"
2020-03-20 21:00:00,NA,NA,NA,NA,NA,NA,NA,NA,NA,NA,NA,NA,NA,NA,NA,NA,NA,NA,NA,NA,NA,NA,NA,NA,NA,NA,185.184838070774,"0.042","3.5"
2020-03-20 22:00:00,NA,NA,NA,NA,NA,NA,NA,NA,NA,NA,NA,NA,NA,NA,NA,NA,NA,NA,NA,NA,NA,NA,NA,NA,NA,NA,176.913270026164,"0.027","6.5"
2020-03-20 23:00:00,NA,NA,NA,NA,NA,NA,NA,NA,NA,NA,NA,NA,NA,NA,NA,NA,NA,NA,NA,NA,NA,NA,NA,NA,NA,NA,175.734624909792,"0.028","9.6"
2020-03-21 00:00:00,NA,NA,NA,NA,NA,NA,NA,NA,NA,NA,NA,NA,NA,NA,NA,NA,NA,NA,NA,NA,NA,NA,NA,NA,NA,NA,201.227311310407,"0.022","6.9"
2020-03-21 01:00:00,NA,NA,NA,NA,NA,NA,NA,NA,NA,NA,NA,NA,NA,NA,NA,NA,NA,NA,NA,NA,NA,NA,NA,NA,NA,NA,308.834424306392,"0.015","3"
2020-03-21 02:00:00,NA,NA,NA,NA,NA,NA,NA,NA,NA,NA,NA,NA,NA,NA,NA,NA,NA,NA,NA,NA,NA,NA,NA,NA,NA,NA,238.755963261919,"0.007","1.9"
2020-03-21 03:00:00,NA,NA,NA,NA,NA,NA,NA,NA,NA,NA,NA,NA,NA,NA,NA,NA,NA,NA,NA,NA,NA,NA,NA,NA,NA,NA,233.871285136945,"0.003","6.7"
2020-03-21 04:00:00,NA,NA,NA,NA,NA,NA,NA,NA,NA,NA,NA,NA,NA,NA,NA,NA,NA,NA,NA,NA,NA,NA,NA,NA,NA,NA,220.636904667288,"0.008","7.3"
2020-03-21 05:00:00,NA,NA,NA,NA,NA,NA,NA,NA,NA,NA,NA,NA,NA,NA,NA,NA,NA,NA,NA,NA,NA,NA,NA,NA,NA,NA,196.67088007986,"0.003","7.1"
2020-03-21 06:00:00,NA,NA,NA,NA,NA,NA,NA,NA,NA,NA,NA,NA,NA,NA,NA,NA,NA,NA,NA,NA,NA,NA,NA,NA,NA,NA,206.598859962296,"0","12.2"
2020-03-21 07:00:00,NA,NA,NA,NA,NA,NA,NA,NA,NA,NA,NA,NA,NA,NA,NA,NA,NA,NA,NA,NA,NA,NA,NA,NA,NA,NA,209.660617833038,"0.001","13.6"
2020-03-21 08:00:00,NA,NA,NA,NA,NA,NA,NA,NA,NA,NA,NA,NA,NA,NA,NA,NA,NA,NA,NA,NA,NA,NA,NA,NA,NA,NA,213.240930723476,"0.01","11.1"
2020-03-21 09:00:00,NA,NA,NA,NA,NA,NA,NA,NA,NA,NA,NA,NA,NA,NA,NA,NA,NA,NA,NA,NA,NA,NA,NA,NA,NA,NA,247.660369860531,"0.018","10"
2020-03-21 10:00:00,NA,NA,NA,NA,NA,NA,NA,NA,NA,NA,NA,NA,NA,NA,NA,NA,NA,NA,NA,NA,NA,NA,NA,NA,NA,NA,179.257678934948,"0.028","11"
2020-03-21 11:00:00,NA,NA,NA,NA,NA,NA,NA,NA,NA,NA,NA,NA,NA,NA,NA,NA,NA,NA,NA,NA,NA,NA,NA,NA,NA,NA,227.878894042619,"0.031","17"
2020-03-21 12:00:00,NA,NA,NA,NA,NA,NA,NA,NA,NA,NA,NA,NA,NA,NA,NA,NA,NA,NA,NA,NA,NA,NA,NA,NA,NA,NA,199.732822340415,"0.039","10.3"
2020-03-21 13:00:00,NA,NA,NA,NA,NA,NA,NA,NA,NA,NA,NA,NA,NA,NA,NA,NA,NA,NA,NA,NA,NA,NA,NA,NA,NA,NA,190.808412626251,"0.043","9.8"
2020-03-21 14:00:00,NA,NA,NA,NA,NA,NA,NA,NA,NA,NA,NA,NA,NA,NA,NA,NA,NA,NA,NA,NA,NA,NA,NA,NA,NA,NA,166.036397913216,"0.048","8.6"
2020-03-21 15:00:00,NA,NA,NA,NA,NA,NA,NA,NA,NA,NA,NA,NA,NA,NA,NA,NA,NA,NA,NA,NA,NA,NA,NA,NA,NA,NA,158.224135354839,"0.051","4.5"
2020-03-21 16:00:00,NA,NA,NA,NA,NA,NA,NA,NA,NA,NA,NA,NA,NA,NA,NA,NA,NA,NA,NA,NA,NA,NA,NA,NA,NA,NA,148.393986984622,"0.051","3.6"
2020-03-21 17:00:00,NA,NA,NA,NA,NA,NA,NA,NA,NA,NA,NA,NA,NA,NA,NA,NA,NA,NA,NA,NA,NA,NA,NA,NA,NA,NA,143.161307175413,"0.05","3.8"
2020-03-21 18:00:00,NA,NA,NA,NA,NA,NA,NA,NA,NA,NA,NA,NA,NA,NA,NA,NA,NA,NA,NA,NA,NA,NA,NA,NA,NA,NA,146.361369062568,"0.049","2.6"
2020-03-21 19:00:00,NA,NA,NA,NA,NA,NA,NA,NA,NA,NA,NA,NA,NA,NA,NA,NA,NA,NA,NA,NA,NA,NA,NA,NA,NA,NA,161.815270019806,"0.047","5.7"
2020-03-21 20:00:00,NA,NA,NA,NA,NA,NA,NA,NA,NA,NA,NA,NA,NA,NA,NA,NA,NA,NA,NA,NA,NA,NA,NA,NA,NA,NA,163.877933943939,"0.046","6.2"
2020-03-21 21:00:00,NA,NA,NA,NA,NA,NA,NA,NA,NA,NA,NA,NA,NA,NA,NA,NA,NA,NA,NA,NA,NA,NA,NA,NA,NA,NA,144.633464843539,"0.047","6"
2020-03-21 22:00:00,NA,NA,NA,NA,NA,NA,NA,NA,NA,NA,NA,NA,NA,NA,NA,NA,NA,NA,NA,NA,NA,NA,NA,NA,NA,NA,154.597626458031,"0.048","5.7"
2020-03-21 23:00:00,NA,NA,NA,NA,NA,NA,NA,NA,NA,NA,NA,NA,NA,NA,NA,NA,NA,NA,NA,NA,NA,NA,NA,NA,NA,NA,162.359928914548,"0.046","4"
2020-03-22 00:00:00,NA,NA,NA,NA,NA,NA,NA,NA,NA,NA,NA,NA,NA,NA,NA,NA,NA,NA,NA,NA,NA,NA,NA,NA,NA,NA,162.847949581749,"0.04","4.5"
2020-03-22 01:00:00,NA,NA,NA,NA,NA,NA,NA,NA,NA,NA,NA,NA,NA,NA,NA,NA,NA,NA,NA,NA,NA,NA,NA,NA,NA,NA,154.115021093559,"0.043","5.7"
2020-03-22 02:00:00,NA,NA,NA,NA,NA,NA,NA,NA,NA,NA,NA,NA,NA,NA,NA,NA,NA,NA,NA,NA,NA,NA,NA,NA,NA,NA,134.014274314817,"0.046","6.2"
2020-03-22 03:00:00,NA,NA,NA,NA,NA,NA,NA,NA,NA,NA,NA,NA,NA,NA,NA,NA,NA,NA,NA,NA,NA,NA,NA,NA,NA,NA,141.672828889433,"0.042","7.7"
2020-03-22 04:00:00,NA,NA,NA,NA,NA,NA,NA,NA,NA,NA,NA,NA,NA,NA,NA,NA,NA,NA,NA,NA,NA,NA,NA,NA,NA,NA,141.962667421181,"0.034","7.4"
2020-03-22 05:00:00,NA,NA,NA,NA,NA,NA,NA,NA,NA,NA,NA,NA,NA,NA,NA,NA,NA,NA,NA,NA,NA,NA,NA,NA,NA,NA,149.96712774717,"0.024","3.5"
2020-03-22 06:00:00,NA,NA,NA,NA,NA,NA,NA,NA,NA,NA,NA,NA,NA,NA,NA,NA,NA,NA,NA,NA,NA,NA,NA,NA,NA,NA,146.570365377951,"0.019","-0.4"
2020-03-22 07:00:00,NA,NA,NA,NA,NA,NA,NA,NA,NA,NA,NA,NA,NA,NA,NA,NA,NA,NA,NA,NA,NA,NA,NA,NA,NA,NA,173.282566790971,"0.007","-1.9"
2020-03-22 08:00:00,NA,NA,NA,NA,NA,NA,NA,NA,NA,NA,NA,NA,NA,NA,NA,NA,NA,NA,NA,NA,NA,NA,NA,NA,NA,NA,228.054757416126,"0.009","0.7"
2020-03-22 09:00:00,NA,NA,NA,NA,NA,NA,NA,NA,NA,NA,NA,NA,NA,NA,NA,NA,NA,NA,NA,NA,NA,NA,NA,NA,NA,NA,174.666804429171,"0.027","18.5"
2020-03-22 10:00:00,NA,NA,NA,NA,NA,NA,NA,NA,NA,NA,NA,NA,NA,NA,NA,NA,NA,NA,NA,NA,NA,NA,NA,NA,NA,NA,154.292270569796,"0.036","7.7"
2020-03-22 11:00:00,NA,NA,NA,NA,NA,NA,NA,NA,NA,NA,NA,NA,NA,NA,NA,NA,NA,NA,NA,NA,NA,NA,NA,NA,NA,NA,151.172957644388,"0.044","7.4"
2020-03-22 12:00:00,NA,NA,NA,NA,NA,NA,NA,NA,NA,NA,NA,NA,NA,NA,NA,NA,NA,NA,NA,NA,NA,NA,NA,NA,NA,NA,156.151508022546,"0.048","7.2"
2020-03-22 13:00:00,NA,NA,NA,NA,NA,NA,NA,NA,NA,NA,NA,NA,NA,NA,NA,NA,NA,NA,NA,NA,NA,NA,NA,NA,NA,NA,152.466607958646,"0.051","8.6"
2020-03-22 14:00:00,2971.92962979006,239.086365568429,128.169893732103,578.347102575789,722.727030462223,172.869911563633,1504.21677125058,525.310476977982,7.51728478246482,55.5168037588962,23.4758456014872,160.496821368201,125.474110105231,9.17227570574656,56.5400854597924,11.2574742207863,39.0743107995046,4.7976712972731,20.6230044338563,10.6462831017235,64.0678534877694,0.546334645673219,581.724677454616,18.61369496721,1.56677668538242,1474.06667311027,151.249226852102,"0.054","6.2"
2020-03-22 15:00:00,2773.7450772643,241.575916763815,130.252768664445,570.566346216013,664.290764716755,174.05156772579,1475.03897709078,514.75547100778,7.33534841299327,62.3998077977088,23.5337069101231,159.351973898118,129.971341016595,8.98877738685238,60.8295003036926,11.131392374212,50.8981308849619,3.22764307873543,21.0243998260182,9.44576874828917,55.0277326715209,0.515663612197537,45.5320322797437,18.5572884694311,1.7294834798705,1491.56777797103,149.829334511733,"0.055","3.3"
2020-03-22 16:00:00,2383.65383308861,207.432009696581,184.81081545567,249.37078436709,297.266694364836,153.423380629304,1528.05777907218,338.060451727717,2.24329058544907,46.7343259424505,12.0739503164885,151.741718701377,116.754914437495,2.99355266096392,39.9102179858362,5.73297728674647,30.2682245337452,1.05330685230738,23.7728134532058,8.16365380552523,46.9806092271237,0.421263509539112,188.289008388388,4.94799488746575,1.74772769605866,687.473086566348,143.822537521737,"0.056","2.3"
2020-03-22 17:00:00,2311.85688442515,208.135128803185,177.264603257947,256.977962249696,396.001984319205,150.110384150155,1473.62623316644,398.591291908134,2.7218429411396,42.924210017638,11.6281616957703,145.629964615759,118.298656370045,3.08549524979942,38.5532647139837,5.0295530060551,30.9016121254746,1.35658990849609,18.8027006190562,6.465227358201,43.255861698254,0.416227719377548,398.12999291345,5.43878232272732,2.05514429530529,664.72087147844,145.977905013813,"0.056","5.3"
2020-03-22 18:00:00,2711.53133244265,237.657344494031,206.094172660113,341.868378595871,380.968594319355,163.050680596937,1553.26604870929,462.294082037769,3.32731592159031,45.7303548983743,11.2983963168657,149.361123888857,122.379731527703,4.09700703690798,47.8961828910674,5.4885213235963,37.3862734994475,1.23208808122227,15.9327145506462,5.81286652335853,45.6404468578277,0.421722441391707,371.950929924033,5.73923454312099,1.92619466967959,759.718732163336,147.29459133813,"0.055","5.5"
2020-03-22 19:00:00,2785.24696303526,245.254517493977,152.629725547064,313.817759792484,344.60964258043,177.651797378803,1379.90472532757,230.330318021926,3.53175812001711,54.7485056305448,11.970851062116,149.424735762519,132.415342253911,4.11653879379856,62.5337826252315,5.53902076472629,48.1251196094322,1.30986825196494,23.0833691620644,9.62241832451682,58.5991320862181,0.435992814810673,603.396710544552,4.58618276618517,3.48075602173534,716.04775800318,145.300056270684,"0.052","1.8"
2020-03-22 20:00:00,5205.70589356638,626.981184711811,158.645978424305,883.489565061397,702.363216436935,417.634683686103,1772.81230357546,772.966197064729,60.2395798485422,164.288704783817,73.1219284523499,205.415957453119,239.341485492038,67.8556797316718,237.444742302019,76.0784438261979,169.715718238029,25.2369426921966,66.0914311096778,32.1555606370254,176.589458374438,0.464847347674602,2558.84797823753,9.62356562717761,8.24928689295679,1929.83559738787,206.340599775553,"0.04","6.2"
2020-03-22 21:00:00,5583.01279873827,540.730182367171,131.850567049431,655.561398842131,774.670242546739,338.829096185361,1841.48768359364,590.556166356344,20.9432692684331,140.457408614497,52.7167360924356,189.596403196538,200.649499046193,23.1893154184973,179.992773748348,27.8312547720036,118.856852272735,7.15868374961581,63.1341470585634,40.0213803680211,376.855918955164,0.508905274908184,2557.57831393469,7.3719922215513,7.58061104443405,1488.40999904527,200.303563386118,"0.036","8.6"
2020-03-22 22:00:00,4745.4259134173,495.993267262427,126.308501316275,685.370835504308,883.977851481719,321.489652225811,1714.68625250703,645.141027870479,35.0564694707954,131.446379298821,58.1903768119194,186.165398840025,192.41085913571,39.031705631239,163.030610300502,46.369079365294,145.091081842828,12.9942665839994,53.3704698338327,31.802049243891,317.325232694726,0.539064209295509,2269.47905430683,6.99991634378476,6.86632507863772,1433.71398063049,177.606779186841,"0.034","16.8"
2020-03-22 23:00:00,6426.79718699082,908.279560635432,182.653611297124,1242.76276609597,1278.94194457288,544.679864359067,2017.42206616159,1465.7359425712,103.224724782036,208.283345943702,112.895867575674,230.318337949012,324.497452967416,115.491792655356,299.499295573421,125.689665218989,409.398399424076,43.8829198692094,127.957405539163,64.7947496076925,384.815433937978,0.56271290702312,4700.88515888133,12.7235579580284,13.9180056352792,2549.329521049,254.710631980188,"0.034","0.3"
2020-03-23 00:00:00,6947.76954857523,977.785430094419,172.325496837583,1302.87233842227,1400.59710230225,546.588310676864,2062.91395686661,1725.22409929391,100.42835750716,225.951325529802,112.749414810816,235.812192629346,273.053534985343,112.906066709119,237.290754024605,129.9285706395,523.068484714131,47.5931569004054,77.2434939071351,43.053736714757,353.83132393354,0.579503910176315,5547.95709038721,13.2073336139971,14.9503796022421,2788.321701838,260.418749264825,"0.02","4"
2020-03-23 01:00:00,6518.4899847148,868.091995346615,207.535889802233,1120.00312088333,1298.99389982971,518.349621465588,2009.96132941171,1370.22667647156,44.4927796962939,208.110922205318,79.6723554745574,215.541991823582,238.554303253254,48.0857259533872,210.712870208815,61.4267827412024,584.5637929805,20.0883023721626,77.3456117648192,42.3036791444177,284.354099556794,0.588726020830112,5423.35597308091,10.6995946569714,14.0728033371415,2391.13724756233,217.373093711353,"0.016","8.4"
2020-03-23 02:00:00,4959.94937786118,585.198198062404,144.858108795602,821.552143978266,1005.15862024842,379.66788383433,1759.14250773236,770.881365190306,15.7990191997792,143.737261058393,49.9898226623135,184.133043925021,181.910773468677,18.166071226285,141.791282899823,23.4300355696697,434.758224985394,6.19564533866211,50.5636617136549,30.82454412759,266.788564880156,0.597346347582533,3238.44933134053,7.685655714672,8.40483063599068,1800.64008793139,184.862804441887,"0.016","8.6"
2020-03-23 03:00:00,4885.1214824721,490.42430879137,141.309057320862,925.648975112003,1053.28190186001,267.382081724447,1760.70143781985,826.370917418569,13.9108491882978,120.285827393609,47.8270033857324,181.092635217405,139.003474452555,16.4973320888634,103.634328502372,21.207178255029,171.707410867711,5.27519028105152,31.8653177682162,22.6866020123578,251.794727168516,0.609625964090999,2745.8807796348,8.20879035310852,7.74617619188272,2022.45865071205,181.249695597852,"0.018","5.1"
2020-03-23 04:00:00,4453.57909048778,400.570356137687,150.97149416568,733.387297964275,934.651452843843,247.09547061058,1663.22322031241,747.412910876425,12.2487036990847,102.643110532134,43.7656902680308,172.527109863681,133.006226249627,15.741501047057,88.467316199802,20.6272661572851,200.343397093376,4.91804682830651,24.2177985331712,17.7808974959366,214.143419729619,0.627419967573961,2031.3609984927,8.63205827645333,5.79854241764742,1642.49386408908,154.626793252746,"0.015","3"
2020-03-23 05:00:00,4246.74666454296,353.12887788309,135.46282517174,667.78370594558,878.571431218153,211.450917071299,1622.30611272585,688.632174583338,12.1977730890192,90.5427437521837,41.9757623007756,169.183510218229,118.681708230938,14.0191925485083,80.778532744755,18.9765573084847,90.7697857783212,4.06466145215443,21.7739627518755,17.6761758595963,213.224287444429,0.634865241272593,1751.85698737505,8.95568560173775,5.09070212722037,1518.37322319,154.965868809827,"0.011","5.6"
2020-03-23 06:00:00,3559.49567690175,246.098289044812,121.90254224743,550.801269500773,748.882372626052,165.125494179718,1505.46750302769,517.230971765865,9.13548219175344,65.3522514463629,33.4158643074603,155.707104805499,103.49129921572,10.8648591626369,57.6617772994622,13.4809619167891,42.0680897312252,3.08398853267198,14.6323230601609,13.8405312306834,192.836019091471,0.640828147066635,1186.2698668376,7.95435969907523,2.75619369569911,1267.33156168381,140.264119332,"0.005","6.9"
2020-03-23 07:00:00,7878.15687353946,432.428891126478,132.890234407257,814.558641250304,783.419486882662,403.645736978555,1697.74986141415,632.946708679639,9.32869377355835,107.36412577623,41.1802937268307,167.020264528968,139.011164702227,12.8518258766118,113.94246335712,16.1464460684625,112.988361887736,3.39018921792256,42.1034412349862,27.1010825235956,263.846624209442,0.653717901953859,2061.35321335569,7.37125151803266,8.61340319245012,1811.52681896548,173.648053892691,"0.001","6.3"
2020-03-23 08:00:00,5521.6353778543,408.166901150002,122.277533453565,727.842057452993,763.595174777395,326.527829529091,1601.2814841163,622.009198118306,16.7904545192983,105.109411394274,43.6427766317445,162.078614200914,161.565028355416,21.2080405936511,150.64765904091,22.4493888759654,152.295941547378,6.20521326656842,58.8755421201837,35.2750382735518,372.593056740068,0.655323622783828,1647.23147407751,7.97940354652153,5.39207390297595,1710.28204660786,179.495398202517,"0.003","8.4"
2020-03-23 09:00:00,5645.91247487457,271.169725822914,113.975809501863,551.285810739315,699.935460095489,198.221082058605,1535.76763303925,483.606893597403,11.0430869805622,78.4135111423485,35.2918016931796,153.306597581186,114.065849482363,13.1566153034984,82.0731385946862,12.8030632024898,50.2200673933455,3.88576543877411,23.1232561826755,21.6719081455734,401.88663134546,0.657546887649902,976.769923881195,8.64607872350998,2.50456723672363,1355.68496486181,170.706378297955,"0.009","10.2"
2020-03-23 10:00:00,4426.08214319342,287.647690955252,126.871564094545,582.638822721048,766.49769323095,202.51983040864,1575.20161903284,517.705381405691,16.8792622950912,85.2360790499859,44.0226770871592,157.202899057654,124.101916443991,19.652161671645,82.7232693054388,20.8921473062815,51.3164430345148,6.10348400523429,24.4139143851968,19.8532937366321,326.513617406233,0.660564705803662,924.894670329582,11.1755321721825,3.03748420314118,1562.44724669034,153.660566966883,"0.024","11.2"
2020-03-23 11:00:00,5713.20693061159,615.425631657914,217.378529754131,969.131308108393,957.641357235338,415.739200114625,2218.50535647883,835.555024273508,23.9652046994718,132.542031046686,60.3209479320124,200.422385954152,224.062404908904,25.3515845070767,233.24021083845,24.6652447215203,200.453655847457,8.10609641562674,98.4580702082935,45.748071888879,191.824843175829,0.685821987272763,2779.97825627546,15.7931971164199,8.43812751501779,2360.28966398609,207.959529085374,"0.034","11"
2020-03-23 12:00:00,4221.58277083042,467.757309777912,168.197502324584,774.987555580026,856.10754453848,319.209116148648,1717.66820930157,693.416159952103,31.4555374692279,112.858057347177,72.4605807743679,180.058587535396,181.350290743355,31.1963440535319,149.962505918584,41.9636778244379,100.278781732617,14.1220785611013,45.9495097181902,24.7619695492349,171.102549052023,0.681620106849642,1657.10348964521,22.1595750221892,4.71622636417353,2372.96292313537,175.509039869528,"0.04","8.3"
2020-03-23 13:00:00,4122.07122114756,441.002908813511,174.41256573133,609.750280915448,1125.7497606301,270.826423624072,1713.02011918921,755.865350868915,15.4066288294759,96.3698901794853,42.3730553698745,153.726282838482,128.898150554816,15.6708008582047,116.420352046636,17.681691368681,92.3728415834868,6.45142885949095,41.88796977554,22.011772557452,129.067907861742,0.785805340358289,1852.89662624078,15.1994031512751,4.44743085702132,1793.59197791782,163.286249288669,"0.047","3.8"
2020-03-23 14:00:00,3912.33780759999,363.434102736976,191.883303834939,478.11335760876,1047.99759557748,221.581235944161,1820.62500984818,718.837835163435,6.75875250490258,71.0575179087385,24.9496466065967,129.451021094477,98.8737089636651,6.25567825002448,97.2689916224374,4.74595655169059,74.4589029700063,2.05697804791769,37.0136070748946,16.3046843217137,90.3411086197009,0.808501863244667,1873.06323987899,9.5420010812183,2.66499429951854,1405.10258901763,149.36788628871,"0.048","0.9"
2020-03-23 15:00:00,3364.95282815022,306.882581785781,261.849764827801,499.750939018593,917.098971177355,188.280233258649,2369.02988739186,726.116952043442,7.74004075749639,70.0627090067912,23.8705373742324,127.813539467666,97.6011047719453,8.17782216470149,70.0535801938359,6.89230695708686,58.5285758534875,2.05297319034693,29.0395819124208,12.5182613089816,69.7485513318085,0.824829230042039,1810.65794338181,8.76132331239417,2.39386526651751,1447.77616624836,143.742057726728,"0.048","1.8"
2020-03-23 16:00:00,3851.48166059175,347.971207623566,197.802640705228,503.256197374356,1093.72162451709,230.854574482196,2871.95165828406,778.869527727733,6.95708514665082,82.1426491993724,29.2685851049723,140.220264253824,99.2764886938533,10.1276752027589,92.3543593434806,6.87641934696803,73.1703348955943,2.2488765281692,33.9541291283448,17.3563945824564,100.142587128857,0.937921407807799,6376.63677643121,8.66378324363732,3.149951241334,1443.82246530619,142.371694892084,"0.046","2.3"
2020-03-23 17:00:00,4720.55779228565,490.783627917805,222.291363608199,584.437994987704,1151.92961722774,297.746504098269,3492.34185832603,1565.00096063073,5.75686074668826,110.090111241189,37.923031874461,156.240918985252,108.262269348447,13.5596967185092,96.8106485865881,6.49738190962443,84.5926935293374,3.0296470566497,41.7173696511717,20.8159301042195,65.1632566550127,1.06577813724502,3561.373648897,7.27343063546084,3.25496659351569,1543.09712748083,142.530568969738,"0.044","1.8"
2020-03-23 18:00:00,3352.30502100025,285.987312885839,125.94255151048,633.147606319633,785.997808895743,190.552517911357,1825.54900594752,581.945152071377,6.10357797955262,79.7121140414701,28.1566841707436,143.146785806453,83.510878018176,12.337331519486,48.5305561822364,6.51471171022184,40.9908392501041,2.74170158797136,17.8986507055826,10.6620953978888,65.440552606842,1.06038103416,2287.43028443489,6.38317490485522,2.23208846678892,1572.84223704367,129.096581935662,"0.044","3.5"
2020-03-23 19:00:00,3318.16430766172,289.845159180855,215.380591099084,720.971882379267,661.026541137879,186.339316228902,1859.01825708072,524.633809839208,7.78530243053367,69.8072565685143,25.1557658352656,131.979513935098,88.0565472833955,12.8767789452524,50.2988273587019,8.13167160838234,42.9643490977968,3.02090904104001,16.5842549230535,10.6704945614486,74.5558014396941,0.979646796719337,2563.59243861064,5.88764667762682,2.32040083049014,1823.49936708271,132.527097354642,"0.044","5.5"
2020-03-23 20:00:00,2849.22161330313,245.333884539151,161.844392708204,605.605676653029,517.855765067963,187.999261527543,1595.39872872175,418.016182663822,6.2548295180897,50.9975026708106,19.5073562890702,124.563653171097,84.653368578602,10.1123368012262,45.9821024791862,6.80145056574792,36.9679445416438,2.52658419850038,13.6430128170457,8.1378900531188,56.8241772281973,0.941561498606079,17247.7456149745,5.70713083911771,2.25656708907034,1500.56771954551,129.899275475201,"0.044","5.7"
2020-03-23 21:00:00,2676.30291691186,230.737084356161,150.886546371264,419.844622600043,514.779659276275,164.196232250262,1508.75115312868,409.750048535699,4.96127983432335,53.0509908094505,18.3335596071751,128.300050907846,83.8028029488215,7.43551417472965,45.8274130817871,4.90196540415061,30.8411710038302,2.43852957018607,13.435062151672,8.93050660542912,62.774402068485,1.0294740842003,2118.64318600181,4.60256980323899,2.4105599278326,1146.66219644229,128.956751051499,"0.042","5"
2020-03-23 22:00:00,1938.97165874715,224.437310596231,110.462130154084,506.969324517554,318.980164374586,146.332047916871,1207.26037871193,257.799830340423,3.90966765528801,46.9426957406058,12.8603726749346,106.626101207739,86.0691931642462,6.04959876402226,46.8327563934251,3.45581652457953,62.1460711928617,2.08454351720927,13.2854737810245,8.59464619294759,60.3272120979137,0.900450294180142,1103.75255172895,2.73527484908207,3.07295398885083,1315.79955361375,134.644718980388,"0.043","4"
2020-03-23 23:00:00,1624.98537732189,214.224919136807,125.621401225048,444.019034438699,167.831650869159,155.69271318144,1016.9022112901,178.928523197971,2.59002699706538,39.8906209257605,8.82442696941029,89.3498379784597,92.2401312439981,3.99271658446006,57.3398527521261,2.57558947469069,66.7357095075843,1.33300494176844,20.6135536812101,10.8563634652694,47.4913107255028,0.804994364077446,1176.53222625006,2.2424404174791,3.97912381764548,1196.41585123026,139.318349011766,"0.045","2.1"
2020-03-24 00:00:00,1588.50978616037,231.017789317095,108.45735963035,520.698948111358,212.253888620649,141.217856541156,971.664232193158,192.031039615428,2.32386705269142,41.5655933283292,8.43775418686212,85.9377475819591,85.0749248436887,3.2835064215616,40.5053592447757,2.25664831357916,79.9346463340942,0.94098090174961,14.2718089461138,7.9443687117805,57.8585925258502,0.794878851927768,1300.53151402426,2.55827612368307,4.28437097475648,1319.52301644387,139.756621342803,"0.041","3.8"
2020-03-24 01:00:00,1644.50011848344,254.296677876312,103.29432898871,572.005772230697,229.445099918425,153.066165237142,964.968560453061,198.476923222372,2.5397785122888,45.3973451665446,9.62173261051264,85.3256047597047,87.3681861285811,3.56222816690624,47.656898767851,3.05897251009369,91.3699013316338,1.26176395024352,14.3349722427957,8.47004443679358,71.0620201599692,0.816161093465264,1511.54860908999,2.4466627199867,5.32212490348928,1348.1130827161,138.130912704847,"0.037","5.2"
2020-03-24 02:00:00,2071.86029745805,347.144073073962,113.915583078572,695.849006126964,297.106305600126,212.796602144184,1077.03900735105,292.446063955001,4.30286602633879,69.1291888630321,14.0672539486891,93.9083412804411,106.032431780857,5.57798804818446,90.9873619697534,6.15280576306655,141.957286876047,1.80079795379324,29.0450224231779,16.7141465347361,109.270492756759,0.827771990993915,2207.49816480866,2.43052562053296,7.97750719410658,1582.97316806972,154.332839507743,"0.027","2.6"
2020-03-24 03:00:00,2066.76946071126,470.929407232989,106.903932644882,587.334484472555,229.228681273341,371.151552421728,1057.89028065956,238.467317990794,4.64880733692324,103.2156805387,15.8995442098642,91.5740215489687,162.935213887299,6.62554209379808,219.561735542946,6.41519937356954,285.082383367578,1.73219980659305,111.478315651309,56.2508789244134,216.226087237117,0.820708942539306,3015.91521408889,2.43516708853687,9.93546563218209,1342.96879215037,167.930621743374,"0.018","1.5"
2020-03-24 04:00:00,1586.16211637652,321.619279170296,110.594439063551,636.453778603801,208.466860418278,216.265745174204,948.503165226424,197.85878364155,2.66451530906141,61.6140207778151,11.0493837186747,81.7672148095339,111.939965967063,3.10961347735029,82.4101678335334,3.8948733085172,219.797762391759,1.06422746295949,32.8526803527791,17.4433371345855,88.2240802356303,0.771517698067328,1762.14932286391,2.23936847239399,7.31849840774011,1521.91447065799,159.526337541448,"0.012","1.7"
2020-03-24 05:00:00,1628.41045128958,327.618129345447,111.352742827387,680.916304470836,212.820076024299,202.693839995189,950.058130947778,218.960612646227,2.48435209539748,59.7169953037105,10.1667694734236,82.7443427286599,106.231887006803,2.91143102822905,74.2643545504231,3.35784722490311,191.729018922849,1.40895316037454,26.8766611076102,14.4559417007588,91.8872430793265,0.757581604126575,1820.06825785329,2.15185827412183,7.47446122178894,1567.87839127931,159.16946377535,"0.01","3.9"
2020-03-24 06:00:00,2752.5488800453,398.760510944599,84.1982883593679,355.496695127754,134.324196545867,275.362092351948,903.283076217925,155.980537807591,4.47532051228604,90.9012260326338,18.1765349139034,85.4328737553798,120.415147823785,6.19018463421993,120.651599603844,5.34547968884867,88.3931171808945,1.78257819274006,39.1376937979248,25.0638106189063,264.458491737249,0.783079685529736,2030.77357331957,2.71547700534338,7.35532159266635,967.327613883054,159.040495817848,"0.008","3.7"
2020-03-24 07:00:00,3408.41590095143,438.973684075405,84.9101782213137,264.688923441489,100.926347491017,329.628949926564,883.931993620302,133.29737055202,8.10934629317277,101.558885128504,24.1053718367005,82.8456254754811,160.234998268714,9.80662106846774,180.193912996617,9.57665339720303,157.849561100038,2.61831558816176,70.910470959132,40.3094004799375,271.161625205201,0.8002158266398,1775.39688061104,4.52522949807503,8.2829123186517,817.743962242915,177.081160129836,"0.002","4.9"
2020-03-24 08:00:00,5913.75347453463,1290.14118109177,126.844259353009,1016.06583346765,188.270942811977,985.101764587831,1260.47783845841,272.419785718062,4.33186305407101,180.93494615727,24.7055391284506,134.370570818891,319.08163473861,8.79928785970564,364.443428136284,6.73301057430462,414.006744135794,1.50494909577178,140.600670003767,65.0020071024056,327.656033076125,0.7935495665411,5703.72383712746,4.41579251903395,16.8139033558004,1772.71025369457,241.551252949972,"0.008","6.1"
2020-03-24 09:00:00,1845.36024388309,341.892760083878,82.8453426433233,512.736720844037,245.688865697563,203.227109474509,878.635536348239,163.936984149614,5.54368442498719,63.1372930957318,16.7329209019571,82.4260288184695,111.890952378129,5.39703827814843,82.5914557790572,5.82359271142565,90.666211176601,1.75020765780484,29.0922378186044,17.8102833543015,131.701968776195,0.79177264304221,1199.0625447226,5.71035476704925,6.06509344504396,1190.51558510517,151.989337182206,"0.017","4.2"
2020-03-24 10:00:00,1399.44200956219,197.682741022766,72.4738060342609,327.008066379375,268.771430659983,154.242824785345,800.589547371902,141.363866883281,7.91145963705471,47.7049824985405,18.7185365003504,81.1889262849237,99.9000663772377,7.9702489205056,63.5095561159459,7.62664456099012,35.0088134485231,2.47702306599296,15.8416314428915,9.17434979372603,75.5982283790041,0.775948858850704,612.688815872986,6.36621417542313,3.10726067809072,961.238311678896,139.178975746381,"0.037","4"
2020-03-24 11:00:00,2124.46304234257,299.793874048429,93.245793490576,427.475918569216,279.295794889616,229.162188602985,934.963681509141,271.843809021163,13.7118002952558,57.5499787520956,31.9940314221067,102.831856691214,139.290788502377,15.3389165889264,95.7409192088121,13.7812487163178,65.6938258820232,4.32173788980641,24.8461334540364,13.2029233069999,106.365268444474,0.766057579931646,1021.53199911402,8.77288990910593,3.40386799096067,1334.39491393587,154.092512819861,"0.038","16.2"
2020-03-24 12:00:00,1834.57896042431,235.500324317175,84.1702882419352,393.771775970294,337.751163907555,172.97497364579,896.386654364196,234.592902024411,7.85213767543407,45.5340579476538,20.7504293193747,98.1333983190139,108.211017295914,8.65144874115794,70.1438248855321,7.36295234487937,47.6766894102423,2.85695733925696,18.9852862062368,10.4329769109127,80.3950707826173,0.748470524119692,887.159855588461,7.98576884584392,2.41462396795288,1176.51705234018,147.576793588321,"0.036","6"
2020-03-24 13:00:00,1466.75307349294,201.288982915422,108.149111191163,367.453968314868,338.044546003613,140.536852155258,905.350293273018,228.211237617655,3.62080645405843,38.2733400714635,12.5338896422757,87.6788348155818,85.2557902611192,5.73325644652162,41.0579289099372,3.43409127061673,28.7349889696243,2.07600028648825,13.2789513978894,6.30644324072288,38.6289578211882,0.786219683049871,932.677038929458,6.1167972978587,1.9505093882407,1021.17682523942,137.214550263709,"0.042","3.6"
2020-03-24 14:00:00,1901.28871995972,227.571009027454,119.964364937354,472.369459932434,379.015527699085,149.43102361353,2445.2399207589,262.117514852837,3.83762616009153,41.0272082005977,13.5250105006939,90.9404470595488,97.4907393920678,5.37399847831484,53.855955283179,3.45912346281868,47.2767678155181,2.05084927672544,19.1984915947219,8.34225349269686,31.6704968766805,0.796124947145163,1057.84905266607,6.05387546179238,2.27749657854772,1237.67911921418,139.79616342024,"0.043","0.8"
2020-03-24 15:00:00,1669.97486051931,230.926423722079,79.738163018646,300.307866891271,412.62888136831,175.764379786861,884.093157302331,226.858603916914,3.18848608916099,47.7650339567125,13.8011933114227,92.0591866195824,97.1075557383656,4.86579861987548,59.4874612615697,3.23461536349772,64.1133896004268,1.96379529560449,20.9287176127476,11.7998344135405,50.7332769343158,0.955054814464925,932.757577493746,5.27921778004851,2.3627277502531,815.365066763433,139.5311090694,"0.041","1.1"
2020-03-24 16:00:00,1557.40208991403,228.133564085105,92.6026087491291,395.37333821376,281.605822627361,135.009446726732,904.042755560797,162.299583576929,3.11032901233846,33.7517317893521,10.0154588210703,81.5635121133665,86.368136585358,3.6899462106352,36.3788741455016,2.91131534383804,58.6200358366639,1.26301082272089,11.9121838463396,7.04748431469141,29.8161325556053,0.889019894286165,808.556088008239,4.48481135817091,2.38966497806194,952.852693144534,129.892100168176,"0.041","1.1"
2020-03-24 17:00:00,2701.69016557178,259.924393375279,131.958541858701,552.388388321541,335.831699798522,146.211452065477,1201.55861769326,216.418961789876,3.39337857545692,44.8636955455605,11.1939363979599,84.8289673749538,88.7972040068352,5.41190611653096,45.048377318191,3.42297941792028,46.9989843230622,1.73133049489327,19.9747323028017,9.37972450134099,37.590852099704,0.79768461532193,1340.18482099791,4.93926694759969,3.50845846265016,1281.17951380237,140.958308827503,"0.045","2.1"
2020-03-24 18:00:00,6630.88576114029,202.857426900271,228.944924577185,347.508557192773,208.88931886482,132.284019095863,1625.09979757622,215.102070725508,2.29701306612983,36.5130138814899,7.58705754259919,82.7300872630068,85.1935081816167,3.83555911805148,37.2331994020482,2.70215165933241,33.1026880481718,1.30967354129892,17.3791012679402,9.10159927332059,29.9224755529536,0.699058558176562,3118.15382217226,4.22211397845901,2.73650427792983,922.691737754273,131.480128818538,"0.045","2.1"
2020-03-24 19:00:00,2548.28815930531,419.208669978937,113.506234963249,667.971908376289,287.864245525906,314.73046259491,1062.32242103609,227.676317142794,13.610608751241,137.457853962839,75.8630611589536,96.7717151614367,127.774605930692,28.8329073332193,79.6966067415862,18.653978419127,77.7491289981731,8.51266381408102,42.2104948676297,31.649684198259,69.772287117181,0.703379347544235,1886.56198010033,9.256477588848,3.822582700346,2150.58990257689,162.920957173876,"0.043","-0.5"
2020-03-24 20:00:00,NA,NA,NA,NA,NA,NA,NA,NA,NA,NA,NA,NA,NA,NA,NA,NA,NA,NA,NA,NA,NA,NA,NA,NA,NA,NA,159.688692771601,"0.039","0.6"
2020-03-24 21:00:00,NA,NA,NA,NA,NA,NA,NA,NA,NA,NA,NA,NA,NA,NA,NA,NA,NA,NA,NA,NA,NA,NA,NA,NA,NA,NA,158.341105257971,"0.032","3.1"
2020-03-24 22:00:00,NA,NA,NA,NA,NA,NA,NA,NA,NA,NA,NA,NA,NA,NA,NA,NA,NA,NA,NA,NA,NA,NA,NA,NA,NA,NA,150.730515171714,"0.027","3.1"
2020-03-24 23:00:00,NA,NA,NA,NA,NA,NA,NA,NA,NA,NA,NA,NA,NA,NA,NA,NA,NA,NA,NA,NA,NA,NA,NA,NA,NA,NA,149.151600217453,"0.021","8.8"
2020-03-25 00:00:00,NA,NA,NA,NA,NA,NA,NA,NA,NA,NA,NA,NA,NA,NA,NA,NA,NA,NA,NA,NA,NA,NA,NA,NA,NA,NA,171.051762671236,"0.02","9.2"
2020-03-25 01:00:00,NA,NA,NA,NA,NA,NA,NA,NA,NA,NA,NA,NA,NA,NA,NA,NA,NA,NA,NA,NA,NA,NA,NA,NA,NA,NA,161.412813820334,"0.015","7.4"
2020-03-25 02:00:00,NA,NA,NA,NA,NA,NA,NA,NA,NA,NA,NA,NA,NA,NA,NA,NA,NA,NA,NA,NA,NA,NA,NA,NA,NA,NA,161.244316501935,"0.02","5.8"
2020-03-25 03:00:00,NA,NA,NA,NA,NA,NA,NA,NA,NA,NA,NA,NA,NA,NA,NA,NA,NA,NA,NA,NA,NA,NA,NA,NA,NA,NA,160.794357671729,"0.008","2.3"
2020-03-25 04:00:00,NA,NA,NA,NA,NA,NA,NA,NA,NA,NA,NA,NA,NA,NA,NA,NA,NA,NA,NA,NA,NA,NA,NA,NA,NA,NA,169.383527631449,"0.006","2.3"
2020-03-25 05:00:00,NA,NA,NA,NA,NA,NA,NA,NA,NA,NA,NA,NA,NA,NA,NA,NA,NA,NA,NA,NA,NA,NA,NA,NA,NA,NA,169.982945708504,"0.009","2.4"
2020-03-25 06:00:00,NA,NA,NA,NA,NA,NA,NA,NA,NA,NA,NA,NA,NA,NA,NA,NA,NA,NA,NA,NA,NA,NA,NA,NA,NA,NA,161.269568368881,"0.008","5.6"
2020-03-25 07:00:00,NA,NA,NA,NA,NA,NA,NA,NA,NA,NA,NA,NA,NA,NA,NA,NA,NA,NA,NA,NA,NA,NA,NA,NA,NA,NA,184.956382271873,"0.004","6.7"
2020-03-25 08:00:00,NA,NA,NA,NA,NA,NA,NA,NA,NA,NA,NA,NA,NA,NA,NA,NA,NA,NA,NA,NA,NA,NA,NA,NA,NA,NA,202.851667933022,"0.008","5"
2020-03-25 09:00:00,NA,NA,NA,NA,NA,NA,NA,NA,NA,NA,NA,NA,NA,NA,NA,NA,NA,NA,NA,NA,NA,NA,NA,NA,NA,NA,189.82487360772,"0.022","4.7"
2020-03-25 10:00:00,NA,NA,NA,NA,NA,NA,NA,NA,NA,NA,NA,NA,NA,NA,NA,NA,NA,NA,NA,NA,NA,NA,NA,NA,NA,NA,NA,"0.028","5.2"
2020-03-25 11:00:00,NA,NA,NA,NA,NA,NA,NA,NA,NA,NA,NA,NA,NA,NA,NA,NA,NA,NA,NA,NA,NA,NA,NA,NA,NA,NA,NA,"0.035","6.2"
2020-03-25 12:00:00,NA,NA,NA,NA,NA,NA,NA,NA,NA,NA,NA,NA,NA,NA,NA,NA,NA,NA,NA,NA,NA,NA,NA,NA,NA,NA,NA,"0.04","5"
2020-03-25 13:00:00,NA,NA,NA,NA,NA,NA,NA,NA,NA,NA,NA,NA,NA,NA,NA,NA,NA,NA,NA,NA,NA,NA,NA,NA,NA,NA,NA,"0.042","5"
2020-03-25 14:00:00,NA,NA,NA,NA,NA,NA,NA,NA,NA,NA,NA,NA,NA,NA,NA,NA,NA,NA,NA,NA,NA,NA,NA,NA,NA,NA,NA,"0.044","6"
2020-03-25 15:00:00,NA,NA,NA,NA,NA,NA,NA,NA,NA,NA,NA,NA,NA,NA,NA,NA,NA,NA,NA,NA,NA,NA,NA,NA,NA,NA,NA,"0.039","4.8"
2020-03-25 16:00:00,NA,NA,NA,NA,NA,NA,NA,NA,NA,NA,NA,NA,NA,NA,NA,NA,NA,NA,NA,NA,NA,NA,NA,NA,NA,NA,NA,"0.038","2.1"
2020-03-25 17:00:00,NA,NA,NA,NA,NA,NA,NA,NA,NA,NA,NA,NA,NA,NA,NA,NA,NA,NA,NA,NA,NA,NA,NA,NA,NA,NA,NA,"0.038","0.6"
2020-03-25 18:00:00,NA,NA,NA,NA,NA,NA,NA,NA,NA,NA,NA,NA,NA,NA,NA,NA,NA,NA,NA,NA,NA,NA,NA,NA,NA,NA,NA,"0.038","4.3"
2020-03-25 19:00:00,NA,NA,NA,NA,NA,NA,NA,NA,NA,NA,NA,NA,NA,NA,NA,NA,NA,NA,NA,NA,NA,NA,NA,NA,NA,NA,NA,"0.036","4"
2020-03-25 20:00:00,NA,NA,NA,NA,NA,NA,NA,NA,NA,NA,NA,NA,NA,NA,NA,NA,NA,NA,NA,NA,NA,NA,NA,NA,NA,NA,NA,"0.032","1.3"
2020-03-25 21:00:00,NA,NA,NA,NA,NA,NA,NA,NA,NA,NA,NA,NA,NA,NA,NA,NA,NA,NA,NA,NA,NA,NA,NA,NA,NA,NA,NA,"0.029","1.6"
2020-03-25 22:00:00,NA,NA,NA,NA,NA,NA,NA,NA,NA,NA,NA,NA,NA,NA,NA,NA,NA,NA,NA,NA,NA,NA,NA,NA,NA,NA,NA,"0.023","2.8"
2020-03-25 23:00:00,NA,NA,NA,NA,NA,NA,NA,NA,NA,NA,NA,NA,NA,NA,NA,NA,NA,NA,NA,NA,NA,NA,NA,NA,NA,NA,NA,"0.018","4.7"
2020-03-26 00:00:00,NA,NA,NA,NA,NA,NA,NA,NA,NA,NA,NA,NA,NA,NA,NA,NA,NA,NA,NA,NA,NA,NA,NA,NA,NA,NA,NA,"0.021","5.7"
2020-03-26 01:00:00,NA,NA,NA,NA,NA,NA,NA,NA,NA,NA,NA,NA,NA,NA,NA,NA,NA,NA,NA,NA,NA,NA,NA,NA,NA,NA,NA,"0.031","4.2"
2020-03-26 02:00:00,NA,NA,NA,NA,NA,NA,NA,NA,NA,NA,NA,NA,NA,NA,NA,NA,NA,NA,NA,NA,NA,NA,NA,NA,NA,NA,NA,"0.038","2"
2020-03-26 03:00:00,NA,NA,NA,NA,NA,NA,NA,NA,NA,NA,NA,NA,NA,NA,NA,NA,NA,NA,NA,NA,NA,NA,NA,NA,NA,NA,NA,"0.037","3.2"
2020-03-26 04:00:00,NA,NA,NA,NA,NA,NA,NA,NA,NA,NA,NA,NA,NA,NA,NA,NA,NA,NA,NA,NA,NA,NA,NA,NA,NA,NA,NA,"0.03","2.8"
2020-03-26 05:00:00,NA,NA,NA,NA,NA,NA,NA,NA,NA,NA,NA,NA,NA,NA,NA,NA,NA,NA,NA,NA,NA,NA,NA,NA,NA,NA,NA,"0.024","2.2"
2020-03-26 06:00:00,NA,NA,NA,NA,NA,NA,NA,NA,NA,NA,NA,NA,NA,NA,NA,NA,NA,NA,NA,NA,NA,NA,NA,NA,NA,NA,NA,"0.028","4"
2020-03-26 07:00:00,NA,NA,NA,NA,NA,NA,NA,NA,NA,NA,NA,NA,NA,NA,NA,NA,NA,NA,NA,NA,NA,NA,NA,NA,NA,NA,NA,"0.015","3.2"
2020-03-26 08:00:00,NA,NA,NA,NA,NA,NA,NA,NA,NA,NA,NA,NA,NA,NA,NA,NA,NA,NA,NA,NA,NA,NA,NA,NA,NA,NA,NA,"0.031","2.4"
2020-03-26 09:00:00,NA,NA,NA,NA,NA,NA,NA,NA,NA,NA,NA,NA,NA,NA,NA,NA,NA,NA,NA,NA,NA,NA,NA,NA,NA,NA,NA,"0.034","3.5"
2020-03-26 10:00:00,NA,NA,NA,NA,NA,NA,NA,NA,NA,NA,NA,NA,NA,NA,NA,NA,NA,NA,NA,NA,NA,NA,NA,NA,NA,NA,NA,"0.038","3"
2020-03-26 11:00:00,NA,NA,NA,NA,NA,NA,NA,NA,NA,NA,NA,NA,NA,NA,NA,NA,NA,NA,NA,NA,NA,NA,NA,NA,NA,NA,NA,"0.04","2"
2020-03-26 12:00:00,NA,NA,NA,NA,NA,NA,NA,NA,NA,NA,NA,NA,NA,NA,NA,NA,NA,NA,NA,NA,NA,NA,NA,NA,NA,NA,NA,"0.042","3.8"
2020-03-26 13:00:00,NA,NA,NA,NA,NA,NA,NA,NA,NA,NA,NA,NA,NA,NA,NA,NA,NA,NA,NA,NA,NA,NA,NA,NA,NA,NA,NA,"0.043","3.3"
2020-03-26 14:00:00,NA,NA,NA,NA,NA,NA,NA,NA,NA,NA,NA,NA,NA,NA,NA,NA,NA,NA,NA,NA,NA,NA,NA,NA,NA,NA,NA,"0.043","1.8"
2020-03-26 15:00:00,NA,NA,NA,NA,NA,NA,NA,NA,NA,NA,NA,NA,NA,NA,NA,NA,NA,NA,NA,NA,NA,NA,NA,NA,NA,NA,NA,"0.044","0.8"
2020-03-26 16:00:00,NA,NA,NA,NA,NA,NA,NA,NA,NA,NA,NA,NA,NA,NA,NA,NA,NA,NA,NA,NA,NA,NA,NA,NA,NA,NA,NA,"0.044","0.3"
2020-03-26 17:00:00,NA,NA,NA,NA,NA,NA,NA,NA,NA,NA,NA,NA,NA,NA,NA,NA,NA,NA,NA,NA,NA,NA,NA,NA,NA,NA,142.122066691888,"0.045","2.1"
2020-03-26 18:00:00,NA,NA,NA,NA,NA,NA,NA,NA,NA,NA,NA,NA,NA,NA,NA,NA,NA,NA,NA,NA,NA,NA,NA,NA,NA,NA,142.102549348118,"0.043","3.8"
2020-03-26 19:00:00,NA,NA,NA,NA,NA,NA,NA,NA,NA,NA,NA,NA,NA,NA,NA,NA,NA,NA,NA,NA,NA,NA,NA,NA,NA,NA,147.183731731897,"0.043","2.6"
2020-03-26 20:00:00,NA,NA,NA,NA,NA,NA,NA,NA,NA,NA,NA,NA,NA,NA,NA,NA,NA,NA,NA,NA,NA,NA,NA,NA,NA,NA,145.89280593608,"0.042","0.1"
2020-03-26 21:00:00,NA,NA,NA,NA,NA,NA,NA,NA,NA,NA,NA,NA,NA,NA,NA,NA,NA,NA,NA,NA,NA,NA,NA,NA,NA,NA,144.417741479124,"0.041","0.8"
2020-03-26 22:00:00,NA,NA,NA,NA,NA,NA,NA,NA,NA,NA,NA,NA,NA,NA,NA,NA,NA,NA,NA,NA,NA,NA,NA,NA,NA,NA,148.799834261111,"0.042","2.5"
2020-03-26 23:00:00,NA,NA,NA,NA,NA,NA,NA,NA,NA,NA,NA,NA,NA,NA,NA,NA,NA,NA,NA,NA,NA,NA,NA,NA,NA,NA,151.824791528242,"0.041","4"
2020-03-27 00:00:00,NA,NA,NA,NA,NA,NA,NA,NA,NA,NA,NA,NA,NA,NA,NA,NA,NA,NA,NA,NA,NA,NA,NA,NA,NA,NA,156.010446636634,"0.04","3.7"
2020-03-27 01:00:00,NA,NA,NA,NA,NA,NA,NA,NA,NA,NA,NA,NA,NA,NA,NA,NA,NA,NA,NA,NA,NA,NA,NA,NA,NA,NA,143.666260797136,"0.04","2.8"
2020-03-27 02:00:00,NA,NA,NA,NA,NA,NA,NA,NA,NA,NA,NA,NA,NA,NA,NA,NA,NA,NA,NA,NA,NA,NA,NA,NA,NA,NA,142.763841157714,"0.037","1.8"
2020-03-27 03:00:00,NA,NA,NA,NA,NA,NA,NA,NA,NA,NA,NA,NA,NA,NA,NA,NA,NA,NA,NA,NA,NA,NA,NA,NA,NA,NA,141.337614568067,"0.032","1.7"
2020-03-27 04:00:00,NA,NA,NA,NA,NA,NA,NA,NA,NA,NA,NA,NA,NA,NA,NA,NA,NA,NA,NA,NA,NA,NA,NA,NA,NA,NA,145.56555852628,"0.032","4.1"
2020-03-27 05:00:00,NA,NA,NA,NA,NA,NA,NA,NA,NA,NA,NA,NA,NA,NA,NA,NA,NA,NA,NA,NA,NA,NA,NA,NA,NA,NA,138.247086058117,"0.032","5.4"
2020-03-27 06:00:00,NA,NA,NA,NA,NA,NA,NA,NA,NA,NA,NA,NA,NA,NA,NA,NA,NA,NA,NA,NA,NA,NA,NA,NA,NA,NA,131.754364157164,"0.033","3.9"
2020-03-27 07:00:00,NA,NA,NA,NA,NA,NA,NA,NA,NA,NA,NA,NA,NA,NA,NA,NA,NA,NA,NA,NA,NA,NA,NA,NA,NA,NA,144.345514717804,"0.033","2.8"
2020-03-27 08:00:00,NA,NA,NA,NA,NA,NA,NA,NA,NA,NA,NA,NA,NA,NA,NA,NA,NA,NA,NA,NA,NA,NA,NA,NA,NA,NA,133.867525456921,"0.029","3.7"
2020-03-27 09:00:00,NA,NA,NA,NA,NA,NA,NA,NA,NA,NA,NA,NA,NA,NA,NA,NA,NA,NA,NA,NA,NA,NA,NA,NA,NA,NA,139.865624334369,"0.037","4.3"
2020-03-27 10:00:00,NA,NA,NA,NA,NA,NA,NA,NA,NA,NA,NA,NA,NA,NA,NA,NA,NA,NA,NA,NA,NA,NA,NA,NA,NA,NA,147.368175589968,"0.037","3.3"
2020-03-27 11:00:00,NA,NA,NA,NA,NA,NA,NA,NA,NA,NA,NA,NA,NA,NA,NA,NA,NA,NA,NA,NA,NA,NA,NA,NA,NA,NA,157.804286109407,"0.039","4.5"
2020-03-27 12:00:00,NA,NA,NA,NA,NA,NA,NA,NA,NA,NA,NA,NA,NA,NA,NA,NA,NA,NA,NA,NA,NA,NA,NA,NA,NA,NA,160.303497330763,"0.042","6.7"
2020-03-27 13:00:00,NA,NA,NA,NA,NA,NA,NA,NA,NA,NA,NA,NA,NA,NA,NA,NA,NA,NA,NA,NA,NA,NA,NA,NA,NA,NA,240.649820299411,"0.043",NA
2020-03-27 14:00:00,1785.90163890323,227.64419649032,88.1836173149635,398.32198635819,400.995648642135,154.023741839281,1001.89582048072,256.487801620166,6.14481428769189,38.944477122251,15.5645892846956,114.192428018309,106.400019615392,7.34503137082943,60.6597399197703,3.72364883230872,33.8358855521398,2.14125274064452,18.0586662610298,7.94628657215743,38.6986628622706,0.753707277021786,773.482908821636,6.75591421423705,2.21720113458216,1154.28603462782,136.033911617936,"0.044","6.9"
2020-03-27 15:00:00,2072.78551566257,259.401566460105,167.028249823421,407.945629848797,220.355936706679,161.346373461143,1436.67017842349,282.280405228592,3.81914150473706,36.6300548897025,13.081711384142,117.976955365076,107.419387730818,5.21196254079907,57.2218769900494,1.96142338045386,34.933807566893,1.44476337508027,22.4177005137133,8.38015593955049,40.8593258984168,0.779943207321807,1733.38774281881,5.64710320120561,1.72290791921994,1187.53635984307,143.173876414318,"0.043","5"
2020-03-27 16:00:00,2217.91375458516,257.03810733426,84.9085803079923,269.371242129439,237.930444758537,205.38271399836,1027.03435746494,262.153565447869,4.61467106305872,53.0783836956189,19.6602016461957,114.962063078605,125.930059315201,7.61852982430771,103.006736061944,7.4234709680794,64.9381293874183,6.90096298066336,31.954582917531,19.7578696329406,258.091737696044,0.821537998742615,1368.40618004549,8.35091492042866,1.62618448734078,1022.33344098693,145.317551048956,"0.041","2.3"
2020-03-27 17:00:00,1672.54938561358,202.721006471827,104.636071330063,261.873874151484,158.020683671291,156.652016575168,978.16403072151,204.613488935285,3.8897871108344,36.049452177075,12.1622726999438,105.821448882943,108.99920026785,4.5060364709557,67.3634472184533,2.89982786241821,43.3383745938274,1.75079167817179,26.8628837622495,10.8795266714602,36.4405051086852,0.767199405786942,3160.98503493581,5.16648575065215,2.0270204551447,825.822034709073,146.159195170258,"0.042","0.1"
2020-03-27 18:00:00,2230.712044464,310.030474027926,302.415099606308,337.487804532681,151.233891047235,160.116025841213,1279.82072468859,286.594975813093,4.05256345205066,37.7454574268217,10.8393652975859,102.75605638216,106.171854576107,4.79932470553181,60.9523073301346,2.67258637959164,45.1629206941989,0.598043110504237,26.4709361846115,10.6004342006274,43.1094235462976,0.738368634154068,5650.67565859489,3.43725188497555,2.46793310322821,908.71037910592,140.108462538666,"0.043","0.1"
2020-03-27 19:00:00,2264.90679003718,250.425189004893,167.962858116159,413.951602243177,121.149948878855,157.319684138782,1809.23829737965,242.737698909837,4.58050626210734,33.8157685047095,10.573426074155,102.150814440693,112.316661249579,4.284517486935,68.9157850329154,2.26233732487537,47.541053518779,0.574042916195449,22.5766471115259,10.0872732083529,50.8508303301354,0.749982592748783,3051.47792506696,2.54603167273502,1.90327904000235,986.408381813433,143.173329603149,"0.04","0.9"
2020-03-27 20:00:00,1953.55683025064,266.084913557486,285.913424412186,441.284548214225,154.359626647643,143.199455790729,1257.10982375832,302.367911615518,5.41244804074889,29.7996978278482,10.6471261129933,102.28484500683,109.599945830122,5.02593966374487,51.7342132918822,4.03123591538233,36.1901061171015,1.0182441490181,15.7865334776495,7.21601517055783,53.3054906233675,0.760261062988854,1598.35843539539,2.65279514437727,1.98570388759544,1058.63327486263,140.18209129839,"0.039","2.3"
2020-03-27 21:00:00,1881.10963151246,238.536464587975,151.707337298585,441.857405034349,147.908584562514,143.645930960699,1155.3691360191,257.586424816822,7.20864213189533,30.2063513131323,10.8810662856892,109.135693717858,111.213973718728,7.70693813381536,56.1471354492472,6.40391705586774,39.9410955728078,1.34004681437599,18.7446736212724,8.34702845934534,49.7691227390877,0.770822980574027,1660.27289295072,2.85050993315995,2.22583953925875,1074.72742067026,144.208422658188,"0.044","3.8"
2020-03-27 22:00:00,2050.69047657189,281.626372002825,106.911689977112,708.220238985739,285.000677648117,166.226685509376,1159.85151651594,363.5563379467,13.7287077878268,41.4539506540921,18.9982058607507,116.831316100195,123.659012574787,15.6139525633703,65.5496932267332,14.9720615905727,51.2294084799188,3.77561297163794,21.0511721744024,10.2366551245088,69.484998192801,0.794424134810104,1752.46792220375,3.50555251662753,3.15345505283145,1561.1879459778,158.451125572642,"0.044","3.1"
2020-03-27 23:00:00,1711.91085596992,193.769998239464,119.762870788351,278.239349443028,182.53592078109,133.566759062073,1020.59011474719,247.262886389456,6.63537769522131,32.1189492137296,15.4641470959361,110.667632299646,107.93607330086,5.47091715308953,54.7480098306256,6.68116246128103,25.8501269840537,1.89787345597108,12.9728407520835,7.38477762872858,48.8307085714008,0.862183726231865,1322.12278613912,2.95366165562479,1.51370243876083,807.198054278221,143.245740754281,"0.042","2.3"
2020-03-28 00:00:00,1869.63221468728,207.597021370844,104.813943360893,506.447531230442,187.968863857623,130.484116104244,1069.72334936789,215.474347544581,7.74338296499308,32.9661548888082,15.830180314497,113.156265507061,109.618694319527,7.59884556775928,49.9745869398803,8.07131359727694,23.7324292574275,2.32701922691746,11.6014697255623,6.18578859865023,45.841376482132,0.862247007911589,977.895026382315,2.48635296626294,1.66280370886981,1203.41121900591,141.098168500498,"0.038","1.3"
2020-03-28 01:00:00,2111.25278249251,217.016719505607,103.20761103141,424.674221745141,247.144340803609,150.777196002084,1074.89745340058,287.649791631766,15.2610765966869,40.1602481642246,19.9572491186051,120.102610690965,113.659062232599,14.4478590200231,51.1375791031333,17.1458280304126,25.0304202287562,3.38492233450219,12.2868384841376,7.03129666206808,62.2217968571047,0.859085490575662,1303.2092061676,3.58749430856378,2.61550541163238,1082.26024265937,144.239156766311,"0.036","2.5"
2020-03-28 02:00:00,2586.09754356175,315.380243412033,115.362361047969,522.108057209943,270.299950892615,206.978359448381,1175.53857063631,350.298367469481,18.9570134923663,71.6138827244723,31.0427431181679,130.174236530673,131.98251440449,19.5957948074632,75.5607722619333,21.1107029045542,45.60084031884,5.04185701138204,23.4306122554127,13.3528284424383,97.242177265609,0.880050173307291,2727.02049880542,4.1965833478039,5.07259835716092,1278.33007821755,152.557082953162,"0.035","4"
2020-03-28 03:00:00,3049.71425427932,255.659670438373,101.163545693787,405.912956152926,247.721763236401,175.71849998,1128.59672915439,346.896551083358,9.21629458018239,50.3005417660275,19.9690671927989,121.959203816575,123.555659737182,8.31396673366848,81.4522276890209,10.1888353309954,42.3935572772419,2.11681052092271,23.1811539049535,16.7271909146743,262.244476312677,0.897543711257883,1572.64016494607,4.47732115360179,3.64687909299538,1357.82139373894,155.795727878786,"0.036","4.7"
2020-03-28 04:00:00,2349.97547878233,214.73186449535,96.7009722228445,472.833551503702,220.265986785094,156.270738572132,1080.7957419898,333.990414686846,8.47022182516857,40.9006774696159,16.4387961590479,120.152889747879,113.082467808491,6.52033110110305,54.776915925131,9.53065121794472,27.7589021447481,1.94293250759344,13.8054307378706,10.3576533263655,106.041036870808,0.938174564796812,1007.47704219524,4.09485467171117,2.79356453718489,1374.54238892882,144.84077356825,"0.038","3.3"
2020-03-28 05:00:00,2340.46854689685,273.858026142922,97.5353171953361,646.167371615916,208.035804867267,175.050542041757,1136.54609442862,288.435935929645,5.9994866092341,50.8486479354712,15.5342750271234,118.728833121221,116.86515524938,5.60852883965164,64.0036289347356,6.09357313318808,44.0655716659829,1.53890612738958,17.5840676029138,10.4141310256186,82.2072795995805,0.954784353269855,1317.75679035255,3.13479246378818,3.47870792321149,1593.51744786103,148.26011044314,"0.035","2.1"
2020-03-28 06:00:00,2518.3812365629,308.304480208115,104.253728412119,613.773935991343,289.183336328076,214.845444810457,1139.56002800918,336.028562346553,6.39677859754624,63.0166674418944,18.424634955559,124.177573247566,125.544304580022,7.29628751955648,80.020213950391,7.93403425411858,52.1927324159783,1.67164908176818,24.4689412102105,14.7651832276104,68.3484248703332,0.954351102528723,1812.17221078826,3.68189140768144,4.47866760206143,1467.78442821964,154.875486010218,"0.035","2.5"
2020-03-28 07:00:00,1728.89647099113,249.168848708551,97.3578285087204,278.364271417727,149.877142182813,161.737193770226,1043.7022422106,184.33534268754,4.67301019681667,50.5791059060232,13.5394665883056,113.808389286524,111.126046998324,4.94824094097847,58.0684144368732,5.63422452666933,31.4948754546098,1.11518151159613,17.5914228754361,10.9848203678488,66.6339976256784,0.928950007449074,1085.38855684213,3.3595100308276,2.44332952594208,869.601639990396,150.994299811477,"0.036","2"
2020-03-28 08:00:00,2023.04009828187,452.659385581553,108.537901931524,955.337808579708,278.421469686139,318.357410424672,1237.43523043622,298.852736434358,7.89327004091064,67.5328594345006,18.9170045295086,132.706489725915,147.925906857172,9.81606071482968,95.2285690460992,11.5282009491979,63.5341317291438,2.35899035905064,27.5311726690941,14.9353446456112,67.5393337692472,0.941602982792809,1641.63327497462,4.67565943938725,3.69005172961915,1978.53553571465,158.849992529033,"0.032","4.2"
2020-03-28 09:00:00,1931.46196805023,349.960975012491,98.0348685299762,553.00753768443,257.384207582528,270.535912683932,1140.44909442829,258.243746048932,6.82238900894307,61.8421911597713,19.554460713448,137.475257923048,141.512528334428,7.97581229164043,99.8955759361492,9.32569946096767,55.8543272288257,2.05189063666429,26.5136911953863,14.8111712571067,59.6726251376089,0.9231353829287,1468.89225343099,5.74977993872066,3.47291338934581,1281.20136135461,159.514670117088,"0.033","5.3"
2020-03-28 10:00:00,2310.00645841166,329.94139974988,98.8615998891049,424.067806926001,263.202505831892,243.880469901906,1153.65413250551,298.183371945405,9.75683360316304,67.4611111794586,23.5601932107249,133.839415220938,146.541134366881,9.25274682816417,218.376265711657,11.4295958681954,77.9284932946805,2.4492932437036,39.6660404371126,19.5153288049287,58.9826585013481,0.899956629173739,1915.44128095576,7.16359261390594,4.4170268723912,1248.7900077796,171.435907054818,"0.035","4.3"
2020-03-28 11:00:00,2458.25711659348,328.246790453039,101.704842636632,481.566757447402,324.001719233162,248.451953817963,1183.64675804028,330.899036965015,14.0237456875623,64.3976813165096,29.620858980195,142.947359361269,157.945234820089,12.6762595060234,156.817658950036,14.1509177144137,85.0064212597115,3.49620094747056,40.6493341560504,18.8928869157911,47.2108514315638,0.891354924742055,1599.65201852986,10.4283326792355,4.50568157967337,1530.68295210432,178.171987125211,"0.041","5"
2020-03-28 12:00:00,2052.94135464361,246.343274624544,100.893878548434,400.000522309285,238.935076409565,195.425235547236,1072.52250606931,236.540051835178,10.3556887900751,44.8732500242845,23.7640431211282,126.069304196195,132.891599493254,9.51879536761396,116.726244512149,11.1907652569377,55.1914892238777,2.66670173261238,26.1057901342729,11.2052178726608,27.8680595100239,0.874178432323779,1049.45979042951,9.19030629259449,3.06566020156802,1373.18346050045,158.09300558574,"0.044","3.8"
2020-03-28 13:00:00,2056.59445951286,183.694610857457,114.329852327296,377.248818048076,230.126755885194,140.300454904965,1062.10479390766,226.230199203601,7.84772860075252,35.3219996527167,18.1690778047143,111.740541104327,109.803614665148,6.65515059432985,57.2897657937164,8.33704795459287,29.3915025117385,1.96001248247049,22.5506884739381,7.48496693300305,27.0289063685138,0.863909723004139,679.051694387881,9.52479544094257,2.12003205796827,1438.68386853414,154.345549688286,"0.044","3.3"
2020-03-28 14:00:00,2309.01805832665,199.554472377052,96.5697858042026,361.486086610524,281.697639067625,156.760674178785,1018.57279292976,246.559369711353,7.63358598611812,38.892632744267,19.2358586150382,111.754918529389,116.97796432774,7.01057990182771,77.9077031579653,7.45022887410096,39.1304142725006,1.95059120440433,17.0095297341393,7.73962846396726,37.9723384870628,0.862279498472993,833.52077442881,9.7857498949518,2.21455970212894,1451.88022406999,158.081652895715,"0.044","5"
2020-03-28 15:00:00,2035.08695660018,217.765116493852,103.063921169114,451.65021148017,262.477228422475,157.102618676523,1021.73553861218,252.211124705485,5.75047322914706,45.1062760940065,18.5672032104095,105.283921629789,111.7045145399,6.3036981726105,77.0482384827662,6.44269411565934,43.497968641688,1.60609132908483,20.8477633138078,7.61581794097578,31.1440268808375,0.861169327752887,879.430850483021,8.03621685398561,1.75971923250791,1475.45259302398,156.087782267422,"0.043","4.5"
2020-03-28 16:00:00,1837.89980655157,196.236996826339,117.314882116552,401.223162380977,326.878633431242,140.108733689347,984.062135429051,294.870575172981,6.73955116566328,43.4778535622463,17.2091889539374,95.5755260859954,101.096244012165,7.87508605504745,60.2371816516498,7.43214042475032,32.3313578752998,2.21715729698841,22.0246772472394,7.14914655269835,41.5799492756277,0.878201928859989,829.798466030412,6.91156687377552,2.53739982883628,1336.21600859474,148.891146427765,"0.042","3.5"
2020-03-28 17:00:00,1583.24328748325,178.544637572515,162.008914353155,316.03343675455,221.630786481156,117.657653706562,948.769690723969,265.747777396385,4.81120720697698,38.5280214058068,11.1503688655508,75.7872118975804,84.2965793628684,5.84041878265783,35.1918698480102,5.29119733491623,30.3869341826378,1.59366233689752,19.5262931876472,6.24654518675477,43.1281925593746,0.865162776699917,934.240379689322,3.51912030285939,2.19863625390257,1028.060197012,136.648088863173,"0.043","0.8"
2020-03-28 18:00:00,1663.94166779482,173.58093637859,162.780510153792,262.665649324536,133.383968283282,111.337891544433,995.025608115508,219.447299898062,3.02526736808073,31.1170145727285,8.25283953999332,71.771918335279,84.4163675336511,3.61630735837527,35.8076419033183,3.31669579406368,28.7592645228414,1.10234649053768,15.8746643296838,5.5868168358666,41.5311061184882,0.846014707327763,1152.06992522906,2.50596022941327,1.51470537136416,916.872136961022,133.739180433203,"0.042","-1.3"
2020-03-28 19:00:00,1741.10445910775,187.970828559891,126.330787429434,312.538057874255,141.627567518913,116.944676118158,970.211714119771,204.808447890597,7.46016902360379,37.5344681151022,11.65723289559,73.6519472077729,85.6828170487153,8.31420076618114,40.3583507379459,8.22627907648103,30.25268503268,2.58952430627686,14.2342431331384,6.34872050520791,52.3929250681489,0.866614252171542,1065.58707698026,2.21953472589684,2.66514384356338,1021.63594241101,133.211622280648,"0.041","1.3"
2020-03-28 20:00:00,1815.00662464255,254.972738577833,145.41987783698,428.171046696951,171.540581405965,154.798875209574,970.279216790215,256.896369373292,16.3640896457965,50.5773646865514,20.5388359571996,80.1121564886458,109.374373716042,18.4469937030532,63.5893221935894,19.5149946581771,48.1746483862522,5.30611305271769,24.1093364405875,10.7184797894072,68.7802637977086,0.880848802134302,1453.91673899678,3.44559880200584,3.71195738865698,1336.93989343558,143.549138295539,"0.04","3.5"
2020-03-28 21:00:00,2366.29698397784,381.343871045218,118.613479777329,998.579140618372,382.095096417491,189.759322923785,1120.68852545848,416.00474412822,26.4081750978893,78.0712277641455,32.1773891037839,90.6680130887711,130.557226897108,30.732926000204,85.3853941349106,31.2144256436276,65.0951881069237,9.92112668304251,29.036092282343,13.1482477481921,119.806114166801,0.902719182134485,1752.51430390971,4.54373825063892,4.56427222821824,2481.76649526276,166.915772005176,"0.038","3.5"
2020-03-28 22:00:00,2578.76536695865,397.527558529407,105.176916263267,777.188479291419,347.787398918673,183.838740705543,1086.69125406108,345.10686071242,36.5509132386151,78.6127027973713,35.9811257605171,94.0439668135552,113.743413887759,38.0673942443338,70.4630441153191,33.7205277227425,53.3792849727214,9.63976456486026,24.8563907739426,12.1179167440215,138.754283936718,0.914866605499236,1753.65317734098,4.12025941145524,5.14947575869183,2027.71419668935,153.619126946028,"0.035","4"
2020-03-28 23:00:00,3951.18392281617,614.091828407546,109.672917496259,817.237589126352,575.006604110992,319.742160478289,1326.24676878412,664.936477734064,45.7906823017813,146.153737798003,57.5283904420696,125.389686054611,154.065384295021,49.8465604230367,129.358482760778,48.7085812440205,115.072054915521,14.105943254341,44.492417374184,25.3472065334822,295.826727953076,0.984471931332232,3576.9767434891,5.35848749338098,9.47115184519918,2119.21029663461,179.967954322193,"0.031","3.5"
2020-03-29 00:00:00,1911.25832548434,194.591484646804,91.0559236389184,241.35488710783,242.176912066324,126.21969607236,924.107555376078,217.061255140085,10.8085182109831,53.8330183800889,22.250036821333,83.4748161859163,86.904833725555,10.152139904536,45.0669469175239,12.8957939767284,24.7803822204683,3.67749005743276,11.5933757084848,9.44094810021659,135.517309623478,1.00487676960711,706.167866878697,4.65083060719539,2.60015966771486,924.834837709311,130.485717737346,"0.027","3.5"
2020-03-29 01:00:00,3023.2699234526,352.090952865887,102.602731499852,598.110969082929,354.865466140949,215.706764973482,1144.81144497074,356.234696171647,10.3820238122935,99.1359076270245,27.4142248168031,95.5260686388373,104.982091791522,11.2234004821015,80.5742293739389,13.2828485879621,77.2625890048979,3.54039410794178,24.2491272147488,16.9151313589945,298.938657541093,0.996979793685627,2823.70037536056,3.83371739695105,7.72808297602829,1557.36428230086,147.257510794045,"0.023","3.8"
2020-03-29 02:00:00,2206.47532543544,244.072967329484,91.7652450266636,312.76793382923,290.2362949034,153.178256371874,987.216061871455,258.387874188738,9.5273599752995,67.4214632828148,23.3467251123903,86.5246901013265,89.7894020911349,9.35357866701083,58.0475420935377,11.727449936788,38.7068343046367,2.78044943628684,15.7287769869227,12.2819518620706,213.411991909172,1.02023566370063,1442.40063382449,3.65639409870572,4.20973140694923,960.630773124421,131.01456679521,"0.025","1.3"
2020-03-29 03:00:00,3095.43321106548,419.645189640357,114.527172756364,761.383604516672,390.016362804581,231.839175175658,1248.55000511567,396.776781697557,11.3364811979194,114.488534761562,31.4730538279389,98.2978385122474,116.802609355714,11.4458816375069,95.8820857056733,14.9870671609036,87.6087811820748,3.2900537061958,28.4815566973243,21.2539701722742,391.999479225891,0.997136137246272,3159.24594619844,3.84921771953218,7.73965553341118,1791.7570341813,154.642000820217,"0.029","2.8"
2020-03-29 04:00:00,2844.66953220408,358.108046592429,103.194623710441,519.523620958017,334.056202604945,228.532244873803,1136.09781012888,315.116041292168,10.3630660456283,108.994415312033,29.9586111425169,93.9900236061357,108.830142760887,11.2985360290875,84.251487347413,15.5197735065141,91.2102960616261,3.65705010891296,25.2739190869916,17.9674780392876,314.350453439313,0.984724885212691,2966.18501520422,4.01524931622031,7.77862659806935,1324.01340683572,144.853359232684,"0.018","5.5"
2020-03-29 05:00:00,3206.90815550143,510.374203737372,145.837869941666,784.513679963651,409.548261821448,319.835687306593,1297.68433712141,447.84295585697,9.63799606069871,146.778137044694,33.658076246166,102.053664484123,131.387385918736,11.3346012185033,124.717792795729,14.9287702816676,156.654793922562,4.16619232331528,46.2946758250287,27.7978697240708,416.449080936201,0.964099639156026,3825.57239850355,3.04072158224311,10.9866188935692,1854.48895595873,164.196337000995,"0.014","2.6"
2020-03-29 06:00:00,2122.91123012443,298.256834312991,94.3509982439526,415.230523432573,168.312344940951,183.850209408368,1070.67214208898,167.55468094046,11.0012604730098,89.0286604320998,26.6017237775466,87.4454756729986,104.778777809999,9.65028318932542,77.637519955215,14.0708709907673,62.353519527506,3.61815297391741,23.1515702405915,17.5061157696576,313.273076656805,0.93478543277967,1699.70873940445,3.28754971340511,5.13023960505463,1116.80243756827,143.602859313752,"0.018","1.6"
2020-03-29 07:00:00,2427.77831284665,391.583321538794,129.615908517664,523.618612193377,230.667109053361,230.349024372313,1163.55564528167,256.146208377457,14.1846112298494,107.85754404379,33.3271808638475,94.7543213200021,125.955061749976,12.984417620184,104.130147634537,19.4618192812497,85.4747083751359,4.81165534675904,33.1341853319662,22.9324136616663,310.501606885285,0.92634460469392,2180.0282269503,4.07333515109706,7.12335462425216,1416.03595030135,156.135249927675,"0.021","3.5"
2020-03-29 08:00:00,2197.91899311,380.080380022925,96.6426909986017,583.814930158123,215.637711101822,212.582269479656,1161.12440972707,251.081866521756,19.7179430823177,94.1791778129864,36.109568526908,94.4350179813488,121.62025378979,20.422636853475,100.921296165985,25.3892604658855,79.319676144562,6.84164427749985,30.827370943333,21.6516805236259,253.449352196233,0.910627326902876,1635.626049586,6.132280366005,4.98167135071661,1589.01002625267,162.662018771731,"0.028","2.3"
2020-03-29 09:00:00,1736.81190509456,197.553041905736,90.3781969688431,232.165348800008,154.018680416756,124.896208414015,965.636051408787,123.12735490447,11.125073633765,57.6750728771853,25.7806368257291,79.9764696761203,87.7522931253574,12.8211902390729,50.2298291622193,16.6458544136612,32.4052895411252,7.28421292789485,13.8292081917432,12.6066515153695,187.526564940349,0.881952177571042,584.214631941283,8.53166140499145,2.37842315118655,896.1209926801,137.622894220651,"0.03","2.8"
2020-03-29 10:00:00,2207.30833077225,269.892612508618,104.275246013434,622.965711501343,325.867203439894,151.829991738739,1091.37197076168,270.556213373665,10.2547052100047,63.114682993711,24.9541041318106,87.0886501802298,95.7195414977565,11.6561712354163,68.1917211444001,12.2664810501413,52.0020754433801,3.20709607440315,22.3547630990955,13.806062378698,127.517809765223,0.857364163648937,887.991294603676,6.76354046742344,2.77131023804044,1640.87312614338,145.152318701896,"0.037","2.3"
2020-03-29 11:00:00,2167.02019430196,197.015732997964,107.042962238036,313.107868730847,269.637453921765,136.212305812955,982.388166478007,222.713858629629,7.27512907543934,49.7401183520582,20.5952362063634,85.6863270684737,88.101705572678,7.19284612133626,56.5443429772233,6.72741178033139,39.0539890463264,0.878320996482278,16.8551703475101,10.129232612211,80.0982435548169,0.824167573525367,748.970974943612,5.93382940320905,2.69237209821952,1096.74401079198,135.300727068106,"0.038","2.6"
2020-03-29 12:00:00,2330.85987327455,214.68714625113,110.164425675618,289.023785916697,306.129347149449,134.654887420409,1021.90932670653,238.532337478313,8.2625647458242,48.9100931140392,22.1158224271277,91.483155276869,91.4046478244734,8.84805493947182,57.6185201784867,8.47472083998801,38.1644003988987,1.22835642827993,16.5883456512158,9.557995628624,63.2295647241171,0.836449234144499,646.781946859121,7.55805730873032,2.4356673406616,1211.77201726765,138.918601435061,"0.041","3.5"
2020-03-29 13:00:00,2506.56178220785,220.631570483356,170.107835746079,355.585947837364,391.493346821232,138.150302143051,1140.58612744776,363.287017917674,11.7500258516916,48.6140977713759,24.2666155124371,94.7233440501344,92.3711893819042,12.7777361938152,55.1969604195892,12.4648427130077,40.1117411778559,2.19959587938608,21.0156619652303,9.77974459090674,39.7241123635431,0.854269982311417,1005.65429007143,9.43254120242985,2.5983008368079,1413.94936629047,137.577496177091,"0.043","2.6"
2020-03-29 14:00:00,2320.24707571293,203.723767376672,125.14601400788,521.108849530631,442.422854051705,111.451350084757,1097.23987861666,308.997091926531,8.57458144713306,42.2267950193251,21.2593448765268,93.1860127647575,74.0105317603158,10.0357926220088,35.7293534912735,8.1129207873315,20.4937000026247,2.02694873448233,11.5093855902364,6.04935932438125,28.0380165888647,0.925325817813146,526.692960305778,8.26526119550563,2.29128178328421,1684.14421402456,131.859084854284,"0.042","3.3"
2020-03-29 15:00:00,2296.79999810184,195.168499155714,155.305437635858,361.141747294023,317.316309769585,122.840138639198,1107.79743458445,296.401573152164,4.6893210644983,43.704212489759,15.7784892573979,85.5901042139098,73.2691421660702,5.50163339071027,41.6621917141289,4.01223677937492,30.7685981186619,1.09260042108192,25.9368257388942,9.70667987089631,37.8793930380937,0.912416855131017,1185.11565184457,4.6641596026416,1.98579670590003,1194.91612509892,130.237667165084,"0.041","1.3"
2020-03-29 16:00:00,2265.27902712092,215.988845569884,142.148212695649,453.202445413109,279.225295403374,131.939077435678,1305.41712727968,288.805388936885,6.48216735322859,48.4290022958606,18.3311422187266,84.018423203748,78.4991620943245,8.97260065106275,62.4148366926425,7.99899011886916,35.7387231405902,1.82394979783196,25.6011060566188,10.6514835637332,59.8754824945946,0.919950309462952,1594.64678330459,3.93234743539427,2.12999965728582,1314.83026273438,130.19713814294,"0.041","-0.8"
2020-03-29 17:00:00,2389.17191587504,244.442294370917,142.019512731073,507.220702862973,289.803753156887,146.233557025622,1177.15871451474,302.645601434491,7.8218361020522,48.9083145075709,17.8743095049083,83.8336055348957,79.9475566181959,9.48586393289134,51.2899667612385,8.62592730100726,34.2041814756031,2.03596141819682,18.8108400103156,9.10939147795459,62.76260545396,0.988404869741317,5247.35405081478,3.21121433714094,2.49509093715089,1371.36597921591,127.804530902779,"0.04","-1"
2020-03-29 18:00:00,2067.70624764963,275.214140197236,133.95106823257,439.522413808932,262.59110589327,133.457256372468,1151.70397653306,262.519116645907,8.30512552183881,43.4575383499089,16.3140157902312,81.2133416932089,81.1726309860278,11.0852314832762,50.3790318319503,10.171587580288,36.2014237697631,2.80327917436776,17.8112361044254,8.80610451464298,53.4690233533552,1.04428395033681,1002.76001884126,2.78004769651593,2.65987265323558,1417.68467912127,129.139172979898,"0.039","0.1"
2020-03-29 19:00:00,2316.42837095017,413.182497775313,124.843694240558,1162.90739669558,244.985927297429,118.011756865381,1327.47421758971,250.059932869511,4.52024548080976,39.009227265708,11.5372945612401,70.8683162166187,73.8734493171382,6.02702018582061,49.9202996581205,6.50516936851053,38.2072856144922,2.06966806262346,17.7338981933777,8.71766693431183,58.2023907186352,1.01138442648862,1182.76736104946,1.87113138162223,2.24746617838466,2952.04327164376,127.800086472464,"0.038","2.6"
2020-03-29 20:00:00,2266.88944230854,540.89115764568,113.730339644585,1334.08294948815,394.182254115598,161.951326496336,1413.53127070179,376.834624026495,13.1698723504901,62.1314442101009,21.6954000010532,76.8685354480791,91.1114603711644,16.2576298517236,71.0591790714653,17.1390003143017,56.4315462661597,5.14530691267652,26.2032613254595,13.2240917225711,88.3722339838717,1.01833452385526,1516.94173318401,2.43593787262331,4.51024552215024,3406.70015020565,138.962883602341,"0.038","4.8"
2020-03-29 21:00:00,1922.34080745835,461.90393809595,105.573200741635,1091.82271446518,332.817094900543,145.730592073847,1301.04464136657,329.378460224178,15.8338570684405,54.6285343823949,20.4082830850586,72.6737464340986,90.3745877654833,18.2707779796786,66.4823051060831,17.5063689528525,50.7331221429499,5.72775141568983,23.867360534786,14.0082986316132,86.8941186173355,0.994667604456005,1291.65814003688,3.09751714890954,4.49746522290475,2831.66618322482,134.477238985093,"0.038","4.3"
2020-03-29 22:00:00,1983.54401407938,266.312222868978,105.239271762366,485.6164980023,208.620084417796,136.246063550696,1066.31178205969,169.452450974442,13.9645896210892,51.1896333928169,19.8783973131184,79.7341405702888,80.9999793059767,12.6514322332403,53.2757838802082,14.3616622698336,28.1998153961362,3.97108440955264,13.8850112855054,9.8477143751542,107.469746879743,1.03104519460195,1090.48611149479,4.0564792134033,3.86481729980857,1045.59711282268,123.285764470626,"0.034","2.1"
2020-03-29 23:00:00,1817.56732265072,206.246429560672,99.5489042280591,365.252181892866,142.307798133842,122.946113833865,1020.81791089116,142.19640884186,13.4282815478668,49.7228951947701,20.2058247139161,81.2432199859016,79.5055667419564,10.4893380714094,49.8110975521748,12.7437905032236,25.8921149849196,3.3384965818167,12.4330082645874,9.0896650267292,112.011677662264,1.08333866066762,689.392862773102,4.77084425801714,2.70758187103001,516.790401458498,122.738551141151,"0.032","0.6"
2020-03-30 00:00:00,2327.12937441088,472.395347903451,112.660817358518,954.803221523467,297.754636030089,153.837993214478,1390.01643609178,302.073366445535,11.2502990414308,73.4329845962712,25.4084175514886,88.3448796770821,85.85073648527,10.7182664230336,67.8005994273108,14.4748158729796,41.9578978210429,3.06868538592934,21.0065187960383,13.5964086485696,127.691226715792,1.07869319894443,1661.80067796698,4.486729193036,4.30482121556592,2490.99675823631,131.332203680802,"0.035","2.1"
2020-03-30 01:00:00,2312.83798537605,452.766086477451,109.330678802388,1119.79535606701,387.467606491261,178.617950397936,1350.24405426164,369.008555499222,11.1403879990951,81.741859180101,26.8167856909655,91.7776035197748,88.6409533013975,12.5276337143962,75.4940479714188,16.5096064359768,53.5580465938967,4.43032696737484,22.8819964740247,15.7005612492549,157.408123251818,1.07412199043281,2040.19743923608,4.03350854523513,6.19660183246434,2621.46947797976,131.897879835066,"0.033","3.3"
2020-03-30 02:00:00,1847.83620313742,260.90437968243,95.1835917427341,397.813019417472,214.917045220009,152.433072133574,1088.24887968348,199.515440759439,8.6208848584528,62.9682426803085,21.0263874176118,83.2319981384981,84.2099872954829,8.99277738399714,62.185118628007,12.1964740826244,41.1388888238018,2.27357542842992,17.8293668910967,13.491963463179,120.561195098133,1.08337054388308,1225.10145529313,4.51580451302188,3.93694175153375,1088.44494098305,138.13176559604,"0.031","2.8"
2020-03-30 03:00:00,1691.2723050712,240.711412124798,94.7733631625634,340.582838348554,124.934678576757,123.165910358102,1089.13926254398,142.625066119563,7.66729659155201,56.3441486364822,18.2129112972801,80.2092256451118,73.2981952675004,6.86875789859045,49.9727558967312,9.09969901146006,27.7280203186728,2.03962438278502,13.2318669212473,10.8848251371349,143.223092253262,1.0666199910879,917.854148433004,3.30821828050428,2.86774447919832,890.281428553346,121.786298565256,"0.026","3.3"
2020-03-30 04:00:00,1277.93286288917,245.962083000262,82.2626253372213,332.069159399217,59.9861427319645,118.824068077102,1055.13622708203,59.5801089615782,13.8462206064421,54.4000314930336,15.707448309287,69.0455789370198,76.0587567875094,8.25053826843554,50.829330794419,8.60890306592213,24.8707059085033,1.68731817243761,11.3776396486784,10.9478190479977,231.122537869883,1.05897448620289,589.505221162034,2.18714810990203,1.96882576878169,656.506174970559,118.903611814936,"0.017","4.3"
2020-03-30 05:00:00,1207.39762662886,231.906149489445,75.9478019319823,1173.49589485516,138.813296858489,109.691856216706,1010.08659681913,52.0330484127016,10.7120017288287,50.3470019231634,14.5066082355049,63.2050041019222,71.2292493850588,6.82789938939872,46.3127608792269,7.74499675028737,20.1627269860853,1.88513082749991,10.7958734855792,12.76600262211,235.145924730954,1.0221872810186,396.870866038567,1.9548116218711,1.77549441685615,628.153494935582,120.491175605157,"0.017","4.5"
2020-03-30 06:00:00,1773.07409244812,275.689989635792,85.3248436422178,205.004983635424,64.8552745061727,159.583426439384,1063.63422800555,88.2129054978643,8.23913110960787,71.7772655563317,15.4946901185039,69.7114128967264,81.3124212621551,5.85719682591389,65.3863988617872,6.29513456837857,50.2962240281434,1.35675890779582,16.7549593719549,14.0113420452665,231.07381208238,0.988626621033802,1019.92216582471,1.86811502464238,4.6846343262681,638.284724195914,128.601733900067,"0.009","3.3"
2020-03-30 07:00:00,2130.2860308378,414.509455061335,90.957560215732,717.614748155302,168.207088692232,207.789429134975,1179.65125379302,159.479971651355,8.62688563561931,81.6335461910026,18.0857702790736,68.4374000209512,101.967170704411,7.71072581044833,97.9556863519645,7.16270393330876,77.6112100451381,2.1745797128031,35.2015825939099,22.0552267180547,252.14941593326,0.981683966431692,1199.48241581818,2.91032975915543,5.29882563866526,1821.33116227193,142.696119230268,"0.008","2.2"
2020-03-30 08:00:00,2793.49118119677,580.281431714041,99.002903545984,977.905222424029,261.782087282892,377.780970752295,1256.37121314575,277.043580417437,22.8914546699402,108.437742052559,30.6974285457667,83.934802097906,170.139076096134,25.2886725913754,220.769698296727,22.7103506990752,198.82027483827,7.38995811819108,96.8503565301194,45.5972455975499,249.888717235517,1.00048984118456,1226.93975316295,4.2927207236162,5.49738027465339,2400.92087624378,164.764715419757,"0.02","2.3"
2020-03-30 09:00:00,1570.75716359538,271.961922278816,89.1850016557184,776.054744412276,247.886586793257,152.564898153385,1070.93965089972,200.364749048985,8.87526476892433,65.1785886202373,19.7555498697747,69.747775290225,84.5339998594657,8.54897645915873,71.6201659311124,6.89624783816575,40.0845556061826,2.1160224724456,21.2436347419297,18.5797633340505,305.690540691785,1.00077122525916,499.638419661825,4.33486326936917,1.94678870594543,1831.55330022797,134.493853143051,"0.026","2.3"
2020-03-30 10:00:00,1494.15500159078,156.623748712927,81.5679204293736,304.348740571808,179.275165347613,120.445436747349,964.438566923821,142.479446314035,5.78698193476214,54.5438644135512,15.5995682226959,67.9793339350574,73.2554962462537,6.35961561901506,51.2485289093791,4.69287048465517,23.9053229186337,1.54535203202421,12.2689970976521,13.3391054112424,276.575758761195,1.00517398510853,407.31833177908,4.35970940296679,2.07395850922807,946.998364776135,131.520408455227,"0.031","0.6"
2020-03-30 11:00:00,1678.61733186042,194.870223641127,88.0124103698112,201.850608620182,180.040475098294,144.999989144154,1015.19101270607,138.388332346179,4.81407170092719,64.1906194045095,18.1469480454221,75.4001015880928,84.6019306411944,6.4869404532383,75.4452428806377,4.7122423722223,45.0332676384459,1.5869110513922,21.9971111466454,16.5236105358147,225.39941454628,1.00855677049857,585.154369905773,4.44152715381855,2.69181087807933,887.101336332354,141.676379982896,"0.034","0"
2020-03-30 12:00:00,2083.99487030127,254.270412922557,114.309880409184,280.766076483415,260.021770217007,191.285996528569,1140.35321748772,202.247398405619,6.26354944570367,71.2272798921942,21.7148688751638,83.3075086639253,113.75844924494,9.76001850931178,129.635824908665,6.30869189591322,85.43405536924,2.66671029191698,46.4918322574279,26.0440286931436,252.115386073094,0.981716812452371,814.447192940959,4.76799692846824,2.25939538643816,1113.87205117589,154.508175851363,"0.041","0.9"
2020-03-30 13:00:00,2735.67632357069,217.348535609594,151.196773745393,418.973779006463,190.681969057135,110.130524467137,1540.11098532437,236.619067017063,4.0937803086558,36.0897303818239,12.8111140405843,85.8735139004303,79.7744128395156,4.99960295555213,32.7948630355083,4.06760594416937,23.9678215240847,1.24858067908253,16.5430891913811,7.78998131866516,38.8276879178105,0.888138863633015,1165.37544222488,3.28146487314842,2.33013266507966,1322.13190926771,142.122040622983,"0.045","0.8"
2020-03-30 14:00:00,2017.21803086875,311.164728429587,128.752927587311,724.366089493425,289.558237326106,98.6350981571813,1221.50551877404,273.853187585854,2.91909400099505,36.2481511027524,11.3918473529547,81.7948083144633,69.4635288675702,4.53690532462446,25.0184793176381,3.22390476761952,17.2965239548086,1.25507618348346,12.0149438976195,4.93716491074712,45.4617339854676,0.914964942850695,586.180673163648,2.7689325861457,1.681054509759,1841.22623941199,133.217211199456,"0.045","0.6"
2020-03-30 15:00:00,1962.4164353451,225.937915783006,119.7647421529,702.493345251324,262.115797078186,109.51154680596,1178.38899745371,241.985977799757,3.20968668532449,39.5358462628903,12.3237994528572,80.5227984538767,73.2094439034115,5.20890788131195,31.1681762676001,3.30024638727917,25.5687534305472,1.71516076216921,15.0493285313645,5.40219239148922,42.1752758121505,0.926345584865144,793.196888968618,3.18518674055215,1.43412505643057,1836.10546743919,136.086593271043,"0.044","0.1"
2020-03-30 16:00:00,1926.72963001242,586.938657234395,138.02687758767,557.574939186289,215.425065975021,110.717141346256,1264.46028073388,224.23917750403,5.2143658339724,40.9084198939506,12.8528428328836,79.4282434620393,78.1103494838144,6.67175659689173,36.91153115577,5.49369240487917,28.398868798312,1.35882264268606,16.0558349506397,5.8794417584409,43.2919662791941,0.857222249138238,1038.54792203403,3.35481594167737,1.62279198171279,1588.01229489649,134.429421620024,"0.044","0.1"
2020-03-30 17:00:00,1469.58100262078,221.386871239194,119.757311512338,661.909016737252,177.597713479594,89.7560333597913,1011.48552695651,170.198428634403,2.53956771222894,27.6015296014668,7.82377913899662,71.3425386789937,67.5149070239241,3.01635183120344,31.0875512400185,2.57056956686966,28.4111533700304,1.02160885870657,12.9899704676958,5.54909958356717,45.1048546057286,0.786508473795186,528.364072780929,2.5658790049406,1.43774351115776,1705.10354257846,125.88911496069,"0.044","0.6"
2020-03-30 18:00:00,2233.77389605805,307.528835923621,110.890210476804,491.919171800141,197.118773565084,172.852025199005,992.572940972973,165.334558109301,3.18210844108432,62.9067166476885,15.648453147274,85.362562945278,83.7702223207607,5.82175852419456,72.0661270732298,3.97518110594814,53.7347644619984,1.83790001754674,24.0441486114448,17.4111573503531,271.440642734025,1.20515190498314,1459.00893507499,2.21185199025879,1.97229374040728,1232.84957940977,135.355468588559,"0.037","-0.3"
2020-03-30 19:00:00,1490.36819711698,349.000376230084,104.818214235248,942.03053924434,208.374584330113,129.139735254408,1094.95280077389,196.940929225579,6.44201518327551,44.7192123825581,13.3667644102269,76.6241287258885,79.6537846104929,9.34755437326442,48.2825763288099,8.25016939914349,37.0699773892739,3.10675750773052,17.8698622252399,10.923116336982,76.9046191635256,1.14147947215046,1415.10944871494,2.67305364562467,2.08461626861914,2197.81253932327,134.18552847286,"0.038","0"
2020-03-30 20:00:00,1311.11558311769,283.112514974367,92.5351777488781,934.008173379919,180.956876210628,133.385824589349,949.201822110402,165.003139760776,5.86123392319645,39.0277689569326,9.79985015551358,73.478770178876,84.1428073486887,5.97300701574159,51.4934964287392,5.22815774004565,37.5452921239438,2.57804567074927,19.3221030121167,11.013191718113,69.0416260320554,1.08761648617321,1721.96525754954,2.7250473397093,2.67697797276168,1671.34681537521,134.241824060327,"0.039","1.3"
2020-03-30 21:00:00,1305.61855771632,143.880711954578,79.6166588388931,62.3485325180436,28.0079987075213,111.979771785154,735.00237911293,17.2351064100571,3.252874658764,26.7805761326612,6.29698046617577,69.8791403703437,77.6114363267073,2.68384686064925,43.7110076991145,2.22783292210426,24.3537392218222,1.30279745534026,11.7854308473256,9.84338692477879,140.04007090426,1.09782384582457,996.631981635284,2.01147246593287,2.3871106857614,313.824196676479,128.547876179062,"0.041","3.3"
2020-03-30 22:00:00,1464.93512716333,253.81626905948,89.795039835279,739.489389814142,117.953409689341,121.267228006142,865.922202615074,92.1500665090351,4.23637791284901,30.7291210665813,7.73310180343701,71.1696587412615,84.4857860763428,4.46988628626025,51.9342256325855,3.08451571871629,39.3600663462903,1.65795078135314,20.2413402255087,12.7000620120438,124.498765542685,1.06025593821173,837.775830755627,2.08711450614601,3.22544839422223,1083.08861889559,134.193523466783,"0.04","3.8"
2020-03-30 23:00:00,2052.60497678897,501.171151590146,95.0181054414861,961.403410146589,235.621715026838,308.173515139684,1066.72238556789,228.945649434485,6.58783329448515,80.5217059601838,14.57935352929,76.9310795979086,151.220117753352,7.44617171553,168.110703400954,7.95203921782993,190.040727955125,2.44143009057549,116.111983313944,47.785467740896,121.218076851901,1.06673470815418,2273.96547315823,2.24953443176567,9.00042622995004,2122.10644311062,174.95224303849,"0.038","1.1"
2020-03-31 00:00:00,1560.86505077244,330.129563797968,87.3354794370684,282.676005116921,133.221169808874,189.308506438184,879.361225062017,143.662587805022,9.93792200091401,56.5000720928426,15.1201616070405,74.4470498331791,105.39587398759,7.20660528340738,93.5038891781987,8.50531344762244,56.7758790942635,2.66834981167277,28.9285876886659,18.7990890227112,113.488701757023,1.0595663315414,1676.88158715807,2.9807960045241,6.79192953605427,537.322671996034,155.309291656997,"0.042","0"
2020-03-31 01:00:00,1657.69610076327,408.068916237585,85.487973199499,445.842699678522,148.768677201514,208.462748683132,892.753972257662,140.576325017538,9.8990043351853,63.2971624141146,15.1912368906831,72.1152216514785,112.21791672659,5.89676845950315,106.11431605621,7.92969373692961,63.8771547475299,1.57670408265909,30.0792612368966,21.7156716819538,135.377301003377,1.05417314982567,1873.81320353867,2.67881166525373,5.64331107279885,969.71655171256,148.650196629481,"0.039","0.3"
2020-03-31 02:00:00,1453.04819644105,318.387926028688,92.6136646782632,156.581136524338,115.530232903703,173.419567879407,758.661871557722,122.519429215507,6.33202599005101,54.4284871209671,12.5125086678048,64.0827375897311,99.8357776189812,3.97781647951897,91.5663300311143,7.71798443700014,57.4245411806859,4.22532869302428,28.9693046253154,20.4513532211336,146.125236276729,1.0198245582323,1243.85699955148,3.79173216034967,5.22195836374069,536.827870115828,143.821356296577,"0.035","1.1"
2020-03-31 03:00:00,1313.31962221945,270.448114101916,74.9174922610541,162.834724037277,98.6560919350861,159.102711711975,743.911773931513,111.668658769913,5.97809871905968,48.1861072256859,12.6688449516752,68.0786275661437,95.2971623560678,4.0631644102994,103.186853857503,6.49029900116726,48.65385607392,1.21812838626949,20.5286218773182,15.993796643646,124.29327069596,1.0042688628712,1023.44342601312,2.8253004724109,4.55177759643415,528.985386418402,136.099770784388,"0.035","1.5"
2020-03-31 04:00:00,1285.23348800189,230.280895193707,93.7413427292742,418.481093542262,97.0006943669196,139.762723889374,770.671635703759,124.290049327642,2.82693725880307,47.8953621110226,10.0808534205912,64.27834383677,90.4124196911965,2.58868546079138,65.3138444167424,3.17302377200889,41.840802344223,0.312200687365705,16.4028994889262,13.787833503173,126.439988758131,0.976330164739506,1070.98965263751,2.11698583784233,5.6882908319046,1021.05228182713,138.514841790362,"0.023","2"
2020-03-31 05:00:00,1222.49966627819,298.950878354072,84.9782570346501,669.969241253683,176.606831005212,167.743456919785,794.034841329175,167.468673356054,5.5989211336471,62.3744807243739,11.4705628659781,61.6334999878902,101.467929023744,3.41486674899031,82.9412881955151,5.21103529279504,58.0993189738095,1.07769326586089,22.8276858780613,18.2200480278989,149.291580526424,0.994169380837317,1406.0320944197,1.85212557881783,7.30989214309113,1375.72242435209,147.621791060909,"0.023","2.2"
2020-03-31 06:00:00,1872.07047348441,293.358352941565,67.4558503269694,247.524941389343,100.198703171246,224.817169397922,834.17379600376,98.6325998649471,10.3423091391318,71.6837821847065,20.6954505956518,62.9762858459812,128.960604085224,8.86848702901678,127.849020329191,10.3723436477051,103.770128576173,1.93827322843059,43.5452994541709,28.5815918733781,126.89286395652,1.00135998690483,852.193849225832,3.60043811732484,3.88914517220491,692.667374354319,149.702677785161,"0.021","1.2"
2020-03-31 07:00:00,4261.30757453089,506.40284694193,111.110543387795,1166.56490930777,211.902735974473,285.473359154596,1001.33536405756,214.100820818639,5.42304037632971,91.0575895956121,16.630790270189,65.2968314067316,148.902958342094,4.54664919621865,151.884595769697,6.1465634157393,133.136973662816,1.14715713053395,65.9040991101549,37.2737265019895,154.151307930818,0.977396868913266,1705.14031704326,2.04588777870792,10.03884106864,2536.51490056911,179.176594574489,"0.01","1.4"
2020-03-31 08:00:00,1639.98203038621,277.032882614466,73.0117864535903,997.791269771987,240.05332910163,130.580438108387,783.452148994036,169.267344539708,3.91188723421609,42.0937764471266,10.4426935157876,54.6765495787591,95.7010667121166,3.77524469308881,60.7914634488689,4.4681850049291,39.2413469785027,0.943176432563276,18.7763216765874,14.2845731877055,107.101701925003,0.978564684838896,572.828258318883,2.50622091272039,3.72363969723024,2072.11330203858,146.492568772631,"0.02","4.5"
2020-03-31 09:00:00,2091.62269567645,353.703260763925,71.979983194335,570.638061325509,171.487327098918,267.379396224228,790.48621124561,160.355091825189,8.09529991239862,74.2284943580105,19.0384040242785,75.7903534943646,152.299430271034,7.95061400431314,156.100647766591,8.70053646475103,124.463592775828,1.85207403078848,57.109791092007,30.6963044668804,172.084491950454,1.0109372841391,1226.17779651914,3.82755813567689,5.25993180521313,1338.29807789181,176.254592348388,"0.029","5.5"
2020-03-31 10:00:00,1951.84956053272,328.461984117201,72.8335651206714,602.730485072985,258.171101577539,220.816426456268,838.988324748279,213.555890494027,10.3399007674395,70.196672419415,22.483707643552,72.4036637754551,132.932995654909,11.7199122684321,119.983433371718,10.8160281623851,90.3265939347412,2.46119450663161,41.3669818065656,26.9949011738654,265.312577549243,1.02699569100279,887.956841727705,4.77689958083601,3.96891327305013,1562.00817973852,167.917104658704,"0.031","4"
2020-03-31 11:00:00,1510.69057594539,344.981460689467,79.4032235696972,915.564026787776,291.358405012323,160.286913452309,922.340712689598,202.713793788567,8.56536591225895,53.7483863148539,18.6581311823329,71.5107048151642,110.716219107085,9.19764871365229,80.2384106382907,7.87752302788866,51.5196184887329,1.80864147205407,24.6914748626201,20.1094271145473,259.191354471955,1.05311020180448,621.64129655864,4.68077230675964,2.56798590655118,2236.12911050735,NA,"0.032","1.6"
2020-03-31 12:00:00,1079.29413623647,172.304025181591,66.5180538423827,28.5276790558329,131.411846228657,158.285771877106,826.348057914855,104.739115328006,5.26486593178306,40.1689233181009,13.1208366727993,70.6772713198129,91.2359382074696,6.23485050025018,72.2250887826277,4.69277563024454,33.7646429838401,1.44176270786362,16.6256901495599,13.8342556924946,174.730641696282,1.06385704205281,436.811321895803,4.6307237150222,2.15582052334123,386.447963220272,NA,"0.035","0.8"
2020-03-31 13:00:00,1299.99499962989,263.500709118138,78.3275277500419,459.722562235468,99.2741127351086,170.332245243592,777.178711275626,91.0322809528952,3.48185822464701,38.4007955099891,10.0614066101223,77.2261860391885,104.747789181221,3.47884512902165,76.5243748843437,2.61246744282706,52.4434594380435,1.45209644744338,26.0578830109459,16.2315697988396,133.961360232964,1.01761605300722,1017.26052595647,3.53326053046294,2.77503789962132,580.348139932944,NA,"0.04","3.1"
2020-03-31 14:00:00,1244.58456476134,169.911667963143,76.1219173137195,260.688098275519,185.628517935711,127.826545245875,713.011290573756,125.714989417637,3.17420830570418,27.8251207462769,8.50883456359268,72.9318050332677,91.1813031141333,4.24612762898038,46.6601856311215,2.39874425067699,23.7984321664749,1.12455275018163,12.3778554118037,6.85683077488571,43.8821210130001,1.05390128853156,354.349865667626,3.67128200079162,2.19116706219037,797.20422087939,NA,"0.042","2.6"
2020-03-31 15:00:00,1463.63009967692,164.663525004896,75.2864803446212,50.8744302744152,170.481613675115,135.110821443913,708.612098258495,112.070344469627,4.22332289793898,33.5695138826187,10.8957651154903,75.1450767103102,98.8773663147633,5.46948466146756,54.8344572094875,3.17611707506567,30.7468776794253,1.65663740955012,16.3361596483724,10.2188056634947,87.1049984824766,1.07532528688575,380.185923081418,4.47499556772469,2.67353458361987,503.281565105321,NA,"0.044","0.3"
2020-03-31 16:00:00,1379.45802003277,199.988915092947,86.2177535701699,142.140258723289,128.645024395598,168.853116819009,710.947766555409,115.964839000166,3.13033378646899,35.6723096600438,9.86725198196245,73.0776864824239,107.357712183249,3.71682229893698,81.7511166815242,2.10366237209816,63.395471921132,1.33073208698525,26.6950537543397,14.1033893613134,111.708482300423,1.06254824688675,1309.26649690623,3.09734866057354,2.52128801145904,577.949044823853,NA,"0.041","0"
2020-03-31 17:00:00,966.807125291147,124.535867326722,68.8615901653784,140.990453566823,28.1692512163677,108.228200414948,607.185115469483,36.2138472618996,1.37561905363628,22.2480497805929,5.19624739757124,66.5162655208555,88.8343349211851,1.69801315224516,33.9399676762559,1.07630089206389,24.0314562691505,0.873496135478958,12.4483169671865,6.48915652093179,44.4722227596216,1.00541393064402,415.492614903077,1.9701055179734,2.04036878646602,292.709569985311,NA,"0.04","2.1"
2020-03-31 18:00:00,1682.91705034317,373.961515312653,78.1847805685783,1044.86368561404,148.492535154293,138.780916039824,914.40000798635,109.158652820589,3.29750605115907,35.1209057022056,8.95465606508433,71.2033281432137,99.8917638089162,3.48505832344731,65.3520761075594,2.33979014960275,44.7113389652594,1.03360905957508,25.9852801543309,15.9847344987884,206.618955887816,0.958906101293893,773.996682048378,2.24131789710787,2.24937033514579,2075.30855321248,NA,"0.043","2.1"
2020-03-31 19:00:00,1420.61521760693,255.974247356402,71.6440788421545,1241.08342233349,181.640968555213,122.764067258861,717.247240389374,112.92157328176,4.57501162694714,30.2870744620703,7.5848275987867,67.5869942377672,99.0057322981654,5.26765815609088,56.8519626755537,3.8948011659342,35.3205504409297,1.37787466106758,17.0763359358484,12.9633476519946,216.113607678636,0.878061452244565,1046.22116859628,1.79226281536894,1.69560386444976,1517.2979264602,NA,"0.043","0.3"
2020-03-31 20:00:00,1229.39590064603,170.831014391112,58.8992813553907,43.7875297303336,22.8511305160684,127.722053465024,542.986587163157,47.8809485982227,2.66087999527095,22.718232901635,6.05217853571214,67.0106919727523,96.8570699102622,2.34642435588124,50.9960043287392,2.95433707135063,34.9487961566621,1.10438244642685,15.7790443284003,10.2458107242132,111.944501753419,0.85285057904767,1363.19484026466,1.75361211699979,1.97326635646162,253.906374994948,NA,"0.038","2.3"
2020-03-31 21:00:00,1310.97778358216,228.249584586386,65.5395687245325,116.027204138932,55.2781868519128,137.404662641819,562.093818639185,78.1420915383551,7.0703297737656,29.9497411756832,11.4690737069051,68.0810483336871,102.403561481316,6.71759914228876,53.5327252663994,7.98948738685751,36.4263842779787,2.08927095050539,17.7705030349826,11.2689157618984,77.487646927631,0.862112571238585,2733.41930180654,2.50631380880023,2.74930307224336,480.921157496613,NA,"0.039","1.8"
2020-03-31 22:00:00,1914.94584001506,604.700175031889,97.7082161408337,1037.72613952006,198.158396285204,262.794176469821,1018.47677253659,268.792552071465,17.7442124964288,79.117418625145,22.200585864731,86.1094745237836,145.039864623544,18.151669783392,129.922492322261,23.2027893672805,107.704080305711,6.467741691842,51.1492030304167,27.8404205719219,124.320227893583,0.89639669946498,3302.30193890207,2.76155503282167,10.3617700100135,2511.67007667505,NA,"0.034","1.8"
2020-03-31 23:00:00,1524.29650364102,427.691817759139,100.946071205544,761.98979441327,222.695392621664,231.03637670309,816.678603368736,251.421129707921,13.234344568119,56.6590781074174,17.2083079630983,78.9977771529863,138.072082200656,11.6732692942707,119.744016269067,15.4789563459526,104.880312144551,4.2635912541639,53.7064057645817,25.3566018300964,68.9893015906493,0.854170216637364,1864.07667738798,2.96340596868157,5.6244956759242,1797.70298773505,NA,"0.04","2.4"
